platform,mode,N,F,window,s,m,rep,time_s
cpu,DS,1048576,8,256,0.0001,105,0,0.013032383999870945
cpu,DS,1048576,8,256,0.0001,105,1,0.015592661000027874
cpu,DS,1048576,8,256,0.0001,105,2,0.013141104999931486
cpu,DS,1048576,8,256,0.0001,105,3,0.011408576999883735
cpu,DS,1048576,8,256,0.0001,105,4,0.010730405999993309
cpu,DS,1048576,8,256,0.0001,105,5,0.01109888999985742
cpu,DS,1048576,8,256,0.0001,105,6,0.01154440599998452
cpu,SS,1048576,8,256,0.0001,105,0,0.00012968999999429798
cpu,SS,1048576,8,256,0.0001,105,1,0.00010004599994317687
cpu,SS,1048576,8,256,0.0001,105,2,9.302599983129767e-05
cpu,SS,1048576,8,256,0.0001,105,3,0.00011759900007746182
cpu,SS,1048576,8,256,0.0001,105,4,9.088100000553823e-05
cpu,SS,1048576,8,256,0.0001,105,5,9.517099988443078e-05
cpu,SS,1048576,8,256,0.0001,105,6,8.034999996198167e-05
gpu,DS,1048576,8,256,0.0001,105,0,0.0007925440073013306
gpu,DS,1048576,8,256,0.0001,105,1,0.0008158720135688782
gpu,DS,1048576,8,256,0.0001,105,2,0.0007935360074043274
gpu,DS,1048576,8,256,0.0001,105,3,0.0007843840122222901
gpu,DS,1048576,8,256,0.0001,105,4,0.0007564799785614014
gpu,DS,1048576,8,256,0.0001,105,5,0.0008355839848518371
gpu,DS,1048576,8,256,0.0001,105,6,0.0007428479790687561
gpu,SS,1048576,8,256,0.0001,105,0,0.000217056006193161
gpu,SS,1048576,8,256,0.0001,105,1,8.191999793052673e-05
gpu,SS,1048576,8,256,0.0001,105,2,0.00012544000148773194
gpu,SS,1048576,8,256,0.0001,105,3,9.164799749851227e-05
gpu,SS,1048576,8,256,0.0001,105,4,0.00010815999656915664
gpu,SS,1048576,8,256,0.0001,105,5,0.00012083200365304947
gpu,SS,1048576,8,256,0.0001,105,6,0.0001290239989757538
cpu,DS,1048576,8,256,0.0003,315,0,0.011261267000008957
cpu,DS,1048576,8,256,0.0003,315,1,0.009957348000170896
cpu,DS,1048576,8,256,0.0003,315,2,0.010625103999927887
cpu,DS,1048576,8,256,0.0003,315,3,0.009860812000169972
cpu,DS,1048576,8,256,0.0003,315,4,0.014308976999927836
cpu,DS,1048576,8,256,0.0003,315,5,0.010984726000060618
cpu,DS,1048576,8,256,0.0003,315,6,0.012860448999845175
cpu,SS,1048576,8,256,0.0003,315,0,0.00015942999993967533
cpu,SS,1048576,8,256,0.0003,315,1,0.00023061399997459375
cpu,SS,1048576,8,256,0.0003,315,2,0.00013037200005783234
cpu,SS,1048576,8,256,0.0003,315,3,0.0001585530001193547
cpu,SS,1048576,8,256,0.0003,315,4,0.0001297870001053525
cpu,SS,1048576,8,256,0.0003,315,5,0.00012715499997284496
cpu,SS,1048576,8,256,0.0003,315,6,9.926600000653707e-05
gpu,DS,1048576,8,256,0.0003,315,0,0.0007495359778404236
gpu,DS,1048576,8,256,0.0003,315,1,0.0007750719785690307
gpu,DS,1048576,8,256,0.0003,315,2,0.000710591971874237
gpu,DS,1048576,8,256,0.0003,315,3,0.0007610880136489868
gpu,DS,1048576,8,256,0.0003,315,4,0.0007577599883079528
gpu,DS,1048576,8,256,0.0003,315,5,0.0008290240168571472
gpu,DS,1048576,8,256,0.0003,315,6,0.0008376320004463196
gpu,SS,1048576,8,256,0.0003,315,0,0.00011264000087976456
gpu,SS,1048576,8,256,0.0003,315,1,0.00013014400005340577
gpu,SS,1048576,8,256,0.0003,315,2,8.470399677753449e-05
gpu,SS,1048576,8,256,0.0003,315,3,0.00010649599879980087
gpu,SS,1048576,8,256,0.0003,315,4,0.00023705600202083587
gpu,SS,1048576,8,256,0.0003,315,5,0.00011900799721479416
gpu,SS,1048576,8,256,0.0003,315,6,0.00011264000087976456
cpu,DS,1048576,8,256,0.001,1049,0,0.010435444999984611
cpu,DS,1048576,8,256,0.001,1049,1,0.011410947000058513
cpu,DS,1048576,8,256,0.001,1049,2,0.009511235000218221
cpu,DS,1048576,8,256,0.001,1049,3,0.010404728999901636
cpu,DS,1048576,8,256,0.001,1049,4,0.010117460999936156
cpu,DS,1048576,8,256,0.001,1049,5,0.009725271999968754
cpu,DS,1048576,8,256,0.001,1049,6,0.010280500000135362
cpu,SS,1048576,8,256,0.001,1049,0,0.0002522610000141867
cpu,SS,1048576,8,256,0.001,1049,1,0.00024270500011880358
cpu,SS,1048576,8,256,0.001,1049,2,0.00023714700000709854
cpu,SS,1048576,8,256,0.001,1049,3,0.0002169620001950534
cpu,SS,1048576,8,256,0.001,1049,4,0.00042037100001834915
cpu,SS,1048576,8,256,0.001,1049,5,0.00026913099986813904
cpu,SS,1048576,8,256,0.001,1049,6,0.00022827300017524976
gpu,DS,1048576,8,256,0.001,1049,0,0.0008170560002326965
gpu,DS,1048576,8,256,0.001,1049,1,0.0008604480028152466
gpu,DS,1048576,8,256,0.001,1049,2,0.0008273280262947083
gpu,DS,1048576,8,256,0.001,1049,3,0.0008232960104942322
gpu,DS,1048576,8,256,0.001,1049,4,0.0007208960056304932
gpu,DS,1048576,8,256,0.001,1049,5,0.0007598400115966797
gpu,DS,1048576,8,256,0.001,1049,6,0.000995840013027191
gpu,SS,1048576,8,256,0.001,1049,0,0.0005963199734687805
gpu,SS,1048576,8,256,0.001,1049,1,0.00022633600234985352
gpu,SS,1048576,8,256,0.001,1049,2,0.0005644479990005493
gpu,SS,1048576,8,256,0.001,1049,3,0.0006738560199737549
gpu,SS,1048576,8,256,0.001,1049,4,0.0002070080041885376
gpu,SS,1048576,8,256,0.001,1049,5,0.00012176000326871872
gpu,SS,1048576,8,256,0.001,1049,6,0.00013107199966907502
cpu,DS,1048576,8,256,0.003,3146,0,0.010446756999954232
cpu,DS,1048576,8,256,0.003,3146,1,0.009522253000113778
cpu,DS,1048576,8,256,0.003,3146,2,0.010743971000010788
cpu,DS,1048576,8,256,0.003,3146,3,0.013633810999863272
cpu,DS,1048576,8,256,0.003,3146,4,0.012470014999962586
cpu,DS,1048576,8,256,0.003,3146,5,0.011125238999966314
cpu,DS,1048576,8,256,0.003,3146,6,0.010711304000096789
cpu,SS,1048576,8,256,0.003,3146,0,0.0005087150000235852
cpu,SS,1048576,8,256,0.003,3146,1,0.0005496700000549026
cpu,SS,1048576,8,256,0.003,3146,2,0.0005918920001022343
cpu,SS,1048576,8,256,0.003,3146,3,0.0005309480000050826
cpu,SS,1048576,8,256,0.003,3146,4,0.0007356239998443925
cpu,SS,1048576,8,256,0.003,3146,5,0.000687257999970825
cpu,SS,1048576,8,256,0.003,3146,6,0.0005521080001926748
gpu,DS,1048576,8,256,0.003,3146,0,0.0008274880051612854
gpu,DS,1048576,8,256,0.003,3146,1,0.0008160319924354554
gpu,DS,1048576,8,256,0.003,3146,2,0.0008806719779968262
gpu,DS,1048576,8,256,0.003,3146,3,0.0009295039772987365
gpu,DS,1048576,8,256,0.003,3146,4,0.0007843520045280457
gpu,DS,1048576,8,256,0.003,3146,5,0.0007359679937362671
gpu,DS,1048576,8,256,0.003,3146,6,0.0007456960082054138
gpu,SS,1048576,8,256,0.003,3146,0,0.00013571199774742125
gpu,SS,1048576,8,256,0.003,3146,1,9.830400347709655e-05
gpu,SS,1048576,8,256,0.003,3146,2,0.00015184000134468078
gpu,SS,1048576,8,256,0.003,3146,3,9.44959968328476e-05
gpu,SS,1048576,8,256,0.003,3146,4,0.00016832000017166137
gpu,SS,1048576,8,256,0.003,3146,5,9.42080020904541e-05
gpu,SS,1048576,8,256,0.003,3146,6,0.00012697599828243256
cpu,DS,1048576,8,256,0.01,10486,0,0.010443441000006715
cpu,DS,1048576,8,256,0.01,10486,1,0.01183531500009849
cpu,DS,1048576,8,256,0.01,10486,2,0.01162127799989321
cpu,DS,1048576,8,256,0.01,10486,3,0.011421477000112645
cpu,DS,1048576,8,256,0.01,10486,4,0.011656771999923876
cpu,DS,1048576,8,256,0.01,10486,5,0.011183160999962638
cpu,DS,1048576,8,256,0.01,10486,6,0.010870442999930674
cpu,SS,1048576,8,256,0.01,10486,0,0.0021582139997917693
cpu,SS,1048576,8,256,0.01,10486,1,0.0019446649998826615
cpu,SS,1048576,8,256,0.01,10486,2,0.002014677000033771
cpu,SS,1048576,8,256,0.01,10486,3,0.0019072200000209705
cpu,SS,1048576,8,256,0.01,10486,4,0.001909267999963049
cpu,SS,1048576,8,256,0.01,10486,5,0.0037482300001556723
cpu,SS,1048576,8,256,0.01,10486,6,0.001926234000166005
gpu,DS,1048576,8,256,0.01,10486,0,0.001091264009475708
gpu,DS,1048576,8,256,0.01,10486,1,0.0008744959831237793
gpu,DS,1048576,8,256,0.01,10486,2,0.0011752320528030395
gpu,DS,1048576,8,256,0.01,10486,3,0.0009089279770851136
gpu,DS,1048576,8,256,0.01,10486,4,0.0008266559839248658
gpu,DS,1048576,8,256,0.01,10486,5,0.001285248041152954
gpu,DS,1048576,8,256,0.01,10486,6,0.0008294399976730346
gpu,SS,1048576,8,256,0.01,10486,0,0.00021648000180721284
gpu,SS,1048576,8,256,0.01,10486,1,0.00022118400037288665
gpu,SS,1048576,8,256,0.01,10486,2,0.00021715199947357179
gpu,SS,1048576,8,256,0.01,10486,3,0.00013107199966907502
gpu,SS,1048576,8,256,0.01,10486,4,0.00012937599420547485
gpu,SS,1048576,8,256,0.01,10486,5,0.00021247999370098113
gpu,SS,1048576,8,256,0.01,10486,6,0.0002844800055027008
cpu,DS,1048576,8,256,0.03,31457,0,0.012127847999863661
cpu,DS,1048576,8,256,0.03,31457,1,0.012218630999996094
cpu,DS,1048576,8,256,0.03,31457,2,0.011904157000117266
cpu,DS,1048576,8,256,0.03,31457,3,0.011156150000033449
cpu,DS,1048576,8,256,0.03,31457,4,0.011640293000027668
cpu,DS,1048576,8,256,0.03,31457,5,0.011448098999835565
cpu,DS,1048576,8,256,0.03,31457,6,0.012062321000030352
cpu,SS,1048576,8,256,0.03,31457,0,0.004034912999941298
cpu,SS,1048576,8,256,0.03,31457,1,0.003995615000121688
cpu,SS,1048576,8,256,0.03,31457,2,0.004749182000068686
cpu,SS,1048576,8,256,0.03,31457,3,0.004207312999824353
cpu,SS,1048576,8,256,0.03,31457,4,0.0043342719998236134
cpu,SS,1048576,8,256,0.03,31457,5,0.004382735000035609
cpu,SS,1048576,8,256,0.03,31457,6,0.07334211400007007
gpu,DS,1048576,8,256,0.03,31457,0,0.000843455970287323
gpu,DS,1048576,8,256,0.03,31457,1,0.0008228480219841004
gpu,DS,1048576,8,256,0.03,31457,2,0.012085247993469238
gpu,DS,1048576,8,256,0.03,31457,3,0.0009903680086135863
gpu,DS,1048576,8,256,0.03,31457,4,0.000862559974193573
gpu,DS,1048576,8,256,0.03,31457,5,0.0008785920143127441
gpu,DS,1048576,8,256,0.03,31457,6,0.0008355200290679932
gpu,SS,1048576,8,256,0.03,31457,0,0.0002913919985294342
gpu,SS,1048576,8,256,0.03,31457,1,0.0002763200104236603
gpu,SS,1048576,8,256,0.03,31457,2,0.00027299201488494875
gpu,SS,1048576,8,256,0.03,31457,3,0.0002775039970874786
gpu,SS,1048576,8,256,0.03,31457,4,0.0002915840148925781
gpu,SS,1048576,8,256,0.03,31457,5,0.0002744320034980774
gpu,SS,1048576,8,256,0.03,31457,6,0.0002848320007324219
cpu,DS,1048576,8,256,0.1,104858,0,0.015937802999815176
cpu,DS,1048576,8,256,0.1,104858,1,0.018483819000039148
cpu,DS,1048576,8,256,0.1,104858,2,0.023335094000003664
cpu,DS,1048576,8,256,0.1,104858,3,0.023598080999818194
cpu,DS,1048576,8,256,0.1,104858,4,0.013721083000064027
cpu,DS,1048576,8,256,0.1,104858,5,0.01693534199989699
cpu,DS,1048576,8,256,0.1,104858,6,0.01888059099997008
cpu,SS,1048576,8,256,0.1,104858,0,0.009894355999904292
cpu,SS,1048576,8,256,0.1,104858,1,0.010351390999858268
cpu,SS,1048576,8,256,0.1,104858,2,0.012539930999992066
cpu,SS,1048576,8,256,0.1,104858,3,0.010266556000033233
cpu,SS,1048576,8,256,0.1,104858,4,0.01412555899992185
cpu,SS,1048576,8,256,0.1,104858,5,0.012953767999988486
cpu,SS,1048576,8,256,0.1,104858,6,0.010943672999928822
gpu,DS,1048576,8,256,0.1,104858,0,0.0042287039756774905
gpu,DS,1048576,8,256,0.1,104858,1,0.006101471900939941
gpu,DS,1048576,8,256,0.1,104858,2,0.003976991891860962
gpu,DS,1048576,8,256,0.1,104858,3,0.004197120189666748
gpu,DS,1048576,8,256,0.1,104858,4,0.011076736450195312
gpu,DS,1048576,8,256,0.1,104858,5,0.004207295894622803
gpu,DS,1048576,8,256,0.1,104858,6,0.004104864120483398
gpu,SS,1048576,8,256,0.1,104858,0,0.0073292160034179685
gpu,SS,1048576,8,256,0.1,104858,1,0.001659808039665222
gpu,SS,1048576,8,256,0.1,104858,2,0.0018903039693832398
gpu,SS,1048576,8,256,0.1,104858,3,0.001685472011566162
gpu,SS,1048576,8,256,0.1,104858,4,0.0017208000421524048
gpu,SS,1048576,8,256,0.1,104858,5,0.001714176058769226
gpu,SS,1048576,8,256,0.1,104858,6,0.0016778240203857422
cpu,DS,1048576,8,256,0.2,209715,0,0.01547374699998727
cpu,DS,1048576,8,256,0.2,209715,1,0.012337691999846356
cpu,DS,1048576,8,256,0.2,209715,2,0.013660430999834716
cpu,DS,1048576,8,256,0.2,209715,3,0.013536103999967963
cpu,DS,1048576,8,256,0.2,209715,4,0.016130192999980864
cpu,DS,1048576,8,256,0.2,209715,5,0.015068978999806859
cpu,DS,1048576,8,256,0.2,209715,6,0.013220558000057281
cpu,SS,1048576,8,256,0.2,209715,0,0.019177707000153532
cpu,SS,1048576,8,256,0.2,209715,1,0.01570650700000442
cpu,SS,1048576,8,256,0.2,209715,2,0.016999795999936396
cpu,SS,1048576,8,256,0.2,209715,3,0.027018480000151612
cpu,SS,1048576,8,256,0.2,209715,4,0.017906747999859363
cpu,SS,1048576,8,256,0.2,209715,5,0.02009099699989747
cpu,SS,1048576,8,256,0.2,209715,6,0.017340305000061562
gpu,DS,1048576,8,256,0.2,209715,0,0.003962527990341186
gpu,DS,1048576,8,256,0.2,209715,1,0.004242879867553711
gpu,DS,1048576,8,256,0.2,209715,2,0.022564895629882814
gpu,DS,1048576,8,256,0.2,209715,3,0.006161375999450684
gpu,DS,1048576,8,256,0.2,209715,4,0.05087059020996094
gpu,DS,1048576,8,256,0.2,209715,5,0.005654623985290527
gpu,DS,1048576,8,256,0.2,209715,6,0.009375231742858887
gpu,SS,1048576,8,256,0.2,209715,0,0.002232287883758545
gpu,SS,1048576,8,256,0.2,209715,1,0.0024330239295959474
gpu,SS,1048576,8,256,0.2,209715,2,0.002253887891769409
gpu,SS,1048576,8,256,0.2,209715,3,0.002293440103530884
gpu,SS,1048576,8,256,0.2,209715,4,0.002248703956604004
gpu,SS,1048576,8,256,0.2,209715,5,0.0022405118942260744
gpu,SS,1048576,8,256,0.2,209715,6,0.002219935894012451
cpu,DS,1048576,8,256,0.3,314573,0,0.012924904000101378
cpu,DS,1048576,8,256,0.3,314573,1,0.012284841000109736
cpu,DS,1048576,8,256,0.3,314573,2,0.011724250000042957
cpu,DS,1048576,8,256,0.3,314573,3,0.01209830199991302
cpu,DS,1048576,8,256,0.3,314573,4,0.011424013000123523
cpu,DS,1048576,8,256,0.3,314573,5,0.012000011000054656
cpu,DS,1048576,8,256,0.3,314573,6,0.012372600999924543
cpu,SS,1048576,8,256,0.3,314573,0,0.029209261000005426
cpu,SS,1048576,8,256,0.3,314573,1,0.030990985000016735
cpu,SS,1048576,8,256,0.3,314573,2,0.02735898800005998
cpu,SS,1048576,8,256,0.3,314573,3,0.06751406900002621
cpu,SS,1048576,8,256,0.3,314573,4,0.03626477700004216
cpu,SS,1048576,8,256,0.3,314573,5,0.034655551000014384
cpu,SS,1048576,8,256,0.3,314573,6,0.03486256700011836
gpu,DS,1048576,8,256,0.3,314573,0,0.014281439781188964
gpu,DS,1048576,8,256,0.3,314573,1,0.004256864070892334
gpu,DS,1048576,8,256,0.3,314573,2,0.02341484832763672
gpu,DS,1048576,8,256,0.3,314573,3,0.00417574405670166
gpu,DS,1048576,8,256,0.3,314573,4,0.004352000236511231
gpu,DS,1048576,8,256,0.3,314573,5,0.006680543899536133
gpu,DS,1048576,8,256,0.3,314573,6,0.004155007839202881
gpu,SS,1048576,8,256,0.3,314573,0,0.002646656036376953
gpu,SS,1048576,8,256,0.3,314573,1,0.002636064052581787
gpu,SS,1048576,8,256,0.3,314573,2,0.0026808319091796875
gpu,SS,1048576,8,256,0.3,314573,3,0.0036303679943084717
gpu,SS,1048576,8,256,0.3,314573,4,0.002668544054031372
gpu,SS,1048576,8,256,0.3,314573,5,0.0026399040222167968
gpu,SS,1048576,8,256,0.3,314573,6,0.0027149438858032225
cpu,DS,1048576,8,256,0.5,524288,0,0.02789149700015514
cpu,DS,1048576,8,256,0.5,524288,1,0.020909603000063726
cpu,DS,1048576,8,256,0.5,524288,2,0.05353263100005279
cpu,DS,1048576,8,256,0.5,524288,3,0.03408257599994613
cpu,DS,1048576,8,256,0.5,524288,4,0.018086949000007735
cpu,DS,1048576,8,256,0.5,524288,5,0.021207498999956442
cpu,DS,1048576,8,256,0.5,524288,6,0.030369937000159553
cpu,SS,1048576,8,256,0.5,524288,0,0.0932499849998294
cpu,SS,1048576,8,256,0.5,524288,1,0.1195460040000853
cpu,SS,1048576,8,256,0.5,524288,2,0.04080323699986366
cpu,SS,1048576,8,256,0.5,524288,3,0.03622343200004252
cpu,SS,1048576,8,256,0.5,524288,4,0.035362603999828934
cpu,SS,1048576,8,256,0.5,524288,5,0.03421616500008895
cpu,SS,1048576,8,256,0.5,524288,6,0.03439568299995699
gpu,DS,1048576,8,256,0.5,524288,0,0.0008037760257720947
gpu,DS,1048576,8,256,0.5,524288,1,0.0007892159819602966
gpu,DS,1048576,8,256,0.5,524288,2,0.0008096640110015869
gpu,DS,1048576,8,256,0.5,524288,3,0.0007936959862709045
gpu,DS,1048576,8,256,0.5,524288,4,0.0007656319737434388
gpu,DS,1048576,8,256,0.5,524288,5,0.0007557119727134705
gpu,DS,1048576,8,256,0.5,524288,6,0.0007659519910812378
gpu,SS,1048576,8,256,0.5,524288,0,0.000886784017086029
gpu,SS,1048576,8,256,0.5,524288,1,0.0008642560243606567
gpu,SS,1048576,8,256,0.5,524288,2,0.0008704000115394592
gpu,SS,1048576,8,256,0.5,524288,3,0.0008665599822998047
gpu,SS,1048576,8,256,0.5,524288,4,0.0008616639971733093
gpu,SS,1048576,8,256,0.5,524288,5,0.0009559999704360962
gpu,SS,1048576,8,256,0.5,524288,6,0.0009744639992713928
cpu,DS,1048576,8,256,0.7,734003,0,0.017023296999923332
cpu,DS,1048576,8,256,0.7,734003,1,0.014530619999959526
cpu,DS,1048576,8,256,0.7,734003,2,0.012340714999936608
cpu,DS,1048576,8,256,0.7,734003,3,0.021792565999930957
cpu,DS,1048576,8,256,0.7,734003,4,0.025553765000040585
cpu,DS,1048576,8,256,0.7,734003,5,0.020665142000098058
cpu,DS,1048576,8,256,0.7,734003,6,0.01332947800005968
cpu,SS,1048576,8,256,0.7,734003,0,0.04958567399989988
cpu,SS,1048576,8,256,0.7,734003,1,0.059945645000198056
cpu,SS,1048576,8,256,0.7,734003,2,0.08542715800012957
cpu,SS,1048576,8,256,0.7,734003,3,0.11663168800009771
cpu,SS,1048576,8,256,0.7,734003,4,0.11483839399988938
cpu,SS,1048576,8,256,0.7,734003,5,0.13263266900003146
cpu,SS,1048576,8,256,0.7,734003,6,0.08509947199991075
gpu,DS,1048576,8,256,0.7,734003,0,0.004215775966644287
gpu,DS,1048576,8,256,0.7,734003,1,0.0043005762100219724
gpu,DS,1048576,8,256,0.7,734003,2,0.004411392211914063
gpu,DS,1048576,8,256,0.7,734003,3,0.004216864109039307
gpu,DS,1048576,8,256,0.7,734003,4,0.004323328018188476
gpu,DS,1048576,8,256,0.7,734003,5,0.0043089919090271
gpu,DS,1048576,8,256,0.7,734003,6,0.004297728061676025
gpu,SS,1048576,8,256,0.7,734003,0,0.018092960357666017
gpu,SS,1048576,8,256,0.7,734003,1,0.003911808013916016
gpu,SS,1048576,8,256,0.7,734003,2,0.028782623291015625
gpu,SS,1048576,8,256,0.7,734003,3,0.003860703945159912
gpu,SS,1048576,8,256,0.7,734003,4,0.003823519945144653
gpu,SS,1048576,8,256,0.7,734003,5,0.01084006404876709
gpu,SS,1048576,8,256,0.7,734003,6,0.00547430419921875
cpu,DS,1048576,8,256,1.0,1048576,0,0.011559033999901658
cpu,DS,1048576,8,256,1.0,1048576,1,0.010993468999913603
cpu,DS,1048576,8,256,1.0,1048576,2,0.012381479999930889
cpu,DS,1048576,8,256,1.0,1048576,3,0.012959411999872827
cpu,DS,1048576,8,256,1.0,1048576,4,0.012288386999898648
cpu,DS,1048576,8,256,1.0,1048576,5,0.012301629999910801
cpu,DS,1048576,8,256,1.0,1048576,6,0.012553154999977778
cpu,SS,1048576,8,256,1.0,1048576,0,0.06902078499979325
cpu,SS,1048576,8,256,1.0,1048576,1,0.0937744930001827
cpu,SS,1048576,8,256,1.0,1048576,2,0.07870706499988955
cpu,SS,1048576,8,256,1.0,1048576,3,0.1095695210001395
cpu,SS,1048576,8,256,1.0,1048576,4,0.09743898200008516
cpu,SS,1048576,8,256,1.0,1048576,5,0.06913987600000837
cpu,SS,1048576,8,256,1.0,1048576,6,0.06186747400010972
gpu,DS,1048576,8,256,1.0,1048576,0,0.004227712154388428
gpu,DS,1048576,8,256,1.0,1048576,1,0.004257823944091797
gpu,DS,1048576,8,256,1.0,1048576,2,0.01820879936218262
gpu,DS,1048576,8,256,1.0,1048576,3,0.004247583866119385
gpu,DS,1048576,8,256,1.0,1048576,4,0.023509151458740236
gpu,DS,1048576,8,256,1.0,1048576,5,0.019204992294311524
gpu,DS,1048576,8,256,1.0,1048576,6,0.01759644889831543
gpu,SS,1048576,8,256,1.0,1048576,0,0.004042208194732666
gpu,SS,1048576,8,256,1.0,1048576,1,0.002660223960876465
gpu,SS,1048576,8,256,1.0,1048576,2,0.0020596480369567873
gpu,SS,1048576,8,256,1.0,1048576,3,0.0020438721179962156
gpu,SS,1048576,8,256,1.0,1048576,4,0.0020373120307922363
gpu,SS,1048576,8,256,1.0,1048576,5,0.002035520076751709
gpu,SS,1048576,8,256,1.0,1048576,6,0.0020562241077423096
cpu,DS,1048576,8,0,0.0001,105,0,0.019340231999876778
cpu,DS,1048576,8,0,0.0001,105,1,0.018567836999864085
cpu,DS,1048576,8,0,0.0001,105,2,0.017954946999907406
cpu,DS,1048576,8,0,0.0001,105,3,0.017736920000061218
cpu,DS,1048576,8,0,0.0001,105,4,0.01874214199983726
cpu,DS,1048576,8,0,0.0001,105,5,0.018527425999991465
cpu,DS,1048576,8,0,0.0001,105,6,0.021051338999996005
cpu,SS,1048576,8,0,0.0001,105,0,0.00011432100018282654
cpu,SS,1048576,8,0,0.0001,105,1,0.0001643719999719906
cpu,SS,1048576,8,0,0.0001,105,2,0.00010331700013921363
cpu,SS,1048576,8,0,0.0001,105,3,9.854600011749426e-05
cpu,SS,1048576,8,0,0.0001,105,4,8.909999996831175e-05
cpu,SS,1048576,8,0,0.0001,105,5,9.309200004281593e-05
cpu,SS,1048576,8,0,0.0001,105,6,0.0001039009998748952
gpu,DS,1048576,8,0,0.0001,105,0,0.002232095956802368
gpu,DS,1048576,8,0,0.0001,105,1,0.0023592960834503173
gpu,DS,1048576,8,0,0.0001,105,2,0.00232588791847229
gpu,DS,1048576,8,0,0.0001,105,3,0.0023800320625305175
gpu,DS,1048576,8,0,0.0001,105,4,0.002404223918914795
gpu,DS,1048576,8,0,0.0001,105,5,0.0023196480274200438
gpu,DS,1048576,8,0,0.0001,105,6,0.0024044480323791506
gpu,SS,1048576,8,0,0.0001,105,0,0.00012144000083208084
gpu,SS,1048576,8,0,0.0001,105,1,0.00015161600708961487
gpu,SS,1048576,8,0,0.0001,105,2,8.396799862384797e-05
gpu,SS,1048576,8,0,0.0001,105,3,0.0001951040029525757
gpu,SS,1048576,8,0,0.0001,105,4,0.00011532799899578094
gpu,SS,1048576,8,0,0.0001,105,5,0.00020479999482631684
gpu,SS,1048576,8,0,0.0001,105,6,9.043200314044952e-05
cpu,DS,1048576,8,0,0.0003,315,0,0.016468292999888945
cpu,DS,1048576,8,0,0.0003,315,1,0.016489381999917896
cpu,DS,1048576,8,0,0.0003,315,2,0.017816445000107706
cpu,DS,1048576,8,0,0.0003,315,3,0.017159505999870817
cpu,DS,1048576,8,0,0.0003,315,4,0.017182960000127423
cpu,DS,1048576,8,0,0.0003,315,5,0.017451242000106504
cpu,DS,1048576,8,0,0.0003,315,6,0.017417996999938623
cpu,SS,1048576,8,0,0.0003,315,0,0.0001941349999015074
cpu,SS,1048576,8,0,0.0003,315,1,0.00012803399999938847
cpu,SS,1048576,8,0,0.0003,315,2,0.00013898699990022578
cpu,SS,1048576,8,0,0.0003,315,3,0.00011853599994537944
cpu,SS,1048576,8,0,0.0003,315,4,0.00011960200004068611
cpu,SS,1048576,8,0,0.0003,315,5,0.00011921399982384173
cpu,SS,1048576,8,0,0.0003,315,6,0.00014916300006007077
gpu,DS,1048576,8,0,0.0003,315,0,0.002269184112548828
gpu,DS,1048576,8,0,0.0003,315,1,0.0023286399841308592
gpu,DS,1048576,8,0,0.0003,315,2,0.0023164160251617433
gpu,DS,1048576,8,0,0.0003,315,3,0.0022669119834899903
gpu,DS,1048576,8,0,0.0003,315,4,0.0022751359939575193
gpu,DS,1048576,8,0,0.0003,315,5,0.002312191963195801
gpu,DS,1048576,8,0,0.0003,315,6,0.0022992639541625976
gpu,SS,1048576,8,0,0.0003,315,0,0.00014108799397945403
gpu,SS,1048576,8,0,0.0003,315,1,0.00018489600718021393
gpu,SS,1048576,8,0,0.0003,315,2,0.00024985599517822265
gpu,SS,1048576,8,0,0.0003,315,3,0.00015804800391197205
gpu,SS,1048576,8,0,0.0003,315,4,0.00018329599499702454
gpu,SS,1048576,8,0,0.0003,315,5,0.00018432000279426574
gpu,SS,1048576,8,0,0.0003,315,6,0.00012492799758911133
cpu,DS,1048576,8,0,0.001,1049,0,0.016701547999900868
cpu,DS,1048576,8,0,0.001,1049,1,0.01608085799989567
cpu,DS,1048576,8,0,0.001,1049,2,0.01738727299994025
cpu,DS,1048576,8,0,0.001,1049,3,0.017434377999961725
cpu,DS,1048576,8,0,0.001,1049,4,0.018710746999886396
cpu,DS,1048576,8,0,0.001,1049,5,0.019397634999904767
cpu,DS,1048576,8,0,0.001,1049,6,0.01858600699983981
cpu,SS,1048576,8,0,0.001,1049,0,0.0001937469999120367
cpu,SS,1048576,8,0,0.001,1049,1,0.0002039240000613063
cpu,SS,1048576,8,0,0.001,1049,2,0.0001856060000591242
cpu,SS,1048576,8,0,0.001,1049,3,0.00017358800005240482
cpu,SS,1048576,8,0,0.001,1049,4,0.00019074299984822574
cpu,SS,1048576,8,0,0.001,1049,5,0.00017174599997815676
cpu,SS,1048576,8,0,0.001,1049,6,0.00017562299990458996
gpu,DS,1048576,8,0,0.001,1049,0,0.002324480056762695
gpu,DS,1048576,8,0,0.001,1049,1,0.0022742719650268553
gpu,DS,1048576,8,0,0.001,1049,2,0.0031148478984832765
gpu,DS,1048576,8,0,0.001,1049,3,0.0029812159538269043
gpu,DS,1048576,8,0,0.001,1049,4,0.012615679740905762
gpu,DS,1048576,8,0,0.001,1049,5,0.0024739840030670165
gpu,DS,1048576,8,0,0.001,1049,6,0.0024047040939331053
gpu,SS,1048576,8,0,0.001,1049,0,0.0001802240014076233
gpu,SS,1048576,8,0,0.001,1049,1,0.0001727679967880249
gpu,SS,1048576,8,0,0.001,1049,2,0.00017788800597190856
gpu,SS,1048576,8,0,0.001,1049,3,0.00021299199759960174
gpu,SS,1048576,8,0,0.001,1049,4,0.0002867200076580048
gpu,SS,1048576,8,0,0.001,1049,5,0.0002197439968585968
gpu,SS,1048576,8,0,0.001,1049,6,0.00010239999741315842
cpu,DS,1048576,8,0,0.003,3146,0,0.019457436000038797
cpu,DS,1048576,8,0,0.003,3146,1,0.019623076000016226
cpu,DS,1048576,8,0,0.003,3146,2,0.019685881999976118
cpu,DS,1048576,8,0,0.003,3146,3,0.018743699999959063
cpu,DS,1048576,8,0,0.003,3146,4,0.0218043120000857
cpu,DS,1048576,8,0,0.003,3146,5,0.024389228000018193
cpu,DS,1048576,8,0,0.003,3146,6,0.02519872299990311
cpu,SS,1048576,8,0,0.003,3146,0,0.0009271580001950497
cpu,SS,1048576,8,0,0.003,3146,1,0.0007603550000112591
cpu,SS,1048576,8,0,0.003,3146,2,0.0006955139999718085
cpu,SS,1048576,8,0,0.003,3146,3,0.0007486280001103296
cpu,SS,1048576,8,0,0.003,3146,4,0.0008772430001044995
cpu,SS,1048576,8,0,0.003,3146,5,0.0008371180001631728
cpu,SS,1048576,8,0,0.003,3146,6,0.0006305770000381017
gpu,DS,1048576,8,0,0.003,3146,0,0.004302688121795654
gpu,DS,1048576,8,0,0.003,3146,1,0.002932096004486084
gpu,DS,1048576,8,0,0.003,3146,2,0.0027754878997802734
gpu,DS,1048576,8,0,0.003,3146,3,0.002463104009628296
gpu,DS,1048576,8,0,0.003,3146,4,0.0023674559593200683
gpu,DS,1048576,8,0,0.003,3146,5,0.0023648319244384767
gpu,DS,1048576,8,0,0.003,3146,6,0.0023977279663085936
gpu,SS,1048576,8,0,0.003,3146,0,0.00027811199426651
gpu,SS,1048576,8,0,0.003,3146,1,0.00021827200055122377
gpu,SS,1048576,8,0,0.003,3146,2,0.0001931519955396652
gpu,SS,1048576,8,0,0.003,3146,3,0.0003112959861755371
gpu,SS,1048576,8,0,0.003,3146,4,0.00019955199956893922
gpu,SS,1048576,8,0,0.003,3146,5,0.00020140799880027772
gpu,SS,1048576,8,0,0.003,3146,6,0.00020153599977493287
cpu,DS,1048576,8,0,0.01,10486,0,0.021546693000118466
cpu,DS,1048576,8,0,0.01,10486,1,0.01977921800016702
cpu,DS,1048576,8,0,0.01,10486,2,0.020615560000123878
cpu,DS,1048576,8,0,0.01,10486,3,0.02234659200007627
cpu,DS,1048576,8,0,0.01,10486,4,0.02112856999997348
cpu,DS,1048576,8,0,0.01,10486,5,0.01846970099995815
cpu,DS,1048576,8,0,0.01,10486,6,0.018832771000006687
cpu,SS,1048576,8,0,0.01,10486,0,0.0019622879999587894
cpu,SS,1048576,8,0,0.01,10486,1,0.0017746469998201064
cpu,SS,1048576,8,0,0.01,10486,2,0.0017936430001554982
cpu,SS,1048576,8,0,0.01,10486,3,0.001585841999940385
cpu,SS,1048576,8,0,0.01,10486,4,0.0017897660000016913
cpu,SS,1048576,8,0,0.01,10486,5,0.0019424189999881492
cpu,SS,1048576,8,0,0.01,10486,6,0.0018518930000936962
gpu,DS,1048576,8,0,0.01,10486,0,0.002367840051651001
gpu,DS,1048576,8,0,0.01,10486,1,0.0023777279853820802
gpu,DS,1048576,8,0,0.01,10486,2,0.0024038400650024413
gpu,DS,1048576,8,0,0.01,10486,3,0.0023695359230041504
gpu,DS,1048576,8,0,0.01,10486,4,0.0023745601177215577
gpu,DS,1048576,8,0,0.01,10486,5,0.002363679885864258
gpu,DS,1048576,8,0,0.01,10486,6,0.002396127939224243
gpu,SS,1048576,8,0,0.01,10486,0,0.0004055039882659912
gpu,SS,1048576,8,0,0.01,10486,1,0.000404992014169693
gpu,SS,1048576,8,0,0.01,10486,2,0.00038016000390052795
gpu,SS,1048576,8,0,0.01,10486,3,0.00039936000108718874
gpu,SS,1048576,8,0,0.01,10486,4,0.0003811840116977692
gpu,SS,1048576,8,0,0.01,10486,5,0.00041283199191093447
gpu,SS,1048576,8,0,0.01,10486,6,0.00039961600303649905
cpu,DS,1048576,8,0,0.03,31457,0,0.018274015000088184
cpu,DS,1048576,8,0,0.03,31457,1,0.01934500599986677
cpu,DS,1048576,8,0,0.03,31457,2,0.02199098400001276
cpu,DS,1048576,8,0,0.03,31457,3,0.020468043999926522
cpu,DS,1048576,8,0,0.03,31457,4,0.028942830000005415
cpu,DS,1048576,8,0,0.03,31457,5,0.024282711000068957
cpu,DS,1048576,8,0,0.03,31457,6,0.033757346999891524
cpu,SS,1048576,8,0,0.03,31457,0,0.0072344719999364315
cpu,SS,1048576,8,0,0.03,31457,1,0.012213368000175251
cpu,SS,1048576,8,0,0.03,31457,2,0.006108912999934546
cpu,SS,1048576,8,0,0.03,31457,3,0.006023621999929674
cpu,SS,1048576,8,0,0.03,31457,4,0.007012713999984044
cpu,SS,1048576,8,0,0.03,31457,5,0.007091802000104508
cpu,SS,1048576,8,0,0.03,31457,6,0.005423091000011482
gpu,DS,1048576,8,0,0.03,31457,0,0.003725856065750122
gpu,DS,1048576,8,0,0.03,31457,1,0.0023755199909210206
gpu,DS,1048576,8,0,0.03,31457,2,0.0023591680526733397
gpu,DS,1048576,8,0,0.03,31457,3,0.002317312002182007
gpu,DS,1048576,8,0,0.03,31457,4,0.0024318718910217286
gpu,DS,1048576,8,0,0.03,31457,5,0.0023677759170532228
gpu,DS,1048576,8,0,0.03,31457,6,0.0023943679332733155
gpu,SS,1048576,8,0,0.03,31457,0,0.001015328049659729
gpu,SS,1048576,8,0,0.03,31457,1,0.0009934719800949096
gpu,SS,1048576,8,0,0.03,31457,2,0.0009959359765052795
gpu,SS,1048576,8,0,0.03,31457,3,0.0010248639583587647
gpu,SS,1048576,8,0,0.03,31457,4,0.0010056960582733154
gpu,SS,1048576,8,0,0.03,31457,5,0.0009981439709663392
gpu,SS,1048576,8,0,0.03,31457,6,0.0011004799604415895
cpu,DS,1048576,8,0,0.1,104858,0,0.02365543000018988
cpu,DS,1048576,8,0,0.1,104858,1,0.02161036999996213
cpu,DS,1048576,8,0,0.1,104858,2,0.02138638299993545
cpu,DS,1048576,8,0,0.1,104858,3,0.02284855199991398
cpu,DS,1048576,8,0,0.1,104858,4,0.022834400999954596
cpu,DS,1048576,8,0,0.1,104858,5,0.02087424500018642
cpu,DS,1048576,8,0,0.1,104858,6,0.02100945199981652
cpu,SS,1048576,8,0,0.1,104858,0,0.012714069000139716
cpu,SS,1048576,8,0,0.1,104858,1,0.01637327200000982
cpu,SS,1048576,8,0,0.1,104858,2,0.016008263000003353
cpu,SS,1048576,8,0,0.1,104858,3,0.013427706999891598
cpu,SS,1048576,8,0,0.1,104858,4,0.013963300000114032
cpu,SS,1048576,8,0,0.1,104858,5,0.012273266999955013
cpu,SS,1048576,8,0,0.1,104858,6,0.012876994999942326
gpu,DS,1048576,8,0,0.1,104858,0,0.006320543766021728
gpu,DS,1048576,8,0,0.1,104858,1,0.0033730878829956053
gpu,DS,1048576,8,0,0.1,104858,2,0.002539520025253296
gpu,DS,1048576,8,0,0.1,104858,3,0.002528127908706665
gpu,DS,1048576,8,0,0.1,104858,4,0.0025452799797058105
gpu,DS,1048576,8,0,0.1,104858,5,0.0026624639034271242
gpu,DS,1048576,8,0,0.1,104858,6,0.0067602238655090335
gpu,SS,1048576,8,0,0.1,104858,0,0.0034540159702301024
gpu,SS,1048576,8,0,0.1,104858,1,0.0035514559745788575
gpu,SS,1048576,8,0,0.1,104858,2,0.003522592067718506
gpu,SS,1048576,8,0,0.1,104858,3,0.007141503810882568
gpu,SS,1048576,8,0,0.1,104858,4,0.0036064319610595703
gpu,SS,1048576,8,0,0.1,104858,5,0.0035246400833129883
gpu,SS,1048576,8,0,0.1,104858,6,0.0035196800231933594
cpu,DS,1048576,8,0,0.2,209715,0,0.04081241499989119
cpu,DS,1048576,8,0,0.2,209715,1,0.04614759800006141
cpu,DS,1048576,8,0,0.2,209715,2,0.04769108599998617
cpu,DS,1048576,8,0,0.2,209715,3,0.03204259899985118
cpu,DS,1048576,8,0,0.2,209715,4,0.0226241770001252
cpu,DS,1048576,8,0,0.2,209715,5,0.027462343000024703
cpu,DS,1048576,8,0,0.2,209715,6,0.0310053370001242
cpu,SS,1048576,8,0,0.2,209715,0,0.019937879000053726
cpu,SS,1048576,8,0,0.2,209715,1,0.022419573999968634
cpu,SS,1048576,8,0,0.2,209715,2,0.02355996200003574
cpu,SS,1048576,8,0,0.2,209715,3,0.020741559000043708
cpu,SS,1048576,8,0,0.2,209715,4,0.02161686399995233
cpu,SS,1048576,8,0,0.2,209715,5,0.022915525000144044
cpu,SS,1048576,8,0,0.2,209715,6,0.02424219699992136
gpu,DS,1048576,8,0,0.2,209715,0,0.0029625599384307862
gpu,DS,1048576,8,0,0.2,209715,1,0.0035819520950317383
gpu,DS,1048576,8,0,0.2,209715,2,0.01283244800567627
gpu,DS,1048576,8,0,0.2,209715,3,0.0032378559112548827
gpu,DS,1048576,8,0,0.2,209715,4,0.0027270400524139404
gpu,DS,1048576,8,0,0.2,209715,5,0.004048351764678955
gpu,DS,1048576,8,0,0.2,209715,6,0.006266848087310791
gpu,SS,1048576,8,0,0.2,209715,0,0.006502399921417237
gpu,SS,1048576,8,0,0.2,209715,1,0.008766752243041992
gpu,SS,1048576,8,0,0.2,209715,2,0.008442208290100098
gpu,SS,1048576,8,0,0.2,209715,3,0.0064327998161315915
gpu,SS,1048576,8,0,0.2,209715,4,0.01398588752746582
gpu,SS,1048576,8,0,0.2,209715,5,0.006430751800537109
gpu,SS,1048576,8,0,0.2,209715,6,0.009883935928344727
cpu,DS,1048576,8,0,0.3,314573,0,0.019635482000012416
cpu,DS,1048576,8,0,0.3,314573,1,0.01918886399994335
cpu,DS,1048576,8,0,0.3,314573,2,0.020366761000104816
cpu,DS,1048576,8,0,0.3,314573,3,0.020081226999991486
cpu,DS,1048576,8,0,0.3,314573,4,0.021209984000051918
cpu,DS,1048576,8,0,0.3,314573,5,0.02211291200001142
cpu,DS,1048576,8,0,0.3,314573,6,0.025781419999930222
cpu,SS,1048576,8,0,0.3,314573,0,0.02978353399998923
cpu,SS,1048576,8,0,0.3,314573,1,0.03077146200007519
cpu,SS,1048576,8,0,0.3,314573,2,0.029948688999866135
cpu,SS,1048576,8,0,0.3,314573,3,0.03271853399996871
cpu,SS,1048576,8,0,0.3,314573,4,0.03293719099997361
cpu,SS,1048576,8,0,0.3,314573,5,0.02891200899989599
cpu,SS,1048576,8,0,0.3,314573,6,0.027980198000022938
gpu,DS,1048576,8,0,0.3,314573,0,0.0024637439250946047
gpu,DS,1048576,8,0,0.3,314573,1,0.0024821441173553467
gpu,DS,1048576,8,0,0.3,314573,2,0.002506783962249756
gpu,DS,1048576,8,0,0.3,314573,3,0.0024145920276641844
gpu,DS,1048576,8,0,0.3,314573,4,0.002329632043838501
gpu,DS,1048576,8,0,0.3,314573,5,0.002428607940673828
gpu,DS,1048576,8,0,0.3,314573,6,0.0024347519874572754
gpu,SS,1048576,8,0,0.3,314573,0,0.008674688339233398
gpu,SS,1048576,8,0,0.3,314573,1,0.008638496398925782
gpu,SS,1048576,8,0,0.3,314573,2,0.008660991668701172
gpu,SS,1048576,8,0,0.3,314573,3,0.008685215950012207
gpu,SS,1048576,8,0,0.3,314573,4,0.008684415817260743
gpu,SS,1048576,8,0,0.3,314573,5,0.008398655891418458
gpu,SS,1048576,8,0,0.3,314573,6,0.008409088134765624
cpu,DS,1048576,8,0,0.5,524288,0,0.018346610000207875
cpu,DS,1048576,8,0,0.5,524288,1,0.018996667999999772
cpu,DS,1048576,8,0,0.5,524288,2,0.019205825999961235
cpu,DS,1048576,8,0,0.5,524288,3,0.019009267000001273
cpu,DS,1048576,8,0,0.5,524288,4,0.018481137999970088
cpu,DS,1048576,8,0,0.5,524288,5,0.02026915999999801
cpu,DS,1048576,8,0,0.5,524288,6,0.02063067999984014
cpu,SS,1048576,8,0,0.5,524288,0,0.040102556999954686
cpu,SS,1048576,8,0,0.5,524288,1,0.04201783799999248
cpu,SS,1048576,8,0,0.5,524288,2,0.04930212699991898
cpu,SS,1048576,8,0,0.5,524288,3,0.044421800999998595
cpu,SS,1048576,8,0,0.5,524288,4,0.045100353999941944
cpu,SS,1048576,8,0,0.5,524288,5,0.04405902100006642
cpu,SS,1048576,8,0,0.5,524288,6,0.040624967999974615
gpu,DS,1048576,8,0,0.5,524288,0,0.0030715200901031492
gpu,DS,1048576,8,0,0.5,524288,1,0.0032379839420318603
gpu,DS,1048576,8,0,0.5,524288,2,0.004126719951629639
gpu,DS,1048576,8,0,0.5,524288,3,0.006518367767333984
gpu,DS,1048576,8,0,0.5,524288,4,0.003088639974594116
gpu,DS,1048576,8,0,0.5,524288,5,0.00272544002532959
gpu,DS,1048576,8,0,0.5,524288,6,0.0025865919589996337
gpu,SS,1048576,8,0,0.5,524288,0,0.016463872909545898
gpu,SS,1048576,8,0,0.5,524288,1,0.017476224899291994
gpu,SS,1048576,8,0,0.5,524288,2,0.01584224033355713
gpu,SS,1048576,8,0,0.5,524288,3,0.018913408279418946
gpu,SS,1048576,8,0,0.5,524288,4,0.0129268798828125
gpu,SS,1048576,8,0,0.5,524288,5,0.01191753578186035
gpu,SS,1048576,8,0,0.5,524288,6,0.011841535568237305
cpu,DS,1048576,8,0,0.7,734003,0,0.018679150000025402
cpu,DS,1048576,8,0,0.7,734003,1,0.017866165999976147
cpu,DS,1048576,8,0,0.7,734003,2,0.018368223000152284
cpu,DS,1048576,8,0,0.7,734003,3,0.018383149000101184
cpu,DS,1048576,8,0,0.7,734003,4,0.01840049799989174
cpu,DS,1048576,8,0,0.7,734003,5,0.018369871000004423
cpu,DS,1048576,8,0,0.7,734003,6,0.01846311000008427
cpu,SS,1048576,8,0,0.7,734003,0,0.055922888000168314
cpu,SS,1048576,8,0,0.7,734003,1,0.05576810299999124
cpu,SS,1048576,8,0,0.7,734003,2,0.056583025999998426
cpu,SS,1048576,8,0,0.7,734003,3,0.054200385000058304
cpu,SS,1048576,8,0,0.7,734003,4,0.059833604000004925
cpu,SS,1048576,8,0,0.7,734003,5,0.056775221999942005
cpu,SS,1048576,8,0,0.7,734003,6,0.06075300900010916
gpu,DS,1048576,8,0,0.7,734003,0,0.0024403519630432128
gpu,DS,1048576,8,0,0.7,734003,1,0.003155967950820923
gpu,DS,1048576,8,0,0.7,734003,2,0.0032512960433959963
gpu,DS,1048576,8,0,0.7,734003,3,0.004995391845703125
gpu,DS,1048576,8,0,0.7,734003,4,0.0033853440284729005
gpu,DS,1048576,8,0,0.7,734003,5,0.0031955199241638184
gpu,DS,1048576,8,0,0.7,734003,6,0.0026173439025878906
gpu,SS,1048576,8,0,0.7,734003,0,0.0179421443939209
gpu,SS,1048576,8,0,0.7,734003,1,0.018815296173095703
gpu,SS,1048576,8,0,0.7,734003,2,0.017362720489501954
gpu,SS,1048576,8,0,0.7,734003,3,0.016048063278198244
gpu,SS,1048576,8,0,0.7,734003,4,0.017020448684692383
gpu,SS,1048576,8,0,0.7,734003,5,0.018157472610473634
gpu,SS,1048576,8,0,0.7,734003,6,0.018711551666259766
cpu,DS,1048576,8,0,1.0,1048576,0,0.020195207999904596
cpu,DS,1048576,8,0,1.0,1048576,1,0.01977902399994491
cpu,DS,1048576,8,0,1.0,1048576,2,0.01478336000013769
cpu,DS,1048576,8,0,1.0,1048576,3,0.019215808000126344
cpu,DS,1048576,8,0,1.0,1048576,4,0.018279927000094176
cpu,DS,1048576,8,0,1.0,1048576,5,0.017264764000174182
cpu,DS,1048576,8,0,1.0,1048576,6,0.017907261000118524
cpu,SS,1048576,8,0,1.0,1048576,0,0.07364609299997937
cpu,SS,1048576,8,0,1.0,1048576,1,0.07703333300014492
cpu,SS,1048576,8,0,1.0,1048576,2,0.07661656699997366
cpu,SS,1048576,8,0,1.0,1048576,3,0.07879906300013317
cpu,SS,1048576,8,0,1.0,1048576,4,0.07664195999996082
cpu,SS,1048576,8,0,1.0,1048576,5,0.07510089699985656
cpu,SS,1048576,8,0,1.0,1048576,6,0.07562505299983968
gpu,DS,1048576,8,0,1.0,1048576,0,0.012917183876037597
gpu,DS,1048576,8,0,1.0,1048576,1,0.012902048110961914
gpu,DS,1048576,8,0,1.0,1048576,2,0.012823712348937989
gpu,DS,1048576,8,0,1.0,1048576,3,0.012856639862060548
gpu,DS,1048576,8,0,1.0,1048576,4,0.012904447555541992
gpu,DS,1048576,8,0,1.0,1048576,5,0.012903167724609374
gpu,DS,1048576,8,0,1.0,1048576,6,0.012904352188110351
gpu,SS,1048576,8,0,1.0,1048576,0,0.1126431655883789
gpu,SS,1048576,8,0,1.0,1048576,1,0.02548643112182617
gpu,SS,1048576,8,0,1.0,1048576,2,0.024381439208984376
gpu,SS,1048576,8,0,1.0,1048576,3,0.024450239181518556
gpu,SS,1048576,8,0,1.0,1048576,4,0.024494560241699218
gpu,SS,1048576,8,0,1.0,1048576,5,0.02400265693664551
gpu,SS,1048576,8,0,1.0,1048576,6,0.023197727203369142
cpu,DS,1048576,32,256,0.0001,105,0,0.03042455800004973
cpu,DS,1048576,32,256,0.0001,105,1,0.029710358000102133
cpu,DS,1048576,32,256,0.0001,105,2,0.029518152000036935
cpu,DS,1048576,32,256,0.0001,105,3,0.027870927000094525
cpu,DS,1048576,32,256,0.0001,105,4,0.02822250099984558
cpu,DS,1048576,32,256,0.0001,105,5,0.025878415000079258
cpu,DS,1048576,32,256,0.0001,105,6,0.026495820000036474
cpu,SS,1048576,32,256,0.0001,105,0,0.0001234809999459685
cpu,SS,1048576,32,256,0.0001,105,1,0.00011008699993908522
cpu,SS,1048576,32,256,0.0001,105,2,0.0001214280000567669
cpu,SS,1048576,32,256,0.0001,105,3,0.000108326999907149
cpu,SS,1048576,32,256,0.0001,105,4,0.00010646900000210735
cpu,SS,1048576,32,256,0.0001,105,5,0.00010236299999633047
cpu,SS,1048576,32,256,0.0001,105,6,0.0003572439998151822
gpu,DS,1048576,32,256,0.0001,105,0,0.0015484800338745118
gpu,DS,1048576,32,256,0.0001,105,1,0.0015404479503631592
gpu,DS,1048576,32,256,0.0001,105,2,0.0014893759489059447
gpu,DS,1048576,32,256,0.0001,105,3,0.0014991040229797364
gpu,DS,1048576,32,256,0.0001,105,4,0.001511199951171875
gpu,DS,1048576,32,256,0.0001,105,5,0.001597440004348755
gpu,DS,1048576,32,256,0.0001,105,6,0.0021361279487609863
gpu,SS,1048576,32,256,0.0001,105,0,9.318400174379349e-05
gpu,SS,1048576,32,256,0.0001,105,1,8.396799862384797e-05
gpu,SS,1048576,32,256,0.0001,105,2,9.644799679517747e-05
gpu,SS,1048576,32,256,0.0001,105,3,9.855999797582626e-05
gpu,SS,1048576,32,256,0.0001,105,4,0.00012492799758911133
gpu,SS,1048576,32,256,0.0001,105,5,0.0001802240014076233
gpu,SS,1048576,32,256,0.0001,105,6,8.806400001049042e-05
cpu,DS,1048576,32,256,0.0003,315,0,0.03146859499997845
cpu,DS,1048576,32,256,0.0003,315,1,0.03195821699978296
cpu,DS,1048576,32,256,0.0003,315,2,0.03852607799990437
cpu,DS,1048576,32,256,0.0003,315,3,0.029683742000088387
cpu,DS,1048576,32,256,0.0003,315,4,0.032484307000004264
cpu,DS,1048576,32,256,0.0003,315,5,0.030982394999909957
cpu,DS,1048576,32,256,0.0003,315,6,0.02672107699982007
cpu,SS,1048576,32,256,0.0003,315,0,0.00020208599994475662
cpu,SS,1048576,32,256,0.0003,315,1,0.00019309200001771387
cpu,SS,1048576,32,256,0.0003,315,2,0.00019504699980643636
cpu,SS,1048576,32,256,0.0003,315,3,0.00021987999980410677
cpu,SS,1048576,32,256,0.0003,315,4,0.00018634599996403267
cpu,SS,1048576,32,256,0.0003,315,5,0.00017969800001083058
cpu,SS,1048576,32,256,0.0003,315,6,0.00023043900000629947
gpu,DS,1048576,32,256,0.0003,315,0,0.0015049599409103394
gpu,DS,1048576,32,256,0.0003,315,1,0.0014991999864578246
gpu,DS,1048576,32,256,0.0003,315,2,0.0015155199766159057
gpu,DS,1048576,32,256,0.0003,315,3,0.001631392002105713
gpu,DS,1048576,32,256,0.0003,315,4,0.0015474560260772706
gpu,DS,1048576,32,256,0.0003,315,5,0.0015970879793167113
gpu,DS,1048576,32,256,0.0003,315,6,0.001618783950805664
gpu,SS,1048576,32,256,0.0003,315,0,0.00010873600095510483
gpu,SS,1048576,32,256,0.0003,315,1,0.0001085439994931221
gpu,SS,1048576,32,256,0.0003,315,2,0.00010831999778747559
gpu,SS,1048576,32,256,0.0003,315,3,0.00011673600226640701
gpu,SS,1048576,32,256,0.0003,315,4,0.00010889600217342376
gpu,SS,1048576,32,256,0.0003,315,5,0.0001058880016207695
gpu,SS,1048576,32,256,0.0003,315,6,0.00010803200304508209
cpu,DS,1048576,32,256,0.001,1049,0,0.026611967999997432
cpu,DS,1048576,32,256,0.001,1049,1,0.026571980999960942
cpu,DS,1048576,32,256,0.001,1049,2,0.0278464850000546
cpu,DS,1048576,32,256,0.001,1049,3,0.02732039500006067
cpu,DS,1048576,32,256,0.001,1049,4,0.026038461000098323
cpu,DS,1048576,32,256,0.001,1049,5,0.024733257999969283
cpu,DS,1048576,32,256,0.001,1049,6,0.026760477999914656
cpu,SS,1048576,32,256,0.001,1049,0,0.00046420199987551314
cpu,SS,1048576,32,256,0.001,1049,1,0.00047192700003506616
cpu,SS,1048576,32,256,0.001,1049,2,0.0005330310000317695
cpu,SS,1048576,32,256,0.001,1049,3,0.0004530569999587897
cpu,SS,1048576,32,256,0.001,1049,4,0.0004624429998330015
cpu,SS,1048576,32,256,0.001,1049,5,0.0004515900000114925
cpu,SS,1048576,32,256,0.001,1049,6,0.0004455289999896195
gpu,DS,1048576,32,256,0.001,1049,0,0.0015996160507202148
gpu,DS,1048576,32,256,0.001,1049,1,0.0014650559425354005
gpu,DS,1048576,32,256,0.001,1049,2,0.0014437119960784913
gpu,DS,1048576,32,256,0.001,1049,3,0.0015755200386047363
gpu,DS,1048576,32,256,0.001,1049,4,0.00160972797870636
gpu,DS,1048576,32,256,0.001,1049,5,0.0015974719524383546
gpu,DS,1048576,32,256,0.001,1049,6,0.0015335999727249146
gpu,SS,1048576,32,256,0.001,1049,0,0.00012303999811410905
gpu,SS,1048576,32,256,0.001,1049,1,0.0001010880023241043
gpu,SS,1048576,32,256,0.001,1049,2,0.00011001600325107574
gpu,SS,1048576,32,256,0.001,1049,3,0.00010099200159311294
gpu,SS,1048576,32,256,0.001,1049,4,0.00011472000181674958
gpu,SS,1048576,32,256,0.001,1049,5,0.000102463997900486
gpu,SS,1048576,32,256,0.001,1049,6,0.00010294400155544281
cpu,DS,1048576,32,256,0.003,3146,0,0.025619133999953192
cpu,DS,1048576,32,256,0.003,3146,1,0.027688785000009375
cpu,DS,1048576,32,256,0.003,3146,2,0.029616966000048706
cpu,DS,1048576,32,256,0.003,3146,3,0.03154201899997133
cpu,DS,1048576,32,256,0.003,3146,4,0.030077747000177624
cpu,DS,1048576,32,256,0.003,3146,5,0.02806431299995893
cpu,DS,1048576,32,256,0.003,3146,6,0.028671647000010125
cpu,SS,1048576,32,256,0.003,3146,0,0.0017546429999129032
cpu,SS,1048576,32,256,0.003,3146,1,0.0015627239999957965
cpu,SS,1048576,32,256,0.003,3146,2,0.0013887950001389981
cpu,SS,1048576,32,256,0.003,3146,3,0.00134880699988571
cpu,SS,1048576,32,256,0.003,3146,4,0.002312800000026982
cpu,SS,1048576,32,256,0.003,3146,5,0.0016786769999725948
cpu,SS,1048576,32,256,0.003,3146,6,0.001512862000026871
gpu,DS,1048576,32,256,0.003,3146,0,0.001699839949607849
gpu,DS,1048576,32,256,0.003,3146,1,0.001610111951828003
gpu,DS,1048576,32,256,0.003,3146,2,0.001610208034515381
gpu,DS,1048576,32,256,0.003,3146,3,0.0021472959518432618
gpu,DS,1048576,32,256,0.003,3146,4,0.0021619839668273926
gpu,DS,1048576,32,256,0.003,3146,5,0.0027316799163818357
gpu,DS,1048576,32,256,0.003,3146,6,0.0016830079555511474
gpu,SS,1048576,32,256,0.003,3146,0,0.0002003840059041977
gpu,SS,1048576,32,256,0.003,3146,1,0.0002895039916038513
gpu,SS,1048576,32,256,0.003,3146,2,0.000289247989654541
gpu,SS,1048576,32,256,0.003,3146,3,0.00026576000452041624
gpu,SS,1048576,32,256,0.003,3146,4,0.0001966080069541931
gpu,SS,1048576,32,256,0.003,3146,5,0.00020233599841594697
gpu,SS,1048576,32,256,0.003,3146,6,0.0002098879963159561
cpu,DS,1048576,32,256,0.01,10486,0,0.03289200000017445
cpu,DS,1048576,32,256,0.01,10486,1,0.0383267289998912
cpu,DS,1048576,32,256,0.01,10486,2,0.03836407599987979
cpu,DS,1048576,32,256,0.01,10486,3,0.032666545999973096
cpu,DS,1048576,32,256,0.01,10486,4,0.03947100600021258
cpu,DS,1048576,32,256,0.01,10486,5,0.034170902999903774
cpu,DS,1048576,32,256,0.01,10486,6,0.034083400999861624
cpu,SS,1048576,32,256,0.01,10486,0,0.005100361999893721
cpu,SS,1048576,32,256,0.01,10486,1,0.004580921000069793
cpu,SS,1048576,32,256,0.01,10486,2,0.0047580770001331985
cpu,SS,1048576,32,256,0.01,10486,3,0.005453696000131458
cpu,SS,1048576,32,256,0.01,10486,4,0.011027060999822424
cpu,SS,1048576,32,256,0.01,10486,5,0.011109283999985564
cpu,SS,1048576,32,256,0.01,10486,6,0.004780856000024869
gpu,DS,1048576,32,256,0.01,10486,0,0.0016687359809875488
gpu,DS,1048576,32,256,0.01,10486,1,0.0016830400228500365
gpu,DS,1048576,32,256,0.01,10486,2,0.001606335997581482
gpu,DS,1048576,32,256,0.01,10486,3,0.0017060480117797852
gpu,DS,1048576,32,256,0.01,10486,4,0.0025456640720367433
gpu,DS,1048576,32,256,0.01,10486,5,0.0016574079990386962
gpu,DS,1048576,32,256,0.01,10486,6,0.0015476160049438476
gpu,SS,1048576,32,256,0.01,10486,0,0.0002632960081100464
gpu,SS,1048576,32,256,0.01,10486,1,0.0002486719936132431
gpu,SS,1048576,32,256,0.01,10486,2,0.00024988800287246705
gpu,SS,1048576,32,256,0.01,10486,3,0.00024777600169181824
gpu,SS,1048576,32,256,0.01,10486,4,0.00024166400730609895
gpu,SS,1048576,32,256,0.01,10486,5,0.00024371199309825898
gpu,SS,1048576,32,256,0.01,10486,6,0.00024956800043582914
cpu,DS,1048576,32,256,0.03,31457,0,0.031503595999993195
cpu,DS,1048576,32,256,0.03,31457,1,0.03821654400007901
cpu,DS,1048576,32,256,0.03,31457,2,0.054419542000005094
cpu,DS,1048576,32,256,0.03,31457,3,0.03177861699987261
cpu,DS,1048576,32,256,0.03,31457,4,0.04948988300020574
cpu,DS,1048576,32,256,0.03,31457,5,0.03398534000007203
cpu,DS,1048576,32,256,0.03,31457,6,0.03832917299996552
cpu,SS,1048576,32,256,0.03,31457,0,0.01387504300009823
cpu,SS,1048576,32,256,0.03,31457,1,0.02484334500013574
cpu,SS,1048576,32,256,0.03,31457,2,0.013406148000058238
cpu,SS,1048576,32,256,0.03,31457,3,0.012789230999942447
cpu,SS,1048576,32,256,0.03,31457,4,0.014427530000148181
cpu,SS,1048576,32,256,0.03,31457,5,0.027986881000060748
cpu,SS,1048576,32,256,0.03,31457,6,0.022701833999917653
gpu,DS,1048576,32,256,0.03,31457,0,0.0024739840030670165
gpu,DS,1048576,32,256,0.03,31457,1,0.003110912084579468
gpu,DS,1048576,32,256,0.03,31457,2,0.0032821440696716307
gpu,DS,1048576,32,256,0.03,31457,3,0.00749289608001709
gpu,DS,1048576,32,256,0.03,31457,4,0.003986592054367065
gpu,DS,1048576,32,256,0.03,31457,5,0.002367647886276245
gpu,DS,1048576,32,256,0.03,31457,6,0.0021667840480804443
gpu,SS,1048576,32,256,0.03,31457,0,0.0005712959766387939
gpu,SS,1048576,32,256,0.03,31457,1,0.00044438400864601135
gpu,SS,1048576,32,256,0.03,31457,2,0.0016433600187301636
gpu,SS,1048576,32,256,0.03,31457,3,0.00044281598925590516
gpu,SS,1048576,32,256,0.03,31457,4,0.001498304009437561
gpu,SS,1048576,32,256,0.03,31457,5,0.0005488640069961548
gpu,SS,1048576,32,256,0.03,31457,6,0.0005529599785804749
cpu,DS,1048576,32,256,0.1,104858,0,0.04360307400020247
cpu,DS,1048576,32,256,0.1,104858,1,0.03917408400002387
cpu,DS,1048576,32,256,0.1,104858,2,0.06737849899991488
cpu,DS,1048576,32,256,0.1,104858,3,0.04321757399998205
cpu,DS,1048576,32,256,0.1,104858,4,0.037088497000013376
cpu,DS,1048576,32,256,0.1,104858,5,0.031012116000056267
cpu,DS,1048576,32,256,0.1,104858,6,0.030319234999979017
cpu,SS,1048576,32,256,0.1,104858,0,0.05053375199986476
cpu,SS,1048576,32,256,0.1,104858,1,0.0514019320000898
cpu,SS,1048576,32,256,0.1,104858,2,0.03339364800012845
cpu,SS,1048576,32,256,0.1,104858,3,0.032634575999964
cpu,SS,1048576,32,256,0.1,104858,4,0.029665459999932864
cpu,SS,1048576,32,256,0.1,104858,5,0.03431872800001656
cpu,SS,1048576,32,256,0.1,104858,6,0.031230237000045236
gpu,DS,1048576,32,256,0.1,104858,0,0.003276319980621338
gpu,DS,1048576,32,256,0.1,104858,1,0.00337443208694458
gpu,DS,1048576,32,256,0.1,104858,2,0.004269311904907227
gpu,DS,1048576,32,256,0.1,104858,3,0.003000096082687378
gpu,DS,1048576,32,256,0.1,104858,4,0.0033730559349060057
gpu,DS,1048576,32,256,0.1,104858,5,0.0035162560939788817
gpu,DS,1048576,32,256,0.1,104858,6,0.003277184009552002
gpu,SS,1048576,32,256,0.1,104858,0,0.0019039039611816405
gpu,SS,1048576,32,256,0.1,104858,1,0.0029600639343261717
gpu,SS,1048576,32,256,0.1,104858,2,0.0019025919437408447
gpu,SS,1048576,32,256,0.1,104858,3,0.0030660479068756103
gpu,SS,1048576,32,256,0.1,104858,4,0.001789952039718628
gpu,SS,1048576,32,256,0.1,104858,5,0.002113215923309326
gpu,SS,1048576,32,256,0.1,104858,6,0.0019068479537963866
cpu,DS,1048576,32,256,0.2,209715,0,0.02767441399987547
cpu,DS,1048576,32,256,0.2,209715,1,0.02691632000005484
cpu,DS,1048576,32,256,0.2,209715,2,0.0272950739999942
cpu,DS,1048576,32,256,0.2,209715,3,0.025862185000050886
cpu,DS,1048576,32,256,0.2,209715,4,0.029163029999836
cpu,DS,1048576,32,256,0.2,209715,5,0.026498851000042123
cpu,DS,1048576,32,256,0.2,209715,6,0.031096979000039937
cpu,SS,1048576,32,256,0.2,209715,0,0.05458819099999346
cpu,SS,1048576,32,256,0.2,209715,1,0.10702274899995246
cpu,SS,1048576,32,256,0.2,209715,2,0.06557595000003857
cpu,SS,1048576,32,256,0.2,209715,3,0.10311193000006824
cpu,SS,1048576,32,256,0.2,209715,4,0.054350907999833
cpu,SS,1048576,32,256,0.2,209715,5,0.05199753499982762
cpu,SS,1048576,32,256,0.2,209715,6,0.053338325000140685
gpu,DS,1048576,32,256,0.2,209715,0,0.014368000030517579
gpu,DS,1048576,32,256,0.2,209715,1,0.010883071899414062
gpu,DS,1048576,32,256,0.2,209715,2,0.010611328125
gpu,DS,1048576,32,256,0.2,209715,3,0.010713791847229004
gpu,DS,1048576,32,256,0.2,209715,4,0.01462495994567871
gpu,DS,1048576,32,256,0.2,209715,5,0.014527359962463378
gpu,DS,1048576,32,256,0.2,209715,6,0.010867936134338379
gpu,SS,1048576,32,256,0.2,209715,0,0.004169727802276611
gpu,SS,1048576,32,256,0.2,209715,1,0.004136159896850586
gpu,SS,1048576,32,256,0.2,209715,2,0.0041279358863830565
gpu,SS,1048576,32,256,0.2,209715,3,0.004354015827178955
gpu,SS,1048576,32,256,0.2,209715,4,0.004158751964569092
gpu,SS,1048576,32,256,0.2,209715,5,0.004171807765960694
gpu,SS,1048576,32,256,0.2,209715,6,0.005532991886138916
cpu,DS,1048576,32,256,0.3,314573,0,0.027510455999845362
cpu,DS,1048576,32,256,0.3,314573,1,0.027294292000078713
cpu,DS,1048576,32,256,0.3,314573,2,0.028693059000033827
cpu,DS,1048576,32,256,0.3,314573,3,0.05755906900003538
cpu,DS,1048576,32,256,0.3,314573,4,0.030076866999934282
cpu,DS,1048576,32,256,0.3,314573,5,0.03052092999996603
cpu,DS,1048576,32,256,0.3,314573,6,0.035582576000024346
cpu,SS,1048576,32,256,0.3,314573,0,0.08005705599998691
cpu,SS,1048576,32,256,0.3,314573,1,0.0875431550000485
cpu,SS,1048576,32,256,0.3,314573,2,0.07521783299989693
cpu,SS,1048576,32,256,0.3,314573,3,0.06739130599999044
cpu,SS,1048576,32,256,0.3,314573,4,0.0745789180000429
cpu,SS,1048576,32,256,0.3,314573,5,0.0714762499999324
cpu,SS,1048576,32,256,0.3,314573,6,0.07477445400013494
gpu,DS,1048576,32,256,0.3,314573,0,0.010921952247619628
gpu,DS,1048576,32,256,0.3,314573,1,0.010788864135742187
gpu,DS,1048576,32,256,0.3,314573,2,0.010751968383789062
gpu,DS,1048576,32,256,0.3,314573,3,0.010930591583251954
gpu,DS,1048576,32,256,0.3,314573,4,0.010842111587524414
gpu,DS,1048576,32,256,0.3,314573,5,0.012319231986999512
gpu,DS,1048576,32,256,0.3,314573,6,0.011250656127929687
gpu,SS,1048576,32,256,0.3,314573,0,0.005279712200164795
gpu,SS,1048576,32,256,0.3,314573,1,0.005482751846313477
gpu,SS,1048576,32,256,0.3,314573,2,0.0054230718612670896
gpu,SS,1048576,32,256,0.3,314573,3,0.005480127811431885
gpu,SS,1048576,32,256,0.3,314573,4,0.005290495872497559
gpu,SS,1048576,32,256,0.3,314573,5,0.005275648117065429
gpu,SS,1048576,32,256,0.3,314573,6,0.005468575954437256
cpu,DS,1048576,32,256,0.5,524288,0,0.029199693000009574
cpu,DS,1048576,32,256,0.5,524288,1,0.03040546500005803
cpu,DS,1048576,32,256,0.5,524288,2,0.03105865299994548
cpu,DS,1048576,32,256,0.5,524288,3,0.029219538999996075
cpu,DS,1048576,32,256,0.5,524288,4,0.025926418999915768
cpu,DS,1048576,32,256,0.5,524288,5,0.030028472000140027
cpu,DS,1048576,32,256,0.5,524288,6,0.0257902280000053
cpu,SS,1048576,32,256,0.5,524288,0,0.11310206300004211
cpu,SS,1048576,32,256,0.5,524288,1,0.11275628099997448
cpu,SS,1048576,32,256,0.5,524288,2,0.10219252100000631
cpu,SS,1048576,32,256,0.5,524288,3,0.11471018999986882
cpu,SS,1048576,32,256,0.5,524288,4,0.1058636600000682
cpu,SS,1048576,32,256,0.5,524288,5,0.12038983599995845
cpu,SS,1048576,32,256,0.5,524288,6,0.10743776499998603
gpu,DS,1048576,32,256,0.5,524288,0,0.002224128007888794
gpu,DS,1048576,32,256,0.5,524288,1,0.002356832027435303
gpu,DS,1048576,32,256,0.5,524288,2,0.0016673280000686645
gpu,DS,1048576,32,256,0.5,524288,3,0.0017749439477920531
gpu,DS,1048576,32,256,0.5,524288,4,0.0016404479742050172
gpu,DS,1048576,32,256,0.5,524288,5,0.0015667519569396973
gpu,DS,1048576,32,256,0.5,524288,6,0.0015708800554275512
gpu,SS,1048576,32,256,0.5,524288,0,0.004325503826141357
gpu,SS,1048576,32,256,0.5,524288,1,0.004221343994140625
gpu,SS,1048576,32,256,0.5,524288,2,0.004197792053222656
gpu,SS,1048576,32,256,0.5,524288,3,0.004208735942840576
gpu,SS,1048576,32,256,0.5,524288,4,0.004191487789154053
gpu,SS,1048576,32,256,0.5,524288,5,0.004270112037658692
gpu,SS,1048576,32,256,0.5,524288,6,0.004172224044799805
cpu,DS,1048576,32,256,0.7,734003,0,0.028354018999834807
cpu,DS,1048576,32,256,0.7,734003,1,0.028374143000064578
cpu,DS,1048576,32,256,0.7,734003,2,0.02792164699985733
cpu,DS,1048576,32,256,0.7,734003,3,0.0277918110000428
cpu,DS,1048576,32,256,0.7,734003,4,0.03352099299991096
cpu,DS,1048576,32,256,0.7,734003,5,0.027991113999860318
cpu,DS,1048576,32,256,0.7,734003,6,0.028536583999994036
cpu,SS,1048576,32,256,0.7,734003,0,0.14843522599994685
cpu,SS,1048576,32,256,0.7,734003,1,0.14495410199992875
cpu,SS,1048576,32,256,0.7,734003,2,0.1642005630001222
cpu,SS,1048576,32,256,0.7,734003,3,0.14457910400005858
cpu,SS,1048576,32,256,0.7,734003,4,0.14399406200004705
cpu,SS,1048576,32,256,0.7,734003,5,0.13962420300003942
cpu,SS,1048576,32,256,0.7,734003,6,0.15488750999998047
gpu,DS,1048576,32,256,0.7,734003,0,0.02770528030395508
gpu,DS,1048576,32,256,0.7,734003,1,0.027199392318725587
gpu,DS,1048576,32,256,0.7,734003,2,0.027882047653198242
gpu,DS,1048576,32,256,0.7,734003,3,0.027810047149658203
gpu,DS,1048576,32,256,0.7,734003,4,0.027703935623168946
gpu,DS,1048576,32,256,0.7,734003,5,0.027291839599609374
gpu,DS,1048576,32,256,0.7,734003,6,0.025567455291748045
gpu,SS,1048576,32,256,0.7,734003,0,0.0070752639770507815
gpu,SS,1048576,32,256,0.7,734003,1,0.006979616165161133
gpu,SS,1048576,32,256,0.7,734003,2,0.007021791934967041
gpu,SS,1048576,32,256,0.7,734003,3,0.00701907205581665
gpu,SS,1048576,32,256,0.7,734003,4,0.006990687847137451
gpu,SS,1048576,32,256,0.7,734003,5,0.007080128192901611
gpu,SS,1048576,32,256,0.7,734003,6,0.007063551902770996
cpu,DS,1048576,32,256,1.0,1048576,0,0.028901230999963445
cpu,DS,1048576,32,256,1.0,1048576,1,0.02900185000021338
cpu,DS,1048576,32,256,1.0,1048576,2,0.028569478999997955
cpu,DS,1048576,32,256,1.0,1048576,3,0.02815936000001784
cpu,DS,1048576,32,256,1.0,1048576,4,0.029069476999893595
cpu,DS,1048576,32,256,1.0,1048576,5,0.026002245999961815
cpu,DS,1048576,32,256,1.0,1048576,6,0.026786009000034028
cpu,SS,1048576,32,256,1.0,1048576,0,0.2083929640000406
cpu,SS,1048576,32,256,1.0,1048576,1,0.21478400500018324
cpu,SS,1048576,32,256,1.0,1048576,2,0.19701770699998633
cpu,SS,1048576,32,256,1.0,1048576,3,0.21909910499994112
cpu,SS,1048576,32,256,1.0,1048576,4,0.20858742899986282
cpu,SS,1048576,32,256,1.0,1048576,5,0.21300701699988167
cpu,SS,1048576,32,256,1.0,1048576,6,0.21391597399997409
gpu,DS,1048576,32,256,1.0,1048576,0,0.0272674560546875
gpu,DS,1048576,32,256,1.0,1048576,1,0.02775935935974121
gpu,DS,1048576,32,256,1.0,1048576,2,0.027440895080566408
gpu,DS,1048576,32,256,1.0,1048576,3,0.027203872680664064
gpu,DS,1048576,32,256,1.0,1048576,4,0.003515360116958618
gpu,DS,1048576,32,256,1.0,1048576,5,0.0018512959480285645
gpu,DS,1048576,32,256,1.0,1048576,6,0.0017200959920883178
gpu,SS,1048576,32,256,1.0,1048576,0,0.010387455940246582
gpu,SS,1048576,32,256,1.0,1048576,1,0.010438912391662598
gpu,SS,1048576,32,256,1.0,1048576,2,0.01055187225341797
gpu,SS,1048576,32,256,1.0,1048576,3,0.010454400062561035
gpu,SS,1048576,32,256,1.0,1048576,4,0.010508735656738282
gpu,SS,1048576,32,256,1.0,1048576,5,0.010831744194030761
gpu,SS,1048576,32,256,1.0,1048576,6,0.010299391746520996
cpu,DS,1048576,32,0,0.0001,105,0,0.04909521300010056
cpu,DS,1048576,32,0,0.0001,105,1,0.06513729199991758
cpu,DS,1048576,32,0,0.0001,105,2,0.059818636000045444
cpu,DS,1048576,32,0,0.0001,105,3,0.05243387999985316
cpu,DS,1048576,32,0,0.0001,105,4,0.048819031000221
cpu,DS,1048576,32,0,0.0001,105,5,0.04930459299998802
cpu,DS,1048576,32,0,0.0001,105,6,0.050196139000036055
cpu,SS,1048576,32,0,0.0001,105,0,0.00014823299989075167
cpu,SS,1048576,32,0,0.0001,105,1,0.0001332150000052934
cpu,SS,1048576,32,0,0.0001,105,2,0.0001472580001973256
cpu,SS,1048576,32,0,0.0001,105,3,0.00017154099987237714
cpu,SS,1048576,32,0,0.0001,105,4,0.0001377009998577705
cpu,SS,1048576,32,0,0.0001,105,5,0.00012434100017344463
cpu,SS,1048576,32,0,0.0001,105,6,0.00014550300011251238
gpu,DS,1048576,32,0,0.0001,105,0,0.007834976196289062
gpu,DS,1048576,32,0,0.0001,105,1,0.0077840638160705565
gpu,DS,1048576,32,0,0.0001,105,2,0.007856160163879395
gpu,DS,1048576,32,0,0.0001,105,3,0.0078787522315979
gpu,DS,1048576,32,0,0.0001,105,4,0.008148575782775879
gpu,DS,1048576,32,0,0.0001,105,5,0.007991231918334962
gpu,DS,1048576,32,0,0.0001,105,6,0.009153759956359864
gpu,SS,1048576,32,0,0.0001,105,0,0.00010636799782514572
gpu,SS,1048576,32,0,0.0001,105,1,0.00018636800348758697
gpu,SS,1048576,32,0,0.0001,105,2,0.00010956799983978272
gpu,SS,1048576,32,0,0.0001,105,3,0.00019683200120925904
gpu,SS,1048576,32,0,0.0001,105,4,0.00015798400342464448
gpu,SS,1048576,32,0,0.0001,105,5,0.0001573439985513687
gpu,SS,1048576,32,0,0.0001,105,6,0.00018544000387191772
cpu,DS,1048576,32,0,0.0003,315,0,0.08643176299983679
cpu,DS,1048576,32,0,0.0003,315,1,0.04516981799997666
cpu,DS,1048576,32,0,0.0003,315,2,0.050932105999891064
cpu,DS,1048576,32,0,0.0003,315,3,0.04760903600003985
cpu,DS,1048576,32,0,0.0003,315,4,0.04605091200005518
cpu,DS,1048576,32,0,0.0003,315,5,0.04593464100003075
cpu,DS,1048576,32,0,0.0003,315,6,0.045973660999834465
cpu,SS,1048576,32,0,0.0003,315,0,0.0002741220000643807
cpu,SS,1048576,32,0,0.0003,315,1,0.00024357699999200122
cpu,SS,1048576,32,0,0.0003,315,2,0.000227811000058864
cpu,SS,1048576,32,0,0.0003,315,3,0.00021135599990884657
cpu,SS,1048576,32,0,0.0003,315,4,0.00021253899990369973
cpu,SS,1048576,32,0,0.0003,315,5,0.00021175000006223854
cpu,SS,1048576,32,0,0.0003,315,6,0.0002286980000008043
gpu,DS,1048576,32,0,0.0003,315,0,0.00779414415359497
gpu,DS,1048576,32,0,0.0003,315,1,0.0077142400741577145
gpu,DS,1048576,32,0,0.0003,315,2,0.007780576229095459
gpu,DS,1048576,32,0,0.0003,315,3,0.008622048377990722
gpu,DS,1048576,32,0,0.0003,315,4,0.00867136001586914
gpu,DS,1048576,32,0,0.0003,315,5,0.008559519767761231
gpu,DS,1048576,32,0,0.0003,315,6,0.008564288139343262
gpu,SS,1048576,32,0,0.0003,315,0,0.0001467839926481247
gpu,SS,1048576,32,0,0.0003,315,1,0.0002192319929599762
gpu,SS,1048576,32,0,0.0003,315,2,0.00012608000636100768
gpu,SS,1048576,32,0,0.0003,315,3,0.00013702400028705596
gpu,SS,1048576,32,0,0.0003,315,4,0.00010911999642848968
gpu,SS,1048576,32,0,0.0003,315,5,0.00011468800157308579
gpu,SS,1048576,32,0,0.0003,315,6,0.0001085439994931221
cpu,DS,1048576,32,0,0.001,1049,0,0.053080055999998876
cpu,DS,1048576,32,0,0.001,1049,1,0.05272040599993488
cpu,DS,1048576,32,0,0.001,1049,2,0.04882672300004742
cpu,DS,1048576,32,0,0.001,1049,3,0.04407973200000015
cpu,DS,1048576,32,0,0.001,1049,4,0.04624807899995176
cpu,DS,1048576,32,0,0.001,1049,5,0.05474085300011211
cpu,DS,1048576,32,0,0.001,1049,6,0.054248181000048135
cpu,SS,1048576,32,0,0.001,1049,0,0.0008283779998237151
cpu,SS,1048576,32,0,0.001,1049,1,0.0007577290000426729
cpu,SS,1048576,32,0,0.001,1049,2,0.0006401770001502882
cpu,SS,1048576,32,0,0.001,1049,3,0.0006536769999456737
cpu,SS,1048576,32,0,0.001,1049,4,0.000657223999951384
cpu,SS,1048576,32,0,0.001,1049,5,0.0006369259999701171
cpu,SS,1048576,32,0,0.001,1049,6,0.0006455969999024092
gpu,DS,1048576,32,0,0.001,1049,0,0.008558143615722656
gpu,DS,1048576,32,0,0.001,1049,1,0.007992479801177978
gpu,DS,1048576,32,0,0.001,1049,2,0.007938144207000732
gpu,DS,1048576,32,0,0.001,1049,3,0.00805081558227539
gpu,DS,1048576,32,0,0.001,1049,4,0.007956448078155518
gpu,DS,1048576,32,0,0.001,1049,5,0.00800972843170166
gpu,DS,1048576,32,0,0.001,1049,6,0.007983071804046631
gpu,SS,1048576,32,0,0.001,1049,0,0.00013942399621009826
gpu,SS,1048576,32,0,0.001,1049,1,0.00021593600511550902
gpu,SS,1048576,32,0,0.001,1049,2,0.00022902399301528932
gpu,SS,1048576,32,0,0.001,1049,3,0.0002396160066127777
gpu,SS,1048576,32,0,0.001,1049,4,0.000234047994017601
gpu,SS,1048576,32,0,0.001,1049,5,0.00022243200242519378
gpu,SS,1048576,32,0,0.001,1049,6,0.00022518399357795716
cpu,DS,1048576,32,0,0.003,3146,0,0.04918952600019111
cpu,DS,1048576,32,0,0.003,3146,1,0.044983882999986236
cpu,DS,1048576,32,0,0.003,3146,2,0.049210514000151306
cpu,DS,1048576,32,0,0.003,3146,3,0.05222172399999181
cpu,DS,1048576,32,0,0.003,3146,4,0.06279662700012523
cpu,DS,1048576,32,0,0.003,3146,5,0.06425877699984994
cpu,DS,1048576,32,0,0.003,3146,6,0.051789058999929694
cpu,SS,1048576,32,0,0.003,3146,0,0.0022334779998800514
cpu,SS,1048576,32,0,0.003,3146,1,0.002071290999992925
cpu,SS,1048576,32,0,0.003,3146,2,0.002766746000133935
cpu,SS,1048576,32,0,0.003,3146,3,0.0026616099999046128
cpu,SS,1048576,32,0,0.003,3146,4,0.00396610600000713
cpu,SS,1048576,32,0,0.003,3146,5,0.006180467999911343
cpu,SS,1048576,32,0,0.003,3146,6,0.00318177300005118
gpu,DS,1048576,32,0,0.003,3146,0,0.009025343894958496
gpu,DS,1048576,32,0,0.003,3146,1,0.008154272079467773
gpu,DS,1048576,32,0,0.003,3146,2,0.008824831962585449
gpu,DS,1048576,32,0,0.003,3146,3,0.008208415985107421
gpu,DS,1048576,32,0,0.003,3146,4,0.008852671623229981
gpu,DS,1048576,32,0,0.003,3146,5,0.008091839790344238
gpu,DS,1048576,32,0,0.003,3146,6,0.008933279991149902
gpu,SS,1048576,32,0,0.003,3146,0,0.00047283199429512025
gpu,SS,1048576,32,0,0.003,3146,1,0.00047856000065803526
gpu,SS,1048576,32,0,0.003,3146,2,0.00047235199809074404
gpu,SS,1048576,32,0,0.003,3146,3,0.0004880320131778717
gpu,SS,1048576,32,0,0.003,3146,4,0.00046694400906562803
gpu,SS,1048576,32,0,0.003,3146,5,0.0004731200039386749
gpu,SS,1048576,32,0,0.003,3146,6,0.0004692479968070984
cpu,DS,1048576,32,0,0.01,10486,0,0.05748404900009518
cpu,DS,1048576,32,0,0.01,10486,1,0.06144818400002805
cpu,DS,1048576,32,0,0.01,10486,2,0.07158904199991412
cpu,DS,1048576,32,0,0.01,10486,3,0.05631050499982848
cpu,DS,1048576,32,0,0.01,10486,4,0.06007096999996975
cpu,DS,1048576,32,0,0.01,10486,5,0.06048294199990778
cpu,DS,1048576,32,0,0.01,10486,6,0.0477418600000874
cpu,SS,1048576,32,0,0.01,10486,0,0.005519696999954249
cpu,SS,1048576,32,0,0.01,10486,1,0.005963889999975436
cpu,SS,1048576,32,0,0.01,10486,2,0.0054864910000560485
cpu,SS,1048576,32,0,0.01,10486,3,0.005294743000149538
cpu,SS,1048576,32,0,0.01,10486,4,0.0050914660000671574
cpu,SS,1048576,32,0,0.01,10486,5,0.00512979599989194
cpu,SS,1048576,32,0,0.01,10486,6,0.005462842000042656
gpu,DS,1048576,32,0,0.01,10486,0,0.007890944004058837
gpu,DS,1048576,32,0,0.01,10486,1,0.007852896213531494
gpu,DS,1048576,32,0,0.01,10486,2,0.007754528045654297
gpu,DS,1048576,32,0,0.01,10486,3,0.007794591903686523
gpu,DS,1048576,32,0,0.01,10486,4,0.007782303810119629
gpu,DS,1048576,32,0,0.01,10486,5,0.007838175773620606
gpu,DS,1048576,32,0,0.01,10486,6,0.007849984169006348
gpu,SS,1048576,32,0,0.01,10486,0,0.0013205759525299072
gpu,SS,1048576,32,0,0.01,10486,1,0.0013797119855880737
gpu,SS,1048576,32,0,0.01,10486,2,0.0013025280237197877
gpu,SS,1048576,32,0,0.01,10486,3,0.001388576030731201
gpu,SS,1048576,32,0,0.01,10486,4,0.0013054720163345338
gpu,SS,1048576,32,0,0.01,10486,5,0.0013066240549087524
gpu,SS,1048576,32,0,0.01,10486,6,0.001341439962387085
cpu,DS,1048576,32,0,0.03,31457,0,0.050609011999995346
cpu,DS,1048576,32,0,0.03,31457,1,0.0511937140001919
cpu,DS,1048576,32,0,0.03,31457,2,0.04802012100003594
cpu,DS,1048576,32,0,0.03,31457,3,0.045968931000061275
cpu,DS,1048576,32,0,0.03,31457,4,0.04260358900000938
cpu,DS,1048576,32,0,0.03,31457,5,0.0404536690000441
cpu,DS,1048576,32,0,0.03,31457,6,0.051189281000006304
cpu,SS,1048576,32,0,0.03,31457,0,0.014625748000071326
cpu,SS,1048576,32,0,0.03,31457,1,0.014924404999874241
cpu,SS,1048576,32,0,0.03,31457,2,0.014543964000040432
cpu,SS,1048576,32,0,0.03,31457,3,0.013842695999983334
cpu,SS,1048576,32,0,0.03,31457,4,0.015490977999888855
cpu,SS,1048576,32,0,0.03,31457,5,0.014883415999975114
cpu,SS,1048576,32,0,0.03,31457,6,0.014202543000010337
gpu,DS,1048576,32,0,0.03,31457,0,0.007882559776306152
gpu,DS,1048576,32,0,0.03,31457,1,0.007970464229583741
gpu,DS,1048576,32,0,0.03,31457,2,0.008735615730285645
gpu,DS,1048576,32,0,0.03,31457,3,0.008015328407287598
gpu,DS,1048576,32,0,0.03,31457,4,0.007849247932434082
gpu,DS,1048576,32,0,0.03,31457,5,0.007855743885040282
gpu,DS,1048576,32,0,0.03,31457,6,0.007866655826568604
gpu,SS,1048576,32,0,0.03,31457,0,0.003464576005935669
gpu,SS,1048576,32,0,0.03,31457,1,0.0034775040149688722
gpu,SS,1048576,32,0,0.03,31457,2,0.00349183988571167
gpu,SS,1048576,32,0,0.03,31457,3,0.0034652481079101563
gpu,SS,1048576,32,0,0.03,31457,4,0.003467711925506592
gpu,SS,1048576,32,0,0.03,31457,5,0.004159488201141357
gpu,SS,1048576,32,0,0.03,31457,6,0.0034846398830413816
cpu,DS,1048576,32,0,0.1,104858,0,0.04894053000020904
cpu,DS,1048576,32,0,0.1,104858,1,0.06932423100010965
cpu,DS,1048576,32,0,0.1,104858,2,0.0610297079999782
cpu,DS,1048576,32,0,0.1,104858,3,0.05883229400001255
cpu,DS,1048576,32,0,0.1,104858,4,0.0654610930000672
cpu,DS,1048576,32,0,0.1,104858,5,0.04402583399996729
cpu,DS,1048576,32,0,0.1,104858,6,0.055351470000005065
cpu,SS,1048576,32,0,0.1,104858,0,0.03955631700000595
cpu,SS,1048576,32,0,0.1,104858,1,0.041886161000093125
cpu,SS,1048576,32,0,0.1,104858,2,0.05185093899990534
cpu,SS,1048576,32,0,0.1,104858,3,0.05045717000007244
cpu,SS,1048576,32,0,0.1,104858,4,0.04296116999989863
cpu,SS,1048576,32,0,0.1,104858,5,0.04110547300001599
cpu,SS,1048576,32,0,0.1,104858,6,0.04306236500019622
gpu,DS,1048576,32,0,0.1,104858,0,0.008862048149108888
gpu,DS,1048576,32,0,0.1,104858,1,0.008798175811767579
gpu,DS,1048576,32,0,0.1,104858,2,0.008857600212097168
gpu,DS,1048576,32,0,0.1,104858,3,0.008840479850769044
gpu,DS,1048576,32,0,0.1,104858,4,0.008947423934936524
gpu,DS,1048576,32,0,0.1,104858,5,0.010250240325927735
gpu,DS,1048576,32,0,0.1,104858,6,0.012366335868835449
gpu,SS,1048576,32,0,0.1,104858,0,0.012225983619689941
gpu,SS,1048576,32,0,0.1,104858,1,0.012025440216064453
gpu,SS,1048576,32,0,0.1,104858,2,0.012161184310913085
gpu,SS,1048576,32,0,0.1,104858,3,0.012056575775146485
gpu,SS,1048576,32,0,0.1,104858,4,0.01454867172241211
gpu,SS,1048576,32,0,0.1,104858,5,0.012245023727416992
gpu,SS,1048576,32,0,0.1,104858,6,0.013790687561035157
cpu,DS,1048576,32,0,0.2,209715,0,0.049211795000019265
cpu,DS,1048576,32,0,0.2,209715,1,0.051560953000034715
cpu,DS,1048576,32,0,0.2,209715,2,0.06658024700004717
cpu,DS,1048576,32,0,0.2,209715,3,0.0644255960000919
cpu,DS,1048576,32,0,0.2,209715,4,0.08246910699995169
cpu,DS,1048576,32,0,0.2,209715,5,0.0744969879999644
cpu,DS,1048576,32,0,0.2,209715,6,0.04989089299988336
cpu,SS,1048576,32,0,0.2,209715,0,0.06951213599995754
cpu,SS,1048576,32,0,0.2,209715,1,0.06744833399989147
cpu,SS,1048576,32,0,0.2,209715,2,0.06767528999989736
cpu,SS,1048576,32,0,0.2,209715,3,0.06109548600011294
cpu,SS,1048576,32,0,0.2,209715,4,0.06739398600007007
cpu,SS,1048576,32,0,0.2,209715,5,0.08511216600004445
cpu,SS,1048576,32,0,0.2,209715,6,0.06829652800001895
gpu,DS,1048576,32,0,0.2,209715,0,0.008518976211547851
gpu,DS,1048576,32,0,0.2,209715,1,0.00935321617126465
gpu,DS,1048576,32,0,0.2,209715,2,0.008381312370300292
gpu,DS,1048576,32,0,0.2,209715,3,0.029507360458374023
gpu,DS,1048576,32,0,0.2,209715,4,0.05854211044311523
gpu,DS,1048576,32,0,0.2,209715,5,0.04888870239257812
gpu,DS,1048576,32,0,0.2,209715,6,0.06124905776977539
gpu,SS,1048576,32,0,0.2,209715,0,0.019952640533447266
gpu,SS,1048576,32,0,0.2,209715,1,0.020554624557495117
gpu,SS,1048576,32,0,0.2,209715,2,0.019501375198364257
gpu,SS,1048576,32,0,0.2,209715,3,0.019505664825439452
gpu,SS,1048576,32,0,0.2,209715,4,0.0194586238861084
gpu,SS,1048576,32,0,0.2,209715,5,0.020178655624389648
gpu,SS,1048576,32,0,0.2,209715,6,0.01970524787902832
cpu,DS,1048576,32,0,0.3,314573,0,0.05499158199995691
cpu,DS,1048576,32,0,0.3,314573,1,0.04976119100001597
cpu,DS,1048576,32,0,0.3,314573,2,0.05067006800004492
cpu,DS,1048576,32,0,0.3,314573,3,0.044551885999908336
cpu,DS,1048576,32,0,0.3,314573,4,0.03855256199994983
cpu,DS,1048576,32,0,0.3,314573,5,0.03922797900008845
cpu,DS,1048576,32,0,0.3,314573,6,0.041875465999964945
cpu,SS,1048576,32,0,0.3,314573,0,0.14980788900015796
cpu,SS,1048576,32,0,0.3,314573,1,0.10684596900000543
cpu,SS,1048576,32,0,0.3,314573,2,0.09152517500001522
cpu,SS,1048576,32,0,0.3,314573,3,0.08951840300005642
cpu,SS,1048576,32,0,0.3,314573,4,0.09890776499992171
cpu,SS,1048576,32,0,0.3,314573,5,0.09145974099988052
cpu,SS,1048576,32,0,0.3,314573,6,0.09413190700001905
gpu,DS,1048576,32,0,0.3,314573,0,0.008577024459838867
gpu,DS,1048576,32,0,0.3,314573,1,0.008027711868286132
gpu,DS,1048576,32,0,0.3,314573,2,0.008129216194152833
gpu,DS,1048576,32,0,0.3,314573,3,0.008089599609375
gpu,DS,1048576,32,0,0.3,314573,4,0.008085503578186035
gpu,DS,1048576,32,0,0.3,314573,5,0.00815993595123291
gpu,DS,1048576,32,0,0.3,314573,6,0.008223423957824707
gpu,SS,1048576,32,0,0.3,314573,0,0.030407903671264648
gpu,SS,1048576,32,0,0.3,314573,1,0.03014259147644043
gpu,SS,1048576,32,0,0.3,314573,2,0.03015372848510742
gpu,SS,1048576,32,0,0.3,314573,3,0.03016406440734863
gpu,SS,1048576,32,0,0.3,314573,4,0.02977791976928711
gpu,SS,1048576,32,0,0.3,314573,5,0.03015065574645996
gpu,SS,1048576,32,0,0.3,314573,6,0.030067968368530273
cpu,DS,1048576,32,0,0.5,524288,0,0.0440875199999482
cpu,DS,1048576,32,0,0.5,524288,1,0.04086011899994446
cpu,DS,1048576,32,0,0.5,524288,2,0.05073058400012087
cpu,DS,1048576,32,0,0.5,524288,3,0.04296560700004193
cpu,DS,1048576,32,0,0.5,524288,4,0.053159738999966066
cpu,DS,1048576,32,0,0.5,524288,5,0.049652166999976544
cpu,DS,1048576,32,0,0.5,524288,6,0.05064595599992572
cpu,SS,1048576,32,0,0.5,524288,0,0.13855841100007638
cpu,SS,1048576,32,0,0.5,524288,1,0.17437299700009135
cpu,SS,1048576,32,0,0.5,524288,2,0.15607329499994194
cpu,SS,1048576,32,0,0.5,524288,3,0.14842083999997158
cpu,SS,1048576,32,0,0.5,524288,4,0.14871774800008097
cpu,SS,1048576,32,0,0.5,524288,5,0.1527508649999163
cpu,SS,1048576,32,0,0.5,524288,6,0.1502527770001052
gpu,DS,1048576,32,0,0.5,524288,0,0.010238112449645996
gpu,DS,1048576,32,0,0.5,524288,1,0.011665408134460448
gpu,DS,1048576,32,0,0.5,524288,2,0.009154527664184571
gpu,DS,1048576,32,0,0.5,524288,3,0.009048000335693359
gpu,DS,1048576,32,0,0.5,524288,4,0.0090698881149292
gpu,DS,1048576,32,0,0.5,524288,5,0.009266495704650879
gpu,DS,1048576,32,0,0.5,524288,6,0.009194432258605957
gpu,SS,1048576,32,0,0.5,524288,0,0.0606888313293457
gpu,SS,1048576,32,0,0.5,524288,1,0.05244697570800781
gpu,SS,1048576,32,0,0.5,524288,2,0.05317955017089844
gpu,SS,1048576,32,0,0.5,524288,3,0.053675201416015624
gpu,SS,1048576,32,0,0.5,524288,4,0.050679168701171874
gpu,SS,1048576,32,0,0.5,524288,5,0.04700921630859375
gpu,SS,1048576,32,0,0.5,524288,6,0.0472088623046875
cpu,DS,1048576,32,0,0.7,734003,0,0.0446861870000248
cpu,DS,1048576,32,0,0.7,734003,1,0.04345482300004733
cpu,DS,1048576,32,0,0.7,734003,2,0.045020551000106934
cpu,DS,1048576,32,0,0.7,734003,3,0.04519138899991049
cpu,DS,1048576,32,0,0.7,734003,4,0.044713100000080885
cpu,DS,1048576,32,0,0.7,734003,5,0.04742155500002809
cpu,DS,1048576,32,0,0.7,734003,6,0.04729664399997091
cpu,SS,1048576,32,0,0.7,734003,0,0.19769457000006696
cpu,SS,1048576,32,0,0.7,734003,1,0.19801723199998378
cpu,SS,1048576,32,0,0.7,734003,2,0.21395933899998454
cpu,SS,1048576,32,0,0.7,734003,3,0.1856957920001605
cpu,SS,1048576,32,0,0.7,734003,4,0.21473562100004528
cpu,SS,1048576,32,0,0.7,734003,5,0.190282593999882
cpu,SS,1048576,32,0,0.7,734003,6,0.19371633199989446
gpu,DS,1048576,32,0,0.7,734003,0,0.011919360160827636
gpu,DS,1048576,32,0,0.7,734003,1,0.010153247833251952
gpu,DS,1048576,32,0,0.7,734003,2,0.00936723232269287
gpu,DS,1048576,32,0,0.7,734003,3,0.009447648048400878
gpu,DS,1048576,32,0,0.7,734003,4,0.009418944358825683
gpu,DS,1048576,32,0,0.7,734003,5,0.0093405122756958
gpu,DS,1048576,32,0,0.7,734003,6,0.00925772762298584
gpu,SS,1048576,32,0,0.7,734003,0,0.07466809844970704
gpu,SS,1048576,32,0,0.7,734003,1,0.06586847686767579
gpu,SS,1048576,32,0,0.7,734003,2,0.0639595832824707
gpu,SS,1048576,32,0,0.7,734003,3,0.06408025360107422
gpu,SS,1048576,32,0,0.7,734003,4,0.06258531188964844
gpu,SS,1048576,32,0,0.7,734003,5,0.06485151672363282
gpu,SS,1048576,32,0,0.7,734003,6,0.06480892944335938
cpu,DS,1048576,32,0,1.0,1048576,0,0.04939525899999353
cpu,DS,1048576,32,0,1.0,1048576,1,0.052576718999944205
cpu,DS,1048576,32,0,1.0,1048576,2,0.04760113499992258
cpu,DS,1048576,32,0,1.0,1048576,3,0.056368210999835355
cpu,DS,1048576,32,0,1.0,1048576,4,0.06449932600003194
cpu,DS,1048576,32,0,1.0,1048576,5,0.06876115999989452
cpu,DS,1048576,32,0,1.0,1048576,6,0.04865275199995267
cpu,SS,1048576,32,0,1.0,1048576,0,0.3022530169998845
cpu,SS,1048576,32,0,1.0,1048576,1,0.3203755600000022
cpu,SS,1048576,32,0,1.0,1048576,2,0.4093187249998209
cpu,SS,1048576,32,0,1.0,1048576,3,0.3210942799998975
cpu,SS,1048576,32,0,1.0,1048576,4,0.3174488140000449
cpu,SS,1048576,32,0,1.0,1048576,5,0.347779773999946
cpu,SS,1048576,32,0,1.0,1048576,6,0.3054107909999857
gpu,DS,1048576,32,0,1.0,1048576,0,0.00858726406097412
gpu,DS,1048576,32,0,1.0,1048576,1,0.008417280197143554
gpu,DS,1048576,32,0,1.0,1048576,2,0.008302592277526855
gpu,DS,1048576,32,0,1.0,1048576,3,0.00834886360168457
gpu,DS,1048576,32,0,1.0,1048576,4,0.008275296211242676
gpu,DS,1048576,32,0,1.0,1048576,5,0.008423680305480958
gpu,DS,1048576,32,0,1.0,1048576,6,0.008290047645568848
gpu,SS,1048576,32,0,1.0,1048576,0,0.09198387145996094
gpu,SS,1048576,32,0,1.0,1048576,1,0.08553276824951171
gpu,SS,1048576,32,0,1.0,1048576,2,0.08534425354003906
gpu,SS,1048576,32,0,1.0,1048576,3,0.08547321319580078
gpu,SS,1048576,32,0,1.0,1048576,4,0.09180582427978516
gpu,SS,1048576,32,0,1.0,1048576,5,0.09314633941650391
gpu,SS,1048576,32,0,1.0,1048576,6,0.09114812469482422
cpu,DS,1048576,64,256,0.0001,105,0,0.06058854900015831
cpu,DS,1048576,64,256,0.0001,105,1,0.056332321000127195
cpu,DS,1048576,64,256,0.0001,105,2,0.056403946000045835
cpu,DS,1048576,64,256,0.0001,105,3,0.062140351999914856
cpu,DS,1048576,64,256,0.0001,105,4,0.0693045020000227
cpu,DS,1048576,64,256,0.0001,105,5,0.06612432600013562
cpu,DS,1048576,64,256,0.0001,105,6,0.06741831899989847
cpu,SS,1048576,64,256,0.0001,105,0,0.0002265480000005482
cpu,SS,1048576,64,256,0.0001,105,1,0.00037810699996043695
cpu,SS,1048576,64,256,0.0001,105,2,0.0002063669999188278
cpu,SS,1048576,64,256,0.0001,105,3,0.0002354519999698823
cpu,SS,1048576,64,256,0.0001,105,4,0.0005684459999883984
cpu,SS,1048576,64,256,0.0001,105,5,0.0002563250000093831
cpu,SS,1048576,64,256,0.0001,105,6,0.00017124599980888888
gpu,DS,1048576,64,256,0.0001,105,0,0.003054656028747559
gpu,DS,1048576,64,256,0.0001,105,1,0.0026627840995788574
gpu,DS,1048576,64,256,0.0001,105,2,0.0025168321132659913
gpu,DS,1048576,64,256,0.0001,105,3,0.002429311990737915
gpu,DS,1048576,64,256,0.0001,105,4,0.002461695909500122
gpu,DS,1048576,64,256,0.0001,105,5,0.0024145920276641844
gpu,DS,1048576,64,256,0.0001,105,6,0.002488960027694702
gpu,SS,1048576,64,256,0.0001,105,0,0.00024755200743675234
gpu,SS,1048576,64,256,0.0001,105,1,0.00023571200668811798
gpu,SS,1048576,64,256,0.0001,105,2,0.00022163200378417968
gpu,SS,1048576,64,256,0.0001,105,3,0.00011036799848079682
gpu,SS,1048576,64,256,0.0001,105,4,0.0001271679997444153
gpu,SS,1048576,64,256,0.0001,105,5,0.00010995200276374817
gpu,SS,1048576,64,256,0.0001,105,6,0.0002874239981174469
cpu,DS,1048576,64,256,0.0003,315,0,0.05856376699989596
cpu,DS,1048576,64,256,0.0003,315,1,0.059256041000026016
cpu,DS,1048576,64,256,0.0003,315,2,0.0625119060000543
cpu,DS,1048576,64,256,0.0003,315,3,0.057735447000140994
cpu,DS,1048576,64,256,0.0003,315,4,0.059254759999930684
cpu,DS,1048576,64,256,0.0003,315,5,0.05556037499991362
cpu,DS,1048576,64,256,0.0003,315,6,0.05267991200003053
cpu,SS,1048576,64,256,0.0003,315,0,0.0005121259998759342
cpu,SS,1048576,64,256,0.0003,315,1,0.00036693300012302643
cpu,SS,1048576,64,256,0.0003,315,2,0.00043187400001443166
cpu,SS,1048576,64,256,0.0003,315,3,0.0004710729999715113
cpu,SS,1048576,64,256,0.0003,315,4,0.00046922100000301725
cpu,SS,1048576,64,256,0.0003,315,5,0.0006185100000948296
cpu,SS,1048576,64,256,0.0003,315,6,0.00036322699997981545
gpu,DS,1048576,64,256,0.0003,315,0,0.0025661439895629883
gpu,DS,1048576,64,256,0.0003,315,1,0.003035520076751709
gpu,DS,1048576,64,256,0.0003,315,2,0.00283238410949707
gpu,DS,1048576,64,256,0.0003,315,3,0.002642047882080078
gpu,DS,1048576,64,256,0.0003,315,4,0.0025712640285491944
gpu,DS,1048576,64,256,0.0003,315,5,0.002531327962875366
gpu,DS,1048576,64,256,0.0003,315,6,0.0024942400455474855
gpu,SS,1048576,64,256,0.0003,315,0,0.00013068799674510956
gpu,SS,1048576,64,256,0.0003,315,1,0.00012755200266838075
gpu,SS,1048576,64,256,0.0003,315,2,0.00039100798964500426
gpu,SS,1048576,64,256,0.0003,315,3,0.0001327359974384308
gpu,SS,1048576,64,256,0.0003,315,4,0.00011955200135707855
gpu,SS,1048576,64,256,0.0003,315,5,0.00011798399686813354
gpu,SS,1048576,64,256,0.0003,315,6,0.00014502400159835816
cpu,DS,1048576,64,256,0.001,1049,0,0.053297153999892544
cpu,DS,1048576,64,256,0.001,1049,1,0.055781626999987566
cpu,DS,1048576,64,256,0.001,1049,2,0.05516282400003547
cpu,DS,1048576,64,256,0.001,1049,3,0.06006624299993746
cpu,DS,1048576,64,256,0.001,1049,4,0.05405022800005099
cpu,DS,1048576,64,256,0.001,1049,5,0.051886174999935974
cpu,DS,1048576,64,256,0.001,1049,6,0.05507145699993998
cpu,SS,1048576,64,256,0.001,1049,0,0.0008777900000040972
cpu,SS,1048576,64,256,0.001,1049,1,0.0008074859999851469
cpu,SS,1048576,64,256,0.001,1049,2,0.0007885679999617423
cpu,SS,1048576,64,256,0.001,1049,3,0.0008570210000016232
cpu,SS,1048576,64,256,0.001,1049,4,0.0008240619999924093
cpu,SS,1048576,64,256,0.001,1049,5,0.0008055349999267492
cpu,SS,1048576,64,256,0.001,1049,6,0.0011641799999324576
gpu,DS,1048576,64,256,0.001,1049,0,0.0023980801105499268
gpu,DS,1048576,64,256,0.001,1049,1,0.0023908801078796386
gpu,DS,1048576,64,256,0.001,1049,2,0.002418303966522217
gpu,DS,1048576,64,256,0.001,1049,3,0.0023961598873138428
gpu,DS,1048576,64,256,0.001,1049,4,0.0025352001190185546
gpu,DS,1048576,64,256,0.001,1049,5,0.002540672063827515
gpu,DS,1048576,64,256,0.001,1049,6,0.0031099839210510256
gpu,SS,1048576,64,256,0.001,1049,0,0.00014351999759674072
gpu,SS,1048576,64,256,0.001,1049,1,0.0001387519985437393
gpu,SS,1048576,64,256,0.001,1049,2,0.0001329600065946579
gpu,SS,1048576,64,256,0.001,1049,3,0.0001433600038290024
gpu,SS,1048576,64,256,0.001,1049,4,0.00013711999356746674
gpu,SS,1048576,64,256,0.001,1049,5,0.00013788799941539764
gpu,SS,1048576,64,256,0.001,1049,6,0.00013731199502944947
cpu,DS,1048576,64,256,0.003,3146,0,0.049430175999987114
cpu,DS,1048576,64,256,0.003,3146,1,0.05611540600011722
cpu,DS,1048576,64,256,0.003,3146,2,0.0510930240000107
cpu,DS,1048576,64,256,0.003,3146,3,0.049376058000007106
cpu,DS,1048576,64,256,0.003,3146,4,0.04634328299994195
cpu,DS,1048576,64,256,0.003,3146,5,0.05511660399997709
cpu,DS,1048576,64,256,0.003,3146,6,0.049060852000138766
cpu,SS,1048576,64,256,0.003,3146,0,0.002217456999915157
cpu,SS,1048576,64,256,0.003,3146,1,0.002222325000047931
cpu,SS,1048576,64,256,0.003,3146,2,0.0023100450000583805
cpu,SS,1048576,64,256,0.003,3146,3,0.0023398369999085844
cpu,SS,1048576,64,256,0.003,3146,4,0.002309851000063645
cpu,SS,1048576,64,256,0.003,3146,5,0.0025114819998179883
cpu,SS,1048576,64,256,0.003,3146,6,0.002418796000029033
gpu,DS,1048576,64,256,0.003,3146,0,0.0032792959213256835
gpu,DS,1048576,64,256,0.003,3146,1,0.003371392011642456
gpu,DS,1048576,64,256,0.003,3146,2,0.003526688098907471
gpu,DS,1048576,64,256,0.003,3146,3,0.004503392219543457
gpu,DS,1048576,64,256,0.003,3146,4,0.003600383996963501
gpu,DS,1048576,64,256,0.003,3146,5,0.0035031681060791017
gpu,DS,1048576,64,256,0.003,3146,6,0.0035764479637145994
gpu,SS,1048576,64,256,0.003,3146,0,0.0002444159984588623
gpu,SS,1048576,64,256,0.003,3146,1,0.00021676799654960632
gpu,SS,1048576,64,256,0.003,3146,2,0.00021299199759960174
gpu,SS,1048576,64,256,0.003,3146,3,0.00014748799800872803
gpu,SS,1048576,64,256,0.003,3146,4,0.0002075839936733246
gpu,SS,1048576,64,256,0.003,3146,5,0.00014595200121402741
gpu,SS,1048576,64,256,0.003,3146,6,0.00021398399770259857
cpu,DS,1048576,64,256,0.01,10486,0,0.05483074099993246
cpu,DS,1048576,64,256,0.01,10486,1,0.05404787500015118
cpu,DS,1048576,64,256,0.01,10486,2,0.05103664700004629
cpu,DS,1048576,64,256,0.01,10486,3,0.057498290000012275
cpu,DS,1048576,64,256,0.01,10486,4,0.05761453599984634
cpu,DS,1048576,64,256,0.01,10486,5,0.05241223699999864
cpu,DS,1048576,64,256,0.01,10486,6,0.060141595999994024
cpu,SS,1048576,64,256,0.01,10486,0,0.007139069000004383
cpu,SS,1048576,64,256,0.01,10486,1,0.007573000000093089
cpu,SS,1048576,64,256,0.01,10486,2,0.007853783999962616
cpu,SS,1048576,64,256,0.01,10486,3,0.007386557000018001
cpu,SS,1048576,64,256,0.01,10486,4,0.007328724999979386
cpu,SS,1048576,64,256,0.01,10486,5,0.00741917100003775
cpu,SS,1048576,64,256,0.01,10486,6,0.007633071000100244
gpu,DS,1048576,64,256,0.01,10486,0,0.004396671772003174
gpu,DS,1048576,64,256,0.01,10486,1,0.0048516798019409176
gpu,DS,1048576,64,256,0.01,10486,2,0.005320703983306885
gpu,DS,1048576,64,256,0.01,10486,3,0.0051792960166931155
gpu,DS,1048576,64,256,0.01,10486,4,0.004603871822357178
gpu,DS,1048576,64,256,0.01,10486,5,0.004502848148345947
gpu,DS,1048576,64,256,0.01,10486,6,0.00444371223449707
gpu,SS,1048576,64,256,0.01,10486,0,0.0005377600193023682
gpu,SS,1048576,64,256,0.01,10486,1,0.0005286080241203308
gpu,SS,1048576,64,256,0.01,10486,2,0.000509119987487793
gpu,SS,1048576,64,256,0.01,10486,3,0.0005901439785957336
gpu,SS,1048576,64,256,0.01,10486,4,0.00042425599694252014
gpu,SS,1048576,64,256,0.01,10486,5,0.0005626239776611328
gpu,SS,1048576,64,256,0.01,10486,6,0.0005079039931297302
cpu,DS,1048576,64,256,0.03,31457,0,0.05859854799996356
cpu,DS,1048576,64,256,0.03,31457,1,0.051657702000056815
cpu,DS,1048576,64,256,0.03,31457,2,0.07737342199993691
cpu,DS,1048576,64,256,0.03,31457,3,0.06582747900006325
cpu,DS,1048576,64,256,0.03,31457,4,0.057897364999917045
cpu,DS,1048576,64,256,0.03,31457,5,0.054165483999895514
cpu,DS,1048576,64,256,0.03,31457,6,0.05357723899987832
cpu,SS,1048576,64,256,0.03,31457,0,0.023863554999934422
cpu,SS,1048576,64,256,0.03,31457,1,0.02133844299987686
cpu,SS,1048576,64,256,0.03,31457,2,0.021525470999904428
cpu,SS,1048576,64,256,0.03,31457,3,0.01944285700005821
cpu,SS,1048576,64,256,0.03,31457,4,0.021524205000105212
cpu,SS,1048576,64,256,0.03,31457,5,0.021881027000063114
cpu,SS,1048576,64,256,0.03,31457,6,0.020818933000100515
gpu,DS,1048576,64,256,0.03,31457,0,0.005099167823791504
gpu,DS,1048576,64,256,0.03,31457,1,0.005108511924743652
gpu,DS,1048576,64,256,0.03,31457,2,0.005063744068145752
gpu,DS,1048576,64,256,0.03,31457,3,0.005152736186981201
gpu,DS,1048576,64,256,0.03,31457,4,0.006121920108795166
gpu,DS,1048576,64,256,0.03,31457,5,0.005916704177856445
gpu,DS,1048576,64,256,0.03,31457,6,0.008118271827697754
gpu,SS,1048576,64,256,0.03,31457,0,0.0012734080553054809
gpu,SS,1048576,64,256,0.03,31457,1,0.0012636480331420898
gpu,SS,1048576,64,256,0.03,31457,2,0.0012726720571517944
gpu,SS,1048576,64,256,0.03,31457,3,0.0012388479709625243
gpu,SS,1048576,64,256,0.03,31457,4,0.0012361279726028442
gpu,SS,1048576,64,256,0.03,31457,5,0.0012622720003128052
gpu,SS,1048576,64,256,0.03,31457,6,0.0012711999416351318
cpu,DS,1048576,64,256,0.1,104858,0,0.056856399000025704
cpu,DS,1048576,64,256,0.1,104858,1,0.05125346600016201
cpu,DS,1048576,64,256,0.1,104858,2,0.04982160300005489
cpu,DS,1048576,64,256,0.1,104858,3,0.053084114000057525
cpu,DS,1048576,64,256,0.1,104858,4,0.05308976099991014
cpu,DS,1048576,64,256,0.1,104858,5,0.05897016800008714
cpu,DS,1048576,64,256,0.1,104858,6,0.05232042700004058
cpu,SS,1048576,64,256,0.1,104858,0,0.0570054560000699
cpu,SS,1048576,64,256,0.1,104858,1,0.058551523000005545
cpu,SS,1048576,64,256,0.1,104858,2,0.0537913320001735
cpu,SS,1048576,64,256,0.1,104858,3,0.05979567800000041
cpu,SS,1048576,64,256,0.1,104858,4,0.060751649999929214
cpu,SS,1048576,64,256,0.1,104858,5,0.06490782299988496
cpu,SS,1048576,64,256,0.1,104858,6,0.0657474499998898
gpu,DS,1048576,64,256,0.1,104858,0,0.01807151985168457
gpu,DS,1048576,64,256,0.1,104858,1,0.018076927185058593
gpu,DS,1048576,64,256,0.1,104858,2,0.018048736572265626
gpu,DS,1048576,64,256,0.1,104858,3,0.018245376586914063
gpu,DS,1048576,64,256,0.1,104858,4,0.01806399917602539
gpu,DS,1048576,64,256,0.1,104858,5,0.019904512405395508
gpu,DS,1048576,64,256,0.1,104858,6,0.01794371223449707
gpu,SS,1048576,64,256,0.1,104858,0,0.004039360046386719
gpu,SS,1048576,64,256,0.1,104858,1,0.004220992088317871
gpu,SS,1048576,64,256,0.1,104858,2,0.004001823902130127
gpu,SS,1048576,64,256,0.1,104858,3,0.0042343358993530275
gpu,SS,1048576,64,256,0.1,104858,4,0.004017983913421631
gpu,SS,1048576,64,256,0.1,104858,5,0.004005887985229492
gpu,SS,1048576,64,256,0.1,104858,6,0.00421017599105835
cpu,DS,1048576,64,256,0.2,209715,0,0.05738944199993057
cpu,DS,1048576,64,256,0.2,209715,1,0.0543241800000942
cpu,DS,1048576,64,256,0.2,209715,2,0.05584912000017539
cpu,DS,1048576,64,256,0.2,209715,3,0.0534871810000368
cpu,DS,1048576,64,256,0.2,209715,4,0.04952368299996124
cpu,DS,1048576,64,256,0.2,209715,5,0.05362601599995287
cpu,DS,1048576,64,256,0.2,209715,6,0.05791547499984517
cpu,SS,1048576,64,256,0.2,209715,0,0.0966949690000547
cpu,SS,1048576,64,256,0.2,209715,1,0.09914121999986492
cpu,SS,1048576,64,256,0.2,209715,2,0.10481026000002203
cpu,SS,1048576,64,256,0.2,209715,3,0.10129753499995786
cpu,SS,1048576,64,256,0.2,209715,4,0.100985498
cpu,SS,1048576,64,256,0.2,209715,5,0.1108271649998187
cpu,SS,1048576,64,256,0.2,209715,6,0.09696913299990229
gpu,DS,1048576,64,256,0.2,209715,0,0.044522911071777346
gpu,DS,1048576,64,256,0.2,209715,1,0.04456060791015625
gpu,DS,1048576,64,256,0.2,209715,2,0.04922355270385742
gpu,DS,1048576,64,256,0.2,209715,3,0.002848992109298706
gpu,DS,1048576,64,256,0.2,209715,4,0.0026780800819396974
gpu,DS,1048576,64,256,0.2,209715,5,0.002930720090866089
gpu,DS,1048576,64,256,0.2,209715,6,0.0032196478843688967
gpu,SS,1048576,64,256,0.2,209715,0,0.003162463903427124
gpu,SS,1048576,64,256,0.2,209715,1,0.004151648044586182
gpu,SS,1048576,64,256,0.2,209715,2,0.0032466239929199218
gpu,SS,1048576,64,256,0.2,209715,3,0.0032437760829925537
gpu,SS,1048576,64,256,0.2,209715,4,0.0031918079853057862
gpu,SS,1048576,64,256,0.2,209715,5,0.0031964800357818604
gpu,SS,1048576,64,256,0.2,209715,6,0.0031925759315490723
cpu,DS,1048576,64,256,0.3,314573,0,0.06299033000004783
cpu,DS,1048576,64,256,0.3,314573,1,0.05887105600004361
cpu,DS,1048576,64,256,0.3,314573,2,0.05320922100008829
cpu,DS,1048576,64,256,0.3,314573,3,0.05642091099980462
cpu,DS,1048576,64,256,0.3,314573,4,0.06273378800005958
cpu,DS,1048576,64,256,0.3,314573,5,0.06074386099999174
cpu,DS,1048576,64,256,0.3,314573,6,0.05370507200018437
cpu,SS,1048576,64,256,0.3,314573,0,0.18292448900001546
cpu,SS,1048576,64,256,0.3,314573,1,0.1757233969999561
cpu,SS,1048576,64,256,0.3,314573,2,0.15479097399997954
cpu,SS,1048576,64,256,0.3,314573,3,0.1511077640000167
cpu,SS,1048576,64,256,0.3,314573,4,0.14640297699997973
cpu,SS,1048576,64,256,0.3,314573,5,0.1744978749998154
cpu,SS,1048576,64,256,0.3,314573,6,0.2123160700000426
gpu,DS,1048576,64,256,0.3,314573,0,0.03538735961914063
gpu,DS,1048576,64,256,0.3,314573,1,0.029779071807861327
gpu,DS,1048576,64,256,0.3,314573,2,0.029418975830078124
gpu,DS,1048576,64,256,0.3,314573,3,0.02344550323486328
gpu,DS,1048576,64,256,0.3,314573,4,0.02602809524536133
gpu,DS,1048576,64,256,0.3,314573,5,0.023568735122680665
gpu,DS,1048576,64,256,0.3,314573,6,0.02597235107421875
gpu,SS,1048576,64,256,0.3,314573,0,0.013492639541625977
gpu,SS,1048576,64,256,0.3,314573,1,0.013410880088806152
gpu,SS,1048576,64,256,0.3,314573,2,0.009321056365966796
gpu,SS,1048576,64,256,0.3,314573,3,0.0134335355758667
gpu,SS,1048576,64,256,0.3,314573,4,0.009674847602844238
gpu,SS,1048576,64,256,0.3,314573,5,0.003625024080276489
gpu,SS,1048576,64,256,0.3,314573,6,0.003579904079437256
cpu,DS,1048576,64,256,0.5,524288,0,0.05119875799982765
cpu,DS,1048576,64,256,0.5,524288,1,0.06305840000004537
cpu,DS,1048576,64,256,0.5,524288,2,0.05018700599998738
cpu,DS,1048576,64,256,0.5,524288,3,0.05142396200017174
cpu,DS,1048576,64,256,0.5,524288,4,0.053583486999968954
cpu,DS,1048576,64,256,0.5,524288,5,0.0512699150001481
cpu,DS,1048576,64,256,0.5,524288,6,0.047811337000212006
cpu,SS,1048576,64,256,0.5,524288,0,0.19492321799998535
cpu,SS,1048576,64,256,0.5,524288,1,0.21393409200004498
cpu,SS,1048576,64,256,0.5,524288,2,0.2331342099998892
cpu,SS,1048576,64,256,0.5,524288,3,0.21640896099984275
cpu,SS,1048576,64,256,0.5,524288,4,0.20332437899992328
cpu,SS,1048576,64,256,0.5,524288,5,0.212510464999923
cpu,SS,1048576,64,256,0.5,524288,6,0.21844610499988448
gpu,DS,1048576,64,256,0.5,524288,0,0.0031846399307250976
gpu,DS,1048576,64,256,0.5,524288,1,0.0025067520141601562
gpu,DS,1048576,64,256,0.5,524288,2,0.0024435839653015137
gpu,DS,1048576,64,256,0.5,524288,3,0.0033356480598449706
gpu,DS,1048576,64,256,0.5,524288,4,0.002512768030166626
gpu,DS,1048576,64,256,0.5,524288,5,0.002533407926559448
gpu,DS,1048576,64,256,0.5,524288,6,0.003230015993118286
gpu,SS,1048576,64,256,0.5,524288,0,0.011360992431640625
gpu,SS,1048576,64,256,0.5,524288,1,0.011349984169006348
gpu,SS,1048576,64,256,0.5,524288,2,0.011298303604125976
gpu,SS,1048576,64,256,0.5,524288,3,0.011939295768737793
gpu,SS,1048576,64,256,0.5,524288,4,0.011271007537841797
gpu,SS,1048576,64,256,0.5,524288,5,0.011932127952575684
gpu,SS,1048576,64,256,0.5,524288,6,0.01116163158416748
cpu,DS,1048576,64,256,0.7,734003,0,0.047174830000130896
cpu,DS,1048576,64,256,0.7,734003,1,0.04569406899986461
cpu,DS,1048576,64,256,0.7,734003,2,0.05001626600005693
cpu,DS,1048576,64,256,0.7,734003,3,0.05015676700008953
cpu,DS,1048576,64,256,0.7,734003,4,0.047374566999906165
cpu,DS,1048576,64,256,0.7,734003,5,0.050312913999960074
cpu,DS,1048576,64,256,0.7,734003,6,0.050134734000039316
cpu,SS,1048576,64,256,0.7,734003,0,0.28514559499990355
cpu,SS,1048576,64,256,0.7,734003,1,0.27716679000013755
cpu,SS,1048576,64,256,0.7,734003,2,0.28831303199990543
cpu,SS,1048576,64,256,0.7,734003,3,0.2742408859999159
cpu,SS,1048576,64,256,0.7,734003,4,0.30338641699995605
cpu,SS,1048576,64,256,0.7,734003,5,0.28965399799994884
cpu,SS,1048576,64,256,0.7,734003,6,0.3000369280000541
gpu,DS,1048576,64,256,0.7,734003,0,0.06675046539306641
gpu,DS,1048576,64,256,0.7,734003,1,0.04269052886962891
gpu,DS,1048576,64,256,0.7,734003,2,0.002635551929473877
gpu,DS,1048576,64,256,0.7,734003,3,0.0024579200744628904
gpu,DS,1048576,64,256,0.7,734003,4,0.002424959897994995
gpu,DS,1048576,64,256,0.7,734003,5,0.0024965438842773436
gpu,DS,1048576,64,256,0.7,734003,6,0.0024980480670928956
gpu,SS,1048576,64,256,0.7,734003,0,0.016504928588867186
gpu,SS,1048576,64,256,0.7,734003,1,0.017175840377807616
gpu,SS,1048576,64,256,0.7,734003,2,0.017084768295288086
gpu,SS,1048576,64,256,0.7,734003,3,0.016542528152465822
gpu,SS,1048576,64,256,0.7,734003,4,0.016265119552612305
gpu,SS,1048576,64,256,0.7,734003,5,0.01628473663330078
gpu,SS,1048576,64,256,0.7,734003,6,0.016528480529785155
cpu,DS,1048576,64,256,1.0,1048576,0,0.05329847500001961
cpu,DS,1048576,64,256,1.0,1048576,1,0.060293582999975115
cpu,DS,1048576,64,256,1.0,1048576,2,0.05873688199994831
cpu,DS,1048576,64,256,1.0,1048576,3,0.049479778999966584
cpu,DS,1048576,64,256,1.0,1048576,4,0.05503357199995662
cpu,DS,1048576,64,256,1.0,1048576,5,0.053710961999968276
cpu,DS,1048576,64,256,1.0,1048576,6,0.10324019199993018
cpu,SS,1048576,64,256,1.0,1048576,0,0.42652708500008885
cpu,SS,1048576,64,256,1.0,1048576,1,0.423649333999947
cpu,SS,1048576,64,256,1.0,1048576,2,0.495539559000008
cpu,SS,1048576,64,256,1.0,1048576,3,0.45607163099998616
cpu,SS,1048576,64,256,1.0,1048576,4,0.44752850300005775
cpu,SS,1048576,64,256,1.0,1048576,5,0.46557417200006057
cpu,SS,1048576,64,256,1.0,1048576,6,0.4595569999999043
gpu,DS,1048576,64,256,1.0,1048576,0,0.004319039821624756
gpu,DS,1048576,64,256,1.0,1048576,1,0.0027870399951934813
gpu,DS,1048576,64,256,1.0,1048576,2,0.0026193280220031738
gpu,DS,1048576,64,256,1.0,1048576,3,0.0027088959217071535
gpu,DS,1048576,64,256,1.0,1048576,4,0.0026378240585327147
gpu,DS,1048576,64,256,1.0,1048576,5,0.004584959983825684
gpu,DS,1048576,64,256,1.0,1048576,6,0.00359334397315979
gpu,SS,1048576,64,256,1.0,1048576,0,0.023183359146118163
gpu,SS,1048576,64,256,1.0,1048576,1,0.023083616256713867
gpu,SS,1048576,64,256,1.0,1048576,2,0.023281919479370118
gpu,SS,1048576,64,256,1.0,1048576,3,0.022542591094970702
gpu,SS,1048576,64,256,1.0,1048576,4,0.02306243133544922
gpu,SS,1048576,64,256,1.0,1048576,5,0.02236204719543457
gpu,SS,1048576,64,256,1.0,1048576,6,0.02314665603637695
cpu,DS,1048576,64,0,0.0001,105,0,0.08846406300017406
cpu,DS,1048576,64,0,0.0001,105,1,0.08692721700003858
cpu,DS,1048576,64,0,0.0001,105,2,0.09080849299994043
cpu,DS,1048576,64,0,0.0001,105,3,0.08038173500017365
cpu,DS,1048576,64,0,0.0001,105,4,0.09639834099994005
cpu,DS,1048576,64,0,0.0001,105,5,0.08762880699987363
cpu,DS,1048576,64,0,0.0001,105,6,0.09102437499996086
cpu,SS,1048576,64,0,0.0001,105,0,0.00018031699983112048
cpu,SS,1048576,64,0,0.0001,105,1,0.00015584199991280911
cpu,SS,1048576,64,0,0.0001,105,2,0.00014974800001255062
cpu,SS,1048576,64,0,0.0001,105,3,0.00015144700000746525
cpu,SS,1048576,64,0,0.0001,105,4,0.00014944899999136396
cpu,SS,1048576,64,0,0.0001,105,5,0.00015214600011859147
cpu,SS,1048576,64,0,0.0001,105,6,0.00014954900007069227
gpu,DS,1048576,64,0,0.0001,105,0,0.01578204822540283
gpu,DS,1048576,64,0,0.0001,105,1,0.016065183639526366
gpu,DS,1048576,64,0,0.0001,105,2,0.015347231864929199
gpu,DS,1048576,64,0,0.0001,105,3,0.015312319755554199
gpu,DS,1048576,64,0,0.0001,105,4,0.015304575920104981
gpu,DS,1048576,64,0,0.0001,105,5,0.015344063758850097
gpu,DS,1048576,64,0,0.0001,105,6,0.015491680145263672
gpu,SS,1048576,64,0,0.0001,105,0,0.00023347200453281401
gpu,SS,1048576,64,0,0.0001,105,1,0.00023347200453281401
gpu,SS,1048576,64,0,0.0001,105,2,0.00011999999731779099
gpu,SS,1048576,64,0,0.0001,105,3,0.0001515520066022873
gpu,SS,1048576,64,0,0.0001,105,4,0.00011475200206041337
gpu,SS,1048576,64,0,0.0001,105,5,0.00019760000705718993
gpu,SS,1048576,64,0,0.0001,105,6,0.00012195199728012086
cpu,DS,1048576,64,0,0.0003,315,0,0.12556036999990283
cpu,DS,1048576,64,0,0.0003,315,1,0.11269797500017376
cpu,DS,1048576,64,0,0.0003,315,2,0.17456220799999755
cpu,DS,1048576,64,0,0.0003,315,3,0.10277333499993802
cpu,DS,1048576,64,0,0.0003,315,4,0.10089858499986804
cpu,DS,1048576,64,0,0.0003,315,5,0.09515471499980777
cpu,DS,1048576,64,0,0.0003,315,6,0.08884774199987078
cpu,SS,1048576,64,0,0.0003,315,0,0.00045317800004340825
cpu,SS,1048576,64,0,0.0003,315,1,0.0004322390000197629
cpu,SS,1048576,64,0,0.0003,315,2,0.0004135310000492609
cpu,SS,1048576,64,0,0.0003,315,3,0.00042845899997701054
cpu,SS,1048576,64,0,0.0003,315,4,0.00046025400001781236
cpu,SS,1048576,64,0,0.0003,315,5,0.00044377499989423086
cpu,SS,1048576,64,0,0.0003,315,6,0.00047702400001981005
gpu,DS,1048576,64,0,0.0003,315,0,0.015601056098937988
gpu,DS,1048576,64,0,0.0003,315,1,0.01594099235534668
gpu,DS,1048576,64,0,0.0003,315,2,0.015738880157470703
gpu,DS,1048576,64,0,0.0003,315,3,0.01576313591003418
gpu,DS,1048576,64,0,0.0003,315,4,0.016429088592529298
gpu,DS,1048576,64,0,0.0003,315,5,0.016416767120361327
gpu,DS,1048576,64,0,0.0003,315,6,0.015755040168762207
gpu,SS,1048576,64,0,0.0003,315,0,0.0003631680011749268
gpu,SS,1048576,64,0,0.0003,315,1,0.00032892799377441407
gpu,SS,1048576,64,0,0.0003,315,2,0.00030463999509811404
gpu,SS,1048576,64,0,0.0003,315,3,0.00023948800563812256
gpu,SS,1048576,64,0,0.0003,315,4,0.00016764800250530242
gpu,SS,1048576,64,0,0.0003,315,5,0.00018694399297237396
gpu,SS,1048576,64,0,0.0003,315,6,0.0001802240014076233
cpu,DS,1048576,64,0,0.001,1049,0,0.10575839500006623
cpu,DS,1048576,64,0,0.001,1049,1,0.09582764800006771
cpu,DS,1048576,64,0,0.001,1049,2,0.10840427399989494
cpu,DS,1048576,64,0,0.001,1049,3,0.10361425800010693
cpu,DS,1048576,64,0,0.001,1049,4,0.10714836500005731
cpu,DS,1048576,64,0,0.001,1049,5,0.10603068900013568
cpu,DS,1048576,64,0,0.001,1049,6,0.1181513270000778
cpu,SS,1048576,64,0,0.001,1049,0,0.002019766999865169
cpu,SS,1048576,64,0,0.001,1049,1,0.00813878099984322
cpu,SS,1048576,64,0,0.001,1049,2,0.004296513000099367
cpu,SS,1048576,64,0,0.001,1049,3,0.0057473599999866565
cpu,SS,1048576,64,0,0.001,1049,4,0.006748034000111147
cpu,SS,1048576,64,0,0.001,1049,5,0.005298737999964942
cpu,SS,1048576,64,0,0.001,1049,6,0.0026546040000994253
gpu,DS,1048576,64,0,0.001,1049,0,0.04634028625488281
gpu,DS,1048576,64,0,0.001,1049,1,0.01616486358642578
gpu,DS,1048576,64,0,0.001,1049,2,0.015538175582885743
gpu,DS,1048576,64,0,0.001,1049,3,0.016566783905029296
gpu,DS,1048576,64,0,0.001,1049,4,0.016762943267822267
gpu,DS,1048576,64,0,0.001,1049,5,0.015699968338012696
gpu,DS,1048576,64,0,0.001,1049,6,0.016541183471679686
gpu,SS,1048576,64,0,0.001,1049,0,0.0003932160139083862
gpu,SS,1048576,64,0,0.001,1049,1,0.0003789759874343872
gpu,SS,1048576,64,0,0.001,1049,2,0.0015033279657363891
gpu,SS,1048576,64,0,0.001,1049,3,0.0021254079341888428
gpu,SS,1048576,64,0,0.001,1049,4,0.000374752014875412
gpu,SS,1048576,64,0,0.001,1049,5,0.0006962239742279053
gpu,SS,1048576,64,0,0.001,1049,6,0.00036636799573898317
cpu,DS,1048576,64,0,0.003,3146,0,0.09868193900001643
cpu,DS,1048576,64,0,0.003,3146,1,0.08697531799998615
cpu,DS,1048576,64,0,0.003,3146,2,0.10475587799987807
cpu,DS,1048576,64,0,0.003,3146,3,0.17339092500014885
cpu,DS,1048576,64,0,0.003,3146,4,0.09855388699998002
cpu,DS,1048576,64,0,0.003,3146,5,0.11026632499988409
cpu,DS,1048576,64,0,0.003,3146,6,0.11496938800019052
cpu,SS,1048576,64,0,0.003,3146,0,0.0032651090000399563
cpu,SS,1048576,64,0,0.003,3146,1,0.0034461860000192246
cpu,SS,1048576,64,0,0.003,3146,2,0.003562026000054175
cpu,SS,1048576,64,0,0.003,3146,3,0.003277129000025525
cpu,SS,1048576,64,0,0.003,3146,4,0.003105356999867581
cpu,SS,1048576,64,0,0.003,3146,5,0.003677476000120805
cpu,SS,1048576,64,0,0.003,3146,6,0.0037878870000440656
gpu,DS,1048576,64,0,0.003,3146,0,0.01564416027069092
gpu,DS,1048576,64,0,0.003,3146,1,0.01565721607208252
gpu,DS,1048576,64,0,0.003,3146,2,0.015702943801879882
gpu,DS,1048576,64,0,0.003,3146,3,0.015792384147644042
gpu,DS,1048576,64,0,0.003,3146,4,0.015810336112976074
gpu,DS,1048576,64,0,0.003,3146,5,0.015732704162597658
gpu,DS,1048576,64,0,0.003,3146,6,0.016486848831176758
gpu,SS,1048576,64,0,0.003,3146,0,0.0009293760061264038
gpu,SS,1048576,64,0,0.003,3146,1,0.000843775987625122
gpu,SS,1048576,64,0,0.003,3146,2,0.0009152960181236267
gpu,SS,1048576,64,0,0.003,3146,3,0.0009052159786224366
gpu,SS,1048576,64,0,0.003,3146,4,0.0009290879964828491
gpu,SS,1048576,64,0,0.003,3146,5,0.0009195520281791687
gpu,SS,1048576,64,0,0.003,3146,6,0.0009345600008964539
cpu,DS,1048576,64,0,0.01,10486,0,0.08715561899998647
cpu,DS,1048576,64,0,0.01,10486,1,0.09889975599980971
cpu,DS,1048576,64,0,0.01,10486,2,0.11651969300010023
cpu,DS,1048576,64,0,0.01,10486,3,0.0955261750000318
cpu,DS,1048576,64,0,0.01,10486,4,0.10121198000001641
cpu,DS,1048576,64,0,0.01,10486,5,0.11800020300006508
cpu,DS,1048576,64,0,0.01,10486,6,0.1081466159998854
cpu,SS,1048576,64,0,0.01,10486,0,0.009896334999893952
cpu,SS,1048576,64,0,0.01,10486,1,0.010355133999837562
cpu,SS,1048576,64,0,0.01,10486,2,0.010394877999942764
cpu,SS,1048576,64,0,0.01,10486,3,0.009982318000083978
cpu,SS,1048576,64,0,0.01,10486,4,0.01133138099999087
cpu,SS,1048576,64,0,0.01,10486,5,0.010994041999992987
cpu,SS,1048576,64,0,0.01,10486,6,0.010650305999888587
gpu,DS,1048576,64,0,0.01,10486,0,0.016433631896972656
gpu,DS,1048576,64,0,0.01,10486,1,0.016764928817749023
gpu,DS,1048576,64,0,0.01,10486,2,0.01597439956665039
gpu,DS,1048576,64,0,0.01,10486,3,0.016467967987060548
gpu,DS,1048576,64,0,0.01,10486,4,0.01581488037109375
gpu,DS,1048576,64,0,0.01,10486,5,0.015760767936706544
gpu,DS,1048576,64,0,0.01,10486,6,0.01591811180114746
gpu,SS,1048576,64,0,0.01,10486,0,0.0025927999019622803
gpu,SS,1048576,64,0,0.01,10486,1,0.002556256055831909
gpu,SS,1048576,64,0,0.01,10486,2,0.00265881609916687
gpu,SS,1048576,64,0,0.01,10486,3,0.002676095962524414
gpu,SS,1048576,64,0,0.01,10486,4,0.0026460158824920654
gpu,SS,1048576,64,0,0.01,10486,5,0.0027688961029052736
gpu,SS,1048576,64,0,0.01,10486,6,0.0026325759887695314
cpu,DS,1048576,64,0,0.03,31457,0,0.10328533699998843
cpu,DS,1048576,64,0,0.03,31457,1,0.09602342399989539
cpu,DS,1048576,64,0,0.03,31457,2,0.11934480200011421
cpu,DS,1048576,64,0,0.03,31457,3,0.11664423499996701
cpu,DS,1048576,64,0,0.03,31457,4,0.09412970400012455
cpu,DS,1048576,64,0,0.03,31457,5,0.09565963599993665
cpu,DS,1048576,64,0,0.03,31457,6,0.09167846199989071
cpu,SS,1048576,64,0,0.03,31457,0,0.025640001999818196
cpu,SS,1048576,64,0,0.03,31457,1,0.02534640599992599
cpu,SS,1048576,64,0,0.03,31457,2,0.026929218000077526
cpu,SS,1048576,64,0,0.03,31457,3,0.02693979299988314
cpu,SS,1048576,64,0,0.03,31457,4,0.024745645999928456
cpu,SS,1048576,64,0,0.03,31457,5,0.02573078499995063
cpu,SS,1048576,64,0,0.03,31457,6,0.024770821999936743
gpu,DS,1048576,64,0,0.03,31457,0,0.016171072006225588
gpu,DS,1048576,64,0,0.03,31457,1,0.015355903625488282
gpu,DS,1048576,64,0,0.03,31457,2,0.015423487663269043
gpu,DS,1048576,64,0,0.03,31457,3,0.015348031997680664
gpu,DS,1048576,64,0,0.03,31457,4,0.015446111679077149
gpu,DS,1048576,64,0,0.03,31457,5,0.01711788749694824
gpu,DS,1048576,64,0,0.03,31457,6,0.016151168823242187
gpu,SS,1048576,64,0,0.03,31457,0,0.006453792095184326
gpu,SS,1048576,64,0,0.03,31457,1,0.00643891191482544
gpu,SS,1048576,64,0,0.03,31457,2,0.006420639991760254
gpu,SS,1048576,64,0,0.03,31457,3,0.00643881607055664
gpu,SS,1048576,64,0,0.03,31457,4,0.006454207897186279
gpu,SS,1048576,64,0,0.03,31457,5,0.006374847888946533
gpu,SS,1048576,64,0,0.03,31457,6,0.006491424083709717
cpu,DS,1048576,64,0,0.1,104858,0,0.09361308100005772
cpu,DS,1048576,64,0,0.1,104858,1,0.09396573300000455
cpu,DS,1048576,64,0,0.1,104858,2,0.09436087400013093
cpu,DS,1048576,64,0,0.1,104858,3,0.09501348399999188
cpu,DS,1048576,64,0,0.1,104858,4,0.09024820400009048
cpu,DS,1048576,64,0,0.1,104858,5,0.08925950999991983
cpu,DS,1048576,64,0,0.1,104858,6,0.09946233200003007
cpu,SS,1048576,64,0,0.1,104858,0,0.07205317900002228
cpu,SS,1048576,64,0,0.1,104858,1,0.06787452899993696
cpu,SS,1048576,64,0,0.1,104858,2,0.06883402400012528
cpu,SS,1048576,64,0,0.1,104858,3,0.0667493779999404
cpu,SS,1048576,64,0,0.1,104858,4,0.07453736499996921
cpu,SS,1048576,64,0,0.1,104858,5,0.06727170900012425
cpu,SS,1048576,64,0,0.1,104858,6,0.06629883100004008
gpu,DS,1048576,64,0,0.1,104858,0,0.08231353759765625
gpu,DS,1048576,64,0,0.1,104858,1,0.016082143783569335
gpu,DS,1048576,64,0,0.1,104858,2,0.01592319965362549
gpu,DS,1048576,64,0,0.1,104858,3,0.017190240859985353
gpu,DS,1048576,64,0,0.1,104858,4,0.01655411148071289
gpu,DS,1048576,64,0,0.1,104858,5,0.01578166389465332
gpu,DS,1048576,64,0,0.1,104858,6,0.016283647537231445
gpu,SS,1048576,64,0,0.1,104858,0,0.020912607192993163
gpu,SS,1048576,64,0,0.1,104858,1,0.019926719665527344
gpu,SS,1048576,64,0,0.1,104858,2,0.018798080444335938
gpu,SS,1048576,64,0,0.1,104858,3,0.018913280487060546
gpu,SS,1048576,64,0,0.1,104858,4,0.019206592559814453
gpu,SS,1048576,64,0,0.1,104858,5,0.018920000076293946
gpu,SS,1048576,64,0,0.1,104858,6,0.018346784591674804
cpu,DS,1048576,64,0,0.2,209715,0,0.0958786720000262
cpu,DS,1048576,64,0,0.2,209715,1,0.09350058300015007
cpu,DS,1048576,64,0,0.2,209715,2,0.0986602599998605
cpu,DS,1048576,64,0,0.2,209715,3,0.09284180200006631
cpu,DS,1048576,64,0,0.2,209715,4,0.09688147099996058
cpu,DS,1048576,64,0,0.2,209715,5,0.0951309609999953
cpu,DS,1048576,64,0,0.2,209715,6,0.09446350100006384
cpu,SS,1048576,64,0,0.2,209715,0,0.15955436800004463
cpu,SS,1048576,64,0,0.2,209715,1,0.14330656500010264
cpu,SS,1048576,64,0,0.2,209715,2,0.13443114900019282
cpu,SS,1048576,64,0,0.2,209715,3,0.16280116600000838
cpu,SS,1048576,64,0,0.2,209715,4,0.15260211100007837
cpu,SS,1048576,64,0,0.2,209715,5,0.1516736440000841
cpu,SS,1048576,64,0,0.2,209715,6,0.15153459399994063
gpu,DS,1048576,64,0,0.2,209715,0,0.020940799713134766
gpu,DS,1048576,64,0,0.2,209715,1,0.01738751983642578
gpu,DS,1048576,64,0,0.2,209715,2,0.017260543823242186
gpu,DS,1048576,64,0,0.2,209715,3,0.017473535537719728
gpu,DS,1048576,64,0,0.2,209715,4,0.0172806396484375
gpu,DS,1048576,64,0,0.2,209715,5,0.01726153564453125
gpu,DS,1048576,64,0,0.2,209715,6,0.017371391296386717
gpu,SS,1048576,64,0,0.2,209715,0,0.037504638671875
gpu,SS,1048576,64,0,0.2,209715,1,0.03771088027954102
gpu,SS,1048576,64,0,0.2,209715,2,0.03740275192260742
gpu,SS,1048576,64,0,0.2,209715,3,0.03745846557617188
gpu,SS,1048576,64,0,0.2,209715,4,0.03572601699829102
gpu,SS,1048576,64,0,0.2,209715,5,0.036501502990722655
gpu,SS,1048576,64,0,0.2,209715,6,0.03484960174560547
cpu,DS,1048576,64,0,0.3,314573,0,0.08578931800002465
cpu,DS,1048576,64,0,0.3,314573,1,0.09888152300004549
cpu,DS,1048576,64,0,0.3,314573,2,0.09710245999986
cpu,DS,1048576,64,0,0.3,314573,3,0.08232876900001429
cpu,DS,1048576,64,0,0.3,314573,4,0.09213772500015693
cpu,DS,1048576,64,0,0.3,314573,5,0.09281746299984661
cpu,DS,1048576,64,0,0.3,314573,6,0.087209681999866
cpu,SS,1048576,64,0,0.3,314573,0,0.18915441299986924
cpu,SS,1048576,64,0,0.3,314573,1,0.17707488500013824
cpu,SS,1048576,64,0,0.3,314573,2,0.17636304399979963
cpu,SS,1048576,64,0,0.3,314573,3,0.17936926399988806
cpu,SS,1048576,64,0,0.3,314573,4,0.21823858599987034
cpu,SS,1048576,64,0,0.3,314573,5,0.20658899199997904
cpu,SS,1048576,64,0,0.3,314573,6,0.19764117099998657
gpu,DS,1048576,64,0,0.3,314573,0,0.08420655822753906
gpu,DS,1048576,64,0,0.3,314573,1,0.07990505981445313
gpu,DS,1048576,64,0,0.3,314573,2,0.06126099014282226
gpu,DS,1048576,64,0,0.3,314573,3,0.059194751739501957
gpu,DS,1048576,64,0,0.3,314573,4,0.05772864151000977
gpu,DS,1048576,64,0,0.3,314573,5,0.070644287109375
gpu,DS,1048576,64,0,0.3,314573,6,0.029673919677734376
gpu,SS,1048576,64,0,0.3,314573,0,0.05548809432983398
gpu,SS,1048576,64,0,0.3,314573,1,0.055238975524902346
gpu,SS,1048576,64,0,0.3,314573,2,0.05520655822753906
gpu,SS,1048576,64,0,0.3,314573,3,0.0550813102722168
gpu,SS,1048576,64,0,0.3,314573,4,0.055400894165039065
gpu,SS,1048576,64,0,0.3,314573,5,0.05512822341918945
gpu,SS,1048576,64,0,0.3,314573,6,0.05607302474975586
cpu,DS,1048576,64,0,0.5,524288,0,0.09162787399964145
cpu,DS,1048576,64,0,0.5,524288,1,0.08515514999999141
cpu,DS,1048576,64,0,0.5,524288,2,0.09759933199984516
cpu,DS,1048576,64,0,0.5,524288,3,0.09375012499958757
cpu,DS,1048576,64,0,0.5,524288,4,0.1111302539998178
cpu,DS,1048576,64,0,0.5,524288,5,0.11560426200003349
cpu,DS,1048576,64,0,0.5,524288,6,0.08438817899968853
cpu,SS,1048576,64,0,0.5,524288,0,0.28814737199991214
cpu,SS,1048576,64,0,0.5,524288,1,0.2942871550003474
cpu,SS,1048576,64,0,0.5,524288,2,0.29395343399983176
cpu,SS,1048576,64,0,0.5,524288,3,0.31037250600002153
cpu,SS,1048576,64,0,0.5,524288,4,0.2838841349998802
cpu,SS,1048576,64,0,0.5,524288,5,0.29622016600023926
cpu,SS,1048576,64,0,0.5,524288,6,0.2831369279997489
gpu,DS,1048576,64,0,0.5,524288,0,0.0157610559463501
gpu,DS,1048576,64,0,0.5,524288,1,0.017304864883422852
gpu,DS,1048576,64,0,0.5,524288,2,0.015887807846069336
gpu,DS,1048576,64,0,0.5,524288,3,0.01584566402435303
gpu,DS,1048576,64,0,0.5,524288,4,0.015855615615844726
gpu,DS,1048576,64,0,0.5,524288,5,0.01645961570739746
gpu,DS,1048576,64,0,0.5,524288,6,0.01901206398010254
gpu,SS,1048576,64,0,0.5,524288,0,0.08497932434082031
gpu,SS,1048576,64,0,0.5,524288,1,0.08572108459472656
gpu,SS,1048576,64,0,0.5,524288,2,0.19706246948242187
gpu,SS,1048576,64,0,0.5,524288,3,0.351309814453125
gpu,SS,1048576,64,0,0.5,524288,4,0.22707554626464843
gpu,SS,1048576,64,0,0.5,524288,5,0.0963873291015625
gpu,SS,1048576,64,0,0.5,524288,6,0.09649619293212891
cpu,DS,1048576,64,0,0.7,734003,0,0.09982393400014189
cpu,DS,1048576,64,0,0.7,734003,1,0.10046848899992256
cpu,DS,1048576,64,0,0.7,734003,2,0.08944954100024916
cpu,DS,1048576,64,0,0.7,734003,3,0.09315637400004562
cpu,DS,1048576,64,0,0.7,734003,4,0.1424682409997331
cpu,DS,1048576,64,0,0.7,734003,5,0.10099486399985835
cpu,DS,1048576,64,0,0.7,734003,6,0.08282857599988347
cpu,SS,1048576,64,0,0.7,734003,0,0.3974331610002082
cpu,SS,1048576,64,0,0.7,734003,1,0.4119727620000049
cpu,SS,1048576,64,0,0.7,734003,2,0.46243723899988254
cpu,SS,1048576,64,0,0.7,734003,3,0.405557189999854
cpu,SS,1048576,64,0,0.7,734003,4,0.6505914580002354
cpu,SS,1048576,64,0,0.7,734003,5,0.45702463799989346
cpu,SS,1048576,64,0,0.7,734003,6,0.44312423899964415
gpu,DS,1048576,64,0,0.7,734003,0,0.02607411193847656
gpu,DS,1048576,64,0,0.7,734003,1,0.025581567764282227
gpu,DS,1048576,64,0,0.7,734003,2,0.015724512100219728
gpu,DS,1048576,64,0,0.7,734003,3,0.02064921569824219
gpu,DS,1048576,64,0,0.7,734003,4,0.021090784072875977
gpu,DS,1048576,64,0,0.7,734003,5,0.01577779197692871
gpu,DS,1048576,64,0,0.7,734003,6,0.0242093448638916
gpu,SS,1048576,64,0,0.7,734003,0,0.18738656616210939
gpu,SS,1048576,64,0,0.7,734003,1,1.176276611328125
gpu,SS,1048576,64,0,0.7,734003,2,0.2442157745361328
gpu,SS,1048576,64,0,0.7,734003,3,0.6215883178710937
gpu,SS,1048576,64,0,0.7,734003,4,0.1755926971435547
gpu,SS,1048576,64,0,0.7,734003,5,0.17862294006347657
gpu,SS,1048576,64,0,0.7,734003,6,0.1842135009765625
cpu,DS,1048576,64,0,1.0,1048576,0,0.10555945500027519
cpu,DS,1048576,64,0,1.0,1048576,1,0.10428676300034567
cpu,DS,1048576,64,0,1.0,1048576,2,0.10345011700019313
cpu,DS,1048576,64,0,1.0,1048576,3,0.10698131699973601
cpu,DS,1048576,64,0,1.0,1048576,4,0.09404996700004631
cpu,DS,1048576,64,0,1.0,1048576,5,0.08554896299983739
cpu,DS,1048576,64,0,1.0,1048576,6,0.09614723000004233
cpu,SS,1048576,64,0,1.0,1048576,0,0.6342836049998368
cpu,SS,1048576,64,0,1.0,1048576,1,0.6950043759998152
cpu,SS,1048576,64,0,1.0,1048576,2,0.6264097160001256
cpu,SS,1048576,64,0,1.0,1048576,3,0.62101611900016
cpu,SS,1048576,64,0,1.0,1048576,4,0.5666519609999341
cpu,SS,1048576,64,0,1.0,1048576,5,0.621112452000034
cpu,SS,1048576,64,0,1.0,1048576,6,0.6749942789997476
gpu,DS,1048576,64,0,1.0,1048576,0,0.016579999923706054
gpu,DS,1048576,64,0,1.0,1048576,1,0.01622659111022949
gpu,DS,1048576,64,0,1.0,1048576,2,0.01586176013946533
gpu,DS,1048576,64,0,1.0,1048576,3,0.016529375076293946
gpu,DS,1048576,64,0,1.0,1048576,4,0.01574934387207031
gpu,DS,1048576,64,0,1.0,1048576,5,0.032927745819091796
gpu,DS,1048576,64,0,1.0,1048576,6,0.016632415771484374
gpu,SS,1048576,64,0,1.0,1048576,0,0.1941992950439453
gpu,SS,1048576,64,0,1.0,1048576,1,0.18686473083496094
gpu,SS,1048576,64,0,1.0,1048576,2,0.17898387145996095
gpu,SS,1048576,64,0,1.0,1048576,3,0.175140869140625
gpu,SS,1048576,64,0,1.0,1048576,4,0.180527099609375
gpu,SS,1048576,64,0,1.0,1048576,5,0.1813194580078125
gpu,SS,1048576,64,0,1.0,1048576,6,0.18615922546386718
