platform,mode,N,F,window,s,m,rep,time_s,sm_clock_mhz
cpu,DS,1048576,16,256,0.0001,105,0,0.011512882000261015,-1
cpu,SS,1048576,16,256,0.0001,105,0,0.00010853000003407942,-1
cpu,SS,1048576,16,256,0.0001,105,1,7.8008999935264e-05,-1
cpu,DS,1048576,16,256,0.0001,105,1,0.011297286999706557,-1
cpu,DS,1048576,16,256,0.0001,105,2,0.01124638600003891,-1
cpu,SS,1048576,16,256,0.0001,105,2,8.610100030637113e-05,-1
cpu,SS,1048576,16,256,0.0001,105,3,5.704400018657907e-05,-1
cpu,DS,1048576,16,256,0.0001,105,3,0.011029132999738067,-1
cpu,DS,1048576,16,256,0.0001,105,4,0.010952099000405724,-1
cpu,SS,1048576,16,256,0.0001,105,4,0.00010579900026641553,-1
cpu,SS,1048576,16,256,0.0001,105,5,8.220199970310205e-05,-1
cpu,DS,1048576,16,256,0.0001,105,5,0.01194719500017527,-1
cpu,DS,1048576,16,256,0.0001,105,6,0.011427267999806645,-1
cpu,SS,1048576,16,256,0.0001,105,6,0.00010687199983294704,-1
cpu,SS,1048576,16,256,0.0001,105,7,7.927700016807648e-05,-1
cpu,DS,1048576,16,256,0.0001,105,7,0.01207425200027501,-1
cpu,DS,1048576,16,256,0.0001,105,8,0.010913387999607949,-1
cpu,SS,1048576,16,256,0.0001,105,8,0.00010648199986462714,-1
cpu,SS,1048576,16,256,0.0001,105,9,8.424999987255433e-05,-1
cpu,DS,1048576,16,256,0.0001,105,9,0.010717976000250928,-1
cpu,DS,1048576,16,256,0.0001,105,10,0.010498283999822888,-1
cpu,SS,1048576,16,256,0.0001,105,10,0.00010355599988542963,-1
cpu,SS,1048576,16,256,0.0001,105,11,7.362099995589233e-05,-1
cpu,DS,1048576,16,256,0.0001,105,11,0.01088462100005927,-1
cpu,DS,1048576,16,256,0.0001,105,12,0.011891516000105185,-1
cpu,SS,1048576,16,256,0.0001,105,12,0.00012666600014199503,-1
cpu,SS,1048576,16,256,0.0001,105,13,8.473699972455506e-05,-1
cpu,DS,1048576,16,256,0.0001,105,13,0.01264332300024762,-1
cpu,DS,1048576,16,256,0.0001,105,14,0.012883978999980172,-1
cpu,SS,1048576,16,256,0.0001,105,14,8.580900021115667e-05,-1
gpu,DS,1048576,16,256,0.0001,105,0,0.0008806399703025818,1635
gpu,SS,1048576,16,256,0.0001,105,0,7.683199644088745e-05,1635
gpu,SS,1048576,16,256,0.0001,105,1,8.75839963555336e-05,1635
gpu,DS,1048576,16,256,0.0001,105,1,0.0008871039748191834,1635
gpu,DS,1048576,16,256,0.0001,105,2,0.0009687039852142334,1635
gpu,SS,1048576,16,256,0.0001,105,2,8.108799904584885e-05,1635
gpu,SS,1048576,16,256,0.0001,105,3,8.416000008583068e-05,1635
gpu,DS,1048576,16,256,0.0001,105,3,0.0011540160179138183,1635
gpu,DS,1048576,16,256,0.0001,105,4,0.001026047945022583,1635
gpu,SS,1048576,16,256,0.0001,105,4,1.027199998497963e-05,1635
gpu,SS,1048576,16,256,0.0001,105,5,0.0001348160058259964,1635
gpu,DS,1048576,16,256,0.0001,105,5,0.0009051200151443482,1635
gpu,DS,1048576,16,256,0.0001,105,6,0.0008496320247650146,1635
gpu,SS,1048576,16,256,0.0001,105,6,0.0001085439994931221,1635
gpu,SS,1048576,16,256,0.0001,105,7,8.806400001049042e-05,1635
gpu,DS,1048576,16,256,0.0001,105,7,0.000899071991443634,1635
gpu,DS,1048576,16,256,0.0001,105,8,0.000972927987575531,1635
gpu,SS,1048576,16,256,0.0001,105,8,0.000114656001329422,1635
gpu,SS,1048576,16,256,0.0001,105,9,8.191999793052673e-05,1635
gpu,DS,1048576,16,256,0.0001,105,9,0.0009911999702453614,1635
gpu,DS,1048576,16,256,0.0001,105,10,0.0009216639995574951,1635
gpu,SS,1048576,16,256,0.0001,105,10,0.00013331200182437896,1635
gpu,SS,1048576,16,256,0.0001,105,11,0.000141184002161026,1635
gpu,DS,1048576,16,256,0.0001,105,11,0.0009319999814033508,1635
gpu,DS,1048576,16,256,0.0001,105,12,0.0009664639830589295,1635
gpu,SS,1048576,16,256,0.0001,105,12,0.0001932159960269928,1635
gpu,SS,1048576,16,256,0.0001,105,13,9.31520015001297e-05,1635
gpu,DS,1048576,16,256,0.0001,105,13,0.0009607679843902588,1635
gpu,DS,1048576,16,256,0.0001,105,14,0.0009155840277671813,1635
gpu,SS,1048576,16,256,0.0001,105,14,0.0001311040073633194,1635
cpu,DS,1048576,16,256,0.0003,315,0,0.011454181000317476,-1
cpu,SS,1048576,16,256,0.0003,315,0,0.00017308099995716475,-1
cpu,SS,1048576,16,256,0.0003,315,1,0.00015260400004990515,-1
cpu,DS,1048576,16,256,0.0003,315,1,0.011460324000381661,-1
cpu,DS,1048576,16,256,0.0003,315,2,0.009627418000036414,-1
cpu,SS,1048576,16,256,0.0003,315,2,0.00014558299972122768,-1
cpu,SS,1048576,16,256,0.0003,315,3,0.0001022890000967891,-1
cpu,DS,1048576,16,256,0.0003,315,3,0.010702375000164466,-1
cpu,DS,1048576,16,256,0.0003,315,4,0.01172516299993731,-1
cpu,SS,1048576,16,256,0.0003,315,4,0.00014675300008093473,-1
cpu,SS,1048576,16,256,0.0003,315,5,0.00033114600000772043,-1
cpu,DS,1048576,16,256,0.0003,315,5,0.011339509000208636,-1
cpu,DS,1048576,16,256,0.0003,315,6,0.012287603999993735,-1
cpu,SS,1048576,16,256,0.0003,315,6,0.000148801000250387,-1
cpu,SS,1048576,16,256,0.0003,315,7,0.00012773900016327389,-1
cpu,DS,1048576,16,256,0.0003,315,7,0.01054382300026191,-1
cpu,DS,1048576,16,256,0.0003,315,8,0.01091329000018959,-1
cpu,SS,1048576,16,256,0.0003,315,8,0.00013027399972997955,-1
cpu,SS,1048576,16,256,0.0003,315,9,0.00026259600008415873,-1
cpu,DS,1048576,16,256,0.0003,315,9,0.010632264999912877,-1
cpu,DS,1048576,16,256,0.0003,315,10,0.010752884999874368,-1
cpu,SS,1048576,16,256,0.0003,315,10,0.0001438280000911618,-1
cpu,SS,1048576,16,256,0.0003,315,11,0.00010453100003360305,-1
cpu,DS,1048576,16,256,0.0003,315,11,0.010787500999867916,-1
cpu,DS,1048576,16,256,0.0003,315,12,0.010662785000022268,-1
cpu,SS,1048576,16,256,0.0003,315,12,0.0001272519998565258,-1
cpu,SS,1048576,16,256,0.0003,315,13,8.249300026363926e-05,-1
cpu,DS,1048576,16,256,0.0003,315,13,0.010655179999957909,-1
cpu,DS,1048576,16,256,0.0003,315,14,0.010484145999726024,-1
cpu,SS,1048576,16,256,0.0003,315,14,0.0001301769998462987,-1
gpu,DS,1048576,16,256,0.0003,315,0,0.0008477759957313538,1920
gpu,SS,1048576,16,256,0.0003,315,0,7.372800260782241e-05,1920
gpu,SS,1048576,16,256,0.0003,315,1,0.0001207680031657219,1920
gpu,DS,1048576,16,256,0.0003,315,1,0.0009101439714431763,1920
gpu,DS,1048576,16,256,0.0003,315,2,0.0008267199993133545,1920
gpu,SS,1048576,16,256,0.0003,315,2,0.00014828799664974213,1920
gpu,SS,1048576,16,256,0.0003,315,3,0.00011740799993276597,1920
gpu,DS,1048576,16,256,0.0003,315,3,0.0009005119800567627,1920
gpu,DS,1048576,16,256,0.0003,315,4,0.0009127359986305237,1920
gpu,SS,1048576,16,256,0.0003,315,4,0.00011852800101041793,1920
gpu,SS,1048576,16,256,0.0003,315,5,6.758400052785873e-05,1920
gpu,DS,1048576,16,256,0.0003,315,5,0.0009049919843673706,1920
gpu,DS,1048576,16,256,0.0003,315,6,0.0009787840247154236,1920
gpu,SS,1048576,16,256,0.0003,315,6,1.4688000082969666e-05,1920
gpu,SS,1048576,16,256,0.0003,315,7,0.00014323200285434724,1920
gpu,DS,1048576,16,256,0.0003,315,7,0.0010966399908065795,1920
gpu,DS,1048576,16,256,0.0003,315,8,0.001169376015663147,1920
gpu,SS,1048576,16,256,0.0003,315,8,0.0002163199931383133,1920
gpu,SS,1048576,16,256,0.0003,315,9,0.00015110400319099426,1920
gpu,DS,1048576,16,256,0.0003,315,9,0.0010397119522094727,1920
gpu,DS,1048576,16,256,0.0003,315,10,0.0010737600326538087,1920
gpu,SS,1048576,16,256,0.0003,315,10,0.00017203199863433837,1920
gpu,SS,1048576,16,256,0.0003,315,11,0.00016281600296497346,1920
gpu,DS,1048576,16,256,0.0003,315,11,0.0009891840219497681,1920
gpu,DS,1048576,16,256,0.0003,315,12,0.00104038405418396,1920
gpu,SS,1048576,16,256,0.0003,315,12,0.0001536639928817749,1920
gpu,SS,1048576,16,256,0.0003,315,13,0.00010009600222110748,1920
gpu,DS,1048576,16,256,0.0003,315,13,0.001065824031829834,1920
gpu,DS,1048576,16,256,0.0003,315,14,0.0009707520008087158,1920
gpu,SS,1048576,16,256,0.0003,315,14,8.854400366544723e-05,1920
cpu,DS,1048576,16,256,0.001,1049,0,0.011894220000158384,-1
cpu,SS,1048576,16,256,0.001,1049,0,0.0003549600000951614,-1
cpu,SS,1048576,16,256,0.001,1049,1,0.0002069100000881008,-1
cpu,DS,1048576,16,256,0.001,1049,1,0.011935170000015205,-1
cpu,DS,1048576,16,256,0.001,1049,2,0.010345860000143148,-1
cpu,SS,1048576,16,256,0.001,1049,2,0.00028367999993861304,-1
cpu,SS,1048576,16,256,0.001,1049,3,0.0002090699999826029,-1
cpu,DS,1048576,16,256,0.001,1049,3,0.010905839999850286,-1
cpu,DS,1048576,16,256,0.001,1049,4,0.010525860000143439,-1
cpu,SS,1048576,16,256,0.001,1049,4,0.0003176099999109283,-1
cpu,SS,1048576,16,256,0.001,1049,5,0.0002353499999117048,-1
cpu,DS,1048576,16,256,0.001,1049,5,0.012266549999822018,-1
cpu,DS,1048576,16,256,0.001,1049,6,0.012006450000171753,-1
cpu,SS,1048576,16,256,0.001,1049,6,0.0002631600000313483,-1
cpu,SS,1048576,16,256,0.001,1049,7,0.0001951200001713005,-1
cpu,DS,1048576,16,256,0.001,1049,7,0.011045610000110173,-1
cpu,DS,1048576,16,256,0.001,1049,8,0.014479199999641423,-1
cpu,SS,1048576,16,256,0.001,1049,8,0.0002910600001087005,-1
cpu,SS,1048576,16,256,0.001,1049,9,0.00021707999985665083,-1
cpu,DS,1048576,16,256,0.001,1049,9,0.011396339999919292,-1
cpu,DS,1048576,16,256,0.001,1049,10,0.010857149999992544,-1
cpu,SS,1048576,16,256,0.001,1049,10,0.00029097000015099184,-1
cpu,SS,1048576,16,256,0.001,1049,11,0.00018738000017037848,-1
cpu,DS,1048576,16,256,0.001,1049,11,0.010269360000165761,-1
cpu,DS,1048576,16,256,0.001,1049,12,0.010795950000101584,-1
cpu,SS,1048576,16,256,0.001,1049,12,0.0002924999998867861,-1
cpu,SS,1048576,16,256,0.001,1049,13,0.00020700000004580943,-1
cpu,DS,1048576,16,256,0.001,1049,13,0.010285920000114857,-1
cpu,DS,1048576,16,256,0.001,1049,14,0.010145790000024135,-1
cpu,SS,1048576,16,256,0.001,1049,14,0.0003618899995672109,-1
gpu,DS,1048576,16,256,0.001,1049,0,0.0009414719939231873,1905
gpu,SS,1048576,16,256,0.001,1049,0,0.00013065600395202636,1905
gpu,SS,1048576,16,256,0.001,1049,1,6.444799900054932e-05,1905
gpu,DS,1048576,16,256,0.001,1049,1,0.0008812159895896912,1905
gpu,DS,1048576,16,256,0.001,1049,2,0.0008724480271339416,1905
gpu,SS,1048576,16,256,0.001,1049,2,0.00024892799556255343,1905
gpu,SS,1048576,16,256,0.001,1049,3,0.00015033599734306336,1905
gpu,DS,1048576,16,256,0.001,1049,3,0.001126144051551819,1905
gpu,DS,1048576,16,256,0.001,1049,4,0.001067296028137207,1905
gpu,SS,1048576,16,256,0.001,1049,4,9.030400216579437e-05,1905
gpu,SS,1048576,16,256,0.001,1049,5,0.00013558399677276613,1905
gpu,DS,1048576,16,256,0.001,1049,5,0.0009120960235595704,1905
gpu,DS,1048576,16,256,0.001,1049,6,0.0008528000116348267,1905
gpu,SS,1048576,16,256,0.001,1049,6,0.0002462719976902008,1905
gpu,SS,1048576,16,256,0.001,1049,7,2.2624000906944274e-05,1905
gpu,DS,1048576,16,256,0.001,1049,7,0.0009405440092086791,1905
gpu,DS,1048576,16,256,0.001,1049,8,0.0009111040234565735,1905
gpu,SS,1048576,16,256,0.001,1049,8,8.88959988951683e-05,1905
gpu,SS,1048576,16,256,0.001,1049,9,9.216000139713287e-05,1905
gpu,DS,1048576,16,256,0.001,1049,9,0.0008967679738998413,1905
gpu,DS,1048576,16,256,0.001,1049,10,0.00102400004863739,1905
gpu,SS,1048576,16,256,0.001,1049,10,0.00013107199966907502,1905
gpu,SS,1048576,16,256,0.001,1049,11,8.432000130414962e-05,1905
gpu,DS,1048576,16,256,0.001,1049,11,0.0009422720074653625,1905
gpu,DS,1048576,16,256,0.001,1049,12,0.0009703999757766724,1905
gpu,SS,1048576,16,256,0.001,1049,12,2.3072000592947006e-05,1905
gpu,SS,1048576,16,256,0.001,1049,13,7.225599884986877e-05,1905
gpu,DS,1048576,16,256,0.001,1049,13,0.0009270719885826111,1905
gpu,DS,1048576,16,256,0.001,1049,14,0.0008736000061035156,1905
gpu,SS,1048576,16,256,0.001,1049,14,8.620800077915192e-05,1905
cpu,DS,1048576,16,256,0.003,3146,0,0.010815749999892432,-1
cpu,SS,1048576,16,256,0.003,3146,0,0.0006296399997154367,-1
cpu,SS,1048576,16,256,0.003,3146,1,0.0004959000002600078,-1
cpu,DS,1048576,16,256,0.003,3146,1,0.010944090000066353,-1
cpu,DS,1048576,16,256,0.003,3146,2,0.010300680000000284,-1
cpu,SS,1048576,16,256,0.003,3146,2,0.0006288300000960589,-1
cpu,SS,1048576,16,256,0.003,3146,3,0.0004680900001403643,-1
cpu,DS,1048576,16,256,0.003,3146,3,0.010777500000131113,-1
cpu,DS,1048576,16,256,0.003,3146,4,0.009744120000050316,-1
cpu,SS,1048576,16,256,0.003,3146,4,0.0007931700001790887,-1
cpu,SS,1048576,16,256,0.003,3146,5,0.0009140400002252136,-1
cpu,DS,1048576,16,256,0.003,3146,5,0.010728720000315661,-1
cpu,DS,1048576,16,256,0.003,3146,6,0.011537910000242846,-1
cpu,SS,1048576,16,256,0.003,3146,6,0.0006629399999837915,-1
cpu,SS,1048576,16,256,0.003,3146,7,0.00048366000009991694,-1
cpu,DS,1048576,16,256,0.003,3146,7,0.010921680000137712,-1
cpu,DS,1048576,16,256,0.003,3146,8,0.010618829999657464,-1
cpu,SS,1048576,16,256,0.003,3146,8,0.0006349499999487307,-1
cpu,SS,1048576,16,256,0.003,3146,9,0.00045494999994843965,-1
cpu,DS,1048576,16,256,0.003,3146,9,0.010447829999975511,-1
cpu,DS,1048576,16,256,0.003,3146,10,0.010512180000205262,-1
cpu,SS,1048576,16,256,0.003,3146,10,0.0009649799999351671,-1
cpu,SS,1048576,16,256,0.003,3146,11,0.0005981399999654968,-1
cpu,DS,1048576,16,256,0.003,3146,11,0.010894229999848903,-1
cpu,DS,1048576,16,256,0.003,3146,12,0.011403540000173962,-1
cpu,SS,1048576,16,256,0.003,3146,12,0.0006011099999341241,-1
cpu,SS,1048576,16,256,0.003,3146,13,0.0004528800000116462,-1
cpu,DS,1048576,16,256,0.003,3146,13,0.01024533000008887,-1
cpu,DS,1048576,16,256,0.003,3146,14,0.009964349999791011,-1
cpu,SS,1048576,16,256,0.003,3146,14,0.0006913800002621429,-1
gpu,DS,1048576,16,256,0.003,3146,0,0.0009441279768943787,1905
gpu,SS,1048576,16,256,0.003,3146,0,0.00012713600695133209,1905
gpu,SS,1048576,16,256,0.003,3146,1,0.00011875200271606445,1905
gpu,DS,1048576,16,256,0.003,3146,1,0.0009098560214042664,1905
gpu,DS,1048576,16,256,0.003,3146,2,0.0013642879724502564,1905
gpu,SS,1048576,16,256,0.003,3146,2,0.00013711999356746674,1905
gpu,SS,1048576,16,256,0.003,3146,3,0.00013123199343681335,1905
gpu,DS,1048576,16,256,0.003,3146,3,0.0009234560132026673,1905
gpu,DS,1048576,16,256,0.003,3146,4,0.0008902400135993957,1905
gpu,SS,1048576,16,256,0.003,3146,4,0.00016771200299263,1905
gpu,SS,1048576,16,256,0.003,3146,5,0.00013926400244235993,1905
gpu,DS,1048576,16,256,0.003,3146,5,0.000899071991443634,1905
gpu,DS,1048576,16,256,0.003,3146,6,0.0009400320053100586,1905
gpu,SS,1048576,16,256,0.003,3146,6,6.623999774456024e-05,1905
gpu,SS,1048576,16,256,0.003,3146,7,6.45119994878769e-05,1905
gpu,DS,1048576,16,256,0.003,3146,7,0.0009261119961738587,1905
gpu,DS,1048576,16,256,0.003,3146,8,0.0009319679737091064,1905
gpu,SS,1048576,16,256,0.003,3146,8,0.00012950399518013,1905
gpu,SS,1048576,16,256,0.003,3146,9,0.0001290239989757538,1905
gpu,DS,1048576,16,256,0.003,3146,9,0.0008958399891853332,1905
gpu,DS,1048576,16,256,0.003,3146,10,0.0008817600011825561,1905
gpu,SS,1048576,16,256,0.003,3146,10,0.00011238399893045425,1905
gpu,SS,1048576,16,256,0.003,3146,11,8.396799862384797e-05,1905
gpu,DS,1048576,16,256,0.003,3146,11,0.0009131839871406555,1905
gpu,DS,1048576,16,256,0.003,3146,12,0.0009070720076560974,1905
gpu,SS,1048576,16,256,0.003,3146,12,0.0001305599957704544,1905
gpu,SS,1048576,16,256,0.003,3146,13,0.00013091200590133667,1905
gpu,DS,1048576,16,256,0.003,3146,13,0.0008999680280685425,1905
gpu,DS,1048576,16,256,0.003,3146,14,0.0008880959749221802,1905
gpu,SS,1048576,16,256,0.003,3146,14,0.00013107199966907502,1905
cpu,DS,1048576,16,256,0.01,10486,0,0.011361869999745977,-1
cpu,SS,1048576,16,256,0.01,10486,0,0.0017154900001514761,-1
cpu,SS,1048576,16,256,0.01,10486,1,0.001506959999915125,-1
cpu,DS,1048576,16,256,0.01,10486,1,0.011116260000108014,-1
cpu,DS,1048576,16,256,0.01,10486,2,0.010520999999698688,-1
cpu,SS,1048576,16,256,0.01,10486,2,0.0025043400000868132,-1
cpu,SS,1048576,16,256,0.01,10486,3,0.0016909199998735858,-1
cpu,DS,1048576,16,256,0.01,10486,3,0.010977120000006835,-1
cpu,DS,1048576,16,256,0.01,10486,4,0.011152980000133539,-1
cpu,SS,1048576,16,256,0.01,10486,4,0.0017542799996590475,-1
cpu,SS,1048576,16,256,0.01,10486,5,0.002050380000127916,-1
cpu,DS,1048576,16,256,0.01,10486,5,0.010863089999929798,-1
cpu,DS,1048576,16,256,0.01,10486,6,0.011352239999723679,-1
cpu,SS,1048576,16,256,0.01,10486,6,0.0017626500002734247,-1
cpu,SS,1048576,16,256,0.01,10486,7,0.0015632999998160813,-1
cpu,DS,1048576,16,256,0.01,10486,7,0.009287910000239208,-1
cpu,DS,1048576,16,256,0.01,10486,8,0.010078380000322795,-1
cpu,SS,1048576,16,256,0.01,10486,8,0.002268270000058692,-1
cpu,SS,1048576,16,256,0.01,10486,9,0.0017244900000150665,-1
cpu,DS,1048576,16,256,0.01,10486,9,0.01108565999993516,-1
cpu,DS,1048576,16,256,0.01,10486,10,0.011540699999841308,-1
cpu,SS,1048576,16,256,0.01,10486,10,0.0019143899999107816,-1
cpu,SS,1048576,16,256,0.01,10486,11,0.0019561499998417275,-1
cpu,DS,1048576,16,256,0.01,10486,11,0.011357189999671391,-1
cpu,DS,1048576,16,256,0.01,10486,12,0.011396339999919292,-1
cpu,SS,1048576,16,256,0.01,10486,12,0.0023939100001371116,-1
cpu,SS,1048576,16,256,0.01,10486,13,0.0019246499996370403,-1
cpu,DS,1048576,16,256,0.01,10486,13,0.010547370000040246,-1
cpu,DS,1048576,16,256,0.01,10486,14,0.01052190000018527,-1
cpu,SS,1048576,16,256,0.01,10486,14,0.0023969699996087,-1
gpu,DS,1048576,16,256,0.01,10486,0,0.0009281280040740967,1905
gpu,SS,1048576,16,256,0.01,10486,0,0.0001682880073785782,1905
gpu,SS,1048576,16,256,0.01,10486,1,0.00019654400646686553,1905
gpu,DS,1048576,16,256,0.01,10486,1,0.0009347519874572754,1905
gpu,DS,1048576,16,256,0.01,10486,2,0.0010271999835968018,1905
gpu,SS,1048576,16,256,0.01,10486,2,0.00012454400211572646,1905
gpu,SS,1048576,16,256,0.01,10486,3,0.00012326399981975555,1905
gpu,DS,1048576,16,256,0.01,10486,3,0.0009286720156669617,1905
gpu,DS,1048576,16,256,0.01,10486,4,0.0009113280177116394,1905
gpu,SS,1048576,16,256,0.01,10486,4,0.0001916159987449646,1905
gpu,SS,1048576,16,256,0.01,10486,5,0.0001619199961423874,1905
gpu,DS,1048576,16,256,0.01,10486,5,0.000991424024105072,1905
gpu,DS,1048576,16,256,0.01,10486,6,0.0009057279825210571,1905
gpu,SS,1048576,16,256,0.01,10486,6,0.00018223999440670013,1905
gpu,SS,1048576,16,256,0.01,10486,7,0.0002027519941329956,1905
gpu,DS,1048576,16,256,0.01,10486,7,0.0009743679761886597,1905
gpu,DS,1048576,16,256,0.01,10486,8,0.0009350399971008301,1905
gpu,SS,1048576,16,256,0.01,10486,8,0.00018499200046062468,1905
gpu,SS,1048576,16,256,0.01,10486,9,0.0001796479970216751,1905
gpu,DS,1048576,16,256,0.01,10486,9,0.0009014400243759156,1905
gpu,DS,1048576,16,256,0.01,10486,10,0.0014657599925994873,1905
gpu,SS,1048576,16,256,0.01,10486,10,0.00019046400487422944,1905
gpu,SS,1048576,16,256,0.01,10486,11,0.000187391996383667,1905
gpu,DS,1048576,16,256,0.01,10486,11,0.0009583359956741332,1905
gpu,DS,1048576,16,256,0.01,10486,12,0.0009280319809913635,1905
gpu,SS,1048576,16,256,0.01,10486,12,0.00019120000302791596,1905
gpu,SS,1048576,16,256,0.01,10486,13,0.00021731199324131012,1905
gpu,DS,1048576,16,256,0.01,10486,13,0.000942080020904541,1905
gpu,DS,1048576,16,256,0.01,10486,14,0.000938975989818573,1905
gpu,SS,1048576,16,256,0.01,10486,14,0.00012559999525547027,1905
cpu,DS,1048576,16,256,0.03,31457,0,0.011514689999785332,-1
cpu,SS,1048576,16,256,0.03,31457,0,0.004508370000166906,-1
cpu,SS,1048576,16,256,0.03,31457,1,0.00536976000012146,-1
cpu,DS,1048576,16,256,0.03,31457,1,0.0118407599998136,-1
cpu,DS,1048576,16,256,0.03,31457,2,0.011727539999810688,-1
cpu,SS,1048576,16,256,0.03,31457,2,0.006827309999607678,-1
cpu,SS,1048576,16,256,0.03,31457,3,0.004906619999928807,-1
cpu,DS,1048576,16,256,0.03,31457,3,0.013179239999772108,-1
cpu,DS,1048576,16,256,0.03,31457,4,0.011557620000075985,-1
cpu,SS,1048576,16,256,0.03,31457,4,0.004537259999779053,-1
cpu,SS,1048576,16,256,0.03,31457,5,0.004779719999987719,-1
cpu,DS,1048576,16,256,0.03,31457,5,0.010953090000384691,-1
cpu,DS,1048576,16,256,0.03,31457,6,0.011582640000142419,-1
cpu,SS,1048576,16,256,0.03,31457,6,0.004270500000075117,-1
cpu,SS,1048576,16,256,0.03,31457,7,0.0047661300000072515,-1
cpu,DS,1048576,16,256,0.03,31457,7,0.011426309999933437,-1
cpu,DS,1048576,16,256,0.03,31457,8,0.011265930000263324,-1
cpu,SS,1048576,16,256,0.03,31457,8,0.005105790000015986,-1
cpu,SS,1048576,16,256,0.03,31457,9,0.004385700000057113,-1
cpu,DS,1048576,16,256,0.03,31457,9,0.012429090000296128,-1
cpu,DS,1048576,16,256,0.03,31457,10,0.012156929999946442,-1
cpu,SS,1048576,16,256,0.03,31457,10,0.004467060000024503,-1
cpu,SS,1048576,16,256,0.03,31457,11,0.004286249999950087,-1
cpu,DS,1048576,16,256,0.03,31457,11,0.01361546999987695,-1
cpu,DS,1048576,16,256,0.03,31457,12,0.012205439999888767,-1
cpu,SS,1048576,16,256,0.03,31457,12,0.0044139599999653,-1
cpu,SS,1048576,16,256,0.03,31457,13,0.004924800000026153,-1
cpu,DS,1048576,16,256,0.03,31457,13,0.011941199999910168,-1
cpu,DS,1048576,16,256,0.03,31457,14,0.011363220000021101,-1
cpu,SS,1048576,16,256,0.03,31457,14,0.0041195699996023905,-1
gpu,DS,1048576,16,256,0.03,31457,0,0.0009650880098342895,1905
gpu,SS,1048576,16,256,0.03,31457,0,0.0003012160062789917,1905
gpu,SS,1048576,16,256,0.03,31457,1,0.0002744320034980774,1905
gpu,DS,1048576,16,256,0.03,31457,1,0.0009971519708633424,1905
gpu,DS,1048576,16,256,0.03,31457,2,0.0009908480048179626,1905
gpu,SS,1048576,16,256,0.03,31457,2,0.0002619839906692505,1905
gpu,SS,1048576,16,256,0.03,31457,3,0.00027024000883102417,1905
gpu,DS,1048576,16,256,0.03,31457,3,0.0009257919788360595,1905
gpu,DS,1048576,16,256,0.03,31457,4,0.0009558399915695191,1905
gpu,SS,1048576,16,256,0.03,31457,4,0.0002658880054950714,1905
gpu,SS,1048576,16,256,0.03,31457,5,0.00027830401062965395,1905
gpu,DS,1048576,16,256,0.03,31457,5,0.0020739200115203857,1905
gpu,DS,1048576,16,256,0.03,31457,6,0.0009850879907608032,1905
gpu,SS,1048576,16,256,0.03,31457,6,0.0002662079930305481,1905
gpu,SS,1048576,16,256,0.03,31457,7,0.0002682879865169525,1905
gpu,DS,1048576,16,256,0.03,31457,7,0.0009134079813957214,1905
gpu,DS,1048576,16,256,0.03,31457,8,0.000917568027973175,1905
gpu,SS,1048576,16,256,0.03,31457,8,0.000301472008228302,1905
gpu,SS,1048576,16,256,0.03,31457,9,0.0002027519941329956,1905
gpu,DS,1048576,16,256,0.03,31457,9,0.0009932799935340882,1905
gpu,DS,1048576,16,256,0.03,31457,10,0.0009484159946441651,1905
gpu,SS,1048576,16,256,0.03,31457,10,0.0002682879865169525,1905
gpu,SS,1048576,16,256,0.03,31457,11,0.0002798080146312714,1905
gpu,DS,1048576,16,256,0.03,31457,11,0.0008929280042648315,1905
gpu,DS,1048576,16,256,0.03,31457,12,0.000951807975769043,1905
gpu,SS,1048576,16,256,0.03,31457,12,0.0002725760042667389,1905
gpu,SS,1048576,16,256,0.03,31457,13,0.00030649599432945254,1905
gpu,DS,1048576,16,256,0.03,31457,13,0.0010340800285339356,1905
gpu,DS,1048576,16,256,0.03,31457,14,0.0010204800367355346,1905
gpu,SS,1048576,16,256,0.03,31457,14,0.0002810240089893341,1905
cpu,DS,1048576,16,256,0.1,104858,0,0.011942910000016127,-1
cpu,SS,1048576,16,256,0.1,104858,0,0.012327030000051309,-1
cpu,SS,1048576,16,256,0.1,104858,1,0.012511259999882895,-1
cpu,DS,1048576,16,256,0.1,104858,1,0.0123596099997485,-1
cpu,DS,1048576,16,256,0.1,104858,2,0.012669300000197836,-1
cpu,SS,1048576,16,256,0.1,104858,2,0.012640230000215524,-1
cpu,SS,1048576,16,256,0.1,104858,3,0.012232709999807412,-1
cpu,DS,1048576,16,256,0.1,104858,3,0.011467889999948966,-1
cpu,DS,1048576,16,256,0.1,104858,4,0.010364940000272327,-1
cpu,SS,1048576,16,256,0.1,104858,4,0.01196010000012393,-1
cpu,SS,1048576,16,256,0.1,104858,5,0.012369510000098671,-1
cpu,DS,1048576,16,256,0.1,104858,5,0.011853360000259272,-1
cpu,DS,1048576,16,256,0.1,104858,6,0.01123938000000635,-1
cpu,SS,1048576,16,256,0.1,104858,6,0.013455450000037672,-1
cpu,SS,1048576,16,256,0.1,104858,7,0.012976739999885467,-1
cpu,DS,1048576,16,256,0.1,104858,7,0.01129094999987501,-1
cpu,DS,1048576,16,256,0.1,104858,8,0.012059550000230956,-1
cpu,SS,1048576,16,256,0.1,104858,8,0.013964400000077148,-1
cpu,SS,1048576,16,256,0.1,104858,9,0.05534622000004674,-1
cpu,DS,1048576,16,256,0.1,104858,9,0.014725530000305298,-1
cpu,DS,1048576,16,256,0.1,104858,10,0.021811499999785156,-1
cpu,SS,1048576,16,256,0.1,104858,10,0.01226025000005393,-1
cpu,SS,1048576,16,256,0.1,104858,11,0.011410560000058467,-1
cpu,DS,1048576,16,256,0.1,104858,11,0.0109016999999767,-1
cpu,DS,1048576,16,256,0.1,104858,12,0.012038759999995818,-1
cpu,SS,1048576,16,256,0.1,104858,12,0.012193560000014259,-1
cpu,SS,1048576,16,256,0.1,104858,13,0.011687850000271283,-1
cpu,DS,1048576,16,256,0.1,104858,13,0.012166649999926449,-1
cpu,DS,1048576,16,256,0.1,104858,14,0.010691189999761264,-1
cpu,SS,1048576,16,256,0.1,104858,14,0.011834370000087802,-1
gpu,DS,1048576,16,256,0.1,104858,0,0.0009583359956741332,1905
gpu,SS,1048576,16,256,0.1,104858,0,0.0004505600035190582,1905
gpu,SS,1048576,16,256,0.1,104858,1,0.0003627200126647949,1905
gpu,DS,1048576,16,256,0.1,104858,1,0.0010091840028762817,1905
gpu,DS,1048576,16,256,0.1,104858,2,0.001038848042488098,1905
gpu,SS,1048576,16,256,0.1,104858,2,0.00044531199336051943,1905
gpu,SS,1048576,16,256,0.1,104858,3,0.00047305598855018616,1905
gpu,DS,1048576,16,256,0.1,104858,3,0.0010164480209350587,1905
gpu,DS,1048576,16,256,0.1,104858,4,0.0012463680505752563,1905
gpu,SS,1048576,16,256,0.1,104858,4,0.0004574399888515472,1905
gpu,SS,1048576,16,256,0.1,104858,5,0.00046774399280548096,1905
gpu,DS,1048576,16,256,0.1,104858,5,0.0014929920434951782,1905
gpu,DS,1048576,16,256,0.1,104858,6,0.0011113599538803102,1905
gpu,SS,1048576,16,256,0.1,104858,6,0.0004690240025520325,1905
gpu,SS,1048576,16,256,0.1,104858,7,0.0004806079864501953,1905
gpu,DS,1048576,16,256,0.1,104858,7,0.0012243839502334595,1905
gpu,DS,1048576,16,256,0.1,104858,8,0.00104038405418396,1905
gpu,SS,1048576,16,256,0.1,104858,8,0.0004403199851512909,1905
gpu,SS,1048576,16,256,0.1,104858,9,0.0004379839897155762,1905
gpu,DS,1048576,16,256,0.1,104858,9,0.0010747519731521607,1905
gpu,DS,1048576,16,256,0.1,104858,10,0.0010264639854431152,1905
gpu,SS,1048576,16,256,0.1,104858,10,0.00036281600594520566,1905
gpu,SS,1048576,16,256,0.1,104858,11,0.00044755199551582334,1905
gpu,DS,1048576,16,256,0.1,104858,11,0.0011554880142211914,1905
gpu,DS,1048576,16,256,0.1,104858,12,0.000914463996887207,1905
gpu,SS,1048576,16,256,0.1,104858,12,0.0004400320053100586,1905
gpu,SS,1048576,16,256,0.1,104858,13,0.00043996798992156983,1905
gpu,DS,1048576,16,256,0.1,104858,13,0.001044543981552124,1905
gpu,DS,1048576,16,256,0.1,104858,14,0.0009932799935340882,1905
gpu,SS,1048576,16,256,0.1,104858,14,0.0004336639940738678,1905
cpu,DS,1048576,16,256,0.2,209715,0,0.012100409999675321,-1
cpu,SS,1048576,16,256,0.2,209715,0,0.02194082999994862,-1
cpu,SS,1048576,16,256,0.2,209715,1,0.02194290000034016,-1
cpu,DS,1048576,16,256,0.2,209715,1,0.008853389999785577,-1
cpu,DS,1048576,16,256,0.2,209715,2,0.01157993999959217,-1
cpu,SS,1048576,16,256,0.2,209715,2,0.020084670000414917,-1
cpu,SS,1048576,16,256,0.2,209715,3,0.02050748999999996,-1
cpu,DS,1048576,16,256,0.2,209715,3,0.011192399999799818,-1
cpu,DS,1048576,16,256,0.2,209715,4,0.01224612000032721,-1
cpu,SS,1048576,16,256,0.2,209715,4,0.01986084000009214,-1
cpu,SS,1048576,16,256,0.2,209715,5,0.02120706000005157,-1
cpu,DS,1048576,16,256,0.2,209715,5,0.011495250000280066,-1
cpu,DS,1048576,16,256,0.2,209715,6,0.011050109999814595,-1
cpu,SS,1048576,16,256,0.2,209715,6,0.0185986800001956,-1
cpu,SS,1048576,16,256,0.2,209715,7,0.020134349999807455,-1
cpu,DS,1048576,16,256,0.2,209715,7,0.011352420000093844,-1
cpu,DS,1048576,16,256,0.2,209715,8,0.011984310000116238,-1
cpu,SS,1048576,16,256,0.2,209715,8,0.020591550000062853,-1
cpu,SS,1048576,16,256,0.2,209715,9,0.01956536999978198,-1
cpu,DS,1048576,16,256,0.2,209715,9,0.010579679999864311,-1
cpu,DS,1048576,16,256,0.2,209715,10,0.01102725000009741,-1
cpu,SS,1048576,16,256,0.2,209715,10,0.02018781000015224,-1
cpu,SS,1048576,16,256,0.2,209715,11,0.024093269999866607,-1
cpu,DS,1048576,16,256,0.2,209715,11,0.01294602300004044,-1
cpu,DS,1048576,16,256,0.2,209715,12,0.011813312999947811,-1
cpu,SS,1048576,16,256,0.2,209715,12,0.02035075699996014,-1
cpu,SS,1048576,16,256,0.2,209715,13,0.022268401000019367,-1
cpu,DS,1048576,16,256,0.2,209715,13,0.011879716999828815,-1
cpu,DS,1048576,16,256,0.2,209715,14,0.011627652999777638,-1
cpu,SS,1048576,16,256,0.2,209715,14,0.020176212000023952,-1
gpu,DS,1048576,16,256,0.2,209715,0,0.0009547200202941894,1905
gpu,SS,1048576,16,256,0.2,209715,0,0.0005841599702835083,1905
gpu,SS,1048576,16,256,0.2,209715,1,0.0006103039979934692,1905
gpu,DS,1048576,16,256,0.2,209715,1,0.00108953595161438,1905
gpu,DS,1048576,16,256,0.2,209715,2,0.0009953280091285705,1905
gpu,SS,1048576,16,256,0.2,209715,2,0.0007019839882850647,1905
gpu,SS,1048576,16,256,0.2,209715,3,0.0005792319774627685,1905
gpu,DS,1048576,16,256,0.2,209715,3,0.001017632007598877,1905
gpu,DS,1048576,16,256,0.2,209715,4,0.0009478719830513001,1905
gpu,SS,1048576,16,256,0.2,209715,4,0.0005972160100936889,1905
gpu,SS,1048576,16,256,0.2,209715,5,0.0005941439867019654,1905
gpu,DS,1048576,16,256,0.2,209715,5,0.0010495359897613526,1905
gpu,DS,1048576,16,256,0.2,209715,6,0.0010060160160064698,1905
gpu,SS,1048576,16,256,0.2,209715,6,0.0008806399703025818,1905
gpu,SS,1048576,16,256,0.2,209715,7,0.000512000024318695,1905
gpu,DS,1048576,16,256,0.2,209715,7,0.0011915199756622314,1905
gpu,DS,1048576,16,256,0.2,209715,8,0.0010937919616699219,1905
gpu,SS,1048576,16,256,0.2,209715,8,0.0009565759897232056,1905
gpu,SS,1048576,16,256,0.2,209715,9,0.0006328319907188415,1905
gpu,DS,1048576,16,256,0.2,209715,9,0.002140928030014038,1905
gpu,DS,1048576,16,256,0.2,209715,10,0.0009605119824409485,1905
gpu,SS,1048576,16,256,0.2,209715,10,0.0005695040225982665,1905
gpu,SS,1048576,16,256,0.2,209715,11,0.0005734400153160096,1905
gpu,DS,1048576,16,256,0.2,209715,11,0.0009751679897308349,1905
gpu,DS,1048576,16,256,0.2,209715,12,0.0009447039961814881,1905
gpu,SS,1048576,16,256,0.2,209715,12,0.0005857279896736145,1905
gpu,SS,1048576,16,256,0.2,209715,13,0.0005670719742774963,1905
gpu,DS,1048576,16,256,0.2,209715,13,0.0010403519868850707,1905
gpu,DS,1048576,16,256,0.2,209715,14,0.0010561920404434204,1905
gpu,SS,1048576,16,256,0.2,209715,14,0.0006001920104026794,1905
cpu,DS,1048576,16,256,0.3,314573,0,0.013472846000240679,-1
cpu,SS,1048576,16,256,0.3,314573,0,0.02752314999997907,-1
cpu,SS,1048576,16,256,0.3,314573,1,0.026681926000037492,-1
cpu,DS,1048576,16,256,0.3,314573,1,0.011320883999815123,-1
cpu,DS,1048576,16,256,0.3,314573,2,0.01145739899993714,-1
cpu,SS,1048576,16,256,0.3,314573,2,0.025018004000230576,-1
cpu,SS,1048576,16,256,0.3,314573,3,0.02726386900030775,-1
cpu,DS,1048576,16,256,0.3,314573,3,0.011779476999890903,-1
cpu,DS,1048576,16,256,0.3,314573,4,0.012784031000137475,-1
cpu,SS,1048576,16,256,0.3,314573,4,0.029187461000219628,-1
cpu,SS,1048576,16,256,0.3,314573,5,0.027249339999798394,-1
cpu,DS,1048576,16,256,0.3,314573,5,0.011332780999964598,-1
cpu,DS,1048576,16,256,0.3,314573,6,0.0114952330000051,-1
cpu,SS,1048576,16,256,0.3,314573,6,0.02848948000018936,-1
cpu,SS,1048576,16,256,0.3,314573,7,0.028018406000228424,-1
cpu,DS,1048576,16,256,0.3,314573,7,0.011857387999953062,-1
cpu,DS,1048576,16,256,0.3,314573,8,0.01203690500005905,-1
cpu,SS,1048576,16,256,0.3,314573,8,0.02584167700024409,-1
cpu,SS,1048576,16,256,0.3,314573,9,0.029262544000175694,-1
cpu,DS,1048576,16,256,0.3,314573,9,0.012965303999862954,-1
cpu,DS,1048576,16,256,0.3,314573,10,0.012840587000027881,-1
cpu,SS,1048576,16,256,0.3,314573,10,0.026482321999992564,-1
cpu,SS,1048576,16,256,0.3,314573,11,0.02814175699995758,-1
cpu,DS,1048576,16,256,0.3,314573,11,0.012299305999931676,-1
cpu,DS,1048576,16,256,0.3,314573,12,0.010725387000093178,-1
cpu,SS,1048576,16,256,0.3,314573,12,0.02711340999985623,-1
cpu,SS,1048576,16,256,0.3,314573,13,0.027916410000216274,-1
cpu,DS,1048576,16,256,0.3,314573,13,0.012411149999934423,-1
cpu,DS,1048576,16,256,0.3,314573,14,0.012046070999986114,-1
cpu,SS,1048576,16,256,0.3,314573,14,0.027488922999964416,-1
gpu,DS,1048576,16,256,0.3,314573,0,0.0009385920166969299,1905
gpu,SS,1048576,16,256,0.3,314573,0,0.0007447360157966614,1905
gpu,SS,1048576,16,256,0.3,314573,1,0.0007325760126113891,1905
gpu,DS,1048576,16,256,0.3,314573,1,0.000926464021205902,1905
gpu,DS,1048576,16,256,0.3,314573,2,0.0009459840059280395,1905
gpu,SS,1048576,16,256,0.3,314573,2,0.0007144960165023804,1905
gpu,SS,1048576,16,256,0.3,314573,3,0.0007525119781494141,1905
gpu,DS,1048576,16,256,0.3,314573,3,0.0020420799255371092,1905
gpu,DS,1048576,16,256,0.3,314573,4,0.0009197760224342347,1905
gpu,SS,1048576,16,256,0.3,314573,4,0.0007086079716682434,1905
gpu,SS,1048576,16,256,0.3,314573,5,0.0007208960056304932,1905
gpu,DS,1048576,16,256,0.3,314573,5,0.0009605119824409485,1905
gpu,DS,1048576,16,256,0.3,314573,6,0.0009728000164031983,1905
gpu,SS,1048576,16,256,0.3,314573,6,0.000710207998752594,1905
gpu,SS,1048576,16,256,0.3,314573,7,0.0006892480254173279,1905
gpu,DS,1048576,16,256,0.3,314573,7,0.0009117119908332824,1905
gpu,DS,1048576,16,256,0.3,314573,8,0.0009055039882659912,1905
gpu,SS,1048576,16,256,0.3,314573,8,0.000720416009426117,1905
gpu,SS,1048576,16,256,0.3,314573,9,0.0007261440157890319,1905
gpu,DS,1048576,16,256,0.3,314573,9,0.0010322879552841187,1905
gpu,DS,1048576,16,256,0.3,314573,10,0.0009613760113716125,1905
gpu,SS,1048576,16,256,0.3,314573,10,0.0007224640250205993,1905
gpu,SS,1048576,16,256,0.3,314573,11,0.000724128007888794,1905
gpu,DS,1048576,16,256,0.3,314573,11,0.0011059199571609498,1905
gpu,DS,1048576,16,256,0.3,314573,12,0.0009794880151748656,1905
gpu,SS,1048576,16,256,0.3,314573,12,0.0007166079878807068,1905
gpu,SS,1048576,16,256,0.3,314573,13,0.0007134720087051392,1905
gpu,DS,1048576,16,256,0.3,314573,13,0.0009623039960861206,1905
gpu,DS,1048576,16,256,0.3,314573,14,0.0009338880181312561,1905
gpu,SS,1048576,16,256,0.3,314573,14,0.0007066559791564941,1905
cpu,DS,1048576,16,256,0.5,524288,0,0.013079682999887154,-1
cpu,SS,1048576,16,256,0.5,524288,0,0.04027353999981642,-1
cpu,SS,1048576,16,256,0.5,524288,1,0.04346408700030224,-1
cpu,DS,1048576,16,256,0.5,524288,1,0.012973006999800418,-1
cpu,DS,1048576,16,256,0.5,524288,2,0.010926064000159386,-1
cpu,SS,1048576,16,256,0.5,524288,2,0.039458058000036544,-1
cpu,SS,1048576,16,256,0.5,524288,3,0.040660169000148016,-1
cpu,DS,1048576,16,256,0.5,524288,3,0.012948628999765788,-1
cpu,DS,1048576,16,256,0.5,524288,4,0.014843259999906877,-1
cpu,SS,1048576,16,256,0.5,524288,4,0.03957117099980678,-1
cpu,SS,1048576,16,256,0.5,524288,5,0.036544149000292236,-1
cpu,DS,1048576,16,256,0.5,524288,5,0.01233216699984041,-1
cpu,DS,1048576,16,256,0.5,524288,6,0.011839836000035575,-1
cpu,SS,1048576,16,256,0.5,524288,6,0.040947630000118806,-1
cpu,SS,1048576,16,256,0.5,524288,7,0.04153444900020986,-1
cpu,DS,1048576,16,256,0.5,524288,7,0.011450865999904636,-1
cpu,DS,1048576,16,256,0.5,524288,8,0.011362911000105669,-1
cpu,SS,1048576,16,256,0.5,524288,8,0.04091915800017887,-1
cpu,SS,1048576,16,256,0.5,524288,9,0.039733135999995284,-1
cpu,DS,1048576,16,256,0.5,524288,9,0.012134804999732296,-1
cpu,DS,1048576,16,256,0.5,524288,10,0.012561902000015834,-1
cpu,SS,1048576,16,256,0.5,524288,10,0.03941573800011611,-1
cpu,SS,1048576,16,256,0.5,524288,11,0.04353868199996214,-1
cpu,DS,1048576,16,256,0.5,524288,11,0.013255201999982091,-1
cpu,DS,1048576,16,256,0.5,524288,12,0.012358299999959854,-1
cpu,SS,1048576,16,256,0.5,524288,12,0.042333547999987786,-1
cpu,SS,1048576,16,256,0.5,524288,13,0.039706515000034415,-1
cpu,DS,1048576,16,256,0.5,524288,13,0.012274927999897045,-1
cpu,DS,1048576,16,256,0.5,524288,14,0.012110525000025518,-1
cpu,SS,1048576,16,256,0.5,524288,14,0.04025647500020568,-1
gpu,DS,1048576,16,256,0.5,524288,0,0.0010512319803237915,1905
gpu,SS,1048576,16,256,0.5,524288,0,0.001289247989654541,1905
gpu,SS,1048576,16,256,0.5,524288,1,0.0009921600222587586,1905
gpu,DS,1048576,16,256,0.5,524288,1,0.0010689599514007568,1905
gpu,DS,1048576,16,256,0.5,524288,2,0.0009768959879875184,1905
gpu,SS,1048576,16,256,0.5,524288,2,0.0010711040496826172,1905
gpu,SS,1048576,16,256,0.5,524288,3,0.0011202559471130372,1905
gpu,DS,1048576,16,256,0.5,524288,3,0.0010638400316238404,1905
gpu,DS,1048576,16,256,0.5,524288,4,0.0009418560266494751,1905
gpu,SS,1048576,16,256,0.5,524288,4,0.0010606080293655395,1905
gpu,SS,1048576,16,256,0.5,524288,5,0.0010591039657592773,1905
gpu,DS,1048576,16,256,0.5,524288,5,0.0009711679816246033,1905
gpu,DS,1048576,16,256,0.5,524288,6,0.0009461759924888611,1905
gpu,SS,1048576,16,256,0.5,524288,6,0.001067296028137207,1905
gpu,SS,1048576,16,256,0.5,524288,7,0.0010481280088424682,1905
gpu,DS,1048576,16,256,0.5,524288,7,0.0009635840058326721,1905
gpu,DS,1048576,16,256,0.5,524288,8,0.0009297919869422913,1905
gpu,SS,1048576,16,256,0.5,524288,8,0.0010508480072021484,1905
gpu,SS,1048576,16,256,0.5,524288,9,0.0010716480016708374,1905
gpu,DS,1048576,16,256,0.5,524288,9,0.0009572479724884033,1905
gpu,DS,1048576,16,256,0.5,524288,10,0.000894976019859314,1905
gpu,SS,1048576,16,256,0.5,524288,10,0.0010701760053634644,1905
gpu,SS,1048576,16,256,0.5,524288,11,0.0009932799935340882,1905
gpu,DS,1048576,16,256,0.5,524288,11,0.0009365440011024475,1905
gpu,DS,1048576,16,256,0.5,524288,12,0.0011282880306243896,1905
gpu,SS,1048576,16,256,0.5,524288,12,0.001091488003730774,1905
gpu,SS,1048576,16,256,0.5,524288,13,0.001058303952217102,1905
gpu,DS,1048576,16,256,0.5,524288,13,0.0009699519872665405,1905
gpu,DS,1048576,16,256,0.5,524288,14,0.0010253759622573853,1905
gpu,SS,1048576,16,256,0.5,524288,14,0.0010669120550155639,1905
cpu,DS,1048576,16,256,0.7,734003,0,0.013027831000272272,-1
cpu,SS,1048576,16,256,0.7,734003,0,0.05447969699980604,-1
cpu,SS,1048576,16,256,0.7,734003,1,0.0587548059997971,-1
cpu,DS,1048576,16,256,0.7,734003,1,0.013005013999645598,-1
cpu,DS,1048576,16,256,0.7,734003,2,0.012593454000125348,-1
cpu,SS,1048576,16,256,0.7,734003,2,0.055519160000130796,-1
cpu,SS,1048576,16,256,0.7,734003,3,0.0599090960004105,-1
cpu,DS,1048576,16,256,0.7,734003,3,0.014221946999896318,-1
cpu,DS,1048576,16,256,0.7,734003,4,0.012819621999824449,-1
cpu,SS,1048576,16,256,0.7,734003,4,0.05877899699999034,-1
cpu,SS,1048576,16,256,0.7,734003,5,0.05544299699977273,-1
cpu,DS,1048576,16,256,0.7,734003,5,0.013671369999883609,-1
cpu,DS,1048576,16,256,0.7,734003,6,0.01276881100011451,-1
cpu,SS,1048576,16,256,0.7,734003,6,0.05895023399989441,-1
cpu,SS,1048576,16,256,0.7,734003,7,0.055072845999802666,-1
cpu,DS,1048576,16,256,0.7,734003,7,0.01384123300022111,-1
cpu,DS,1048576,16,256,0.7,734003,8,0.013995039999826986,-1
cpu,SS,1048576,16,256,0.7,734003,8,0.052338128999963374,-1
cpu,SS,1048576,16,256,0.7,734003,9,0.058512053999947966,-1
cpu,DS,1048576,16,256,0.7,734003,9,0.012385561999963102,-1
cpu,DS,1048576,16,256,0.7,734003,10,0.012474508000195783,-1
cpu,SS,1048576,16,256,0.7,734003,10,0.05456124900001669,-1
cpu,SS,1048576,16,256,0.7,734003,11,0.06213961100002052,-1
cpu,DS,1048576,16,256,0.7,734003,11,0.017505656999674102,-1
cpu,DS,1048576,16,256,0.7,734003,12,0.015634939999927155,-1
cpu,SS,1048576,16,256,0.7,734003,12,0.05920122599991373,-1
cpu,SS,1048576,16,256,0.7,734003,13,0.05958563800004413,-1
cpu,DS,1048576,16,256,0.7,734003,13,0.016338374000042677,-1
cpu,DS,1048576,16,256,0.7,734003,14,0.013804049000100349,-1
cpu,SS,1048576,16,256,0.7,734003,14,0.06128543399972841,-1
gpu,DS,1048576,16,256,0.7,734003,0,0.001231071949005127,1905
gpu,SS,1048576,16,256,0.7,734003,0,0.001550655961036682,1905
gpu,SS,1048576,16,256,0.7,734003,1,0.0015011839866638183,1905
gpu,DS,1048576,16,256,0.7,734003,1,0.0011051839590072632,1905
gpu,DS,1048576,16,256,0.7,734003,2,0.0011325440406799317,1905
gpu,SS,1048576,16,256,0.7,734003,2,0.001488767981529236,1905
gpu,SS,1048576,16,256,0.7,734003,3,0.001474560022354126,1905
gpu,DS,1048576,16,256,0.7,734003,3,0.0011385279893875123,1905
gpu,DS,1048576,16,256,0.7,734003,4,0.0010714880228042602,1905
gpu,SS,1048576,16,256,0.7,734003,4,0.002056191921234131,1905
gpu,SS,1048576,16,256,0.7,734003,5,0.0015511679649353027,1905
gpu,DS,1048576,16,256,0.7,734003,5,0.0012371840476989747,1905
gpu,DS,1048576,16,256,0.7,734003,6,0.0016383999586105347,1905
gpu,SS,1048576,16,256,0.7,734003,6,0.0016963200569152831,1905
gpu,SS,1048576,16,256,0.7,734003,7,0.0013922239542007446,1905
gpu,DS,1048576,16,256,0.7,734003,7,0.0011350719928741456,1905
gpu,DS,1048576,16,256,0.7,734003,8,0.0011268160343170166,1905
gpu,SS,1048576,16,256,0.7,734003,8,0.0017537280321121215,1905
gpu,SS,1048576,16,256,0.7,734003,9,0.0015319039821624755,1905
gpu,DS,1048576,16,256,0.7,734003,9,0.0011134400367736816,1905
gpu,DS,1048576,16,256,0.7,734003,10,0.0011281919479370116,1905
gpu,SS,1048576,16,256,0.7,734003,10,0.0014028799533843993,1905
gpu,SS,1048576,16,256,0.7,734003,11,0.0017363840341567992,1905
gpu,DS,1048576,16,256,0.7,734003,11,0.000997759997844696,1905
gpu,DS,1048576,16,256,0.7,734003,12,0.00132915198802948,1905
gpu,SS,1048576,16,256,0.7,734003,12,0.0015988800525665284,1905
gpu,SS,1048576,16,256,0.7,734003,13,0.001466431975364685,1905
gpu,DS,1048576,16,256,0.7,734003,13,0.0009693120121955872,1905
gpu,DS,1048576,16,256,0.7,734003,14,0.0010239360332489013,1905
gpu,SS,1048576,16,256,0.7,734003,14,0.0014738240242004395,1905
cpu,DS,1048576,16,256,1.0,1048576,0,0.014234200999908353,-1
cpu,SS,1048576,16,256,1.0,1048576,0,0.10020445400004974,-1
cpu,SS,1048576,16,256,1.0,1048576,1,0.0869290099999489,-1
cpu,DS,1048576,16,256,1.0,1048576,1,0.017166564000035578,-1
cpu,DS,1048576,16,256,1.0,1048576,2,0.014600020000216318,-1
cpu,SS,1048576,16,256,1.0,1048576,2,0.08706169000015507,-1
cpu,SS,1048576,16,256,1.0,1048576,3,0.08483423799998491,-1
cpu,DS,1048576,16,256,1.0,1048576,3,0.013496963999841682,-1
cpu,DS,1048576,16,256,1.0,1048576,4,0.014218777999758458,-1
cpu,SS,1048576,16,256,1.0,1048576,4,0.08719003800024439,-1
cpu,SS,1048576,16,256,1.0,1048576,5,0.10680335500001092,-1
cpu,DS,1048576,16,256,1.0,1048576,5,0.015880968000146822,-1
cpu,DS,1048576,16,256,1.0,1048576,6,0.014251736000005621,-1
cpu,SS,1048576,16,256,1.0,1048576,6,0.0895513310001661,-1
cpu,SS,1048576,16,256,1.0,1048576,7,0.0898322170000938,-1
cpu,DS,1048576,16,256,1.0,1048576,7,0.016692890000285843,-1
cpu,DS,1048576,16,256,1.0,1048576,8,0.03056375799997113,-1
cpu,SS,1048576,16,256,1.0,1048576,8,0.10217451100015751,-1
cpu,SS,1048576,16,256,1.0,1048576,9,0.09392804099979912,-1
cpu,DS,1048576,16,256,1.0,1048576,9,0.02170322199981456,-1
cpu,DS,1048576,16,256,1.0,1048576,10,0.012504268999691703,-1
cpu,SS,1048576,16,256,1.0,1048576,10,0.07865232599988303,-1
cpu,SS,1048576,16,256,1.0,1048576,11,0.08479675999979008,-1
cpu,DS,1048576,16,256,1.0,1048576,11,0.014025434000359382,-1
cpu,DS,1048576,16,256,1.0,1048576,12,0.03812702699997317,-1
cpu,SS,1048576,16,256,1.0,1048576,12,0.08699503899970296,-1
cpu,SS,1048576,16,256,1.0,1048576,13,0.08781510300013906,-1
cpu,DS,1048576,16,256,1.0,1048576,13,0.01214347999984966,-1
cpu,DS,1048576,16,256,1.0,1048576,14,0.012750581000091188,-1
cpu,SS,1048576,16,256,1.0,1048576,14,0.07732267199980924,-1
gpu,DS,1048576,16,256,1.0,1048576,0,0.0009564160108566284,1005
gpu,SS,1048576,16,256,1.0,1048576,0,0.003910367965698242,1005
gpu,SS,1048576,16,256,1.0,1048576,1,0.003909600019454956,1005
gpu,DS,1048576,16,256,1.0,1048576,1,0.0009810240268707275,1005
gpu,DS,1048576,16,256,1.0,1048576,2,0.0009933760166168212,1005
gpu,SS,1048576,16,256,1.0,1048576,2,0.004442495822906494,1005
gpu,SS,1048576,16,256,1.0,1048576,3,0.00389737606048584,1005
gpu,DS,1048576,16,256,1.0,1048576,3,0.0010157760381698609,1005
gpu,DS,1048576,16,256,1.0,1048576,4,0.0010083520412445068,1005
gpu,SS,1048576,16,256,1.0,1048576,4,0.0038613440990447998,1005
gpu,SS,1048576,16,256,1.0,1048576,5,0.003869119882583618,1005
gpu,DS,1048576,16,256,1.0,1048576,5,0.0009868159890174867,1005
gpu,DS,1048576,16,256,1.0,1048576,6,0.0009355199933052063,1005
gpu,SS,1048576,16,256,1.0,1048576,6,0.003862720012664795,1005
gpu,SS,1048576,16,256,1.0,1048576,7,0.003853600025177002,1005
gpu,DS,1048576,16,256,1.0,1048576,7,0.0009789119958877564,1005
gpu,DS,1048576,16,256,1.0,1048576,8,0.0009094719886779785,1005
gpu,SS,1048576,16,256,1.0,1048576,8,0.0038699519634246824,1005
gpu,SS,1048576,16,256,1.0,1048576,9,0.0038010880947113037,1005
gpu,DS,1048576,16,256,1.0,1048576,9,0.0010831040143966675,1005
gpu,DS,1048576,16,256,1.0,1048576,10,0.0009728320240974427,1005
gpu,SS,1048576,16,256,1.0,1048576,10,0.0038668479919433596,1005
gpu,SS,1048576,16,256,1.0,1048576,11,0.0038751680850982666,1005
gpu,DS,1048576,16,256,1.0,1048576,11,0.0011058239936828614,1005
gpu,DS,1048576,16,256,1.0,1048576,12,0.0009354879856109619,1005
gpu,SS,1048576,16,256,1.0,1048576,12,0.003904416084289551,1005
gpu,SS,1048576,16,256,1.0,1048576,13,0.003864192008972168,1005
gpu,DS,1048576,16,256,1.0,1048576,13,0.0010604480504989625,1005
gpu,DS,1048576,16,256,1.0,1048576,14,0.000853983998298645,1005
gpu,SS,1048576,16,256,1.0,1048576,14,0.0038773438930511475,1005
cpu,DS,1048576,16,0,0.0001,105,0,0.0198430760001429,-1
cpu,SS,1048576,16,0,0.0001,105,0,0.0001119749999816122,-1
cpu,SS,1048576,16,0,0.0001,105,1,8.63049999679788e-05,-1
cpu,DS,1048576,16,0,0.0001,105,1,0.02039132999971116,-1
cpu,DS,1048576,16,0,0.0001,105,2,0.019994347000192647,-1
cpu,SS,1048576,16,0,0.0001,105,2,0.00014799700011280947,-1
cpu,SS,1048576,16,0,0.0001,105,3,0.00012137600015194039,-1
cpu,DS,1048576,16,0,0.0001,105,3,0.021897493999858852,-1
cpu,DS,1048576,16,0,0.0001,105,4,0.020787466000001587,-1
cpu,SS,1048576,16,0,0.0001,105,4,0.00011144700010845554,-1
cpu,SS,1048576,16,0,0.0001,105,5,8.852300015860237e-05,-1
cpu,DS,1048576,16,0,0.0001,105,5,0.01743942299981427,-1
cpu,DS,1048576,16,0,0.0001,105,6,0.01772907899976417,-1
cpu,SS,1048576,16,0,0.0001,105,6,0.00012116500010961317,-1
cpu,SS,1048576,16,0,0.0001,105,7,9.010799976749695e-05,-1
cpu,DS,1048576,16,0,0.0001,105,7,0.021014584000113246,-1
cpu,DS,1048576,16,0,0.0001,105,8,0.023133441000027233,-1
cpu,SS,1048576,16,0,0.0001,105,8,0.00013743299996349378,-1
cpu,SS,1048576,16,0,0.0001,105,9,0.00011102400003437651,-1
cpu,DS,1048576,16,0,0.0001,105,9,0.02152554800022699,-1
cpu,DS,1048576,16,0,0.0001,105,10,0.02188200599994161,-1
cpu,SS,1048576,16,0,0.0001,105,10,0.00011876799999299692,-1
cpu,SS,1048576,16,0,0.0001,105,11,7.176799999797367e-05,-1
cpu,DS,1048576,16,0,0.0001,105,11,0.01858844800017323,-1
cpu,DS,1048576,16,0,0.0001,105,12,0.019531276999714464,-1
cpu,SS,1048576,16,0,0.0001,105,12,0.00012140000035287812,-1
cpu,SS,1048576,16,0,0.0001,105,13,7.937300006233272e-05,-1
cpu,DS,1048576,16,0,0.0001,105,13,0.019449465999969107,-1
cpu,DS,1048576,16,0,0.0001,105,14,0.016701617000308033,-1
cpu,SS,1048576,16,0,0.0001,105,14,0.00012442299976100912,-1
gpu,DS,1048576,16,0,0.0001,105,0,0.0041775679588317875,1905
gpu,SS,1048576,16,0,0.0001,105,0,0.00018812799453735352,1905
gpu,SS,1048576,16,0,0.0001,105,1,0.00015078400075435637,1905
gpu,DS,1048576,16,0,0.0001,105,1,0.004079071998596191,1905
gpu,DS,1048576,16,0,0.0001,105,2,0.0042748479843139646,1905
gpu,SS,1048576,16,0,0.0001,105,2,0.0001764799952507019,1905
gpu,SS,1048576,16,0,0.0001,105,3,0.00014745600521564483,1905
gpu,DS,1048576,16,0,0.0001,105,3,0.004119743824005127,1905
gpu,DS,1048576,16,0,0.0001,105,4,0.004122623920440674,1905
gpu,SS,1048576,16,0,0.0001,105,4,0.00014905600249767303,1905
gpu,SS,1048576,16,0,0.0001,105,5,7.952000200748444e-05,1905
gpu,DS,1048576,16,0,0.0001,105,5,0.004031167984008789,1905
gpu,DS,1048576,16,0,0.0001,105,6,0.004049024105072021,1905
gpu,SS,1048576,16,0,0.0001,105,6,0.00013859200477600098,1905
gpu,SS,1048576,16,0,0.0001,105,7,7.657600194215775e-05,1905
gpu,DS,1048576,16,0,0.0001,105,7,0.003966048002243042,1905
gpu,DS,1048576,16,0,0.0001,105,8,0.004009791851043701,1905
gpu,SS,1048576,16,0,0.0001,105,8,0.0001996160000562668,1905
gpu,SS,1048576,16,0,0.0001,105,9,0.00014159999787807464,1905
gpu,DS,1048576,16,0,0.0001,105,9,0.0044783039093017575,1905
gpu,DS,1048576,16,0,0.0001,105,10,0.004158207893371582,1905
gpu,SS,1048576,16,0,0.0001,105,10,0.0002112639993429184,1905
gpu,SS,1048576,16,0,0.0001,105,11,0.0002543039917945862,1905
gpu,DS,1048576,16,0,0.0001,105,11,0.004726367950439453,1905
gpu,DS,1048576,16,0,0.0001,105,12,0.004196352005004883,1905
gpu,SS,1048576,16,0,0.0001,105,12,9.651199728250503e-05,1905
gpu,SS,1048576,16,0,0.0001,105,13,6.179200112819672e-05,1905
gpu,DS,1048576,16,0,0.0001,105,13,0.004070816040039063,1905
gpu,DS,1048576,16,0,0.0001,105,14,0.004113344192504883,1905
gpu,SS,1048576,16,0,0.0001,105,14,0.00015113599598407746,1905
cpu,DS,1048576,16,0,0.0003,315,0,0.018671525999707228,-1
cpu,SS,1048576,16,0,0.0003,315,0,0.00018166299969379907,-1
cpu,SS,1048576,16,0,0.0003,315,1,0.00015055599988045287,-1
cpu,DS,1048576,16,0,0.0003,315,1,0.017964574999950855,-1
cpu,DS,1048576,16,0,0.0003,315,2,0.01865728999973726,-1
cpu,SS,1048576,16,0,0.0003,315,2,0.00021091500002512475,-1
cpu,SS,1048576,16,0,0.0003,315,3,0.0001363199999104836,-1
cpu,DS,1048576,16,0,0.0003,315,3,0.018949432000226807,-1
cpu,DS,1048576,16,0,0.0003,315,4,0.018232533999707812,-1
cpu,SS,1048576,16,0,0.0003,315,4,0.00017015599996739184,-1
cpu,SS,1048576,16,0,0.0003,315,5,0.0001257890003216744,-1
cpu,DS,1048576,16,0,0.0003,315,5,0.01926770599993688,-1
cpu,DS,1048576,16,0,0.0003,315,6,0.018836708999970142,-1
cpu,SS,1048576,16,0,0.0003,315,6,0.00018536800007495913,-1
cpu,SS,1048576,16,0,0.0003,315,7,0.00013310200029081898,-1
cpu,DS,1048576,16,0,0.0003,315,7,0.016346093000265682,-1
cpu,DS,1048576,16,0,0.0003,315,8,0.018942702999993344,-1
cpu,SS,1048576,16,0,0.0003,315,8,0.0001602100001036888,-1
cpu,SS,1048576,16,0,0.0003,315,9,0.00010960100007650908,-1
cpu,DS,1048576,16,0,0.0003,315,9,0.01766970200014839,-1
cpu,DS,1048576,16,0,0.0003,315,10,0.02416995500016128,-1
cpu,SS,1048576,16,0,0.0003,315,10,0.00015426199979629018,-1
cpu,SS,1048576,16,0,0.0003,315,11,0.00010540899984334828,-1
cpu,DS,1048576,16,0,0.0003,315,11,0.019190283000170894,-1
cpu,DS,1048576,16,0,0.0003,315,12,0.018629694000082964,-1
cpu,SS,1048576,16,0,0.0003,315,12,0.00018088299975715927,-1
cpu,SS,1048576,16,0,0.0003,315,13,0.00022885800035510329,-1
cpu,DS,1048576,16,0,0.0003,315,13,0.016871674999947572,-1
cpu,DS,1048576,16,0,0.0003,315,14,0.01868810299993129,-1
cpu,SS,1048576,16,0,0.0003,315,14,0.00022905200012246496,-1
gpu,DS,1048576,16,0,0.0003,315,0,0.004002816200256347,1905
gpu,SS,1048576,16,0,0.0003,315,0,9.708800166845322e-05,1905
gpu,SS,1048576,16,0,0.0003,315,1,0.00013728000223636627,1905
gpu,DS,1048576,16,0,0.0003,315,1,0.004036608219146728,1905
gpu,DS,1048576,16,0,0.0003,315,2,0.004011040210723877,1905
gpu,SS,1048576,16,0,0.0003,315,2,8.556800335645676e-05,1905
gpu,SS,1048576,16,0,0.0003,315,3,8.380799740552902e-05,1905
gpu,DS,1048576,16,0,0.0003,315,3,0.004052576065063477,1905
gpu,DS,1048576,16,0,0.0003,315,4,0.004089856147766113,1905
gpu,SS,1048576,16,0,0.0003,315,4,0.00012134400010108947,1905
gpu,SS,1048576,16,0,0.0003,315,5,0.00010329599678516388,1905
gpu,DS,1048576,16,0,0.0003,315,5,0.0040791997909545895,1905
gpu,DS,1048576,16,0,0.0003,315,6,0.004132351875305176,1905
gpu,SS,1048576,16,0,0.0003,315,6,0.00011430399864912033,1905
gpu,SS,1048576,16,0,0.0003,315,7,8.601599931716918e-05,1905
gpu,DS,1048576,16,0,0.0003,315,7,0.004165567874908447,1905
gpu,DS,1048576,16,0,0.0003,315,8,0.004035359859466553,1905
gpu,SS,1048576,16,0,0.0003,315,8,8.614400029182434e-05,1905
gpu,SS,1048576,16,0,0.0003,315,9,8.25280025601387e-05,1905
gpu,DS,1048576,16,0,0.0003,315,9,0.003985215902328491,1905
gpu,DS,1048576,16,0,0.0003,315,10,0.004034815788269043,1905
gpu,SS,1048576,16,0,0.0003,315,10,0.00010649599879980087,1905
gpu,SS,1048576,16,0,0.0003,315,11,8.367999643087387e-05,1905
gpu,DS,1048576,16,0,0.0003,315,11,0.004007775783538819,1905
gpu,DS,1048576,16,0,0.0003,315,12,0.004177919864654541,1905
gpu,SS,1048576,16,0,0.0003,315,12,7.16800019145012e-05,1905
gpu,SS,1048576,16,0,0.0003,315,13,0.00012905600666999816,1905
gpu,DS,1048576,16,0,0.0003,315,13,0.004013472080230713,1905
gpu,DS,1048576,16,0,0.0003,315,14,0.003999135971069336,1905
gpu,SS,1048576,16,0,0.0003,315,14,1.8880000337958335e-05,1905
cpu,DS,1048576,16,0,0.001,1049,0,0.018707215000176802,-1
cpu,SS,1048576,16,0,0.001,1049,0,0.00038458100016214303,-1
cpu,SS,1048576,16,0,0.001,1049,1,0.00022534700019605225,-1
cpu,DS,1048576,16,0,0.001,1049,1,0.019287403999896924,-1
cpu,DS,1048576,16,0,0.001,1049,2,0.018716867999955866,-1
cpu,SS,1048576,16,0,0.001,1049,2,0.0004531320000751293,-1
cpu,SS,1048576,16,0,0.001,1049,3,0.00026015799994638655,-1
cpu,DS,1048576,16,0,0.001,1049,3,0.017407593999905657,-1
cpu,DS,1048576,16,0,0.001,1049,4,0.018918423999821243,-1
cpu,SS,1048576,16,0,0.001,1049,4,0.0004286569997020706,-1
cpu,SS,1048576,16,0,0.001,1049,5,0.0002807339997161762,-1
cpu,DS,1048576,16,0,0.001,1049,5,0.018192358999840508,-1
cpu,DS,1048576,16,0,0.001,1049,6,0.01876250399982382,-1
cpu,SS,1048576,16,0,0.001,1049,6,0.0004908679998152365,-1
cpu,SS,1048576,16,0,0.001,1049,7,0.000284242999896378,-1
cpu,DS,1048576,16,0,0.001,1049,7,0.02170956700001625,-1
cpu,DS,1048576,16,0,0.001,1049,8,0.01781275099983759,-1
cpu,SS,1048576,16,0,0.001,1049,8,0.0007329869999921357,-1
cpu,SS,1048576,16,0,0.001,1049,9,0.0003542559998095385,-1
cpu,DS,1048576,16,0,0.001,1049,9,0.01639153299993268,-1
cpu,DS,1048576,16,0,0.001,1049,10,0.01850887899990994,-1
cpu,SS,1048576,16,0,0.001,1049,10,0.00036537300002237316,-1
cpu,SS,1048576,16,0,0.001,1049,11,0.0002541129997553071,-1
cpu,DS,1048576,16,0,0.001,1049,11,0.01838425999994797,-1
cpu,DS,1048576,16,0,0.001,1049,12,0.019774565999796323,-1
cpu,SS,1048576,16,0,0.001,1049,12,0.00039238299996213755,-1
cpu,SS,1048576,16,0,0.001,1049,13,0.0002872670002034283,-1
cpu,DS,1048576,16,0,0.001,1049,13,0.019831609999982902,-1
cpu,DS,1048576,16,0,0.001,1049,14,0.01944653999998991,-1
cpu,SS,1048576,16,0,0.001,1049,14,0.00040145100001609535,-1
gpu,DS,1048576,16,0,0.001,1049,0,0.00414470386505127,1905
gpu,SS,1048576,16,0,0.001,1049,0,0.00022409600019454955,1905
gpu,SS,1048576,16,0,0.001,1049,1,0.00022969600558280946,1905
gpu,DS,1048576,16,0,0.001,1049,1,0.004116223812103271,1905
gpu,DS,1048576,16,0,0.001,1049,2,0.004077600002288818,1905
gpu,SS,1048576,16,0,0.001,1049,2,0.00043996798992156983,1905
gpu,SS,1048576,16,0,0.001,1049,3,0.00017692799866199493,1905
gpu,DS,1048576,16,0,0.001,1049,3,0.004122719764709472,1905
gpu,DS,1048576,16,0,0.001,1049,4,0.004176159858703613,1905
gpu,SS,1048576,16,0,0.001,1049,4,0.00014441600441932677,1905
gpu,SS,1048576,16,0,0.001,1049,5,0.0001406719982624054,1905
gpu,DS,1048576,16,0,0.001,1049,5,0.004624512195587158,1905
gpu,DS,1048576,16,0,0.001,1049,6,0.004204063892364502,1905
gpu,SS,1048576,16,0,0.001,1049,6,0.00014611199498176574,1905
gpu,SS,1048576,16,0,0.001,1049,7,0.00017203199863433837,1905
gpu,DS,1048576,16,0,0.001,1049,7,0.004106175899505615,1905
gpu,DS,1048576,16,0,0.001,1049,8,0.004017183780670166,1905
gpu,SS,1048576,16,0,0.001,1049,8,0.00013414399325847626,1905
gpu,SS,1048576,16,0,0.001,1049,9,0.00013100799918174745,1905
gpu,DS,1048576,16,0,0.001,1049,9,0.004063295841217041,1905
gpu,DS,1048576,16,0,0.001,1049,10,0.004092000007629395,1905
gpu,SS,1048576,16,0,0.001,1049,10,0.00015564799308776856,1905
gpu,SS,1048576,16,0,0.001,1049,11,0.00014931200444698333,1905
gpu,DS,1048576,16,0,0.001,1049,11,0.003991296052932739,1905
gpu,DS,1048576,16,0,0.001,1049,12,0.004036064147949219,1905
gpu,SS,1048576,16,0,0.001,1049,12,0.00012627199292182921,1905
gpu,SS,1048576,16,0,0.001,1049,13,0.0001247679963707924,1905
gpu,DS,1048576,16,0,0.001,1049,13,0.004003551959991455,1905
gpu,DS,1048576,16,0,0.001,1049,14,0.00409449577331543,1905
gpu,SS,1048576,16,0,0.001,1049,14,0.00014534400403499602,1905
cpu,DS,1048576,16,0,0.003,3146,0,0.0214580870001555,-1
cpu,SS,1048576,16,0,0.003,3146,0,0.0009725709996928344,-1
cpu,SS,1048576,16,0,0.003,3146,1,0.0006724330000906775,-1
cpu,DS,1048576,16,0,0.003,3146,1,0.01859888100034368,-1
cpu,DS,1048576,16,0,0.003,3146,2,0.01841868199971941,-1
cpu,SS,1048576,16,0,0.003,3146,2,0.0008485369999107206,-1
cpu,SS,1048576,16,0,0.003,3146,3,0.0006585870000890282,-1
cpu,DS,1048576,16,0,0.003,3146,3,0.018946212999708223,-1
cpu,DS,1048576,16,0,0.003,3146,4,0.01906332399994426,-1
cpu,SS,1048576,16,0,0.003,3146,4,0.0008676489997014869,-1
cpu,SS,1048576,16,0,0.003,3146,5,0.000661218999994162,-1
cpu,DS,1048576,16,0,0.003,3146,5,0.019280188000266207,-1
cpu,DS,1048576,16,0,0.003,3146,6,0.01815150199990967,-1
cpu,SS,1048576,16,0,0.003,3146,6,0.0008310819998769148,-1
cpu,SS,1048576,16,0,0.003,3146,7,0.0007095840001056786,-1
cpu,DS,1048576,16,0,0.003,3146,7,0.019288281000171992,-1
cpu,DS,1048576,16,0,0.003,3146,8,0.019827417000215064,-1
cpu,SS,1048576,16,0,0.003,3146,8,0.0008858840001266799,-1
cpu,SS,1048576,16,0,0.003,3146,9,0.0007088050001584634,-1
cpu,DS,1048576,16,0,0.003,3146,9,0.02036889400005748,-1
cpu,DS,1048576,16,0,0.003,3146,10,0.019203642000320542,-1
cpu,SS,1048576,16,0,0.003,3146,10,0.0008890040003279864,-1
cpu,SS,1048576,16,0,0.003,3146,11,0.0006957380001040292,-1
cpu,DS,1048576,16,0,0.003,3146,11,0.018561534000127722,-1
cpu,DS,1048576,16,0,0.003,3146,12,0.019407633999890095,-1
cpu,SS,1048576,16,0,0.003,3146,12,0.0009038260000124865,-1
cpu,SS,1048576,16,0,0.003,3146,13,0.0007293789999494038,-1
cpu,DS,1048576,16,0,0.003,3146,13,0.018482355999822175,-1
cpu,DS,1048576,16,0,0.003,3146,14,0.019993574999716657,-1
cpu,SS,1048576,16,0,0.003,3146,14,0.0010003609995692386,-1
gpu,DS,1048576,16,0,0.003,3146,0,0.004206592082977295,1905
gpu,SS,1048576,16,0,0.003,3146,0,0.0002619200050830841,1905
gpu,SS,1048576,16,0,0.003,3146,1,0.000212896004319191,1905
gpu,DS,1048576,16,0,0.003,3146,1,0.004066271781921387,1905
gpu,DS,1048576,16,0,0.003,3146,2,0.004510176181793213,1905
gpu,SS,1048576,16,0,0.003,3146,2,0.0002802880108356476,1905
gpu,SS,1048576,16,0,0.003,3146,3,0.0002707839906215668,1905
gpu,DS,1048576,16,0,0.003,3146,3,0.004071584224700928,1905
gpu,DS,1048576,16,0,0.003,3146,4,0.004103936195373535,1905
gpu,SS,1048576,16,0,0.003,3146,4,0.0002504960000514984,1905
gpu,SS,1048576,16,0,0.003,3146,5,0.0002356480062007904,1905
gpu,DS,1048576,16,0,0.003,3146,5,0.004022272109985352,1905
gpu,DS,1048576,16,0,0.003,3146,6,0.004024479866027832,1905
gpu,SS,1048576,16,0,0.003,3146,6,0.00025843200087547304,1905
gpu,SS,1048576,16,0,0.003,3146,7,0.00026128000020980837,1905
gpu,DS,1048576,16,0,0.003,3146,7,0.004116608142852783,1905
gpu,DS,1048576,16,0,0.003,3146,8,0.0041214079856872554,1905
gpu,SS,1048576,16,0,0.003,3146,8,0.00026419198513031006,1905
gpu,SS,1048576,16,0,0.003,3146,9,0.000263839989900589,1905
gpu,DS,1048576,16,0,0.003,3146,9,0.004882336139678955,1905
gpu,DS,1048576,16,0,0.003,3146,10,0.0042434558868408205,1905
gpu,SS,1048576,16,0,0.003,3146,10,0.0002550399899482727,1905
gpu,SS,1048576,16,0,0.003,3146,11,0.00019443200528621675,1905
gpu,DS,1048576,16,0,0.003,3146,11,0.004106719970703125,1905
gpu,DS,1048576,16,0,0.003,3146,12,0.004061920166015625,1905
gpu,SS,1048576,16,0,0.003,3146,12,0.0001958719938993454,1905
gpu,SS,1048576,16,0,0.003,3146,13,0.00019251200556755067,1905
gpu,DS,1048576,16,0,0.003,3146,13,0.004012735843658447,1905
gpu,DS,1048576,16,0,0.003,3146,14,0.004110335826873779,1905
gpu,SS,1048576,16,0,0.003,3146,14,0.0002475840002298355,1905
cpu,DS,1048576,16,0,0.01,10486,0,0.019917127000098844,-1
cpu,SS,1048576,16,0,0.01,10486,0,0.00278022200018313,-1
cpu,SS,1048576,16,0,0.01,10486,1,0.0022161239999149984,-1
cpu,DS,1048576,16,0,0.01,10486,1,0.02040487500016752,-1
cpu,DS,1048576,16,0,0.01,10486,2,0.021142444999895815,-1
cpu,SS,1048576,16,0,0.01,10486,2,0.0033241370001633186,-1
cpu,SS,1048576,16,0,0.01,10486,3,0.0026459499999873515,-1
cpu,DS,1048576,16,0,0.01,10486,3,0.021664126999894506,-1
cpu,DS,1048576,16,0,0.01,10486,4,0.022756245999971725,-1
cpu,SS,1048576,16,0,0.01,10486,4,0.0027330269999765733,-1
cpu,SS,1048576,16,0,0.01,10486,5,0.003122388000065257,-1
cpu,DS,1048576,16,0,0.01,10486,5,0.020764884000072925,-1
cpu,DS,1048576,16,0,0.01,10486,6,0.020086014999833424,-1
cpu,SS,1048576,16,0,0.01,10486,6,0.002592027000446251,-1
cpu,SS,1048576,16,0,0.01,10486,7,0.0022510329999931855,-1
cpu,DS,1048576,16,0,0.01,10486,7,0.017983881999953155,-1
cpu,DS,1048576,16,0,0.01,10486,8,0.018540959999882034,-1
cpu,SS,1048576,16,0,0.01,10486,8,0.002483107999978529,-1
cpu,SS,1048576,16,0,0.01,10486,9,0.0025928069999281433,-1
cpu,DS,1048576,16,0,0.01,10486,9,0.020441538999875775,-1
cpu,DS,1048576,16,0,0.01,10486,10,0.01409847400009312,-1
cpu,SS,1048576,16,0,0.01,10486,10,0.0028901169998789555,-1
cpu,SS,1048576,16,0,0.01,10486,11,0.0026124070000150823,-1
cpu,DS,1048576,16,0,0.01,10486,11,0.02022447999979704,-1
cpu,DS,1048576,16,0,0.01,10486,12,0.02030434200014497,-1
cpu,SS,1048576,16,0,0.01,10486,12,0.0027607199999692966,-1
cpu,SS,1048576,16,0,0.01,10486,13,0.0027074800000264077,-1
cpu,DS,1048576,16,0,0.01,10486,13,0.01967120499966768,-1
cpu,DS,1048576,16,0,0.01,10486,14,0.020201565999741433,-1
cpu,SS,1048576,16,0,0.01,10486,14,0.002544830999795522,-1
gpu,DS,1048576,16,0,0.01,10486,0,0.004052703857421875,1905
gpu,SS,1048576,16,0,0.01,10486,0,0.0007310720086097717,1905
gpu,SS,1048576,16,0,0.01,10486,1,0.0006266880035400391,1905
gpu,DS,1048576,16,0,0.01,10486,1,0.004071424007415772,1905
gpu,DS,1048576,16,0,0.01,10486,2,0.004071424007415772,1905
gpu,SS,1048576,16,0,0.01,10486,2,0.000701856017112732,1905
gpu,SS,1048576,16,0,0.01,10486,3,0.0006965439915657043,1905
gpu,DS,1048576,16,0,0.01,10486,3,0.004054751873016358,1905
gpu,DS,1048576,16,0,0.01,10486,4,0.004180416107177735,1905
gpu,SS,1048576,16,0,0.01,10486,4,0.000694271981716156,1905
gpu,SS,1048576,16,0,0.01,10486,5,0.0006965759992599487,1905
gpu,DS,1048576,16,0,0.01,10486,5,0.004095583915710449,1905
gpu,DS,1048576,16,0,0.01,10486,6,0.0041045122146606446,1905
gpu,SS,1048576,16,0,0.01,10486,6,0.000694271981716156,1905
gpu,SS,1048576,16,0,0.01,10486,7,0.0006979519724845887,1905
gpu,DS,1048576,16,0,0.01,10486,7,0.004043295860290528,1905
gpu,DS,1048576,16,0,0.01,10486,8,0.004001791954040527,1905
gpu,SS,1048576,16,0,0.01,10486,8,0.0006696959733963013,1905
gpu,SS,1048576,16,0,0.01,10486,9,0.0006901760101318359,1905
gpu,DS,1048576,16,0,0.01,10486,9,0.0040447998046875,1905
gpu,DS,1048576,16,0,0.01,10486,10,0.0041194877624511714,1905
gpu,SS,1048576,16,0,0.01,10486,10,0.0006918399930000305,1905
gpu,SS,1048576,16,0,0.01,10486,11,0.0006351040005683899,1905
gpu,DS,1048576,16,0,0.01,10486,11,0.004098432064056396,1905
gpu,DS,1048576,16,0,0.01,10486,12,0.004008031845092773,1905
gpu,SS,1048576,16,0,0.01,10486,12,0.0006855999827384949,1905
gpu,SS,1048576,16,0,0.01,10486,13,0.0006639360189437866,1905
gpu,DS,1048576,16,0,0.01,10486,13,0.0040161280632019045,1905
gpu,DS,1048576,16,0,0.01,10486,14,0.004046847820281982,1905
gpu,SS,1048576,16,0,0.01,10486,14,0.0007577599883079528,1905
cpu,DS,1048576,16,0,0.03,31457,0,0.019437667000147485,-1
cpu,SS,1048576,16,0,0.03,31457,0,0.0059404439998616,-1
cpu,SS,1048576,16,0,0.03,31457,1,0.006148823999865272,-1
cpu,DS,1048576,16,0,0.03,31457,1,0.02332424499991248,-1
cpu,DS,1048576,16,0,0.03,31457,2,0.02184910400001172,-1
cpu,SS,1048576,16,0,0.03,31457,2,0.006359153999710543,-1
cpu,SS,1048576,16,0,0.03,31457,3,0.007791194999754225,-1
cpu,DS,1048576,16,0,0.03,31457,3,0.022427731999869138,-1
cpu,DS,1048576,16,0,0.03,31457,4,0.02348533300028066,-1
cpu,SS,1048576,16,0,0.03,31457,4,0.006383239999649959,-1
cpu,SS,1048576,16,0,0.03,31457,5,0.007794022999860317,-1
cpu,DS,1048576,16,0,0.03,31457,5,0.02112996400001066,-1
cpu,DS,1048576,16,0,0.03,31457,6,0.02152254099974016,-1
cpu,SS,1048576,16,0,0.03,31457,6,0.006470024000009289,-1
cpu,SS,1048576,16,0,0.03,31457,7,0.006690398000046116,-1
cpu,DS,1048576,16,0,0.03,31457,7,0.0227017369998066,-1
cpu,DS,1048576,16,0,0.03,31457,8,0.020771028000126535,-1
cpu,SS,1048576,16,0,0.03,31457,8,0.0066484679996392515,-1
cpu,SS,1048576,16,0,0.03,31457,9,0.0061799300001439406,-1
cpu,DS,1048576,16,0,0.03,31457,9,0.021639555000092514,-1
cpu,DS,1048576,16,0,0.03,31457,10,0.022829281000213086,-1
cpu,SS,1048576,16,0,0.03,31457,10,0.0077358089997687784,-1
cpu,SS,1048576,16,0,0.03,31457,11,0.00668571799997153,-1
cpu,DS,1048576,16,0,0.03,31457,11,0.02240306200019404,-1
cpu,DS,1048576,16,0,0.03,31457,12,0.0214149879998331,-1
cpu,SS,1048576,16,0,0.03,31457,12,0.006245945000046049,-1
cpu,SS,1048576,16,0,0.03,31457,13,0.005801394000172877,-1
cpu,DS,1048576,16,0,0.03,31457,13,0.021910438999839243,-1
cpu,DS,1048576,16,0,0.03,31457,14,0.021588848999726906,-1
cpu,SS,1048576,16,0,0.03,31457,14,0.0059695019999708165,-1
gpu,DS,1048576,16,0,0.03,31457,0,0.004519264221191407,1905
gpu,SS,1048576,16,0,0.03,31457,0,0.0019066879749298096,1905
gpu,SS,1048576,16,0,0.03,31457,1,0.0018675520420074463,1905
gpu,DS,1048576,16,0,0.03,31457,1,0.004103583812713623,1905
gpu,DS,1048576,16,0,0.03,31457,2,0.004112192153930664,1905
gpu,SS,1048576,16,0,0.03,31457,2,0.001896448016166687,1905
gpu,SS,1048576,16,0,0.03,31457,3,0.0018588160276412965,1905
gpu,DS,1048576,16,0,0.03,31457,3,0.004083712100982666,1905
gpu,DS,1048576,16,0,0.03,31457,4,0.0040845761299133304,1905
gpu,SS,1048576,16,0,0.03,31457,4,0.0018984960317611694,1905
gpu,SS,1048576,16,0,0.03,31457,5,0.0018431999683380126,1905
gpu,DS,1048576,16,0,0.03,31457,5,0.0040821762084960935,1905
gpu,DS,1048576,16,0,0.03,31457,6,0.004052000045776367,1905
gpu,SS,1048576,16,0,0.03,31457,6,0.0018903039693832398,1905
gpu,SS,1048576,16,0,0.03,31457,7,0.0018461439609527587,1905
gpu,DS,1048576,16,0,0.03,31457,7,0.0040590081214904785,1905
gpu,DS,1048576,16,0,0.03,31457,8,0.004035327911376953,1905
gpu,SS,1048576,16,0,0.03,31457,8,0.0018452800512313843,1905
gpu,SS,1048576,16,0,0.03,31457,9,0.0017891520261764527,1905
gpu,DS,1048576,16,0,0.03,31457,9,0.004089856147766113,1905
gpu,DS,1048576,16,0,0.03,31457,10,0.004075424194335937,1905
gpu,SS,1048576,16,0,0.03,31457,10,0.0017820800542831421,1905
gpu,SS,1048576,16,0,0.03,31457,11,0.0017879040241241455,1905
gpu,DS,1048576,16,0,0.03,31457,11,0.004091904163360595,1905
gpu,DS,1048576,16,0,0.03,31457,12,0.00403382396697998,1905
gpu,SS,1048576,16,0,0.03,31457,12,0.0018491840362548828,1905
gpu,SS,1048576,16,0,0.03,31457,13,0.0018494720458984374,1905
gpu,DS,1048576,16,0,0.03,31457,13,0.004110591888427734,1905
gpu,DS,1048576,16,0,0.03,31457,14,0.004497087955474853,1905
gpu,SS,1048576,16,0,0.03,31457,14,0.0018738240003585815,1905
cpu,DS,1048576,16,0,0.1,104858,0,0.023139040999922145,-1
cpu,SS,1048576,16,0,0.1,104858,0,0.018190392999713367,-1
cpu,SS,1048576,16,0,0.1,104858,1,0.017545482000059565,-1
cpu,DS,1048576,16,0,0.1,104858,1,0.022909493000042858,-1
cpu,DS,1048576,16,0,0.1,104858,2,0.02254314499987231,-1
cpu,SS,1048576,16,0,0.1,104858,2,0.01985427299996445,-1
cpu,SS,1048576,16,0,0.1,104858,3,0.021257232000152726,-1
cpu,DS,1048576,16,0,0.1,104858,3,0.02363458099989657,-1
cpu,DS,1048576,16,0,0.1,104858,4,0.022642336999979307,-1
cpu,SS,1048576,16,0,0.1,104858,4,0.017857532000107312,-1
cpu,SS,1048576,16,0,0.1,104858,5,0.018354762999933882,-1
cpu,DS,1048576,16,0,0.1,104858,5,0.02297488100020928,-1
cpu,DS,1048576,16,0,0.1,104858,6,0.023232000000007247,-1
cpu,SS,1048576,16,0,0.1,104858,6,0.018980976000420924,-1
cpu,SS,1048576,16,0,0.1,104858,7,0.018460082999808947,-1
cpu,DS,1048576,16,0,0.1,104858,7,0.024263329999939742,-1
cpu,DS,1048576,16,0,0.1,104858,8,0.023582607999742322,-1
cpu,SS,1048576,16,0,0.1,104858,8,0.02051006400006372,-1
cpu,SS,1048576,16,0,0.1,104858,9,0.020636617000036495,-1
cpu,DS,1048576,16,0,0.1,104858,9,0.024854049000168743,-1
cpu,DS,1048576,16,0,0.1,104858,10,0.02189612100028171,-1
cpu,SS,1048576,16,0,0.1,104858,10,0.017700873999729083,-1
cpu,SS,1048576,16,0,0.1,104858,11,0.017724852999890572,-1
cpu,DS,1048576,16,0,0.1,104858,11,0.023371334999865212,-1
cpu,DS,1048576,16,0,0.1,104858,12,0.02369511100005184,-1
cpu,SS,1048576,16,0,0.1,104858,12,0.01896280700020725,-1
cpu,SS,1048576,16,0,0.1,104858,13,0.018187224000030255,-1
cpu,DS,1048576,16,0,0.1,104858,13,0.022123979000298277,-1
cpu,DS,1048576,16,0,0.1,104858,14,0.021768723000150203,-1
cpu,SS,1048576,16,0,0.1,104858,14,0.018378004000169312,-1
gpu,DS,1048576,16,0,0.1,104858,0,0.004263936042785644,1905
gpu,SS,1048576,16,0,0.1,104858,0,0.005456736087799072,1905
gpu,SS,1048576,16,0,0.1,104858,1,0.005532127857208252,1905
gpu,DS,1048576,16,0,0.1,104858,1,0.0042106881141662595,1905
gpu,DS,1048576,16,0,0.1,104858,2,0.004207615852355957,1905
gpu,SS,1048576,16,0,0.1,104858,2,0.0055382399559021,1905
gpu,SS,1048576,16,0,0.1,104858,3,0.005448863983154297,1905
gpu,DS,1048576,16,0,0.1,104858,3,0.004269408226013184,1905
gpu,DS,1048576,16,0,0.1,104858,4,0.004100096225738525,1905
gpu,SS,1048576,16,0,0.1,104858,4,0.005434432029724121,1905
gpu,SS,1048576,16,0,0.1,104858,5,0.005453440189361572,1905
gpu,DS,1048576,16,0,0.1,104858,5,0.004171167850494385,1905
gpu,DS,1048576,16,0,0.1,104858,6,0.004219264030456543,1905
gpu,SS,1048576,16,0,0.1,104858,6,0.005519392013549805,1905
gpu,SS,1048576,16,0,0.1,104858,7,0.005532991886138916,1905
gpu,DS,1048576,16,0,0.1,104858,7,0.004223328113555908,1905
gpu,DS,1048576,16,0,0.1,104858,8,0.004269599914550781,1905
gpu,SS,1048576,16,0,0.1,104858,8,0.005485472202301026,1905
gpu,SS,1048576,16,0,0.1,104858,9,0.005927135944366455,1905
gpu,DS,1048576,16,0,0.1,104858,9,0.004192768096923828,1905
gpu,DS,1048576,16,0,0.1,104858,10,0.0041344318389892575,1905
gpu,SS,1048576,16,0,0.1,104858,10,0.005429247856140137,1905
gpu,SS,1048576,16,0,0.1,104858,11,0.005480480194091797,1905
gpu,DS,1048576,16,0,0.1,104858,11,0.00419923210144043,1905
gpu,DS,1048576,16,0,0.1,104858,12,0.004085728168487549,1905
gpu,SS,1048576,16,0,0.1,104858,12,0.005482495784759522,1905
gpu,SS,1048576,16,0,0.1,104858,13,0.005446944236755371,1905
gpu,DS,1048576,16,0,0.1,104858,13,0.004274112224578857,1905
gpu,DS,1048576,16,0,0.1,104858,14,0.004185887813568115,1905
gpu,SS,1048576,16,0,0.1,104858,14,0.0054559998512268065,1905
cpu,DS,1048576,16,0,0.2,209715,0,0.019800503999704233,-1
cpu,SS,1048576,16,0,0.2,209715,0,0.028957074999652832,-1
cpu,SS,1048576,16,0,0.2,209715,1,0.030110414999853674,-1
cpu,DS,1048576,16,0,0.2,209715,1,0.021250471000257676,-1
cpu,DS,1048576,16,0,0.2,209715,2,0.02321520400028021,-1
cpu,SS,1048576,16,0,0.2,209715,2,0.03143065999984174,-1
cpu,SS,1048576,16,0,0.2,209715,3,0.029806181999902037,-1
cpu,DS,1048576,16,0,0.2,209715,3,0.020826974000101472,-1
cpu,DS,1048576,16,0,0.2,209715,4,0.023445281000022078,-1
cpu,SS,1048576,16,0,0.2,209715,4,0.030490916999951878,-1
cpu,SS,1048576,16,0,0.2,209715,5,0.030670077000195306,-1
cpu,DS,1048576,16,0,0.2,209715,5,0.022095140000146785,-1
cpu,DS,1048576,16,0,0.2,209715,6,0.02035161000003427,-1
cpu,SS,1048576,16,0,0.2,209715,6,0.029008137999881,-1
cpu,SS,1048576,16,0,0.2,209715,7,0.028552666999985377,-1
cpu,DS,1048576,16,0,0.2,209715,7,0.025881559000026755,-1
cpu,DS,1048576,16,0,0.2,209715,8,0.020372989999941638,-1
cpu,SS,1048576,16,0,0.2,209715,8,0.02782718800017392,-1
cpu,SS,1048576,16,0,0.2,209715,9,0.02789076399994883,-1
cpu,DS,1048576,16,0,0.2,209715,9,0.021411671999885584,-1
cpu,DS,1048576,16,0,0.2,209715,10,0.019309246000375424,-1
cpu,SS,1048576,16,0,0.2,209715,10,0.027498380999986693,-1
cpu,SS,1048576,16,0,0.2,209715,11,0.028097194000110903,-1
cpu,DS,1048576,16,0,0.2,209715,11,0.02191131600011431,-1
cpu,DS,1048576,16,0,0.2,209715,12,0.02090617799967731,-1
cpu,SS,1048576,16,0,0.2,209715,12,0.02811513599999671,-1
cpu,SS,1048576,16,0,0.2,209715,13,0.02886343299996952,-1
cpu,DS,1048576,16,0,0.2,209715,13,0.019306807999782905,-1
cpu,DS,1048576,16,0,0.2,209715,14,0.022781793999911315,-1
cpu,SS,1048576,16,0,0.2,209715,14,0.028602397000213386,-1
gpu,DS,1048576,16,0,0.2,209715,0,0.004083072185516358,1905
gpu,SS,1048576,16,0,0.2,209715,0,0.01031884765625,1905
gpu,SS,1048576,16,0,0.2,209715,1,0.010375935554504395,1905
gpu,DS,1048576,16,0,0.2,209715,1,0.004122623920440674,1905
gpu,DS,1048576,16,0,0.2,209715,2,0.0041205759048461915,1905
gpu,SS,1048576,16,0,0.2,209715,2,0.010061920166015625,1905
gpu,SS,1048576,16,0,0.2,209715,3,0.010322175979614257,1905
gpu,DS,1048576,16,0,0.2,209715,3,0.004177919864654541,1905
gpu,DS,1048576,16,0,0.2,209715,4,0.004096320152282715,1905
gpu,SS,1048576,16,0,0.2,209715,4,0.010036288261413574,1905
gpu,SS,1048576,16,0,0.2,209715,5,0.010022656440734863,1905
gpu,DS,1048576,16,0,0.2,209715,5,0.004286176204681397,1905
gpu,DS,1048576,16,0,0.2,209715,6,0.004583487987518311,1905
gpu,SS,1048576,16,0,0.2,209715,6,0.010055392265319825,1905
gpu,SS,1048576,16,0,0.2,209715,7,0.010548864364624023,1905
gpu,DS,1048576,16,0,0.2,209715,7,0.004146272182464599,1905
gpu,DS,1048576,16,0,0.2,209715,8,0.004038464069366455,1905
gpu,SS,1048576,16,0,0.2,209715,8,0.010061856269836425,1905
gpu,SS,1048576,16,0,0.2,209715,9,0.01021132755279541,1905
gpu,DS,1048576,16,0,0.2,209715,9,0.004650464057922363,1905
gpu,DS,1048576,16,0,0.2,209715,10,0.004071424007415772,1905
gpu,SS,1048576,16,0,0.2,209715,10,0.010071200370788574,1905
gpu,SS,1048576,16,0,0.2,209715,11,0.010115039825439454,1905
gpu,DS,1048576,16,0,0.2,209715,11,0.004192831993103027,1905
gpu,DS,1048576,16,0,0.2,209715,12,0.004697247982025147,1905
gpu,SS,1048576,16,0,0.2,209715,12,0.010071711540222168,1905
gpu,SS,1048576,16,0,0.2,209715,13,0.010103839874267578,1905
gpu,DS,1048576,16,0,0.2,209715,13,0.004200448036193847,1905
gpu,DS,1048576,16,0,0.2,209715,14,0.0040854401588439945,1905
gpu,SS,1048576,16,0,0.2,209715,14,0.010012672424316407,1905
cpu,DS,1048576,16,0,0.3,314573,0,0.019911568999759766,-1
cpu,SS,1048576,16,0,0.3,314573,0,0.03556192399992142,-1
cpu,SS,1048576,16,0,0.3,314573,1,0.037965463000091404,-1
cpu,DS,1048576,16,0,0.3,314573,1,0.019022369999674993,-1
cpu,DS,1048576,16,0,0.3,314573,2,0.020213753999996698,-1
cpu,SS,1048576,16,0,0.3,314573,2,0.03900658400016255,-1
cpu,SS,1048576,16,0,0.3,314573,3,0.035519116999694234,-1
cpu,DS,1048576,16,0,0.3,314573,3,0.017398916000274767,-1
cpu,DS,1048576,16,0,0.3,314573,4,0.020052179000231263,-1
cpu,SS,1048576,16,0,0.3,314573,4,0.03680459900033384,-1
cpu,SS,1048576,16,0,0.3,314573,5,0.036037775999830046,-1
cpu,DS,1048576,16,0,0.3,314573,5,0.01878210399991076,-1
cpu,DS,1048576,16,0,0.3,314573,6,0.018674841999654745,-1
cpu,SS,1048576,16,0,0.3,314573,6,0.04066153399980976,-1
cpu,SS,1048576,16,0,0.3,314573,7,0.040729889000431285,-1
cpu,DS,1048576,16,0,0.3,314573,7,0.019108860999949684,-1
cpu,DS,1048576,16,0,0.3,314573,8,0.018247941000026913,-1
cpu,SS,1048576,16,0,0.3,314573,8,0.03362809400005062,-1
cpu,SS,1048576,16,0,0.3,314573,9,0.037401168999622314,-1
cpu,DS,1048576,16,0,0.3,314573,9,0.018660605999684776,-1
cpu,DS,1048576,16,0,0.3,314573,10,0.016757100999711838,-1
cpu,SS,1048576,16,0,0.3,314573,10,0.03550595399974554,-1
cpu,SS,1048576,16,0,0.3,314573,11,0.035753921999912563,-1
cpu,DS,1048576,16,0,0.3,314573,11,0.019162882000273385,-1
cpu,DS,1048576,16,0,0.3,314573,12,0.019513237999944977,-1
cpu,SS,1048576,16,0,0.3,314573,12,0.036422161999780656,-1
cpu,SS,1048576,16,0,0.3,314573,13,0.036330892000023596,-1
cpu,DS,1048576,16,0,0.3,314573,13,0.01713124899970353,-1
cpu,DS,1048576,16,0,0.3,314573,14,0.019726298000023235,-1
cpu,SS,1048576,16,0,0.3,314573,14,0.03737259900026402,-1
gpu,DS,1048576,16,0,0.3,314573,0,0.004068895816802979,1890
gpu,SS,1048576,16,0,0.3,314573,0,0.014500351905822753,1890
gpu,SS,1048576,16,0,0.3,314573,1,0.014473535537719727,1890
gpu,DS,1048576,16,0,0.3,314573,1,0.0041840639114379885,1890
gpu,DS,1048576,16,0,0.3,314573,2,0.004060319900512695,1890
gpu,SS,1048576,16,0,0.3,314573,2,0.014422176361083984,1890
gpu,SS,1048576,16,0,0.3,314573,3,0.014442624092102051,1890
gpu,DS,1048576,16,0,0.3,314573,3,0.00413263988494873,1890
gpu,DS,1048576,16,0,0.3,314573,4,0.004105472087860108,1890
gpu,SS,1048576,16,0,0.3,314573,4,0.014327775955200196,1890
gpu,SS,1048576,16,0,0.3,314573,5,0.014442720413208009,1890
gpu,DS,1048576,16,0,0.3,314573,5,0.004281375885009766,1890
gpu,DS,1048576,16,0,0.3,314573,6,0.004186111927032471,1890
gpu,SS,1048576,16,0,0.3,314573,6,0.01450921630859375,1890
gpu,SS,1048576,16,0,0.3,314573,7,0.01446895980834961,1890
gpu,DS,1048576,16,0,0.3,314573,7,0.004234784126281739,1890
gpu,DS,1048576,16,0,0.3,314573,8,0.0042434558868408205,1890
gpu,SS,1048576,16,0,0.3,314573,8,0.014928223609924317,1890
gpu,SS,1048576,16,0,0.3,314573,9,0.014468928337097169,1890
gpu,DS,1048576,16,0,0.3,314573,9,0.004140895843505859,1890
gpu,DS,1048576,16,0,0.3,314573,10,0.004053664207458496,1890
gpu,SS,1048576,16,0,0.3,314573,10,0.01445030403137207,1890
gpu,SS,1048576,16,0,0.3,314573,11,0.014444928169250488,1890
gpu,DS,1048576,16,0,0.3,314573,11,0.004155456066131592,1890
gpu,DS,1048576,16,0,0.3,314573,12,0.004256063938140869,1890
gpu,SS,1048576,16,0,0.3,314573,12,0.014434432029724121,1890
gpu,SS,1048576,16,0,0.3,314573,13,0.014430208206176758,1890
gpu,DS,1048576,16,0,0.3,314573,13,0.0041765117645263675,1890
gpu,DS,1048576,16,0,0.3,314573,14,0.004108704090118408,1890
gpu,SS,1048576,16,0,0.3,314573,14,0.014446592330932618,1890
cpu,DS,1048576,16,0,0.5,524288,0,0.01615858000013759,-1
cpu,SS,1048576,16,0,0.5,524288,0,0.056258550999700674,-1
cpu,SS,1048576,16,0,0.5,524288,1,0.05756090299973948,-1
cpu,DS,1048576,16,0,0.5,524288,1,0.021433320000141975,-1
cpu,DS,1048576,16,0,0.5,524288,2,0.01766326699998899,-1
cpu,SS,1048576,16,0,0.5,524288,2,0.05454090200009887,-1
cpu,SS,1048576,16,0,0.5,524288,3,0.05614660899982482,-1
cpu,DS,1048576,16,0,0.5,524288,3,0.019689536999976553,-1
cpu,DS,1048576,16,0,0.5,524288,4,0.016985372999897663,-1
cpu,SS,1048576,16,0,0.5,524288,4,0.05379182499973467,-1
cpu,SS,1048576,16,0,0.5,524288,5,0.05892722099997627,-1
cpu,DS,1048576,16,0,0.5,524288,5,0.02256356499992762,-1
cpu,DS,1048576,16,0,0.5,524288,6,0.019427722000273207,-1
cpu,SS,1048576,16,0,0.5,524288,6,0.058424553999884665,-1
cpu,SS,1048576,16,0,0.5,524288,7,0.055725849999817,-1
cpu,DS,1048576,16,0,0.5,524288,7,0.020195031999719504,-1
cpu,DS,1048576,16,0,0.5,524288,8,0.020962245999726292,-1
cpu,SS,1048576,16,0,0.5,524288,8,0.06361241100012194,-1
cpu,SS,1048576,16,0,0.5,524288,9,0.05768805700017765,-1
cpu,DS,1048576,16,0,0.5,524288,9,0.020163242999842623,-1
cpu,DS,1048576,16,0,0.5,524288,10,0.015674343000227964,-1
cpu,SS,1048576,16,0,0.5,524288,10,0.05921916899978896,-1
cpu,SS,1048576,16,0,0.5,524288,11,0.06070367000029364,-1
cpu,DS,1048576,16,0,0.5,524288,11,0.019671595000090747,-1
cpu,DS,1048576,16,0,0.5,524288,12,0.07875912400004381,-1
cpu,SS,1048576,16,0,0.5,524288,12,0.08693548600012946,-1
cpu,SS,1048576,16,0,0.5,524288,13,0.06308351400002721,-1
cpu,DS,1048576,16,0,0.5,524288,13,0.022113944000011543,-1
cpu,DS,1048576,16,0,0.5,524288,14,0.02331829700005983,-1
cpu,SS,1048576,16,0,0.5,524288,14,0.05986273799999253,-1
gpu,DS,1048576,16,0,0.5,524288,0,0.0058808960914611816,1890
gpu,SS,1048576,16,0,0.5,524288,0,0.024010751724243166,1890
gpu,SS,1048576,16,0,0.5,524288,1,0.02613248062133789,1890
gpu,DS,1048576,16,0,0.5,524288,1,0.004190207958221436,1890
gpu,DS,1048576,16,0,0.5,524288,2,0.005500927925109863,1890
gpu,SS,1048576,16,0,0.5,524288,2,0.024793088912963866,1890
gpu,SS,1048576,16,0,0.5,524288,3,0.025959007263183592,1890
gpu,DS,1048576,16,0,0.5,524288,3,0.00420249605178833,1890
gpu,DS,1048576,16,0,0.5,524288,4,0.005058623790740967,1890
gpu,SS,1048576,16,0,0.5,524288,4,0.023963647842407225,1890
gpu,SS,1048576,16,0,0.5,524288,5,0.02526265525817871,1890
gpu,DS,1048576,16,0,0.5,524288,5,0.004124095916748047,1890
gpu,DS,1048576,16,0,0.5,524288,6,0.005112031936645508,1890
gpu,SS,1048576,16,0,0.5,524288,6,0.02387164878845215,1890
gpu,SS,1048576,16,0,0.5,524288,7,0.025704383850097656,1890
gpu,DS,1048576,16,0,0.5,524288,7,0.004350048065185547,1890
gpu,DS,1048576,16,0,0.5,524288,8,0.005144576072692871,1890
gpu,SS,1048576,16,0,0.5,524288,8,0.024926752090454102,1890
gpu,SS,1048576,16,0,0.5,524288,9,0.02531193542480469,1890
gpu,DS,1048576,16,0,0.5,524288,9,0.004177919864654541,1890
gpu,DS,1048576,16,0,0.5,524288,10,0.00409168004989624,1890
gpu,SS,1048576,16,0,0.5,524288,10,0.023696767807006837,1890
gpu,SS,1048576,16,0,0.5,524288,11,0.025597951889038087,1890
gpu,DS,1048576,16,0,0.5,524288,11,0.004185023784637451,1890
gpu,DS,1048576,16,0,0.5,524288,12,0.004199903964996338,1890
gpu,SS,1048576,16,0,0.5,524288,12,0.024674560546875,1890
gpu,SS,1048576,16,0,0.5,524288,13,0.025228607177734376,1890
gpu,DS,1048576,16,0,0.5,524288,13,0.004128287792205811,1890
gpu,DS,1048576,16,0,0.5,524288,14,0.004187295913696289,1890
gpu,SS,1048576,16,0,0.5,524288,14,0.025587167739868164,1890
cpu,DS,1048576,16,0,0.7,734003,0,0.020607394000307977,-1
cpu,SS,1048576,16,0,0.7,734003,0,0.07313444999999774,-1
cpu,SS,1048576,16,0,0.7,734003,1,0.07047125999997661,-1
cpu,DS,1048576,16,0,0.7,734003,1,0.018539099999998143,-1
cpu,DS,1048576,16,0,0.7,734003,2,0.02064491999999518,-1
cpu,SS,1048576,16,0,0.7,734003,2,0.07708391999995001,-1
cpu,SS,1048576,16,0,0.7,734003,3,0.07436366999991151,-1
cpu,DS,1048576,16,0,0.7,734003,3,0.019335059999775694,-1
cpu,DS,1048576,16,0,0.7,734003,4,0.01771812000015416,-1
cpu,SS,1048576,16,0,0.7,734003,4,0.07311114000003727,-1
cpu,SS,1048576,16,0,0.7,734003,5,0.07108038000023953,-1
cpu,DS,1048576,16,0,0.7,734003,5,0.01870757999995476,-1
cpu,DS,1048576,16,0,0.7,734003,6,0.01945296000030794,-1
cpu,SS,1048576,16,0,0.7,734003,6,0.083406510000259,-1
cpu,SS,1048576,16,0,0.7,734003,7,0.06617925000000469,-1
cpu,DS,1048576,16,0,0.7,734003,7,0.02243780999970113,-1
cpu,DS,1048576,16,0,0.7,734003,8,0.01991799000006722,-1
cpu,SS,1048576,16,0,0.7,734003,8,0.0683663400000114,-1
cpu,SS,1048576,16,0,0.7,734003,9,0.07415360999993936,-1
cpu,DS,1048576,16,0,0.7,734003,9,0.01834136999968905,-1
cpu,DS,1048576,16,0,0.7,734003,10,0.019988550000107352,-1
cpu,SS,1048576,16,0,0.7,734003,10,0.07249860000001718,-1
cpu,SS,1048576,16,0,0.7,734003,11,0.07420185000000856,-1
cpu,DS,1048576,16,0,0.7,734003,11,0.019952550000198244,-1
cpu,DS,1048576,16,0,0.7,734003,12,0.021845700000085344,-1
cpu,SS,1048576,16,0,0.7,734003,12,0.07493832000000111,-1
cpu,SS,1048576,16,0,0.7,734003,13,0.07129187999998976,-1
cpu,DS,1048576,16,0,0.7,734003,13,0.016524629999821627,-1
cpu,DS,1048576,16,0,0.7,734003,14,0.018443519999891578,-1
cpu,SS,1048576,16,0,0.7,734003,14,0.07885124999984328,-1
gpu,DS,1048576,16,0,0.7,734003,0,0.004139008045196534,1890
gpu,SS,1048576,16,0,0.7,734003,0,0.032479358673095704,1890
gpu,SS,1048576,16,0,0.7,734003,1,0.03347286224365234,1890
gpu,DS,1048576,16,0,0.7,734003,1,0.005831679821014404,1890
gpu,DS,1048576,16,0,0.7,734003,2,0.005005311965942383,1890
gpu,SS,1048576,16,0,0.7,734003,2,0.03290521621704102,1890
gpu,SS,1048576,16,0,0.7,734003,3,0.03305692672729492,1890
gpu,DS,1048576,16,0,0.7,734003,3,0.006209536075592041,1890
gpu,DS,1048576,16,0,0.7,734003,4,0.004212543964385986,1890
gpu,SS,1048576,16,0,0.7,734003,4,0.03466092681884766,1890
gpu,SS,1048576,16,0,0.7,734003,5,0.0336611213684082,1890
gpu,DS,1048576,16,0,0.7,734003,5,0.004521984100341797,1890
gpu,DS,1048576,16,0,0.7,734003,6,0.0042475519180297855,1890
gpu,SS,1048576,16,0,0.7,734003,6,0.03296051025390625,1890
gpu,SS,1048576,16,0,0.7,734003,7,0.033468544006347654,1890
gpu,DS,1048576,16,0,0.7,734003,7,0.004202816009521484,1890
gpu,DS,1048576,16,0,0.7,734003,8,0.004157792091369629,1890
gpu,SS,1048576,16,0,0.7,734003,8,0.03359027099609375,1890
gpu,SS,1048576,16,0,0.7,734003,9,0.03411088180541992,1890
gpu,DS,1048576,16,0,0.7,734003,9,0.004187744140625,1890
gpu,DS,1048576,16,0,0.7,734003,10,0.004085760116577148,1890
gpu,SS,1048576,16,0,0.7,734003,10,0.03298579025268555,1890
gpu,SS,1048576,16,0,0.7,734003,11,0.03303833770751953,1890
gpu,DS,1048576,16,0,0.7,734003,11,0.004511551856994629,1890
gpu,DS,1048576,16,0,0.7,734003,12,0.004771840095520019,1890
gpu,SS,1048576,16,0,0.7,734003,12,0.034368961334228516,1890
gpu,SS,1048576,16,0,0.7,734003,13,0.033084224700927735,1890
gpu,DS,1048576,16,0,0.7,734003,13,0.004215968132019043,1890
gpu,DS,1048576,16,0,0.7,734003,14,0.004510272026062012,1890
gpu,SS,1048576,16,0,0.7,734003,14,0.03425263977050781,1890
cpu,DS,1048576,16,0,1.0,1048576,0,0.019525140000041574,-1
cpu,SS,1048576,16,0,1.0,1048576,0,0.09040391999997155,-1
cpu,SS,1048576,16,0,1.0,1048576,1,0.10036880999996356,-1
cpu,DS,1048576,16,0,1.0,1048576,1,0.02050721999967209,-1
cpu,DS,1048576,16,0,1.0,1048576,2,0.020959290000064357,-1
cpu,SS,1048576,16,0,1.0,1048576,2,0.09919098000000304,-1
cpu,SS,1048576,16,0,1.0,1048576,3,0.09616509000034057,-1
cpu,DS,1048576,16,0,1.0,1048576,3,0.02227770000035889,-1
cpu,DS,1048576,16,0,1.0,1048576,4,0.0190457100002277,-1
cpu,SS,1048576,16,0,1.0,1048576,4,0.09225117000005412,-1
cpu,SS,1048576,16,0,1.0,1048576,5,0.10217384999987189,-1
cpu,DS,1048576,16,0,1.0,1048576,5,0.019907190000139963,-1
cpu,DS,1048576,16,0,1.0,1048576,6,0.023215860000163957,-1
cpu,SS,1048576,16,0,1.0,1048576,6,0.0982144800000242,-1
cpu,SS,1048576,16,0,1.0,1048576,7,0.09925037999983033,-1
cpu,DS,1048576,16,0,1.0,1048576,7,0.019900799999959418,-1
cpu,DS,1048576,16,0,1.0,1048576,8,0.018146160000014788,-1
cpu,SS,1048576,16,0,1.0,1048576,8,0.09489996000002066,-1
cpu,SS,1048576,16,0,1.0,1048576,9,0.09742284000003565,-1
cpu,DS,1048576,16,0,1.0,1048576,9,0.020040209999933722,-1
cpu,DS,1048576,16,0,1.0,1048576,10,0.021192749999954685,-1
cpu,SS,1048576,16,0,1.0,1048576,10,0.09401282999988325,-1
cpu,SS,1048576,16,0,1.0,1048576,11,0.09225594000008641,-1
cpu,DS,1048576,16,0,1.0,1048576,11,0.017086589999962598,-1
cpu,DS,1048576,16,0,1.0,1048576,12,0.017237519999980577,-1
cpu,SS,1048576,16,0,1.0,1048576,12,0.0926567999999861,-1
cpu,SS,1048576,16,0,1.0,1048576,13,0.09317357999998421,-1
cpu,DS,1048576,16,0,1.0,1048576,13,0.017697960000077728,-1
cpu,DS,1048576,16,0,1.0,1048576,14,0.018476729999747477,-1
cpu,SS,1048576,16,0,1.0,1048576,14,0.09650250000004235,-1
gpu,DS,1048576,16,0,1.0,1048576,0,0.004311071872711182,1890
gpu,SS,1048576,16,0,1.0,1048576,0,0.047693824768066405,1890
gpu,SS,1048576,16,0,1.0,1048576,1,0.04507347106933594,1905
gpu,DS,1048576,16,0,1.0,1048576,1,0.004071712017059326,1905
gpu,DS,1048576,16,0,1.0,1048576,2,0.0040991358757019045,1905
gpu,SS,1048576,16,0,1.0,1048576,2,0.04650307083129883,1905
gpu,SS,1048576,16,0,1.0,1048576,3,0.046945182800292966,1905
gpu,DS,1048576,16,0,1.0,1048576,3,0.0046273918151855465,1905
gpu,DS,1048576,16,0,1.0,1048576,4,0.004156608104705811,1905
gpu,SS,1048576,16,0,1.0,1048576,4,0.04669001770019531,1905
gpu,SS,1048576,16,0,1.0,1048576,5,0.0471822395324707,1905
gpu,DS,1048576,16,0,1.0,1048576,5,0.004108096122741699,1905
gpu,DS,1048576,16,0,1.0,1048576,6,0.004033279895782471,1905
gpu,SS,1048576,16,0,1.0,1048576,6,0.046607166290283206,1905
gpu,SS,1048576,16,0,1.0,1048576,7,0.0474502067565918,1905
gpu,DS,1048576,16,0,1.0,1048576,7,0.006144032001495361,1905
gpu,DS,1048576,16,0,1.0,1048576,8,0.0046733121871948245,1905
gpu,SS,1048576,16,0,1.0,1048576,8,0.04692374420166016,1905
gpu,SS,1048576,16,0,1.0,1048576,9,0.046071807861328126,1905
gpu,DS,1048576,16,0,1.0,1048576,9,0.0047075839042663575,1905
gpu,DS,1048576,16,0,1.0,1048576,10,0.004292416095733643,1905
gpu,SS,1048576,16,0,1.0,1048576,10,0.04742950439453125,1905
gpu,SS,1048576,16,0,1.0,1048576,11,0.04693027114868164,1905
gpu,DS,1048576,16,0,1.0,1048576,11,0.004760767936706543,1905
gpu,DS,1048576,16,0,1.0,1048576,12,0.004323328018188476,1905
gpu,SS,1048576,16,0,1.0,1048576,12,0.048580928802490236,1905
gpu,SS,1048576,16,0,1.0,1048576,13,0.04670022583007812,1905
gpu,DS,1048576,16,0,1.0,1048576,13,0.006762495994567871,1890
gpu,DS,1048576,16,0,1.0,1048576,14,0.004366144180297852,1890
gpu,SS,1048576,16,0,1.0,1048576,14,0.0470316162109375,1890
cpu,DS,1048576,48,256,0.0001,105,0,0.026931666000109544,-1
cpu,SS,1048576,48,256,0.0001,105,0,0.00019667800006573088,-1
cpu,SS,1048576,48,256,0.0001,105,1,0.0001565050001772761,-1
cpu,DS,1048576,48,256,0.0001,105,1,0.02721620099964639,-1
cpu,DS,1048576,48,256,0.0001,105,2,0.02600970599996799,-1
cpu,SS,1048576,48,256,0.0001,105,2,0.00011155199990753317,-1
cpu,SS,1048576,48,256,0.0001,105,3,7.937299960758537e-05,-1
cpu,DS,1048576,48,256,0.0001,105,3,0.023180151999895315,-1
cpu,DS,1048576,48,256,0.0001,105,4,0.027392793000217353,-1
cpu,SS,1048576,48,256,0.0001,105,4,0.0001351490000160993,-1
cpu,SS,1048576,48,256,0.0001,105,5,0.00010492100000192295,-1
cpu,DS,1048576,48,256,0.0001,105,5,0.02793007399986891,-1
cpu,DS,1048576,48,256,0.0001,105,6,0.02791154699980325,-1
cpu,SS,1048576,48,256,0.0001,105,6,0.0001249100000677572,-1
cpu,SS,1048576,48,256,0.0001,105,7,0.00010404299973743036,-1
cpu,DS,1048576,48,256,0.0001,105,7,0.029103805999966426,-1
cpu,DS,1048576,48,256,0.0001,105,8,0.027062134000061633,-1
cpu,SS,1048576,48,256,0.0001,105,8,0.0001367089998893789,-1
cpu,SS,1048576,48,256,0.0001,105,9,0.00011672000027829199,-1
cpu,DS,1048576,48,256,0.0001,105,9,0.026655907000076695,-1
cpu,DS,1048576,48,256,0.0001,105,10,0.027528038999662385,-1
cpu,SS,1048576,48,256,0.0001,105,10,0.00013280899975143257,-1
cpu,SS,1048576,48,256,0.0001,105,11,0.00011515899996084045,-1
cpu,DS,1048576,48,256,0.0001,105,11,0.02792295599965655,-1
cpu,DS,1048576,48,256,0.0001,105,12,0.0272852379998767,-1
cpu,SS,1048576,48,256,0.0001,105,12,0.00014714300004925462,-1
cpu,SS,1048576,48,256,0.0001,105,13,9.916799990605796e-05,-1
cpu,DS,1048576,48,256,0.0001,105,13,0.028802012000141985,-1
cpu,DS,1048576,48,256,0.0001,105,14,0.02937322600018888,-1
cpu,SS,1048576,48,256,0.0001,105,14,0.000133783999899606,-1
gpu,DS,1048576,48,256,0.0001,105,0,0.0021023039817810057,1905
gpu,SS,1048576,48,256,0.0001,105,0,0.00020022399723529816,1905
gpu,SS,1048576,48,256,0.0001,105,1,0.00028588798642158506,1905
gpu,DS,1048576,48,256,0.0001,105,1,0.002037152051925659,1905
gpu,DS,1048576,48,256,0.0001,105,2,0.0021241919994354247,1905
gpu,SS,1048576,48,256,0.0001,105,2,0.00021651199460029602,1905
gpu,SS,1048576,48,256,0.0001,105,3,0.0001515520066022873,1905
gpu,DS,1048576,48,256,0.0001,105,3,0.002134592056274414,1905
gpu,DS,1048576,48,256,0.0001,105,4,0.0020459520816802977,1905
gpu,SS,1048576,48,256,0.0001,105,4,0.00024611200392246244,1905
gpu,SS,1048576,48,256,0.0001,105,5,0.0002314240038394928,1905
gpu,DS,1048576,48,256,0.0001,105,5,0.0020587520599365233,1905
gpu,DS,1048576,48,256,0.0001,105,6,0.0020297598838806153,1905
gpu,SS,1048576,48,256,0.0001,105,6,0.0002152319997549057,1905
gpu,SS,1048576,48,256,0.0001,105,7,0.0002456000000238419,1905
gpu,DS,1048576,48,256,0.0001,105,7,0.002124063968658447,1905
gpu,DS,1048576,48,256,0.0001,105,8,0.0020433919429779053,1905
gpu,SS,1048576,48,256,0.0001,105,8,0.0002337920069694519,1905
gpu,SS,1048576,48,256,0.0001,105,9,0.00029513600468635557,1905
gpu,DS,1048576,48,256,0.0001,105,9,0.001933087944984436,1905
gpu,DS,1048576,48,256,0.0001,105,10,0.0021013760566711425,1905
gpu,SS,1048576,48,256,0.0001,105,10,0.0001947840005159378,1905
gpu,SS,1048576,48,256,0.0001,105,11,0.0001759359985589981,1905
gpu,DS,1048576,48,256,0.0001,105,11,0.002051520109176636,1905
gpu,DS,1048576,48,256,0.0001,105,12,0.0021071999073028562,1905
gpu,SS,1048576,48,256,0.0001,105,12,0.0002813439965248108,1905
gpu,SS,1048576,48,256,0.0001,105,13,0.00019516800343990327,1905
gpu,DS,1048576,48,256,0.0001,105,13,0.0018934719562530517,1905
gpu,DS,1048576,48,256,0.0001,105,14,0.001994752049446106,1905
gpu,SS,1048576,48,256,0.0001,105,14,0.000184128001332283,1905
cpu,DS,1048576,48,256,0.0003,315,0,0.02900017599995408,-1
cpu,SS,1048576,48,256,0.0003,315,0,0.00023736499997539795,-1
cpu,SS,1048576,48,256,0.0003,315,1,0.00019584999972721562,-1
cpu,DS,1048576,48,256,0.0003,315,1,0.024918697999964934,-1
cpu,DS,1048576,48,256,0.0003,315,2,0.03016164900009244,-1
cpu,SS,1048576,48,256,0.0003,315,2,0.00041166500022882246,-1
cpu,SS,1048576,48,256,0.0003,315,3,0.00020662499991885852,-1
cpu,DS,1048576,48,256,0.0003,315,3,0.029561211000327603,-1
cpu,DS,1048576,48,256,0.0003,315,4,0.030630041000222263,-1
cpu,SS,1048576,48,256,0.0003,315,4,0.0002461330000187445,-1
cpu,SS,1048576,48,256,0.0003,315,5,0.00020091999977012165,-1
cpu,DS,1048576,48,256,0.0003,315,5,0.03259329499996966,-1
cpu,DS,1048576,48,256,0.0003,315,6,0.03359145400008856,-1
cpu,SS,1048576,48,256,0.0003,315,6,0.00026567600025373395,-1
cpu,SS,1048576,48,256,0.0003,315,7,0.00021190699999351637,-1
cpu,DS,1048576,48,256,0.0003,315,7,0.028540656000132003,-1
cpu,DS,1048576,48,256,0.0003,315,8,0.028273078999973222,-1
cpu,SS,1048576,48,256,0.0003,315,8,0.0004781109996656596,-1
cpu,SS,1048576,48,256,0.0003,315,9,0.00016923000021051848,-1
cpu,DS,1048576,48,256,0.0003,315,9,0.026387151000108133,-1
cpu,DS,1048576,48,256,0.0003,315,10,0.02787884400004259,-1
cpu,SS,1048576,48,256,0.0003,315,10,0.00032229699991148664,-1
cpu,SS,1048576,48,256,0.0003,315,11,0.00018528700002207188,-1
cpu,DS,1048576,48,256,0.0003,315,11,0.02916602499999499,-1
cpu,DS,1048576,48,256,0.0003,315,12,0.03020865700000286,-1
cpu,SS,1048576,48,256,0.0003,315,12,0.0002531049999561219,-1
cpu,SS,1048576,48,256,0.0003,315,13,0.0002085259998239053,-1
cpu,DS,1048576,48,256,0.0003,315,13,0.03231673799973578,-1
cpu,DS,1048576,48,256,0.0003,315,14,0.030872054000155913,-1
cpu,SS,1048576,48,256,0.0003,315,14,0.00028278899981160066,-1
gpu,DS,1048576,48,256,0.0003,315,0,0.001970592021942139,1905
gpu,SS,1048576,48,256,0.0003,315,0,0.0001703680008649826,1905
gpu,SS,1048576,48,256,0.0003,315,1,0.0002536320090293884,1905
gpu,DS,1048576,48,256,0.0003,315,1,0.0020992639064788816,1905
gpu,DS,1048576,48,256,0.0003,315,2,0.001959231972694397,1905
gpu,SS,1048576,48,256,0.0003,315,2,9.030400216579437e-05,1905
gpu,SS,1048576,48,256,0.0003,315,3,7.705599814653397e-05,1905
gpu,DS,1048576,48,256,0.0003,315,3,0.0018969600200653075,1905
gpu,DS,1048576,48,256,0.0003,315,4,0.0019517439603805543,1905
gpu,SS,1048576,48,256,0.0003,315,4,0.00015964800119400025,1905
gpu,SS,1048576,48,256,0.0003,315,5,8.78399983048439e-05,1905
gpu,DS,1048576,48,256,0.0003,315,5,0.001958688020706177,1905
gpu,DS,1048576,48,256,0.0003,315,6,0.002590719938278198,1905
gpu,SS,1048576,48,256,0.0003,315,6,0.00021590399742126465,1890
gpu,SS,1048576,48,256,0.0003,315,7,0.00019219200313091278,1890
gpu,DS,1048576,48,256,0.0003,315,7,0.002061984062194824,1890
gpu,DS,1048576,48,256,0.0003,315,8,0.0025365440845489503,1890
gpu,SS,1048576,48,256,0.0003,315,8,9.593600034713745e-05,1890
gpu,SS,1048576,48,256,0.0003,315,9,0.00017827199399471282,1890
gpu,DS,1048576,48,256,0.0003,315,9,0.0020193281173706053,1890
gpu,DS,1048576,48,256,0.0003,315,10,0.0019987839460372924,1890
gpu,SS,1048576,48,256,0.0003,315,10,0.00018915200233459472,1890
gpu,SS,1048576,48,256,0.0003,315,11,0.0001701119989156723,1890
gpu,DS,1048576,48,256,0.0003,315,11,0.0019519360065460205,1890
gpu,DS,1048576,48,256,0.0003,315,12,0.002037343978881836,1890
gpu,SS,1048576,48,256,0.0003,315,12,0.00016115200519561766,1890
gpu,SS,1048576,48,256,0.0003,315,13,0.0001446399986743927,1890
gpu,DS,1048576,48,256,0.0003,315,13,0.001968991994857788,1890
gpu,DS,1048576,48,256,0.0003,315,14,0.0019791680574417114,1890
gpu,SS,1048576,48,256,0.0003,315,14,0.00018671999871730803,1890
cpu,DS,1048576,48,256,0.001,1049,0,0.029834069999651547,-1
cpu,SS,1048576,48,256,0.001,1049,0,0.0006964610001887195,-1
cpu,SS,1048576,48,256,0.001,1049,1,0.002039419000084308,-1
cpu,DS,1048576,48,256,0.001,1049,1,0.029536913999891112,-1
cpu,DS,1048576,48,256,0.001,1049,2,0.031010121000235813,-1
cpu,SS,1048576,48,256,0.001,1049,2,0.0006106840000938973,-1
cpu,SS,1048576,48,256,0.001,1049,3,0.0005050479999226809,-1
cpu,DS,1048576,48,256,0.001,1049,3,0.03063680100012789,-1
cpu,DS,1048576,48,256,0.001,1049,4,0.030655922000278224,-1
cpu,SS,1048576,48,256,0.001,1049,4,0.0005879729997104732,-1
cpu,SS,1048576,48,256,0.001,1049,5,0.0005735009999625618,-1
cpu,DS,1048576,48,256,0.001,1049,5,0.03142833599986261,-1
cpu,DS,1048576,48,256,0.001,1049,6,0.03204324600028485,-1
cpu,SS,1048576,48,256,0.001,1049,6,0.000676496000323823,-1
cpu,SS,1048576,48,256,0.001,1049,7,0.0005455069999698026,-1
cpu,DS,1048576,48,256,0.001,1049,7,0.030884308000167948,-1
cpu,DS,1048576,48,256,0.001,1049,8,0.029939071999706357,-1
cpu,SS,1048576,48,256,0.001,1049,8,0.000653678000162472,-1
cpu,SS,1048576,48,256,0.001,1049,9,0.000500822999583761,-1
cpu,DS,1048576,48,256,0.001,1049,9,0.03131340299978547,-1
cpu,DS,1048576,48,256,0.001,1049,10,0.029794985000080487,-1
cpu,SS,1048576,48,256,0.001,1049,10,0.0006080440002733667,-1
cpu,SS,1048576,48,256,0.001,1049,11,0.0005758249999416876,-1
cpu,DS,1048576,48,256,0.001,1049,11,0.03045014200006335,-1
cpu,DS,1048576,48,256,0.001,1049,12,0.030886948999977903,-1
cpu,SS,1048576,48,256,0.001,1049,12,0.0008878740000000107,-1
cpu,SS,1048576,48,256,0.001,1049,13,0.0008536479999747826,-1
cpu,DS,1048576,48,256,0.001,1049,13,0.030663316999834933,-1
cpu,DS,1048576,48,256,0.001,1049,14,0.028467977999753202,-1
cpu,SS,1048576,48,256,0.001,1049,14,0.0006385720002981543,-1
gpu,DS,1048576,48,256,0.001,1049,0,0.0019273600578308106,1890
gpu,SS,1048576,48,256,0.001,1049,0,0.0011814399957656861,1890
gpu,SS,1048576,48,256,0.001,1049,1,0.00019235199689865111,1890
gpu,DS,1048576,48,256,0.001,1049,1,0.0020480639934539794,1890
gpu,DS,1048576,48,256,0.001,1049,2,0.0019742720127105713,1890
gpu,SS,1048576,48,256,0.001,1049,2,0.00012281599640846252,1890
gpu,SS,1048576,48,256,0.001,1049,3,0.0002619200050830841,1890
gpu,DS,1048576,48,256,0.001,1049,3,0.001970271944999695,1890
gpu,DS,1048576,48,256,0.001,1049,4,0.0019681919813156127,1890
gpu,SS,1048576,48,256,0.001,1049,4,0.00011612799763679504,1890
gpu,SS,1048576,48,256,0.001,1049,5,0.000155583992600441,1890
gpu,DS,1048576,48,256,0.001,1049,5,0.001947327971458435,1890
gpu,DS,1048576,48,256,0.001,1049,6,0.0019355839490890502,1890
gpu,SS,1048576,48,256,0.001,1049,6,0.00011222399771213532,1890
gpu,SS,1048576,48,256,0.001,1049,7,9.948799759149551e-05,1890
gpu,DS,1048576,48,256,0.001,1049,7,0.003956223964691162,1890
gpu,DS,1048576,48,256,0.001,1049,8,0.0019886080026626585,1890
gpu,SS,1048576,48,256,0.001,1049,8,0.00014028799533843993,1890
gpu,SS,1048576,48,256,0.001,1049,9,0.00011468800157308579,1890
gpu,DS,1048576,48,256,0.001,1049,9,0.001963263988494873,1890
gpu,DS,1048576,48,256,0.001,1049,10,0.0024223361015319822,1890
gpu,SS,1048576,48,256,0.001,1049,10,0.0001106560006737709,1890
gpu,SS,1048576,48,256,0.001,1049,11,0.00010041599720716476,1890
gpu,DS,1048576,48,256,0.001,1049,11,0.001986528038978577,1890
gpu,DS,1048576,48,256,0.001,1049,12,0.0019005119800567627,1890
gpu,SS,1048576,48,256,0.001,1049,12,9.683199971914291e-05,1890
gpu,SS,1048576,48,256,0.001,1049,13,0.0001372160017490387,1890
gpu,DS,1048576,48,256,0.001,1049,13,0.00283238410949707,1890
gpu,DS,1048576,48,256,0.001,1049,14,0.0018305599689483643,1890
gpu,SS,1048576,48,256,0.001,1049,14,9.491200000047683e-05,1890
cpu,DS,1048576,48,256,0.003,3146,0,0.03053021499999886,-1
cpu,SS,1048576,48,256,0.003,3146,0,0.0015235950004353072,-1
cpu,SS,1048576,48,256,0.003,3146,1,0.0013879580001230352,-1
cpu,DS,1048576,48,256,0.003,3146,1,0.028001699000014924,-1
cpu,DS,1048576,48,256,0.003,3146,2,0.029239125000003696,-1
cpu,SS,1048576,48,256,0.003,3146,2,0.0014578889999938838,-1
cpu,SS,1048576,48,256,0.003,3146,3,0.001334928999767726,-1
cpu,DS,1048576,48,256,0.003,3146,3,0.02881795199982662,-1
cpu,DS,1048576,48,256,0.003,3146,4,0.02967212900011873,-1
cpu,SS,1048576,48,256,0.003,3146,4,0.0016566969998166314,-1
cpu,SS,1048576,48,256,0.003,3146,5,0.001467184999910387,-1
cpu,DS,1048576,48,256,0.003,3146,5,0.02585548299975926,-1
cpu,DS,1048576,48,256,0.003,3146,6,0.02763018399991779,-1
cpu,SS,1048576,48,256,0.003,3146,6,0.001490255000135221,-1
cpu,SS,1048576,48,256,0.003,3146,7,0.0012194680002721725,-1
cpu,DS,1048576,48,256,0.003,3146,7,0.027184593000129098,-1
cpu,DS,1048576,48,256,0.003,3146,8,0.026819902999704937,-1
cpu,SS,1048576,48,256,0.003,3146,8,0.0013120050002726202,-1
cpu,SS,1048576,48,256,0.003,3146,9,0.0011664210001072206,-1
cpu,DS,1048576,48,256,0.003,3146,9,0.02683677200002421,-1
cpu,DS,1048576,48,256,0.003,3146,10,0.026177210000241757,-1
cpu,SS,1048576,48,256,0.003,3146,10,0.001519118000032904,-1
cpu,SS,1048576,48,256,0.003,3146,11,0.0012432599996827776,-1
cpu,DS,1048576,48,256,0.003,3146,11,0.02737883400004648,-1
cpu,DS,1048576,48,256,0.003,3146,12,0.027698863000296114,-1
cpu,SS,1048576,48,256,0.003,3146,12,0.00276208500008579,-1
cpu,SS,1048576,48,256,0.003,3146,13,0.0023524429998360574,-1
cpu,DS,1048576,48,256,0.003,3146,13,0.030733100999896124,-1
cpu,DS,1048576,48,256,0.003,3146,14,0.035117274999720394,-1
cpu,SS,1048576,48,256,0.003,3146,14,0.0017387109996889194,-1
gpu,DS,1048576,48,256,0.003,3146,0,0.004092448234558106,1890
gpu,SS,1048576,48,256,0.003,3146,0,0.000487199991941452,1890
gpu,SS,1048576,48,256,0.003,3146,1,0.0002631359994411469,1890
gpu,DS,1048576,48,256,0.003,3146,1,0.002012671947479248,1890
gpu,DS,1048576,48,256,0.003,3146,2,0.0020385921001434327,1890
gpu,SS,1048576,48,256,0.003,3146,2,0.00032358399033546447,1890
gpu,SS,1048576,48,256,0.003,3146,3,0.0002160319983959198,1890
gpu,DS,1048576,48,256,0.003,3146,3,0.0020262720584869384,1890
gpu,DS,1048576,48,256,0.003,3146,4,0.001991039991378784,1890
gpu,SS,1048576,48,256,0.003,3146,4,0.00016793599724769593,1890
gpu,SS,1048576,48,256,0.003,3146,5,0.00017056000232696533,1890
gpu,DS,1048576,48,256,0.003,3146,5,0.0020868799686431885,1890
gpu,DS,1048576,48,256,0.003,3146,6,0.002020479917526245,1890
gpu,SS,1048576,48,256,0.003,3146,6,0.00019120000302791596,1890
gpu,SS,1048576,48,256,0.003,3146,7,0.00020870399475097657,1890
gpu,DS,1048576,48,256,0.003,3146,7,0.002028480052947998,1890
gpu,DS,1048576,48,256,0.003,3146,8,0.001984511971473694,1890
gpu,SS,1048576,48,256,0.003,3146,8,0.00022323200106620788,1890
gpu,SS,1048576,48,256,0.003,3146,9,8.851200342178344e-05,1890
gpu,DS,1048576,48,256,0.003,3146,9,0.002066431999206543,1890
gpu,DS,1048576,48,256,0.003,3146,10,0.0025203518867492674,1890
gpu,SS,1048576,48,256,0.003,3146,10,0.00021379199624061584,1890
gpu,SS,1048576,48,256,0.003,3146,11,0.00015993599593639373,1890
gpu,DS,1048576,48,256,0.003,3146,11,0.002007040023803711,1890
gpu,DS,1048576,48,256,0.003,3146,12,0.0025576961040496824,1890
gpu,SS,1048576,48,256,0.003,3146,12,0.0004796159863471985,1890
gpu,SS,1048576,48,256,0.003,3146,13,0.00021084800362586976,1890
gpu,DS,1048576,48,256,0.003,3146,13,0.0020152320861816404,1890
gpu,DS,1048576,48,256,0.003,3146,14,0.002666527986526489,1890
gpu,SS,1048576,48,256,0.003,3146,14,0.0001143679991364479,1890
cpu,DS,1048576,48,256,0.01,10486,0,0.027914848999898823,-1
cpu,SS,1048576,48,256,0.01,10486,0,0.004163118000178656,-1
cpu,SS,1048576,48,256,0.01,10486,1,0.004371205999632366,-1
cpu,DS,1048576,48,256,0.01,10486,1,0.03115259199967113,-1
cpu,DS,1048576,48,256,0.01,10486,2,0.029713140000239946,-1
cpu,SS,1048576,48,256,0.01,10486,2,0.004489193000154046,-1
cpu,SS,1048576,48,256,0.01,10486,3,0.004639945000235457,-1
cpu,DS,1048576,48,256,0.01,10486,3,0.028251650000129302,-1
cpu,DS,1048576,48,256,0.01,10486,4,0.028445306999856257,-1
cpu,SS,1048576,48,256,0.01,10486,4,0.004835550999814586,-1
cpu,SS,1048576,48,256,0.01,10486,5,0.004410013999859075,-1
cpu,DS,1048576,48,256,0.01,10486,5,0.02826344999994035,-1
cpu,DS,1048576,48,256,0.01,10486,6,0.029783346999920468,-1
cpu,SS,1048576,48,256,0.01,10486,6,0.004030503999729262,-1
cpu,SS,1048576,48,256,0.01,10486,7,0.0041442990000177815,-1
cpu,DS,1048576,48,256,0.01,10486,7,0.029529429999911372,-1
cpu,DS,1048576,48,256,0.01,10486,8,0.02857938400029525,-1
cpu,SS,1048576,48,256,0.01,10486,8,0.004408259999763686,-1
cpu,SS,1048576,48,256,0.01,10486,9,0.004180182000254717,-1
cpu,DS,1048576,48,256,0.01,10486,9,0.02977876400018431,-1
cpu,DS,1048576,48,256,0.01,10486,10,0.02982898300024317,-1
cpu,SS,1048576,48,256,0.01,10486,10,0.005168063000382972,-1
cpu,SS,1048576,48,256,0.01,10486,11,0.004739503000109835,-1
cpu,DS,1048576,48,256,0.01,10486,11,0.030203521000203182,-1
cpu,DS,1048576,48,256,0.01,10486,12,0.02764796200017372,-1
cpu,SS,1048576,48,256,0.01,10486,12,0.005445870000130526,-1
cpu,SS,1048576,48,256,0.01,10486,13,0.004113777000384289,-1
cpu,DS,1048576,48,256,0.01,10486,13,0.03418019799983085,-1
cpu,DS,1048576,48,256,0.01,10486,14,0.02918804499995531,-1
cpu,SS,1048576,48,256,0.01,10486,14,0.004225914000016928,-1
gpu,DS,1048576,48,256,0.01,10486,0,0.0019112000465393067,1875
gpu,SS,1048576,48,256,0.01,10486,0,0.0002683199942111969,1875
gpu,SS,1048576,48,256,0.01,10486,1,0.0002423039972782135,1875
gpu,DS,1048576,48,256,0.01,10486,1,0.0019249600172042847,1875
gpu,DS,1048576,48,256,0.01,10486,2,0.0029873600006103517,1875
gpu,SS,1048576,48,256,0.01,10486,2,0.0002636159956455231,1875
gpu,SS,1048576,48,256,0.01,10486,3,0.000255840003490448,1875
gpu,DS,1048576,48,256,0.01,10486,3,0.0019419519901275634,1875
gpu,DS,1048576,48,256,0.01,10486,4,0.0019415040016174316,1875
gpu,SS,1048576,48,256,0.01,10486,4,0.0002688960134983063,1875
gpu,SS,1048576,48,256,0.01,10486,5,0.00029286399483680726,1875
gpu,DS,1048576,48,256,0.01,10486,5,0.0024160640239715577,1875
gpu,DS,1048576,48,256,0.01,10486,6,0.0019169280529022217,1875
gpu,SS,1048576,48,256,0.01,10486,6,0.0002573440074920654,1875
gpu,SS,1048576,48,256,0.01,10486,7,0.0002496960014104843,1875
gpu,DS,1048576,48,256,0.01,10486,7,0.0018928639888763428,1875
gpu,DS,1048576,48,256,0.01,10486,8,0.0019167040586471557,1875
gpu,SS,1048576,48,256,0.01,10486,8,0.0001921280026435852,1875
gpu,SS,1048576,48,256,0.01,10486,9,0.0002759999930858612,1875
gpu,DS,1048576,48,256,0.01,10486,9,0.001952415943145752,1875
gpu,DS,1048576,48,256,0.01,10486,10,0.0018799680471420289,1875
gpu,SS,1048576,48,256,0.01,10486,10,0.00027055999636650083,1875
gpu,SS,1048576,48,256,0.01,10486,11,0.00024383999407291413,1875
gpu,DS,1048576,48,256,0.01,10486,11,0.0020639359951019286,1875
gpu,DS,1048576,48,256,0.01,10486,12,0.0018459520339965821,1875
gpu,SS,1048576,48,256,0.01,10486,12,0.00028086400032043457,1875
gpu,SS,1048576,48,256,0.01,10486,13,0.0002720000147819519,1890
gpu,DS,1048576,48,256,0.01,10486,13,0.0020088961124420167,1890
gpu,DS,1048576,48,256,0.01,10486,14,0.0019720959663391113,1890
gpu,SS,1048576,48,256,0.01,10486,14,0.0002560000121593475,1890
cpu,DS,1048576,48,256,0.03,31457,0,0.028517270000065764,-1
cpu,SS,1048576,48,256,0.03,31457,0,0.011131810999813752,-1
cpu,SS,1048576,48,256,0.03,31457,1,0.011361155999566108,-1
cpu,DS,1048576,48,256,0.03,31457,1,0.028429022000182158,-1
cpu,DS,1048576,48,256,0.03,31457,2,0.027313111999774264,-1
cpu,SS,1048576,48,256,0.03,31457,2,0.011110749000181386,-1
cpu,SS,1048576,48,256,0.03,31457,3,0.011356084999988525,-1
cpu,DS,1048576,48,256,0.03,31457,3,0.026784311000028538,-1
cpu,DS,1048576,48,256,0.03,31457,4,0.02961475199981578,-1
cpu,SS,1048576,48,256,0.03,31457,4,0.011813898000127665,-1
cpu,SS,1048576,48,256,0.03,31457,5,0.010884427000291907,-1
cpu,DS,1048576,48,256,0.03,31457,5,0.026684460999604198,-1
cpu,DS,1048576,48,256,0.03,31457,6,0.028405035000105272,-1
cpu,SS,1048576,48,256,0.03,31457,6,0.011389530999622366,-1
cpu,SS,1048576,48,256,0.03,31457,7,0.010990225000114151,-1
cpu,DS,1048576,48,256,0.03,31457,7,0.027330273000188754,-1
cpu,DS,1048576,48,256,0.03,31457,8,0.027913972000078502,-1
cpu,SS,1048576,48,256,0.03,31457,8,0.012117449000015768,-1
cpu,SS,1048576,48,256,0.03,31457,9,0.01141644399967845,-1
cpu,DS,1048576,48,256,0.03,31457,9,0.029684763999739516,-1
cpu,DS,1048576,48,256,0.03,31457,10,0.02794927100012501,-1
cpu,SS,1048576,48,256,0.03,31457,10,0.011350918000061938,-1
cpu,SS,1048576,48,256,0.03,31457,11,0.010603889000321942,-1
cpu,DS,1048576,48,256,0.03,31457,11,0.026267114999882324,-1
cpu,DS,1048576,48,256,0.03,31457,12,0.027282298000045557,-1
cpu,SS,1048576,48,256,0.03,31457,12,0.011825209000107861,-1
cpu,SS,1048576,48,256,0.03,31457,13,0.01113561399961327,-1
cpu,DS,1048576,48,256,0.03,31457,13,0.028641302999858453,-1
cpu,DS,1048576,48,256,0.03,31457,14,0.028405327999735164,-1
cpu,SS,1048576,48,256,0.03,31457,14,0.011072914000124001,-1
gpu,DS,1048576,48,256,0.03,31457,0,0.0036081280708312987,1890
gpu,SS,1048576,48,256,0.03,31457,0,0.0003481599986553192,1890
gpu,SS,1048576,48,256,0.03,31457,1,0.0003461120128631592,1890
gpu,DS,1048576,48,256,0.03,31457,1,0.0019512640237808227,1890
gpu,DS,1048576,48,256,0.03,31457,2,0.0020727040767669676,1890
gpu,SS,1048576,48,256,0.03,31457,2,0.0004185599982738495,1890
gpu,SS,1048576,48,256,0.03,31457,3,0.00047644799947738645,1890
gpu,DS,1048576,48,256,0.03,31457,3,0.0018461120128631591,1890
gpu,DS,1048576,48,256,0.03,31457,4,0.003040191888809204,1890
gpu,SS,1048576,48,256,0.03,31457,4,0.0003481599986553192,1890
gpu,SS,1048576,48,256,0.03,31457,5,0.0004116480052471161,1890
gpu,DS,1048576,48,256,0.03,31457,5,0.0019249600172042847,1890
gpu,DS,1048576,48,256,0.03,31457,6,0.0019576640129089357,1890
gpu,SS,1048576,48,256,0.03,31457,6,0.0004126079976558685,1890
gpu,SS,1048576,48,256,0.03,31457,7,0.0003983359932899475,1890
gpu,DS,1048576,48,256,0.03,31457,7,0.0019140479564666748,1890
gpu,DS,1048576,48,256,0.03,31457,8,0.0020087039470672607,1890
gpu,SS,1048576,48,256,0.03,31457,8,0.00040345600247383115,1890
gpu,SS,1048576,48,256,0.03,31457,9,0.0004128960072994232,1890
gpu,DS,1048576,48,256,0.03,31457,9,0.0019109760522842407,1890
gpu,DS,1048576,48,256,0.03,31457,10,0.001933087944984436,1890
gpu,SS,1048576,48,256,0.03,31457,10,0.0006386240124702454,1890
gpu,SS,1048576,48,256,0.03,31457,11,0.0004163840115070343,1890
gpu,DS,1048576,48,256,0.03,31457,11,0.0019487680196762084,1890
gpu,DS,1048576,48,256,0.03,31457,12,0.0018944000005722047,1890
gpu,SS,1048576,48,256,0.03,31457,12,0.00045203199982643126,1890
gpu,SS,1048576,48,256,0.03,31457,13,0.0004164159893989563,1890
gpu,DS,1048576,48,256,0.03,31457,13,0.0018883199691772461,1890
gpu,DS,1048576,48,256,0.03,31457,14,0.0024116160869598387,1890
gpu,SS,1048576,48,256,0.03,31457,14,0.00042086398601531985,1890
cpu,DS,1048576,48,256,0.1,104858,0,0.026344928000071377,-1
cpu,SS,1048576,48,256,0.1,104858,0,0.029042267000022548,-1
cpu,SS,1048576,48,256,0.1,104858,1,0.03093992000003709,-1
cpu,DS,1048576,48,256,0.1,104858,1,0.03060458199979621,-1
cpu,DS,1048576,48,256,0.1,104858,2,0.02972932700004094,-1
cpu,SS,1048576,48,256,0.1,104858,2,0.03023999000015465,-1
cpu,SS,1048576,48,256,0.1,104858,3,0.02855412899998555,-1
cpu,DS,1048576,48,256,0.1,104858,3,0.028127033000146184,-1
cpu,DS,1048576,48,256,0.1,104858,4,0.02994638500013025,-1
cpu,SS,1048576,48,256,0.1,104858,4,0.026962365000144928,-1
cpu,SS,1048576,48,256,0.1,104858,5,0.0308707859999231,-1
cpu,DS,1048576,48,256,0.1,104858,5,0.027302189999772963,-1
cpu,DS,1048576,48,256,0.1,104858,6,0.027795690999937506,-1
cpu,SS,1048576,48,256,0.1,104858,6,0.030472357000235206,-1
cpu,SS,1048576,48,256,0.1,104858,7,0.029880468000101246,-1
cpu,DS,1048576,48,256,0.1,104858,7,0.02746025499982352,-1
cpu,DS,1048576,48,256,0.1,104858,8,0.027381369000067934,-1
cpu,SS,1048576,48,256,0.1,104858,8,0.0309524990002501,-1
cpu,SS,1048576,48,256,0.1,104858,9,0.029725913999754994,-1
cpu,DS,1048576,48,256,0.1,104858,9,0.028048535999914748,-1
cpu,DS,1048576,48,256,0.1,104858,10,0.02384953500040865,-1
cpu,SS,1048576,48,256,0.1,104858,10,0.027768387999913102,-1
cpu,SS,1048576,48,256,0.1,104858,11,0.029912646999946446,-1
cpu,DS,1048576,48,256,0.1,104858,11,0.0315322980000019,-1
cpu,DS,1048576,48,256,0.1,104858,12,0.02778837799996836,-1
cpu,SS,1048576,48,256,0.1,104858,12,0.029756726999949024,-1
cpu,SS,1048576,48,256,0.1,104858,13,0.030273533000126918,-1
cpu,DS,1048576,48,256,0.1,104858,13,0.026287494999905903,-1
cpu,DS,1048576,48,256,0.1,104858,14,0.028023671000028116,-1
cpu,SS,1048576,48,256,0.1,104858,14,0.02900326300004963,-1
gpu,DS,1048576,48,256,0.1,104858,0,0.002099200010299683,840
gpu,SS,1048576,48,256,0.1,104858,0,0.00129475200176239,840
gpu,SS,1048576,48,256,0.1,104858,1,0.0007873280048370362,1635
gpu,DS,1048576,48,256,0.1,104858,1,0.0026606719493865966,1725
gpu,DS,1048576,48,256,0.1,104858,2,0.0018944000005722047,1725
gpu,SS,1048576,48,256,0.1,104858,2,0.0007434239983558654,1725
gpu,SS,1048576,48,256,0.1,104858,3,0.0007270399928092957,1725
gpu,DS,1048576,48,256,0.1,104858,3,0.002172127962112427,1725
gpu,DS,1048576,48,256,0.1,104858,4,0.001943071961402893,1725
gpu,SS,1048576,48,256,0.1,104858,4,0.0007525759935379028,1725
gpu,SS,1048576,48,256,0.1,104858,5,0.0007598080039024353,1725
gpu,DS,1048576,48,256,0.1,104858,5,0.0019416320323944092,1725
gpu,DS,1048576,48,256,0.1,104858,6,0.0018759679794311524,1725
gpu,SS,1048576,48,256,0.1,104858,6,0.0007352319955825806,1725
gpu,SS,1048576,48,256,0.1,104858,7,0.0007504000067710876,1725
gpu,DS,1048576,48,256,0.1,104858,7,0.0018868160247802735,1725
gpu,DS,1048576,48,256,0.1,104858,8,0.0019001920223236084,1725
gpu,SS,1048576,48,256,0.1,104858,8,0.0007639679908752441,1725
gpu,SS,1048576,48,256,0.1,104858,9,0.0007287359833717346,1725
gpu,DS,1048576,48,256,0.1,104858,9,0.001972767949104309,1725
gpu,DS,1048576,48,256,0.1,104858,10,0.0019157439470291137,1725
gpu,SS,1048576,48,256,0.1,104858,10,0.0008059840202331543,1725
gpu,SS,1048576,48,256,0.1,104858,11,0.0007508800029754638,1725
gpu,DS,1048576,48,256,0.1,104858,11,0.0037178239822387694,1725
gpu,DS,1048576,48,256,0.1,104858,12,0.0019572160243988036,1725
gpu,SS,1048576,48,256,0.1,104858,12,0.0007600319981575012,1725
gpu,SS,1048576,48,256,0.1,104858,13,0.0007520319819450379,1725
gpu,DS,1048576,48,256,0.1,104858,13,0.0019152640104293823,1725
gpu,DS,1048576,48,256,0.1,104858,14,0.002533600091934204,1725
gpu,SS,1048576,48,256,0.1,104858,14,0.0007517120242118836,1725
cpu,DS,1048576,48,256,0.2,209715,0,0.027851377999922988,-1
cpu,SS,1048576,48,256,0.2,209715,0,0.05579571699990993,-1
cpu,SS,1048576,48,256,0.2,209715,1,0.04892966199986404,-1
cpu,DS,1048576,48,256,0.2,209715,1,0.027278933999696164,-1
cpu,DS,1048576,48,256,0.2,209715,2,0.02730893499983722,-1
cpu,SS,1048576,48,256,0.2,209715,2,0.05988934200013318,-1
cpu,SS,1048576,48,256,0.2,209715,3,0.058680544000253576,-1
cpu,DS,1048576,48,256,0.2,209715,3,0.030996598999990965,-1
cpu,DS,1048576,48,256,0.2,209715,4,0.02748270699976274,-1
cpu,SS,1048576,48,256,0.2,209715,4,0.05908154000007926,-1
cpu,SS,1048576,48,256,0.2,209715,5,0.05539007299967125,-1
cpu,DS,1048576,48,256,0.2,209715,5,0.032077788000151486,-1
cpu,DS,1048576,48,256,0.2,209715,6,0.0305200729999342,-1
cpu,SS,1048576,48,256,0.2,209715,6,0.04863704899980803,-1
cpu,SS,1048576,48,256,0.2,209715,7,0.0577867540000625,-1
cpu,DS,1048576,48,256,0.2,209715,7,0.030959203999827878,-1
cpu,DS,1048576,48,256,0.2,209715,8,0.02817959100002554,-1
cpu,SS,1048576,48,256,0.2,209715,8,0.05867610700033765,-1
cpu,SS,1048576,48,256,0.2,209715,9,0.05716793500005224,-1
cpu,DS,1048576,48,256,0.2,209715,9,0.02870238600007724,-1
cpu,DS,1048576,48,256,0.2,209715,10,0.029766779000055976,-1
cpu,SS,1048576,48,256,0.2,209715,10,0.05427507999957015,-1
cpu,SS,1048576,48,256,0.2,209715,11,0.0548338970002078,-1
cpu,DS,1048576,48,256,0.2,209715,11,0.029252435000216792,-1
cpu,DS,1048576,48,256,0.2,209715,12,0.030390667999654397,-1
cpu,SS,1048576,48,256,0.2,209715,12,0.055246935000013764,-1
cpu,SS,1048576,48,256,0.2,209715,13,0.05518883500008087,-1
cpu,DS,1048576,48,256,0.2,209715,13,0.031501963999744476,-1
cpu,DS,1048576,48,256,0.2,209715,14,0.029859951000162255,-1
cpu,SS,1048576,48,256,0.2,209715,14,0.05461121500002264,-1
gpu,DS,1048576,48,256,0.2,209715,0,0.0019866880178451536,1095
gpu,SS,1048576,48,256,0.2,209715,0,0.0018411519527435302,1095
gpu,SS,1048576,48,256,0.2,209715,1,0.0018431999683380126,1095
gpu,DS,1048576,48,256,0.2,209715,1,0.0044538240432739256,1095
gpu,DS,1048576,48,256,0.2,209715,2,0.0020520639419555663,1095
gpu,SS,1048576,48,256,0.2,209715,2,0.0018475840091705322,1095
gpu,SS,1048576,48,256,0.2,209715,3,0.001849727988243103,1095
gpu,DS,1048576,48,256,0.2,209715,3,0.0019291839599609375,1095
gpu,DS,1048576,48,256,0.2,209715,4,0.0019578880071640017,1095
gpu,SS,1048576,48,256,0.2,209715,4,0.0018428479433059692,1095
gpu,SS,1048576,48,256,0.2,209715,5,0.0017791359424591065,1095
gpu,DS,1048576,48,256,0.2,209715,5,0.002081216096878052,1095
gpu,DS,1048576,48,256,0.2,209715,6,0.00204800009727478,1095
gpu,SS,1048576,48,256,0.2,209715,6,0.0018395520448684693,1095
gpu,SS,1048576,48,256,0.2,209715,7,0.0018209600448608398,1095
gpu,DS,1048576,48,256,0.2,209715,7,0.0020377600193023683,1095
gpu,DS,1048576,48,256,0.2,209715,8,0.0033505280017852783,1095
gpu,SS,1048576,48,256,0.2,209715,8,0.0017706880569458008,1095
gpu,SS,1048576,48,256,0.2,209715,9,0.0018391040563583373,1095
gpu,DS,1048576,48,256,0.2,209715,9,0.00199017596244812,1095
gpu,DS,1048576,48,256,0.2,209715,10,0.0019398080110549928,1095
gpu,SS,1048576,48,256,0.2,209715,10,0.0032624640464782714,1095
gpu,SS,1048576,48,256,0.2,209715,11,0.0017752959728240968,1095
gpu,DS,1048576,48,256,0.2,209715,11,0.0020592639446258545,1095
gpu,DS,1048576,48,256,0.2,209715,12,0.0019558080434799196,1095
gpu,SS,1048576,48,256,0.2,209715,12,0.0018390400409698487,1095
gpu,SS,1048576,48,256,0.2,209715,13,0.0039023358821868898,1095
gpu,DS,1048576,48,256,0.2,209715,13,0.0021380798816680907,1095
gpu,DS,1048576,48,256,0.2,209715,14,0.0019824639558792116,1095
gpu,SS,1048576,48,256,0.2,209715,14,0.0018431999683380126,1095
cpu,DS,1048576,48,256,0.3,314573,0,0.0304726419999497,-1
cpu,SS,1048576,48,256,0.3,314573,0,0.07552629000019806,-1
cpu,SS,1048576,48,256,0.3,314573,1,0.08447655300005863,-1
cpu,DS,1048576,48,256,0.3,314573,1,0.029722729000241088,-1
cpu,DS,1048576,48,256,0.3,314573,2,0.028862954000032914,-1
cpu,SS,1048576,48,256,0.3,314573,2,0.07836115100008101,-1
cpu,SS,1048576,48,256,0.3,314573,3,0.08436119800035158,-1
cpu,DS,1048576,48,256,0.3,314573,3,0.031000930000118387,-1
cpu,DS,1048576,48,256,0.3,314573,4,0.02873354900020786,-1
cpu,SS,1048576,48,256,0.3,314573,4,0.08140929199998936,-1
cpu,SS,1048576,48,256,0.3,314573,5,0.07759241900021152,-1
cpu,DS,1048576,48,256,0.3,314573,5,0.026706658999955835,-1
cpu,DS,1048576,48,256,0.3,314573,6,0.02376662100004978,-1
cpu,SS,1048576,48,256,0.3,314573,6,0.07479571200019564,-1
cpu,SS,1048576,48,256,0.3,314573,7,0.07068915500030926,-1
cpu,DS,1048576,48,256,0.3,314573,7,0.026945169999635254,-1
cpu,DS,1048576,48,256,0.3,314573,8,0.03137068399973941,-1
cpu,SS,1048576,48,256,0.3,314573,8,0.07635129599975699,-1
cpu,SS,1048576,48,256,0.3,314573,9,0.07980219199998828,-1
cpu,DS,1048576,48,256,0.3,314573,9,0.02793226899984802,-1
cpu,DS,1048576,48,256,0.3,314573,10,0.02687681599991265,-1
cpu,SS,1048576,48,256,0.3,314573,10,0.0689643900000192,-1
cpu,SS,1048576,48,256,0.3,314573,11,0.06720257000006313,-1
cpu,DS,1048576,48,256,0.3,314573,11,0.02912267800002155,-1
cpu,DS,1048576,48,256,0.3,314573,12,0.023000384000170015,-1
cpu,SS,1048576,48,256,0.3,314573,12,0.06828249799991681,-1
cpu,SS,1048576,48,256,0.3,314573,13,0.07623652600022979,-1
cpu,DS,1048576,48,256,0.3,314573,13,0.02617698299991389,-1
cpu,DS,1048576,48,256,0.3,314573,14,0.026037836000341485,-1
cpu,SS,1048576,48,256,0.3,314573,14,0.08210538999992423,-1
gpu,DS,1048576,48,256,0.3,314573,0,0.0019923520088195802,1875
gpu,SS,1048576,48,256,0.3,314573,0,0.0016848000288009644,1875
gpu,SS,1048576,48,256,0.3,314573,1,0.0016834559440612794,1875
gpu,DS,1048576,48,256,0.3,314573,1,0.002014847993850708,1890
gpu,DS,1048576,48,256,0.3,314573,2,0.0019404799938201904,1890
gpu,SS,1048576,48,256,0.3,314573,2,0.0016734399795532227,1890
gpu,SS,1048576,48,256,0.3,314573,3,0.001755519986152649,1890
gpu,DS,1048576,48,256,0.3,314573,3,0.0021032960414886473,1890
gpu,DS,1048576,48,256,0.3,314573,4,0.0020214080810546874,1890
gpu,SS,1048576,48,256,0.3,314573,4,0.0017496320009231568,1890
gpu,SS,1048576,48,256,0.3,314573,5,0.0017374080419540405,1890
gpu,DS,1048576,48,256,0.3,314573,5,0.002011136054992676,1890
gpu,DS,1048576,48,256,0.3,314573,6,0.002045759916305542,1890
gpu,SS,1048576,48,256,0.3,314573,6,0.0017789759635925293,1890
gpu,SS,1048576,48,256,0.3,314573,7,0.0017789440155029296,1890
gpu,DS,1048576,48,256,0.3,314573,7,0.0020848960876464844,1890
gpu,DS,1048576,48,256,0.3,314573,8,0.00206876802444458,1890
gpu,SS,1048576,48,256,0.3,314573,8,0.0017573120594024658,1890
gpu,SS,1048576,48,256,0.3,314573,9,0.0017490559816360474,1890
gpu,DS,1048576,48,256,0.3,314573,9,0.002111392021179199,1890
gpu,DS,1048576,48,256,0.3,314573,10,0.001932096004486084,1890
gpu,SS,1048576,48,256,0.3,314573,10,0.001743008017539978,1890
gpu,SS,1048576,48,256,0.3,314573,11,0.0017480000257492066,1890
gpu,DS,1048576,48,256,0.3,314573,11,0.0021084160804748535,1890
gpu,DS,1048576,48,256,0.3,314573,12,0.0020954880714416503,1890
gpu,SS,1048576,48,256,0.3,314573,12,0.0017772480249404908,1890
gpu,SS,1048576,48,256,0.3,314573,13,0.001777791976928711,1905
gpu,DS,1048576,48,256,0.3,314573,13,0.001949728012084961,1905
gpu,DS,1048576,48,256,0.3,314573,14,0.002658047914505005,1905
gpu,SS,1048576,48,256,0.3,314573,14,0.0016644480228424072,1905
cpu,DS,1048576,48,256,0.5,524288,0,0.0236749610003244,-1
cpu,SS,1048576,48,256,0.5,524288,0,0.11065236500007813,-1
cpu,SS,1048576,48,256,0.5,524288,1,0.11126980199969694,-1
cpu,DS,1048576,48,256,0.5,524288,1,0.026575702999707573,-1
cpu,DS,1048576,48,256,0.5,524288,2,0.02558616600026653,-1
cpu,SS,1048576,48,256,0.5,524288,2,0.10473123600013423,-1
cpu,SS,1048576,48,256,0.5,524288,3,0.10761530299987498,-1
cpu,DS,1048576,48,256,0.5,524288,3,0.026689497999996092,-1
cpu,DS,1048576,48,256,0.5,524288,4,0.028075317000002542,-1
cpu,SS,1048576,48,256,0.5,524288,4,0.11511902800020835,-1
cpu,SS,1048576,48,256,0.5,524288,5,0.1051465340001414,-1
cpu,DS,1048576,48,256,0.5,524288,5,0.026814019000084954,-1
cpu,DS,1048576,48,256,0.5,524288,6,0.025873725000110426,-1
cpu,SS,1048576,48,256,0.5,524288,6,0.1094197349998467,-1
cpu,SS,1048576,48,256,0.5,524288,7,0.11155267999993157,-1
cpu,DS,1048576,48,256,0.5,524288,7,0.02688432400009333,-1
cpu,DS,1048576,48,256,0.5,524288,8,0.027743293000185076,-1
cpu,SS,1048576,48,256,0.5,524288,8,0.11783020999973814,-1
cpu,SS,1048576,48,256,0.5,524288,9,0.11379298300016671,-1
cpu,DS,1048576,48,256,0.5,524288,9,0.02944602199977453,-1
cpu,DS,1048576,48,256,0.5,524288,10,0.02778278499999942,-1
cpu,SS,1048576,48,256,0.5,524288,10,0.11109096800009866,-1
cpu,SS,1048576,48,256,0.5,524288,11,0.12172916600002281,-1
cpu,DS,1048576,48,256,0.5,524288,11,0.027054674999817507,-1
cpu,DS,1048576,48,256,0.5,524288,12,0.026792761999786308,-1
cpu,SS,1048576,48,256,0.5,524288,12,0.1041365199998836,-1
cpu,SS,1048576,48,256,0.5,524288,13,0.11407576399960817,-1
cpu,DS,1048576,48,256,0.5,524288,13,0.02609127100004116,-1
cpu,DS,1048576,48,256,0.5,524288,14,0.026969060999817884,-1
cpu,SS,1048576,48,256,0.5,524288,14,0.11690259299984973,-1
gpu,DS,1048576,48,256,0.5,524288,0,0.0019351359605789184,1680
gpu,SS,1048576,48,256,0.5,524288,0,0.0035696640014648436,1680
gpu,SS,1048576,48,256,0.5,524288,1,0.003579904079437256,1680
gpu,DS,1048576,48,256,0.5,524288,1,0.0019630080461502074,1680
gpu,DS,1048576,48,256,0.5,524288,2,0.0019232000112533569,1680
gpu,SS,1048576,48,256,0.5,524288,2,0.004833280086517334,1680
gpu,SS,1048576,48,256,0.5,524288,3,0.003577888011932373,1680
gpu,DS,1048576,48,256,0.5,524288,3,0.0019631680250167846,1680
gpu,DS,1048576,48,256,0.5,524288,4,0.001916800022125244,1680
gpu,SS,1048576,48,256,0.5,524288,4,0.004231999874114991,1680
gpu,SS,1048576,48,256,0.5,524288,5,0.0035778560638427734,1680
gpu,DS,1048576,48,256,0.5,524288,5,0.002066528081893921,1680
gpu,DS,1048576,48,256,0.5,524288,6,0.0019325439929962157,1680
gpu,SS,1048576,48,256,0.5,524288,6,0.004112319946289062,1680
gpu,SS,1048576,48,256,0.5,524288,7,0.0036044158935546874,1680
gpu,DS,1048576,48,256,0.5,524288,7,0.0020053439140319826,1680
gpu,DS,1048576,48,256,0.5,524288,8,0.0019439040422439575,1680
gpu,SS,1048576,48,256,0.5,524288,8,0.004851615905761718,1680
gpu,SS,1048576,48,256,0.5,524288,9,0.003590240001678467,1680
gpu,DS,1048576,48,256,0.5,524288,9,0.0020434880256652833,1680
gpu,DS,1048576,48,256,0.5,524288,10,0.0020971839427948,1680
gpu,SS,1048576,48,256,0.5,524288,10,0.003557408094406128,1680
gpu,SS,1048576,48,256,0.5,524288,11,0.0036208961009979246,1680
gpu,DS,1048576,48,256,0.5,524288,11,0.0021207680702209474,1680
gpu,DS,1048576,48,256,0.5,524288,12,0.002150399923324585,1680
gpu,SS,1048576,48,256,0.5,524288,12,0.003487328052520752,1680
gpu,SS,1048576,48,256,0.5,524288,13,0.003588223934173584,1680
gpu,DS,1048576,48,256,0.5,524288,13,0.0020623040199279786,1680
gpu,DS,1048576,48,256,0.5,524288,14,0.0027192959785461426,1680
gpu,SS,1048576,48,256,0.5,524288,14,0.0035701119899749756,1680
cpu,DS,1048576,48,256,0.7,734003,0,0.027228047999869887,-1
cpu,SS,1048576,48,256,0.7,734003,0,0.1772645089999969,-1
cpu,SS,1048576,48,256,0.7,734003,1,0.1662707870000304,-1
cpu,DS,1048576,48,256,0.7,734003,1,0.02738445499971931,-1
cpu,DS,1048576,48,256,0.7,734003,2,0.02865316499992332,-1
cpu,SS,1048576,48,256,0.7,734003,2,0.1539347819998511,-1
cpu,SS,1048576,48,256,0.7,734003,3,0.1503999000001386,-1
cpu,DS,1048576,48,256,0.7,734003,3,0.025164540000332636,-1
cpu,DS,1048576,48,256,0.7,734003,4,0.02532474000008733,-1
cpu,SS,1048576,48,256,0.7,734003,4,0.1487154599999485,-1
cpu,SS,1048576,48,256,0.7,734003,5,0.14107851000017035,-1
cpu,DS,1048576,48,256,0.7,734003,5,0.023401259999900503,-1
cpu,DS,1048576,48,256,0.7,734003,6,0.02527667999993355,-1
cpu,SS,1048576,48,256,0.7,734003,6,0.14246919000015623,-1
cpu,SS,1048576,48,256,0.7,734003,7,0.13611302999970576,-1
cpu,DS,1048576,48,256,0.7,734003,7,0.025671779999811406,-1
cpu,DS,1048576,48,256,0.7,734003,8,0.027791820000402367,-1
cpu,SS,1048576,48,256,0.7,734003,8,0.13916556000003766,-1
cpu,SS,1048576,48,256,0.7,734003,9,0.1456253999999717,-1
cpu,DS,1048576,48,256,0.7,734003,9,0.02558511000006547,-1
cpu,DS,1048576,48,256,0.7,734003,10,0.023389469999983703,-1
cpu,SS,1048576,48,256,0.7,734003,10,0.127942019999864,-1
cpu,SS,1048576,48,256,0.7,734003,11,0.13389479999977993,-1
cpu,DS,1048576,48,256,0.7,734003,11,0.026051039999856584,-1
cpu,DS,1048576,48,256,0.7,734003,12,0.026320769999983895,-1
cpu,SS,1048576,48,256,0.7,734003,12,0.14533911000035005,-1
cpu,SS,1048576,48,256,0.7,734003,13,0.13774059000024863,-1
cpu,DS,1048576,48,256,0.7,734003,13,0.026095230000009906,-1
cpu,DS,1048576,48,256,0.7,734003,14,0.023012280000330065,-1
cpu,SS,1048576,48,256,0.7,734003,14,0.1377937799998108,-1
gpu,DS,1048576,48,256,0.7,734003,0,0.0019701119661331176,1005
gpu,SS,1048576,48,256,0.7,734003,0,0.010975232124328613,1005
gpu,SS,1048576,48,256,0.7,734003,1,0.009115296363830567,1005
gpu,DS,1048576,48,256,0.7,734003,1,0.002105567932128906,1005
gpu,DS,1048576,48,256,0.7,734003,2,0.0019855999946594236,1005
gpu,SS,1048576,48,256,0.7,734003,2,0.011868191719055175,1005
gpu,SS,1048576,48,256,0.7,734003,3,0.006952960014343262,1005
gpu,DS,1048576,48,256,0.7,734003,3,0.00261081600189209,1845
gpu,DS,1048576,48,256,0.7,734003,4,0.0019353280067443848,1875
gpu,SS,1048576,48,256,0.7,734003,4,0.005011136054992676,1875
gpu,SS,1048576,48,256,0.7,734003,5,0.006197855949401855,1875
gpu,DS,1048576,48,256,0.7,734003,5,0.001984671950340271,1890
gpu,DS,1048576,48,256,0.7,734003,6,0.0019463679790496825,1890
gpu,SS,1048576,48,256,0.7,734003,6,0.004994815826416016,1890
gpu,SS,1048576,48,256,0.7,734003,7,0.005035679817199707,1890
gpu,DS,1048576,48,256,0.7,734003,7,0.00204150390625,1890
gpu,DS,1048576,48,256,0.7,734003,8,0.0020787200927734374,1890
gpu,SS,1048576,48,256,0.7,734003,8,0.005821248054504394,1890
gpu,SS,1048576,48,256,0.7,734003,9,0.0050412797927856445,1890
gpu,DS,1048576,48,256,0.7,734003,9,0.002183135986328125,1890
gpu,DS,1048576,48,256,0.7,734003,10,0.0018949120044708253,1890
gpu,SS,1048576,48,256,0.7,734003,10,0.005006368160247803,1890
gpu,SS,1048576,48,256,0.7,734003,11,0.004993951797485351,1890
gpu,DS,1048576,48,256,0.7,734003,11,0.0020131840705871584,1890
gpu,DS,1048576,48,256,0.7,734003,12,0.0018697919845581054,1890
gpu,SS,1048576,48,256,0.7,734003,12,0.004910719871520996,1890
gpu,SS,1048576,48,256,0.7,734003,13,0.0066540160179138184,1905
gpu,DS,1048576,48,256,0.7,734003,13,0.002049216032028198,1905
gpu,DS,1048576,48,256,0.7,734003,14,0.0024734721183776857,1905
gpu,SS,1048576,48,256,0.7,734003,14,0.004968255996704102,1905
cpu,DS,1048576,48,256,1.0,1048576,0,0.024920280000060302,-1
cpu,SS,1048576,48,256,1.0,1048576,0,0.1872451799999908,-1
cpu,SS,1048576,48,256,1.0,1048576,1,0.18560528999978487,-1
cpu,DS,1048576,48,256,1.0,1048576,1,0.024342929999875196,-1
cpu,DS,1048576,48,256,1.0,1048576,2,0.020614860000023327,-1
cpu,SS,1048576,48,256,1.0,1048576,2,0.1979817300002651,-1
cpu,SS,1048576,48,256,1.0,1048576,3,0.2293190999998842,-1
cpu,DS,1048576,48,256,1.0,1048576,3,0.025489619999916613,-1
cpu,DS,1048576,48,256,1.0,1048576,4,0.02576115000010759,-1
cpu,SS,1048576,48,256,1.0,1048576,4,0.1998718199997711,-1
cpu,SS,1048576,48,256,1.0,1048576,5,0.18976256999985708,-1
cpu,DS,1048576,48,256,1.0,1048576,5,0.027033480000227428,-1
cpu,DS,1048576,48,256,1.0,1048576,6,0.024849899999935587,-1
cpu,SS,1048576,48,256,1.0,1048576,6,0.19093959000019822,-1
cpu,SS,1048576,48,256,1.0,1048576,7,0.19538423999983934,-1
cpu,DS,1048576,48,256,1.0,1048576,7,0.024589799999830575,-1
cpu,DS,1048576,48,256,1.0,1048576,8,0.02390796000008777,-1
cpu,SS,1048576,48,256,1.0,1048576,8,0.20187351000004128,-1
cpu,SS,1048576,48,256,1.0,1048576,9,0.2168346600001314,-1
cpu,DS,1048576,48,256,1.0,1048576,9,0.026863560000037978,-1
cpu,DS,1048576,48,256,1.0,1048576,10,0.024978960000225925,-1
cpu,SS,1048576,48,256,1.0,1048576,10,0.21025602000008803,-1
cpu,SS,1048576,48,256,1.0,1048576,11,0.20120481000003565,-1
cpu,DS,1048576,48,256,1.0,1048576,11,0.025165800000195304,-1
cpu,DS,1048576,48,256,1.0,1048576,12,0.02489688000014212,-1
cpu,SS,1048576,48,256,1.0,1048576,12,0.1890375299999505,-1
cpu,SS,1048576,48,256,1.0,1048576,13,0.18735803999970813,-1
cpu,DS,1048576,48,256,1.0,1048576,13,0.02701106999984404,-1
cpu,DS,1048576,48,256,1.0,1048576,14,0.02500244999964707,-1
cpu,SS,1048576,48,256,1.0,1048576,14,0.20767234899994946,-1
gpu,DS,1048576,48,256,1.0,1048576,0,0.0019809600114822387,1230
gpu,SS,1048576,48,256,1.0,1048576,0,0.017901439666748047,1230
gpu,SS,1048576,48,256,1.0,1048576,1,0.018117408752441406,1230
gpu,DS,1048576,48,256,1.0,1048576,1,0.0027691519260406496,1230
gpu,DS,1048576,48,256,1.0,1048576,2,0.0019606399536132814,1230
gpu,SS,1048576,48,256,1.0,1048576,2,0.018658559799194337,1230
gpu,SS,1048576,48,256,1.0,1048576,3,0.019891071319580077,1230
gpu,DS,1048576,48,256,1.0,1048576,3,0.002060352087020874,1230
gpu,DS,1048576,48,256,1.0,1048576,4,0.002012831926345825,1230
gpu,SS,1048576,48,256,1.0,1048576,4,0.01928031921386719,1230
gpu,SS,1048576,48,256,1.0,1048576,5,0.015081055641174316,1230
gpu,DS,1048576,48,256,1.0,1048576,5,0.001991583943367004,1905
gpu,DS,1048576,48,256,1.0,1048576,6,0.0019651520252227783,1905
gpu,SS,1048576,48,256,1.0,1048576,6,0.012357631683349609,1905
gpu,SS,1048576,48,256,1.0,1048576,7,0.013197376251220702,1905
gpu,DS,1048576,48,256,1.0,1048576,7,0.0020223679542541503,1905
gpu,DS,1048576,48,256,1.0,1048576,8,0.0023654398918151855,1905
gpu,SS,1048576,48,256,1.0,1048576,8,0.011763327598571778,1905
gpu,SS,1048576,48,256,1.0,1048576,9,0.012996607780456543,1905
gpu,DS,1048576,48,256,1.0,1048576,9,0.002119647979736328,1905
gpu,DS,1048576,48,256,1.0,1048576,10,0.00271395206451416,1905
gpu,SS,1048576,48,256,1.0,1048576,10,0.01176796817779541,1905
gpu,SS,1048576,48,256,1.0,1048576,11,0.01170307159423828,1905
gpu,DS,1048576,48,256,1.0,1048576,11,0.0020478079319000246,1905
gpu,DS,1048576,48,256,1.0,1048576,12,0.0019165120124816895,1905
gpu,SS,1048576,48,256,1.0,1048576,12,0.011732192039489745,1905
gpu,SS,1048576,48,256,1.0,1048576,13,0.011757344245910644,1905
gpu,DS,1048576,48,256,1.0,1048576,13,0.0027545599937438964,1905
gpu,DS,1048576,48,256,1.0,1048576,14,0.0019055360555648804,1905
gpu,SS,1048576,48,256,1.0,1048576,14,0.012199935913085937,1905
cpu,DS,1048576,48,0,0.0001,105,0,0.06427663700014818,-1
cpu,SS,1048576,48,0,0.0001,105,0,0.00021951199960312806,-1
cpu,SS,1048576,48,0,0.0001,105,1,0.0001513769998382486,-1
cpu,DS,1048576,48,0,0.0001,105,1,0.054589030999977695,-1
cpu,DS,1048576,48,0,0.0001,105,2,0.056847856000331376,-1
cpu,SS,1048576,48,0,0.0001,105,2,0.00018972299994857167,-1
cpu,SS,1048576,48,0,0.0001,105,3,0.00014007399977344903,-1
cpu,DS,1048576,48,0,0.0001,105,3,0.056785531000059564,-1
cpu,DS,1048576,48,0,0.0001,105,4,0.06899468100027661,-1
cpu,SS,1048576,48,0,0.0001,105,4,0.00023271800000657095,-1
cpu,SS,1048576,48,0,0.0001,105,5,0.00018412400004308438,-1
cpu,DS,1048576,48,0,0.0001,105,5,0.0717173550001462,-1
cpu,DS,1048576,48,0,0.0001,105,6,0.06557279699973151,-1
cpu,SS,1048576,48,0,0.0001,105,6,0.0001916250002977904,-1
cpu,SS,1048576,48,0,0.0001,105,7,0.00014313800011223066,-1
cpu,DS,1048576,48,0,0.0001,105,7,0.05596410200041646,-1
cpu,DS,1048576,48,0,0.0001,105,8,0.0624427879997711,-1
cpu,SS,1048576,48,0,0.0001,105,8,0.00020915999994031154,-1
cpu,SS,1048576,48,0,0.0001,105,9,0.00014250300000639982,-1
cpu,DS,1048576,48,0,0.0001,105,9,0.04948932400020567,-1
cpu,DS,1048576,48,0,0.0001,105,10,0.053659958000025654,-1
cpu,SS,1048576,48,0,0.0001,105,10,0.0001959549999810406,-1
cpu,SS,1048576,48,0,0.0001,105,11,0.00014936999968995224,-1
cpu,DS,1048576,48,0,0.0001,105,11,0.05521302700026354,-1
cpu,DS,1048576,48,0,0.0001,105,12,0.05126982699994187,-1
cpu,SS,1048576,48,0,0.0001,105,12,0.00018877200000133598,-1
cpu,SS,1048576,48,0,0.0001,105,13,0.0001422919999640726,-1
cpu,DS,1048576,48,0,0.0001,105,13,0.054431526999906055,-1
cpu,DS,1048576,48,0,0.0001,105,14,0.05932439800017164,-1
cpu,SS,1048576,48,0,0.0001,105,14,0.00024697800017747795,-1
gpu,DS,1048576,48,0,0.0001,105,0,0.012408191680908204,1890
gpu,SS,1048576,48,0,0.0001,105,0,0.00018438400328159331,1890
gpu,SS,1048576,48,0,0.0001,105,1,0.00047206398844718933,1890
gpu,DS,1048576,48,0,0.0001,105,1,0.013328736305236816,1890
gpu,DS,1048576,48,0,0.0001,105,2,0.012002240180969239,1890
gpu,SS,1048576,48,0,0.0001,105,2,0.00024160000681877137,1890
gpu,SS,1048576,48,0,0.0001,105,3,9.79200005531311e-05,1890
gpu,DS,1048576,48,0,0.0001,105,3,0.011427007675170898,1890
gpu,DS,1048576,48,0,0.0001,105,4,0.01278771209716797,1890
gpu,SS,1048576,48,0,0.0001,105,4,0.0004942080080509185,1890
gpu,SS,1048576,48,0,0.0001,105,5,0.00016073599457740783,1890
gpu,DS,1048576,48,0,0.0001,105,5,0.012123135566711426,1890
gpu,DS,1048576,48,0,0.0001,105,6,0.012924927711486817,1890
gpu,SS,1048576,48,0,0.0001,105,6,0.00018854400515556336,1890
gpu,SS,1048576,48,0,0.0001,105,7,0.0001403519958257675,1890
gpu,DS,1048576,48,0,0.0001,105,7,0.01130732822418213,1890
gpu,DS,1048576,48,0,0.0001,105,8,0.013667967796325684,1890
gpu,SS,1048576,48,0,0.0001,105,8,0.00013977600634098054,1890
gpu,SS,1048576,48,0,0.0001,105,9,9.625600278377533e-05,1890
gpu,DS,1048576,48,0,0.0001,105,9,0.012114399909973145,1890
gpu,DS,1048576,48,0,0.0001,105,10,0.011877856254577636,1890
gpu,SS,1048576,48,0,0.0001,105,10,0.0001740799993276596,1890
gpu,SS,1048576,48,0,0.0001,105,11,0.00019859200716018676,1890
gpu,DS,1048576,48,0,0.0001,105,11,0.012769056320190429,1890
gpu,DS,1048576,48,0,0.0001,105,12,0.011407999992370606,1890
gpu,SS,1048576,48,0,0.0001,105,12,0.00038912001252174375,1890
gpu,SS,1048576,48,0,0.0001,105,13,0.0002598719894886017,1890
gpu,DS,1048576,48,0,0.0001,105,13,0.01338806438446045,1890
gpu,DS,1048576,48,0,0.0001,105,14,0.011940735816955567,1890
gpu,SS,1048576,48,0,0.0001,105,14,0.000212799996137619,1890
cpu,DS,1048576,48,0,0.0003,315,0,0.08272102399996584,-1
cpu,SS,1048576,48,0,0.0003,315,0,0.0003907250002157525,-1
cpu,SS,1048576,48,0,0.0003,315,1,0.00031554399993183324,-1
cpu,DS,1048576,48,0,0.0003,315,1,0.0522505750000164,-1
cpu,DS,1048576,48,0,0.0003,315,2,0.05553511600010097,-1
cpu,SS,1048576,48,0,0.0003,315,2,0.0003133979998892755,-1
cpu,SS,1048576,48,0,0.0003,315,3,0.0002500169998711499,-1
cpu,DS,1048576,48,0,0.0003,315,3,0.04864093300011518,-1
cpu,DS,1048576,48,0,0.0003,315,4,0.05056803099978424,-1
cpu,SS,1048576,48,0,0.0003,315,4,0.00035035499968216754,-1
cpu,SS,1048576,48,0,0.0003,315,5,0.00026805700008480926,-1
cpu,DS,1048576,48,0,0.0003,315,5,0.06253100100002484,-1
cpu,DS,1048576,48,0,0.0003,315,6,0.05116645299995071,-1
cpu,SS,1048576,48,0,0.0003,315,6,0.0003711249996740662,-1
cpu,SS,1048576,48,0,0.0003,315,7,0.0002637659999891184,-1
cpu,DS,1048576,48,0,0.0003,315,7,0.04890440700000909,-1
cpu,DS,1048576,48,0,0.0003,315,8,0.05045901500034233,-1
cpu,SS,1048576,48,0,0.0003,315,8,0.0005652679997183441,-1
cpu,SS,1048576,48,0,0.0003,315,9,0.0003005270000357996,-1
cpu,DS,1048576,48,0,0.0003,315,9,0.05448297799966895,-1
cpu,DS,1048576,48,0,0.0003,315,10,0.050712835000013,-1
cpu,SS,1048576,48,0,0.0003,315,10,0.00033660600001894636,-1
cpu,SS,1048576,48,0,0.0003,315,11,0.000255379999998695,-1
cpu,DS,1048576,48,0,0.0003,315,11,0.04920327499985433,-1
cpu,DS,1048576,48,0,0.0003,315,12,0.0528715209998154,-1
cpu,SS,1048576,48,0,0.0003,315,12,0.00031817700028113904,-1
cpu,SS,1048576,48,0,0.0003,315,13,0.00025274700010413653,-1
cpu,DS,1048576,48,0,0.0003,315,13,0.053597584000272036,-1
cpu,DS,1048576,48,0,0.0003,315,14,0.05376013300019622,-1
cpu,SS,1048576,48,0,0.0003,315,14,0.00030823099996268866,-1
gpu,DS,1048576,48,0,0.0003,315,0,0.012745663642883301,1890
gpu,SS,1048576,48,0,0.0003,315,0,0.0004880959987640381,1890
gpu,SS,1048576,48,0,0.0003,315,1,0.0002088319957256317,1890
gpu,DS,1048576,48,0,0.0003,315,1,0.011319328308105468,1890
gpu,DS,1048576,48,0,0.0003,315,2,0.01340006446838379,1890
gpu,SS,1048576,48,0,0.0003,315,2,0.0005177599787712097,1890
gpu,SS,1048576,48,0,0.0003,315,3,0.00018963199853897094,1890
gpu,DS,1048576,48,0,0.0003,315,3,0.011870592117309571,1890
gpu,DS,1048576,48,0,0.0003,315,4,0.01153775978088379,1890
gpu,SS,1048576,48,0,0.0003,315,4,0.00017193600535392762,1890
gpu,SS,1048576,48,0,0.0003,315,5,0.0001897920072078705,1890
gpu,DS,1048576,48,0,0.0003,315,5,0.012552703857421875,1890
gpu,DS,1048576,48,0,0.0003,315,6,0.011304960250854493,1890
gpu,SS,1048576,48,0,0.0003,315,6,0.00011017599701881409,1890
gpu,SS,1048576,48,0,0.0003,315,7,0.00020547200739383698,1890
gpu,DS,1048576,48,0,0.0003,315,7,0.011321344375610352,1890
gpu,DS,1048576,48,0,0.0003,315,8,0.011259488105773926,1890
gpu,SS,1048576,48,0,0.0003,315,8,0.00022703999280929566,1890
gpu,SS,1048576,48,0,0.0003,315,9,0.00013942399621009826,1890
gpu,DS,1048576,48,0,0.0003,315,9,0.011265376091003417,1890
gpu,DS,1048576,48,0,0.0003,315,10,0.012776543617248535,1890
gpu,SS,1048576,48,0,0.0003,315,10,0.00017350399494171144,1890
gpu,SS,1048576,48,0,0.0003,315,11,0.00012460800260305404,1890
gpu,DS,1048576,48,0,0.0003,315,11,0.011982879638671874,1890
gpu,DS,1048576,48,0,0.0003,315,12,0.011900927543640137,1890
gpu,SS,1048576,48,0,0.0003,315,12,0.00019468800723552703,1890
gpu,SS,1048576,48,0,0.0003,315,13,0.00021907199919223786,1890
gpu,DS,1048576,48,0,0.0003,315,13,0.012849151611328125,1890
gpu,DS,1048576,48,0,0.0003,315,14,0.011603936195373536,1890
gpu,SS,1048576,48,0,0.0003,315,14,0.00021331200003623963,1890
cpu,DS,1048576,48,0,0.001,1049,0,0.05167545800031803,-1
cpu,SS,1048576,48,0,0.001,1049,0,0.0008359569997082872,-1
cpu,SS,1048576,48,0,0.001,1049,1,0.0006859860000076878,-1
cpu,DS,1048576,48,0,0.001,1049,1,0.053311586000290845,-1
cpu,DS,1048576,48,0,0.001,1049,2,0.055078083999887895,-1
cpu,SS,1048576,48,0,0.001,1049,2,0.0009224479999829782,-1
cpu,SS,1048576,48,0,0.001,1049,3,0.0006733089999215736,-1
cpu,DS,1048576,48,0,0.001,1049,3,0.05103900699987207,-1
cpu,DS,1048576,48,0,0.001,1049,4,0.04623408300039955,-1
cpu,SS,1048576,48,0,0.001,1049,4,0.0007776459997330676,-1
cpu,SS,1048576,48,0,0.001,1049,5,0.0006578049997187918,-1
cpu,DS,1048576,48,0,0.001,1049,5,0.04854079000006095,-1
cpu,DS,1048576,48,0,0.001,1049,6,0.056691491000037786,-1
cpu,SS,1048576,48,0,0.001,1049,6,0.0007484899997507455,-1
cpu,SS,1048576,48,0,0.001,1049,7,0.0005890600000384438,-1
cpu,DS,1048576,48,0,0.001,1049,7,0.04802203400004146,-1
cpu,DS,1048576,48,0,0.001,1049,8,0.051686184000118374,-1
cpu,SS,1048576,48,0,0.001,1049,8,0.0008127490000333637,-1
cpu,SS,1048576,48,0,0.001,1049,9,0.0006060270002308243,-1
cpu,DS,1048576,48,0,0.001,1049,9,0.05371859400020185,-1
cpu,DS,1048576,48,0,0.001,1049,10,0.049449977000222134,-1
cpu,SS,1048576,48,0,0.001,1049,10,0.0007478079996872111,-1
cpu,SS,1048576,48,0,0.001,1049,11,0.000610220999988087,-1
cpu,DS,1048576,48,0,0.001,1049,11,0.05913481099969431,-1
cpu,DS,1048576,48,0,0.001,1049,12,0.05518285600010131,-1
cpu,SS,1048576,48,0,0.001,1049,12,0.0007578899999316491,-1
cpu,SS,1048576,48,0,0.001,1049,13,0.0005722199998672295,-1
cpu,DS,1048576,48,0,0.001,1049,13,0.045392489999812824,-1
cpu,DS,1048576,48,0,0.001,1049,14,0.04584285000009913,-1
cpu,SS,1048576,48,0,0.001,1049,14,0.0007729199996902025,-1
gpu,DS,1048576,48,0,0.001,1049,0,0.011950079917907714,1890
gpu,SS,1048576,48,0,0.001,1049,0,0.0005090240240097046,1890
gpu,SS,1048576,48,0,0.001,1049,1,0.00028707200288772584,1890
gpu,DS,1048576,48,0,0.001,1049,1,0.011348896026611328,1890
gpu,DS,1048576,48,0,0.001,1049,2,0.011799679756164552,1890
gpu,SS,1048576,48,0,0.001,1049,2,0.00019046400487422944,1890
gpu,SS,1048576,48,0,0.001,1049,3,0.00026447999477386476,1890
gpu,DS,1048576,48,0,0.001,1049,3,0.011380319595336913,1890
gpu,DS,1048576,48,0,0.001,1049,4,0.011315199851989746,1890
gpu,SS,1048576,48,0,0.001,1049,4,0.0005120959877967835,1890
gpu,SS,1048576,48,0,0.001,1049,5,0.000201664000749588,1890
gpu,DS,1048576,48,0,0.001,1049,5,0.011390975952148438,1890
gpu,DS,1048576,48,0,0.001,1049,6,0.011934271812438965,1890
gpu,SS,1048576,48,0,0.001,1049,6,0.0003107840120792389,1890
gpu,SS,1048576,48,0,0.001,1049,7,0.000323199987411499,1890
gpu,DS,1048576,48,0,0.001,1049,7,0.011724448204040528,1890
gpu,DS,1048576,48,0,0.001,1049,8,0.012142784118652343,1890
gpu,SS,1048576,48,0,0.001,1049,8,0.000317440003156662,1890
gpu,SS,1048576,48,0,0.001,1049,9,0.00026214399933815005,1890
gpu,DS,1048576,48,0,0.001,1049,9,0.011841279983520508,1890
gpu,DS,1048576,48,0,0.001,1049,10,0.012963071823120117,1890
gpu,SS,1048576,48,0,0.001,1049,10,0.0002826240062713623,1890
gpu,SS,1048576,48,0,0.001,1049,11,0.00027647998929023745,1890
gpu,DS,1048576,48,0,0.001,1049,11,0.011390303611755371,1890
gpu,DS,1048576,48,0,0.001,1049,12,0.013422592163085938,1890
gpu,SS,1048576,48,0,0.001,1049,12,0.0006513919830322266,1890
gpu,SS,1048576,48,0,0.001,1049,13,0.000276991993188858,1890
gpu,DS,1048576,48,0,0.001,1049,13,0.011827872276306153,1890
gpu,DS,1048576,48,0,0.001,1049,14,0.011462719917297363,1890
gpu,SS,1048576,48,0,0.001,1049,14,0.0003543039858341217,1890
cpu,DS,1048576,48,0,0.003,3146,0,0.05116148999968573,-1
cpu,SS,1048576,48,0,0.003,3146,0,0.0020853000000897737,-1
cpu,SS,1048576,48,0,0.003,3146,1,0.0018663300002117467,-1
cpu,DS,1048576,48,0,0.003,3146,1,0.05369868000025235,-1
cpu,DS,1048576,48,0,0.003,3146,2,0.05163633000029222,-1
cpu,SS,1048576,48,0,0.003,3146,2,0.0018368999999438529,-1
cpu,SS,1048576,48,0,0.003,3146,3,0.001874969999789755,-1
cpu,DS,1048576,48,0,0.003,3146,3,0.04120406999982151,-1
cpu,DS,1048576,48,0,0.003,3146,4,0.04555097999991631,-1
cpu,SS,1048576,48,0,0.003,3146,4,0.002161259999866161,-1
cpu,SS,1048576,48,0,0.003,3146,5,0.0015724800000498362,-1
cpu,DS,1048576,48,0,0.003,3146,5,0.04525533000014548,-1
cpu,DS,1048576,48,0,0.003,3146,6,0.04041989999996076,-1
cpu,SS,1048576,48,0,0.003,3146,6,0.002266559999952733,-1
cpu,SS,1048576,48,0,0.003,3146,7,0.001754460000029212,-1
cpu,DS,1048576,48,0,0.003,3146,7,0.044216010000127426,-1
cpu,DS,1048576,48,0,0.003,3146,8,0.048659670000233746,-1
cpu,SS,1048576,48,0,0.003,3146,8,0.0018381599998065212,-1
cpu,SS,1048576,48,0,0.003,3146,9,0.0015647400000489142,-1
cpu,DS,1048576,48,0,0.003,3146,9,0.05117075999987719,-1
cpu,DS,1048576,48,0,0.003,3146,10,0.04474314000026425,-1
cpu,SS,1048576,48,0,0.003,3146,10,0.0019316699999762932,-1
cpu,SS,1048576,48,0,0.003,3146,11,0.0019238400000176625,-1
cpu,DS,1048576,48,0,0.003,3146,11,0.04833935999977257,-1
cpu,DS,1048576,48,0,0.003,3146,12,0.04531176000000414,-1
cpu,SS,1048576,48,0,0.003,3146,12,0.0025380900001437112,-1
cpu,SS,1048576,48,0,0.003,3146,13,0.0018032399998446635,-1
cpu,DS,1048576,48,0,0.003,3146,13,0.0513654299998052,-1
cpu,DS,1048576,48,0,0.003,3146,14,0.04343661000029897,-1
cpu,SS,1048576,48,0,0.003,3146,14,0.0019696499998644867,-1
gpu,DS,1048576,48,0,0.003,3146,0,0.012077376365661622,1890
gpu,SS,1048576,48,0,0.003,3146,0,0.0006471679806709289,1890
gpu,SS,1048576,48,0,0.003,3146,1,0.0006203839778900147,1890
gpu,DS,1048576,48,0,0.003,3146,1,0.011970303535461425,1890
gpu,DS,1048576,48,0,0.003,3146,2,0.012744704246520995,1890
gpu,SS,1048576,48,0,0.003,3146,2,0.0006448320150375367,1890
gpu,SS,1048576,48,0,0.003,3146,3,0.0006347200274467468,1890
gpu,DS,1048576,48,0,0.003,3146,3,0.011299519538879395,1890
gpu,DS,1048576,48,0,0.003,3146,4,0.01272867202758789,1890
gpu,SS,1048576,48,0,0.003,3146,4,0.000804960012435913,1890
gpu,SS,1048576,48,0,0.003,3146,5,0.0007350080013275147,1890
gpu,DS,1048576,48,0,0.003,3146,5,0.011949600219726563,1890
gpu,DS,1048576,48,0,0.003,3146,6,0.013050080299377442,1890
gpu,SS,1048576,48,0,0.003,3146,6,0.0006332799792289733,1890
gpu,SS,1048576,48,0,0.003,3146,7,0.0006614400148391723,1890
gpu,DS,1048576,48,0,0.003,3146,7,0.011333632469177245,1890
gpu,DS,1048576,48,0,0.003,3146,8,0.01131430435180664,1890
gpu,SS,1048576,48,0,0.003,3146,8,0.0006264960169792176,1890
gpu,SS,1048576,48,0,0.003,3146,9,0.0006328319907188415,1890
gpu,DS,1048576,48,0,0.003,3146,9,0.013272255897521972,1890
gpu,DS,1048576,48,0,0.003,3146,10,0.011777503967285156,1890
gpu,SS,1048576,48,0,0.003,3146,10,0.000634880006313324,1890
gpu,SS,1048576,48,0,0.003,3146,11,0.0006138240098953247,1890
gpu,DS,1048576,48,0,0.003,3146,11,0.012701184272766113,1890
gpu,DS,1048576,48,0,0.003,3146,12,0.012054335594177247,1890
gpu,SS,1048576,48,0,0.003,3146,12,0.0006576640009880066,1890
gpu,SS,1048576,48,0,0.003,3146,13,0.0006326720118522644,1890
gpu,DS,1048576,48,0,0.003,3146,13,0.011820351600646973,1890
gpu,DS,1048576,48,0,0.003,3146,14,0.011386879920959473,1890
gpu,SS,1048576,48,0,0.003,3146,14,0.0006860799789428711,1890
cpu,DS,1048576,48,0,0.01,10486,0,0.042788430000200606,-1
cpu,SS,1048576,48,0,0.01,10486,0,0.005053950000274199,-1
cpu,SS,1048576,48,0,0.01,10486,1,0.005828490000112652,-1
cpu,DS,1048576,48,0,0.01,10486,1,0.05091597000000547,-1
cpu,DS,1048576,48,0,0.01,10486,2,0.04307067000036113,-1
cpu,SS,1048576,48,0,0.01,10486,2,0.005215860000134853,-1
cpu,SS,1048576,48,0,0.01,10486,3,0.0060002099999110214,-1
cpu,DS,1048576,48,0,0.01,10486,3,0.042473340000015014,-1
cpu,DS,1048576,48,0,0.01,10486,4,0.0423852299995815,-1
cpu,SS,1048576,48,0,0.01,10486,4,0.005619779999960883,-1
cpu,SS,1048576,48,0,0.01,10486,5,0.005112629999985074,-1
cpu,DS,1048576,48,0,0.01,10486,5,0.047325959999852785,-1
cpu,DS,1048576,48,0,0.01,10486,6,0.045764279999730206,-1
cpu,SS,1048576,48,0,0.01,10486,6,0.005573430000367807,-1
cpu,SS,1048576,48,0,0.01,10486,7,0.0053207999999358435,-1
cpu,DS,1048576,48,0,0.01,10486,7,0.04855455000006259,-1
cpu,DS,1048576,48,0,0.01,10486,8,0.045256229999722564,-1
cpu,SS,1048576,48,0,0.01,10486,8,0.005408550000083778,-1
cpu,SS,1048576,48,0,0.01,10486,9,0.00494955000021946,-1
cpu,DS,1048576,48,0,0.01,10486,9,0.04520142000001215,-1
cpu,DS,1048576,48,0,0.01,10486,10,0.054249390000222775,-1
cpu,SS,1048576,48,0,0.01,10486,10,0.006526709999889135,-1
cpu,SS,1048576,48,0,0.01,10486,11,0.006172920000153681,-1
cpu,DS,1048576,48,0,0.01,10486,11,0.04863582000007227,-1
cpu,DS,1048576,48,0,0.01,10486,12,0.05130953999969279,-1
cpu,SS,1048576,48,0,0.01,10486,12,0.005554710000069463,-1
cpu,SS,1048576,48,0,0.01,10486,13,0.005467139999836945,-1
cpu,DS,1048576,48,0,0.01,10486,13,0.05363369999986389,-1
cpu,DS,1048576,48,0,0.01,10486,14,0.05435397000019293,-1
cpu,SS,1048576,48,0,0.01,10486,14,0.005691060000117432,-1
gpu,DS,1048576,48,0,0.01,10486,0,0.013066495895385742,1890
gpu,SS,1048576,48,0,0.01,10486,0,0.0019170559644699097,1890
gpu,SS,1048576,48,0,0.01,10486,1,0.0018593599796295165,1890
gpu,DS,1048576,48,0,0.01,10486,1,0.011263263702392579,1890
gpu,DS,1048576,48,0,0.01,10486,2,0.01340003204345703,1890
gpu,SS,1048576,48,0,0.01,10486,2,0.0019470720291137696,1890
gpu,SS,1048576,48,0,0.01,10486,3,0.0017924480438232422,1890
gpu,DS,1048576,48,0,0.01,10486,3,0.011287039756774902,1890
gpu,DS,1048576,48,0,0.01,10486,4,0.011308320045471191,1890
gpu,SS,1048576,48,0,0.01,10486,4,0.0018528000116348267,1890
gpu,SS,1048576,48,0,0.01,10486,5,0.0018893120288848877,1890
gpu,DS,1048576,48,0,0.01,10486,5,0.011276288032531738,1890
gpu,DS,1048576,48,0,0.01,10486,6,0.012026240348815918,1890
gpu,SS,1048576,48,0,0.01,10486,6,0.0020426878929138185,1890
gpu,SS,1048576,48,0,0.01,10486,7,0.002955712080001831,1890
gpu,DS,1048576,48,0,0.01,10486,7,0.011304960250854493,1890
gpu,DS,1048576,48,0,0.01,10486,8,0.011211935997009276,1890
gpu,SS,1048576,48,0,0.01,10486,8,0.001896672010421753,1890
gpu,SS,1048576,48,0,0.01,10486,9,0.0017921600341796874,1890
gpu,DS,1048576,48,0,0.01,10486,9,0.011237600326538085,1890
gpu,DS,1048576,48,0,0.01,10486,10,0.012140543937683105,1890
gpu,SS,1048576,48,0,0.01,10486,10,0.0019128320217132568,1890
gpu,SS,1048576,48,0,0.01,10486,11,0.001787935972213745,1890
gpu,DS,1048576,48,0,0.01,10486,11,0.011331647872924804,1890
gpu,DS,1048576,48,0,0.01,10486,12,0.011301600456237793,1890
gpu,SS,1048576,48,0,0.01,10486,12,0.0018552639484405518,1890
gpu,SS,1048576,48,0,0.01,10486,13,0.001937407970428467,1890
gpu,DS,1048576,48,0,0.01,10486,13,0.011270144462585448,1890
gpu,DS,1048576,48,0,0.01,10486,14,0.012910719871520995,1890
gpu,SS,1048576,48,0,0.01,10486,14,0.0018661439418792725,1890
cpu,DS,1048576,48,0,0.03,31457,0,0.03930704999993395,-1
cpu,SS,1048576,48,0,0.03,31457,0,0.013820669999859092,-1
cpu,SS,1048576,48,0,0.03,31457,1,0.013536539999677188,-1
cpu,DS,1048576,48,0,0.03,31457,1,0.045546570000169595,-1
cpu,DS,1048576,48,0,0.03,31457,2,0.04747697999982847,-1
cpu,SS,1048576,48,0,0.03,31457,2,0.014647230000264244,-1
cpu,SS,1048576,48,0,0.03,31457,3,0.013533929999994143,-1
cpu,DS,1048576,48,0,0.03,31457,3,0.046575360000133514,-1
cpu,DS,1048576,48,0,0.03,31457,4,0.0465119099999356,-1
cpu,SS,1048576,48,0,0.03,31457,4,0.013655069999913394,-1
cpu,SS,1048576,48,0,0.03,31457,5,0.013836240000273392,-1
cpu,DS,1048576,48,0,0.03,31457,5,0.041295330000139074,-1
cpu,DS,1048576,48,0,0.03,31457,6,0.04372091999994154,-1
cpu,SS,1048576,48,0,0.03,31457,6,0.01701180000009117,-1
cpu,SS,1048576,48,0,0.03,31457,7,0.01483038000014858,-1
cpu,DS,1048576,48,0,0.03,31457,7,0.044017470000198955,-1
cpu,DS,1048576,48,0,0.03,31457,8,0.04045814999972208,-1
cpu,SS,1048576,48,0,0.03,31457,8,0.014392260000022361,-1
cpu,SS,1048576,48,0,0.03,31457,9,0.014545349999934842,-1
cpu,DS,1048576,48,0,0.03,31457,9,0.0473464800002148,-1
cpu,DS,1048576,48,0,0.03,31457,10,0.04799501999968925,-1
cpu,SS,1048576,48,0,0.03,31457,10,0.014008499999818014,-1
cpu,SS,1048576,48,0,0.03,31457,11,0.013625909999973373,-1
cpu,DS,1048576,48,0,0.03,31457,11,0.05001407999998264,-1
cpu,DS,1048576,48,0,0.03,31457,12,0.041703660000166565,-1
cpu,SS,1048576,48,0,0.03,31457,12,0.014011650000156806,-1
cpu,SS,1048576,48,0,0.03,31457,13,0.014447699999891483,-1
cpu,DS,1048576,48,0,0.03,31457,13,0.04822469999999157,-1
cpu,DS,1048576,48,0,0.03,31457,14,0.04669011000032697,-1
cpu,SS,1048576,48,0,0.03,31457,14,0.013375710000218533,-1
gpu,DS,1048576,48,0,0.03,31457,0,0.012797951698303223,1890
gpu,SS,1048576,48,0,0.03,31457,0,0.005011168003082276,1890
gpu,SS,1048576,48,0,0.03,31457,1,0.005035744190216064,1890
gpu,DS,1048576,48,0,0.03,31457,1,0.01143616008758545,1890
gpu,DS,1048576,48,0,0.03,31457,2,0.011891648292541504,1890
gpu,SS,1048576,48,0,0.03,31457,2,0.005787744045257569,1890
gpu,SS,1048576,48,0,0.03,31457,3,0.005017792224884033,1890
gpu,DS,1048576,48,0,0.03,31457,3,0.013389823913574218,1890
gpu,DS,1048576,48,0,0.03,31457,4,0.011795871734619141,1890
gpu,SS,1048576,48,0,0.03,31457,4,0.005023776054382324,1890
gpu,SS,1048576,48,0,0.03,31457,5,0.0049987521171569824,1890
gpu,DS,1048576,48,0,0.03,31457,5,0.011313152313232423,1890
gpu,DS,1048576,48,0,0.03,31457,6,0.013281536102294923,1890
gpu,SS,1048576,48,0,0.03,31457,6,0.0056191678047180175,1890
gpu,SS,1048576,48,0,0.03,31457,7,0.004972032070159912,1890
gpu,DS,1048576,48,0,0.03,31457,7,0.012668928146362305,1890
gpu,DS,1048576,48,0,0.03,31457,8,0.011401599884033203,1890
gpu,SS,1048576,48,0,0.03,31457,8,0.004960256099700928,1890
gpu,SS,1048576,48,0,0.03,31457,9,0.004943552017211914,1890
gpu,DS,1048576,48,0,0.03,31457,9,0.012099360466003418,1890
gpu,DS,1048576,48,0,0.03,31457,10,0.012992511749267579,1890
gpu,SS,1048576,48,0,0.03,31457,10,0.005015744209289551,1890
gpu,SS,1048576,48,0,0.03,31457,11,0.00497049617767334,1890
gpu,DS,1048576,48,0,0.03,31457,11,0.012743328094482422,1890
gpu,DS,1048576,48,0,0.03,31457,12,0.012057151794433594,1890
gpu,SS,1048576,48,0,0.03,31457,12,0.0050356478691101075,1890
gpu,SS,1048576,48,0,0.03,31457,13,0.005751711845397949,1890
gpu,DS,1048576,48,0,0.03,31457,13,0.011199263572692872,1890
gpu,DS,1048576,48,0,0.03,31457,14,0.011309887886047363,1890
gpu,SS,1048576,48,0,0.03,31457,14,0.005002272129058838,1890
cpu,DS,1048576,48,0,0.1,104858,0,0.0473417100001825,-1
cpu,SS,1048576,48,0,0.1,104858,0,0.03586193999990428,-1
cpu,SS,1048576,48,0,0.1,104858,1,0.036247410000214586,-1
cpu,DS,1048576,48,0,0.1,104858,1,0.04307301000017105,-1
cpu,DS,1048576,48,0,0.1,104858,2,0.049523579999913636,-1
cpu,SS,1048576,48,0,0.1,104858,2,0.03660381000008783,-1
cpu,SS,1048576,48,0,0.1,104858,3,0.036819179999838525,-1
cpu,DS,1048576,48,0,0.1,104858,3,0.047387609999987035,-1
cpu,DS,1048576,48,0,0.1,104858,4,0.04012929000009535,-1
cpu,SS,1048576,48,0,0.1,104858,4,0.03578913000001194,-1
cpu,SS,1048576,48,0,0.1,104858,5,0.0360406800000419,-1
cpu,DS,1048576,48,0,0.1,104858,5,0.04013279999981023,-1
cpu,DS,1048576,48,0,0.1,104858,6,0.046636019999823475,-1
cpu,SS,1048576,48,0,0.1,104858,6,0.03758454000035272,-1
cpu,SS,1048576,48,0,0.1,104858,7,0.035580510000272625,-1
cpu,DS,1048576,48,0,0.1,104858,7,0.043802189999951224,-1
cpu,DS,1048576,48,0,0.1,104858,8,0.04248134999988906,-1
cpu,SS,1048576,48,0,0.1,104858,8,0.03672687500011307,-1
cpu,SS,1048576,48,0,0.1,104858,9,0.03817715900004259,-1
cpu,DS,1048576,48,0,0.1,104858,9,0.05617966500039984,-1
cpu,DS,1048576,48,0,0.1,104858,10,0.04461090900031195,-1
cpu,SS,1048576,48,0,0.1,104858,10,0.035936267000124644,-1
cpu,SS,1048576,48,0,0.1,104858,11,0.042391275000227324,-1
cpu,DS,1048576,48,0,0.1,104858,11,0.05333469500010324,-1
cpu,DS,1048576,48,0,0.1,104858,12,0.04503517800003465,-1
cpu,SS,1048576,48,0,0.1,104858,12,0.0376014559997202,-1
cpu,SS,1048576,48,0,0.1,104858,13,0.040000899999995454,-1
cpu,DS,1048576,48,0,0.1,104858,13,0.04658218299982764,-1
cpu,DS,1048576,48,0,0.1,104858,14,0.05282871300005354,-1
cpu,SS,1048576,48,0,0.1,104858,14,0.03906167799959803,-1
gpu,DS,1048576,48,0,0.1,104858,0,0.011982463836669921,1860
gpu,SS,1048576,48,0,0.1,104858,0,0.01566096019744873,1875
gpu,SS,1048576,48,0,0.1,104858,1,0.01446720027923584,1875
gpu,DS,1048576,48,0,0.1,104858,1,0.011315808296203614,1875
gpu,DS,1048576,48,0,0.1,104858,2,0.013011936187744141,1875
gpu,SS,1048576,48,0,0.1,104858,2,0.014914688110351562,1875
gpu,SS,1048576,48,0,0.1,104858,3,0.014499839782714843,1890
gpu,DS,1048576,48,0,0.1,104858,3,0.012726816177368164,1890
gpu,DS,1048576,48,0,0.1,104858,4,0.01199244785308838,1890
gpu,SS,1048576,48,0,0.1,104858,4,0.015796064376831054,1890
gpu,SS,1048576,48,0,0.1,104858,5,0.015798272132873534,1890
gpu,DS,1048576,48,0,0.1,104858,5,0.01190345573425293,1890
gpu,DS,1048576,48,0,0.1,104858,6,0.011978848457336426,1890
gpu,SS,1048576,48,0,0.1,104858,6,0.016191072463989258,1890
gpu,SS,1048576,48,0,0.1,104858,7,0.014940159797668457,1890
gpu,DS,1048576,48,0,0.1,104858,7,0.011481280326843262,1890
gpu,DS,1048576,48,0,0.1,104858,8,0.012804096221923827,1890
gpu,SS,1048576,48,0,0.1,104858,8,0.015136992454528809,1890
gpu,SS,1048576,48,0,0.1,104858,9,0.015858912467956544,1890
gpu,DS,1048576,48,0,0.1,104858,9,0.011396575927734375,1890
gpu,DS,1048576,48,0,0.1,104858,10,0.011286944389343261,1890
gpu,SS,1048576,48,0,0.1,104858,10,0.01615670394897461,1890
gpu,SS,1048576,48,0,0.1,104858,11,0.01490336036682129,1890
gpu,DS,1048576,48,0,0.1,104858,11,0.012824799537658691,1890
gpu,DS,1048576,48,0,0.1,104858,12,0.011310303688049316,1890
gpu,SS,1048576,48,0,0.1,104858,12,0.014667776107788086,1890
gpu,SS,1048576,48,0,0.1,104858,13,0.016233503341674806,1890
gpu,DS,1048576,48,0,0.1,104858,13,0.011599519729614257,1890
gpu,DS,1048576,48,0,0.1,104858,14,0.011307456016540528,1890
gpu,SS,1048576,48,0,0.1,104858,14,0.015650367736816405,1890
cpu,DS,1048576,48,0,0.2,209715,0,0.051372083999922324,-1
cpu,SS,1048576,48,0,0.2,209715,0,0.07799205699984668,-1
cpu,SS,1048576,48,0,0.2,209715,1,0.08044483100002253,-1
cpu,DS,1048576,48,0,0.2,209715,1,0.06486038499997449,-1
cpu,DS,1048576,48,0,0.2,209715,2,0.05661197000017637,-1
cpu,SS,1048576,48,0,0.2,209715,2,0.08003063000023758,-1
cpu,SS,1048576,48,0,0.2,209715,3,0.08535101200004647,-1
cpu,DS,1048576,48,0,0.2,209715,3,0.058937452000009216,-1
cpu,DS,1048576,48,0,0.2,209715,4,0.0519941759998801,-1
cpu,SS,1048576,48,0,0.2,209715,4,0.07510722999995778,-1
cpu,SS,1048576,48,0,0.2,209715,5,0.08047219099989888,-1
cpu,DS,1048576,48,0,0.2,209715,5,0.055913185000008525,-1
cpu,DS,1048576,48,0,0.2,209715,6,0.04961788299988257,-1
cpu,SS,1048576,48,0,0.2,209715,6,0.07855340900005103,-1
cpu,SS,1048576,48,0,0.2,209715,7,0.07741095100027451,-1
cpu,DS,1048576,48,0,0.2,209715,7,0.057037050999952044,-1
cpu,DS,1048576,48,0,0.2,209715,8,0.05627139800026271,-1
cpu,SS,1048576,48,0,0.2,209715,8,0.07784839199985072,-1
cpu,SS,1048576,48,0,0.2,209715,9,0.07607401499990374,-1
cpu,DS,1048576,48,0,0.2,209715,9,0.05599325699995461,-1
cpu,DS,1048576,48,0,0.2,209715,10,0.06123177099971144,-1
cpu,SS,1048576,48,0,0.2,209715,10,0.07901292900032786,-1
cpu,SS,1048576,48,0,0.2,209715,11,0.07853545099987969,-1
cpu,DS,1048576,48,0,0.2,209715,11,0.053164099999776226,-1
cpu,DS,1048576,48,0,0.2,209715,12,0.05790739000030953,-1
cpu,SS,1048576,48,0,0.2,209715,12,0.07749007199981861,-1
cpu,SS,1048576,48,0,0.2,209715,13,0.07646254700011923,-1
cpu,DS,1048576,48,0,0.2,209715,13,0.056231468000078166,-1
cpu,DS,1048576,48,0,0.2,209715,14,0.06189664699968489,-1
cpu,SS,1048576,48,0,0.2,209715,14,0.07521022899982199,-1
gpu,DS,1048576,48,0,0.2,209715,0,0.011869248390197753,1005
gpu,SS,1048576,48,0,0.2,209715,0,0.03345961761474609,1005
gpu,SS,1048576,48,0,0.2,209715,1,0.029275136947631834,1875
gpu,DS,1048576,48,0,0.2,209715,1,0.012075039863586426,1875
gpu,DS,1048576,48,0,0.2,209715,2,0.013881600379943848,1875
gpu,SS,1048576,48,0,0.2,209715,2,0.029224895477294923,1875
gpu,SS,1048576,48,0,0.2,209715,3,0.027629472732543944,1890
gpu,DS,1048576,48,0,0.2,209715,3,0.011118847846984864,1890
gpu,DS,1048576,48,0,0.2,209715,4,0.012944576263427734,1890
gpu,SS,1048576,48,0,0.2,209715,4,0.028847679138183594,1890
gpu,SS,1048576,48,0,0.2,209715,5,0.028670080184936525,1890
gpu,DS,1048576,48,0,0.2,209715,5,0.015111743927001953,1890
gpu,DS,1048576,48,0,0.2,209715,6,0.012685024261474609,1890
gpu,SS,1048576,48,0,0.2,209715,6,0.02880512046813965,1890
gpu,SS,1048576,48,0,0.2,209715,7,0.028190303802490234,1890
gpu,DS,1048576,48,0,0.2,209715,7,0.013347135543823243,1890
gpu,DS,1048576,48,0,0.2,209715,8,0.011634719848632813,1890
gpu,SS,1048576,48,0,0.2,209715,8,0.029429855346679686,1890
gpu,SS,1048576,48,0,0.2,209715,9,0.02919424057006836,1890
gpu,DS,1048576,48,0,0.2,209715,9,0.011366175651550294,1890
gpu,DS,1048576,48,0,0.2,209715,10,0.011350048065185548,1890
gpu,SS,1048576,48,0,0.2,209715,10,0.029708864212036133,1890
gpu,SS,1048576,48,0,0.2,209715,11,0.02886895942687988,1890
gpu,DS,1048576,48,0,0.2,209715,11,0.012163071632385255,1890
gpu,DS,1048576,48,0,0.2,209715,12,0.01305174446105957,1890
gpu,SS,1048576,48,0,0.2,209715,12,0.028754655838012694,1890
gpu,SS,1048576,48,0,0.2,209715,13,0.028179967880249023,1890
gpu,DS,1048576,48,0,0.2,209715,13,0.012122112274169922,1890
gpu,DS,1048576,48,0,0.2,209715,14,0.012777471542358398,1890
gpu,SS,1048576,48,0,0.2,209715,14,0.029506175994873048,1890
cpu,DS,1048576,48,0,0.3,314573,0,0.05185446499990576,-1
cpu,SS,1048576,48,0,0.3,314573,0,0.10222803500028022,-1
cpu,SS,1048576,48,0,0.3,314573,1,0.09667266299993571,-1
cpu,DS,1048576,48,0,0.3,314573,1,0.04883816999972623,-1
cpu,DS,1048576,48,0,0.3,314573,2,0.051360671000111324,-1
cpu,SS,1048576,48,0,0.3,314573,2,0.10409380300006887,-1
cpu,SS,1048576,48,0,0.3,314573,3,0.09801606600012747,-1
cpu,DS,1048576,48,0,0.3,314573,3,0.040516910000405915,-1
cpu,DS,1048576,48,0,0.3,314573,4,0.04317953400004626,-1
cpu,SS,1048576,48,0,0.3,314573,4,0.10435756900005799,-1
cpu,SS,1048576,48,0,0.3,314573,5,0.09616570600019259,-1
cpu,DS,1048576,48,0,0.3,314573,5,0.050704131999737,-1
cpu,DS,1048576,48,0,0.3,314573,6,0.0521350019998863,-1
cpu,SS,1048576,48,0,0.3,314573,6,0.10612046300002476,-1
cpu,SS,1048576,48,0,0.3,314573,7,0.10299563900025532,-1
cpu,DS,1048576,48,0,0.3,314573,7,0.047569752000072185,-1
cpu,DS,1048576,48,0,0.3,314573,8,0.04715533200032951,-1
cpu,SS,1048576,48,0,0.3,314573,8,0.09730696999986321,-1
cpu,SS,1048576,48,0,0.3,314573,9,0.10209064300033788,-1
cpu,DS,1048576,48,0,0.3,314573,9,0.04803273200013791,-1
cpu,DS,1048576,48,0,0.3,314573,10,0.05438886199999615,-1
cpu,SS,1048576,48,0,0.3,314573,10,0.1035932810000304,-1
cpu,SS,1048576,48,0,0.3,314573,11,0.10270525200030534,-1
cpu,DS,1048576,48,0,0.3,314573,11,0.04752070399990771,-1
cpu,DS,1048576,48,0,0.3,314573,12,0.0514854840002954,-1
cpu,SS,1048576,48,0,0.3,314573,12,0.10288974300010523,-1
cpu,SS,1048576,48,0,0.3,314573,13,0.10505116200010889,-1
cpu,DS,1048576,48,0,0.3,314573,13,0.05131386599987309,-1
cpu,DS,1048576,48,0,0.3,314573,14,0.050753569999869796,-1
cpu,SS,1048576,48,0,0.3,314573,14,0.09850537400006942,-1
gpu,DS,1048576,48,0,0.3,314573,0,0.011672831535339356,1095
gpu,SS,1048576,48,0,0.3,314573,0,0.04240438461303711,1095
gpu,SS,1048576,48,0,0.3,314573,1,0.04367148971557617,1890
gpu,DS,1048576,48,0,0.3,314573,1,0.011280384063720703,1890
gpu,DS,1048576,48,0,0.3,314573,2,0.011337632179260254,1890
gpu,SS,1048576,48,0,0.3,314573,2,0.04270745468139649,1890
gpu,SS,1048576,48,0,0.3,314573,3,0.04288787078857422,1890
gpu,DS,1048576,48,0,0.3,314573,3,0.013568063735961915,1890
gpu,DS,1048576,48,0,0.3,314573,4,0.012336095809936524,1890
gpu,SS,1048576,48,0,0.3,314573,4,0.04286873626708984,1890
gpu,SS,1048576,48,0,0.3,314573,5,0.04183456039428711,1890
gpu,DS,1048576,48,0,0.3,314573,5,0.013320287704467774,1890
gpu,DS,1048576,48,0,0.3,314573,6,0.01228003215789795,1890
gpu,SS,1048576,48,0,0.3,314573,6,0.041914398193359376,1890
gpu,SS,1048576,48,0,0.3,314573,7,0.0419884147644043,1890
gpu,DS,1048576,48,0,0.3,314573,7,0.012869695663452148,1890
gpu,DS,1048576,48,0,0.3,314573,8,0.012086751937866212,1890
gpu,SS,1048576,48,0,0.3,314573,8,0.04231593704223633,1890
gpu,SS,1048576,48,0,0.3,314573,9,0.04278019332885742,1890
gpu,DS,1048576,48,0,0.3,314573,9,0.011341823577880859,1890
gpu,DS,1048576,48,0,0.3,314573,10,0.012797920227050782,1890
gpu,SS,1048576,48,0,0.3,314573,10,0.04267862319946289,1890
gpu,SS,1048576,48,0,0.3,314573,11,0.042805248260498044,1890
gpu,DS,1048576,48,0,0.3,314573,11,0.011915264129638671,1890
gpu,DS,1048576,48,0,0.3,314573,12,0.012804703712463379,1890
gpu,SS,1048576,48,0,0.3,314573,12,0.041694015502929685,1890
gpu,SS,1048576,48,0,0.3,314573,13,0.04298499298095703,1890
gpu,DS,1048576,48,0,0.3,314573,13,0.011338303565979004,1890
gpu,DS,1048576,48,0,0.3,314573,14,0.012836511611938477,1890
gpu,SS,1048576,48,0,0.3,314573,14,0.04217030334472656,1890
cpu,DS,1048576,48,0,0.5,524288,0,0.05642605000002732,-1
cpu,SS,1048576,48,0,0.5,524288,0,0.1744028929997512,-1
cpu,SS,1048576,48,0,0.5,524288,1,0.17705965100003596,-1
cpu,DS,1048576,48,0,0.5,524288,1,0.05117010599997229,-1
cpu,DS,1048576,48,0,0.5,524288,2,0.04916354099987075,-1
cpu,SS,1048576,48,0,0.5,524288,2,0.18062710100002732,-1
cpu,SS,1048576,48,0,0.5,524288,3,0.15959635400031402,-1
cpu,DS,1048576,48,0,0.5,524288,3,0.05085224599997673,-1
cpu,DS,1048576,48,0,0.5,524288,4,0.06217035100007706,-1
cpu,SS,1048576,48,0,0.5,524288,4,0.1720009310001842,-1
cpu,SS,1048576,48,0,0.5,524288,5,0.15946344399981172,-1
cpu,DS,1048576,48,0,0.5,524288,5,0.04733866800006581,-1
cpu,DS,1048576,48,0,0.5,524288,6,0.055505278000055114,-1
cpu,SS,1048576,48,0,0.5,524288,6,0.14773753600002237,-1
cpu,SS,1048576,48,0,0.5,524288,7,0.15610735800009934,-1
cpu,DS,1048576,48,0,0.5,524288,7,0.05490646500038565,-1
cpu,DS,1048576,48,0,0.5,524288,8,0.054219406000356685,-1
cpu,SS,1048576,48,0,0.5,524288,8,0.16232980199993108,-1
cpu,SS,1048576,48,0,0.5,524288,9,0.15853537200018764,-1
cpu,DS,1048576,48,0,0.5,524288,9,0.054340709000371135,-1
cpu,DS,1048576,48,0,0.5,524288,10,0.05330573199989885,-1
cpu,SS,1048576,48,0,0.5,524288,10,0.16020631299988963,-1
cpu,SS,1048576,48,0,0.5,524288,11,0.16636576600012631,-1
cpu,DS,1048576,48,0,0.5,524288,11,0.04957283100020504,-1
cpu,DS,1048576,48,0,0.5,524288,12,0.05395251999971151,-1
cpu,SS,1048576,48,0,0.5,524288,12,0.16102345200033596,-1
cpu,SS,1048576,48,0,0.5,524288,13,0.15968521700006022,-1
cpu,DS,1048576,48,0,0.5,524288,13,0.05507740200027911,-1
cpu,DS,1048576,48,0,0.5,524288,14,0.04918912699986322,-1
cpu,SS,1048576,48,0,0.5,524288,14,0.16415022699993642,-1
gpu,DS,1048576,48,0,0.5,524288,0,0.011296768188476563,1905
gpu,SS,1048576,48,0,0.5,524288,0,0.07002896118164062,1905
gpu,SS,1048576,48,0,0.5,524288,1,0.0679178237915039,1905
gpu,DS,1048576,48,0,0.5,524288,1,0.01263644790649414,1890
gpu,DS,1048576,48,0,0.5,524288,2,0.011351776123046876,1890
gpu,SS,1048576,48,0,0.5,524288,2,0.06994745635986328,1890
gpu,SS,1048576,48,0,0.5,524288,3,0.0699942398071289,1890
gpu,DS,1048576,48,0,0.5,524288,3,0.011864512443542481,1890
gpu,DS,1048576,48,0,0.5,524288,4,0.012762592315673829,1890
gpu,SS,1048576,48,0,0.5,524288,4,0.07014173126220703,1890
gpu,SS,1048576,48,0,0.5,524288,5,0.06884761810302735,1890
gpu,DS,1048576,48,0,0.5,524288,5,0.012891839981079102,1890
gpu,DS,1048576,48,0,0.5,524288,6,0.012117792129516601,1890
gpu,SS,1048576,48,0,0.5,524288,6,0.07067839813232422,1890
gpu,SS,1048576,48,0,0.5,524288,7,0.07081330871582031,1890
gpu,DS,1048576,48,0,0.5,524288,7,0.011364352226257325,1890
gpu,DS,1048576,48,0,0.5,524288,8,0.011307007789611816,1890
gpu,SS,1048576,48,0,0.5,524288,8,0.06931865692138672,1890
gpu,SS,1048576,48,0,0.5,524288,9,0.06981075286865235,1890
gpu,DS,1048576,48,0,0.5,524288,9,0.011441344261169434,1890
gpu,DS,1048576,48,0,0.5,524288,10,0.0113820161819458,1890
gpu,SS,1048576,48,0,0.5,524288,10,0.0695497283935547,1890
gpu,SS,1048576,48,0,0.5,524288,11,0.0700948486328125,1890
gpu,DS,1048576,48,0,0.5,524288,11,0.011367136001586915,1890
gpu,DS,1048576,48,0,0.5,524288,12,0.011526144027709961,1890
gpu,SS,1048576,48,0,0.5,524288,12,0.06980409240722656,1890
gpu,SS,1048576,48,0,0.5,524288,13,0.06980531311035157,1890
gpu,DS,1048576,48,0,0.5,524288,13,0.012175104141235352,1890
gpu,DS,1048576,48,0,0.5,524288,14,0.01302774429321289,1890
gpu,SS,1048576,48,0,0.5,524288,14,0.06893849945068359,1890
cpu,DS,1048576,48,0,0.7,734003,0,0.05112383400000908,-1
cpu,SS,1048576,48,0,0.7,734003,0,0.21495598199999222,-1
cpu,SS,1048576,48,0,0.7,734003,1,0.21372364300032132,-1
cpu,DS,1048576,48,0,0.7,734003,1,0.05365452700016249,-1
cpu,DS,1048576,48,0,0.7,734003,2,0.05001845400011007,-1
cpu,SS,1048576,48,0,0.7,734003,2,0.21212515199977133,-1
cpu,SS,1048576,48,0,0.7,734003,3,0.20950299399964933,-1
cpu,DS,1048576,48,0,0.7,734003,3,0.05832070199994632,-1
cpu,DS,1048576,48,0,0.7,734003,4,0.05215578900015316,-1
cpu,SS,1048576,48,0,0.7,734003,4,0.22935010799983502,-1
cpu,SS,1048576,48,0,0.7,734003,5,0.2390591729999869,-1
cpu,DS,1048576,48,0,0.7,734003,5,0.06226087000004554,-1
cpu,DS,1048576,48,0,0.7,734003,6,0.05502289899959578,-1
cpu,SS,1048576,48,0,0.7,734003,6,0.22553381599982458,-1
cpu,SS,1048576,48,0,0.7,734003,7,0.23544328899970424,-1
cpu,DS,1048576,48,0,0.7,734003,7,0.05497307899986481,-1
cpu,DS,1048576,48,0,0.7,734003,8,0.04594219399996291,-1
cpu,SS,1048576,48,0,0.7,734003,8,0.23496368599990092,-1
cpu,SS,1048576,48,0,0.7,734003,9,0.2411398679996637,-1
cpu,DS,1048576,48,0,0.7,734003,9,0.0539559589997225,-1
cpu,DS,1048576,48,0,0.7,734003,10,0.04800218299988046,-1
cpu,SS,1048576,48,0,0.7,734003,10,0.22917177399995126,-1
cpu,SS,1048576,48,0,0.7,734003,11,0.22671090799985905,-1
cpu,DS,1048576,48,0,0.7,734003,11,0.05753295500016975,-1
cpu,DS,1048576,48,0,0.7,734003,12,0.04931444099975124,-1
cpu,SS,1048576,48,0,0.7,734003,12,0.24764745199991012,-1
cpu,SS,1048576,48,0,0.7,734003,13,0.2394302380002955,-1
cpu,DS,1048576,48,0,0.7,734003,13,0.05896095800017065,-1
cpu,DS,1048576,48,0,0.7,734003,14,0.06719787499969243,-1
cpu,SS,1048576,48,0,0.7,734003,14,0.25038617700010946,-1
gpu,DS,1048576,48,0,0.7,734003,0,0.013073792457580566,1905
gpu,SS,1048576,48,0,0.7,734003,0,0.09596057891845704,1905
gpu,SS,1048576,48,0,0.7,734003,1,0.09802748870849609,1890
gpu,DS,1048576,48,0,0.7,734003,1,0.01138588809967041,1890
gpu,DS,1048576,48,0,0.7,734003,2,0.011890591621398926,1890
gpu,SS,1048576,48,0,0.7,734003,2,0.09651376342773438,1890
gpu,SS,1048576,48,0,0.7,734003,3,0.09605120086669922,1890
gpu,DS,1048576,48,0,0.7,734003,3,0.01368064022064209,1890
gpu,DS,1048576,48,0,0.7,734003,4,0.012033344268798828,1890
gpu,SS,1048576,48,0,0.7,734003,4,0.09744361877441406,1890
gpu,SS,1048576,48,0,0.7,734003,5,0.09680636596679687,1890
gpu,DS,1048576,48,0,0.7,734003,5,0.013637824058532715,1890
gpu,DS,1048576,48,0,0.7,734003,6,0.011453951835632324,1890
gpu,SS,1048576,48,0,0.7,734003,6,0.0967996826171875,1890
gpu,SS,1048576,48,0,0.7,734003,7,0.09732476806640625,1890
gpu,DS,1048576,48,0,0.7,734003,7,0.011359935760498046,1890
gpu,DS,1048576,48,0,0.7,734003,8,0.01153228759765625,1890
gpu,SS,1048576,48,0,0.7,734003,8,0.0980041275024414,1890
gpu,SS,1048576,48,0,0.7,734003,9,0.10106674957275391,1890
gpu,DS,1048576,48,0,0.7,734003,9,0.014387359619140625,1890
gpu,DS,1048576,48,0,0.7,734003,10,0.012469759941101074,1890
gpu,SS,1048576,48,0,0.7,734003,10,0.10022499084472657,1890
gpu,SS,1048576,48,0,0.7,734003,11,0.10109737396240234,1890
gpu,DS,1048576,48,0,0.7,734003,11,0.01296780776977539,1890
gpu,DS,1048576,48,0,0.7,734003,12,0.01272000026702881,1890
gpu,SS,1048576,48,0,0.7,734003,12,0.10414617919921874,1890
gpu,SS,1048576,48,0,0.7,734003,13,0.10160336303710937,1890
gpu,DS,1048576,48,0,0.7,734003,13,0.015777664184570314,1890
gpu,DS,1048576,48,0,0.7,734003,14,0.012203583717346192,1890
gpu,SS,1048576,48,0,0.7,734003,14,0.10709254455566407,1890
cpu,DS,1048576,48,0,1.0,1048576,0,0.06136381499982235,-1
cpu,SS,1048576,48,0,1.0,1048576,0,0.34286952700040274,-1
cpu,SS,1048576,48,0,1.0,1048576,1,0.3255802139997286,-1
cpu,DS,1048576,48,0,1.0,1048576,1,0.06317468499992174,-1
cpu,DS,1048576,48,0,1.0,1048576,2,0.06487370900003953,-1
cpu,SS,1048576,48,0,1.0,1048576,2,0.3198195800000576,-1
cpu,SS,1048576,48,0,1.0,1048576,3,0.3158704000002217,-1
cpu,DS,1048576,48,0,1.0,1048576,3,0.053331477000028826,-1
cpu,DS,1048576,48,0,1.0,1048576,4,0.047305418999712856,-1
cpu,SS,1048576,48,0,1.0,1048576,4,0.30010874700019485,-1
cpu,SS,1048576,48,0,1.0,1048576,5,0.27891369000008126,-1
cpu,DS,1048576,48,0,1.0,1048576,5,0.056495880000056786,-1
cpu,DS,1048576,48,0,1.0,1048576,6,0.047094120000110706,-1
cpu,SS,1048576,48,0,1.0,1048576,6,0.26500320000013744,-1
cpu,SS,1048576,48,0,1.0,1048576,7,0.28348353000001225,-1
cpu,DS,1048576,48,0,1.0,1048576,7,0.05347700999982408,-1
cpu,DS,1048576,48,0,1.0,1048576,8,0.05686272000002646,-1
cpu,SS,1048576,48,0,1.0,1048576,8,0.2924282700000731,-1
cpu,SS,1048576,48,0,1.0,1048576,9,0.28422593999994206,-1
cpu,DS,1048576,48,0,1.0,1048576,9,0.03654846000017642,-1
cpu,DS,1048576,48,0,1.0,1048576,10,0.04079970000020694,-1
cpu,SS,1048576,48,0,1.0,1048576,10,0.261564570000246,-1
cpu,SS,1048576,48,0,1.0,1048576,11,0.28023650999966776,-1
cpu,DS,1048576,48,0,1.0,1048576,11,0.0411969599999793,-1
cpu,DS,1048576,48,0,1.0,1048576,12,0.040818599999965954,-1
cpu,SS,1048576,48,0,1.0,1048576,12,0.2775689999998576,-1
cpu,SS,1048576,48,0,1.0,1048576,13,0.2784151800001382,-1
cpu,DS,1048576,48,0,1.0,1048576,13,0.04433994000009989,-1
cpu,DS,1048576,48,0,1.0,1048576,14,0.04419620999988183,-1
cpu,SS,1048576,48,0,1.0,1048576,14,0.2703048299999864,-1
gpu,DS,1048576,48,0,1.0,1048576,0,0.011761759757995606,1905
gpu,SS,1048576,48,0,1.0,1048576,0,0.1389127655029297,1905
gpu,SS,1048576,48,0,1.0,1048576,1,0.13897727966308593,1890
gpu,DS,1048576,48,0,1.0,1048576,1,0.012049216270446778,1890
gpu,DS,1048576,48,0,1.0,1048576,2,0.01139139175415039,1890
gpu,SS,1048576,48,0,1.0,1048576,2,0.13285752868652342,1890
gpu,SS,1048576,48,0,1.0,1048576,3,0.1321697235107422,1890
gpu,DS,1048576,48,0,1.0,1048576,3,0.011456576347351075,1890
gpu,DS,1048576,48,0,1.0,1048576,4,0.011537856101989746,1890
gpu,SS,1048576,48,0,1.0,1048576,4,0.13260429382324218,1890
gpu,SS,1048576,48,0,1.0,1048576,5,0.1416049346923828,1890
gpu,DS,1048576,48,0,1.0,1048576,5,0.01142745590209961,1890
gpu,DS,1048576,48,0,1.0,1048576,6,0.011462400436401367,1890
gpu,SS,1048576,48,0,1.0,1048576,6,0.13390617370605468,1890
gpu,SS,1048576,48,0,1.0,1048576,7,0.14001542663574218,1890
gpu,DS,1048576,48,0,1.0,1048576,7,0.012943360328674316,1890
gpu,DS,1048576,48,0,1.0,1048576,8,0.012900927543640136,1890
gpu,SS,1048576,48,0,1.0,1048576,8,0.14038400268554688,1890
gpu,SS,1048576,48,0,1.0,1048576,9,0.14981954956054688,1890
gpu,DS,1048576,48,0,1.0,1048576,9,0.014396384239196777,1890
gpu,DS,1048576,48,0,1.0,1048576,10,0.013041664123535156,1890
gpu,SS,1048576,48,0,1.0,1048576,10,0.14706687927246093,1890
gpu,SS,1048576,48,0,1.0,1048576,11,0.14282342529296874,1890
gpu,DS,1048576,48,0,1.0,1048576,11,0.012337151527404786,1890
gpu,DS,1048576,48,0,1.0,1048576,12,0.012712096214294434,1890
gpu,SS,1048576,48,0,1.0,1048576,12,0.1434607391357422,1890
gpu,SS,1048576,48,0,1.0,1048576,13,0.1437796173095703,1890
gpu,DS,1048576,48,0,1.0,1048576,13,0.01348153591156006,1890
gpu,DS,1048576,48,0,1.0,1048576,14,0.012865535736083985,1890
gpu,SS,1048576,48,0,1.0,1048576,14,0.14544691467285156,1890
