platform,mode,N,F,window,s,m,rep,time_s,sm_clock_mhz
cpu,DS,1048576,8,256,0.0001,105,0,0.009860565000053612,-1
cpu,SS,1048576,8,256,0.0001,105,0,0.00012444799995137146,-1
cpu,SS,1048576,8,256,0.0001,105,1,0.000128350000068167,-1
cpu,DS,1048576,8,256,0.0001,105,1,0.009890019000067696,-1
cpu,DS,1048576,8,256,0.0001,105,2,0.010198799000136205,-1
cpu,SS,1048576,8,256,0.0001,105,2,0.00011186699975951342,-1
cpu,SS,1048576,8,256,0.0001,105,3,8.719200013729278e-05,-1
cpu,DS,1048576,8,256,0.0001,105,3,0.049390113999834284,-1
cpu,DS,1048576,8,256,0.0001,105,4,0.030029649999960384,-1
cpu,SS,1048576,8,256,0.0001,105,4,0.00014746499982720707,-1
cpu,SS,1048576,8,256,0.0001,105,5,0.00012044899995089509,-1
cpu,DS,1048576,8,256,0.0001,105,5,0.01656408700000611,-1
cpu,DS,1048576,8,256,0.0001,105,6,0.010380009000073187,-1
cpu,SS,1048576,8,256,0.0001,105,6,0.00011908399983440177,-1
cpu,SS,1048576,8,256,0.0001,105,7,8.611800012658932e-05,-1
cpu,DS,1048576,8,256,0.0001,105,7,0.010173538000344706,-1
cpu,DS,1048576,8,256,0.0001,105,8,0.012441888000012113,-1
cpu,SS,1048576,8,256,0.0001,105,8,0.00011118400016130181,-1
cpu,SS,1048576,8,256,0.0001,105,9,7.461099994543474e-05,-1
cpu,DS,1048576,8,256,0.0001,105,9,0.010302960999979405,-1
cpu,DS,1048576,8,256,0.0001,105,10,0.01002441499986162,-1
cpu,SS,1048576,8,256,0.0001,105,10,0.00013956499969935976,-1
cpu,SS,1048576,8,256,0.0001,105,11,9.91880001492973e-05,-1
cpu,DS,1048576,8,256,0.0001,105,11,0.01031349400000181,-1
cpu,DS,1048576,8,256,0.0001,105,12,0.010467590999724052,-1
cpu,SS,1048576,8,256,0.0001,105,12,0.00013176199990994064,-1
cpu,SS,1048576,8,256,0.0001,105,13,9.440899975743378e-05,-1
cpu,DS,1048576,8,256,0.0001,105,13,0.010536056999626453,-1
cpu,DS,1048576,8,256,0.0001,105,14,0.009428312000181904,-1
cpu,SS,1048576,8,256,0.0001,105,14,0.0001450269996894349,-1
gpu,DS,1048576,8,256,0.0001,105,0,0.0007659519910812378,1185
gpu,SS,1048576,8,256,0.0001,105,0,0.00010252799838781357,1185
gpu,SS,1048576,8,256,0.0001,105,1,0.00011468800157308579,1185
gpu,DS,1048576,8,256,0.0001,105,1,0.0007497599720954895,1185
gpu,DS,1048576,8,256,0.0001,105,2,0.0008294399976730346,1185
gpu,SS,1048576,8,256,0.0001,105,2,1.228800043463707e-05,1185
gpu,SS,1048576,8,256,0.0001,105,3,0.00014927999675273896,1185
gpu,DS,1048576,8,256,0.0001,105,3,0.0009072639942169189,1185
gpu,DS,1048576,8,256,0.0001,105,4,0.0007976959943771363,1185
gpu,SS,1048576,8,256,0.0001,105,4,0.0001331840008497238,1185
gpu,SS,1048576,8,256,0.0001,105,5,0.00011683200299739837,1185
gpu,DS,1048576,8,256,0.0001,105,5,0.0008505600094795227,1185
gpu,DS,1048576,8,256,0.0001,105,6,0.0007209920287132263,1185
gpu,SS,1048576,8,256,0.0001,105,6,0.00012736000120639802,1185
gpu,SS,1048576,8,256,0.0001,105,7,0.0002059520035982132,1185
gpu,DS,1048576,8,256,0.0001,105,7,0.0008058879971504212,1185
gpu,DS,1048576,8,256,0.0001,105,8,0.0008055040240287781,1185
gpu,SS,1048576,8,256,0.0001,105,8,0.0001530880033969879,1185
gpu,SS,1048576,8,256,0.0001,105,9,0.00014131200313568116,1185
gpu,DS,1048576,8,256,0.0001,105,9,0.0008007680177688598,1185
gpu,DS,1048576,8,256,0.0001,105,10,0.0006582720279693603,1185
gpu,SS,1048576,8,256,0.0001,105,10,0.00015715199708938598,1185
gpu,SS,1048576,8,256,0.0001,105,11,0.00016256000101566316,1185
gpu,DS,1048576,8,256,0.0001,105,11,0.0007534719705581665,1185
gpu,DS,1048576,8,256,0.0001,105,12,0.00081523197889328,1185
gpu,SS,1048576,8,256,0.0001,105,12,0.0001335359960794449,1185
gpu,SS,1048576,8,256,0.0001,105,13,0.00015680000185966492,1185
gpu,DS,1048576,8,256,0.0001,105,13,0.0007579519748687744,1185
gpu,DS,1048576,8,256,0.0001,105,14,0.0007229440212249755,1185
gpu,SS,1048576,8,256,0.0001,105,14,0.0001196800023317337,1185
cpu,DS,1048576,8,256,0.0003,315,0,0.01089959999990242,-1
cpu,SS,1048576,8,256,0.0003,315,0,0.00038570999959119945,-1
cpu,SS,1048576,8,256,0.0003,315,1,0.0002007570001296699,-1
cpu,DS,1048576,8,256,0.0003,315,1,0.01115507200029242,-1
cpu,DS,1048576,8,256,0.0003,315,2,0.009957332000340102,-1
cpu,SS,1048576,8,256,0.0003,315,2,0.0001928550000229734,-1
cpu,SS,1048576,8,256,0.0003,315,3,0.00021866199995201896,-1
cpu,DS,1048576,8,256,0.0003,315,3,0.008681668999997783,-1
cpu,DS,1048576,8,256,0.0003,315,4,0.01002134999998816,-1
cpu,SS,1048576,8,256,0.0003,315,4,0.00014834200010227505,-1
cpu,SS,1048576,8,256,0.0003,315,5,0.00019815599989669863,-1
cpu,DS,1048576,8,256,0.0003,315,5,0.009436584000013681,-1
cpu,DS,1048576,8,256,0.0003,315,6,0.010106475000156934,-1
cpu,SS,1048576,8,256,0.0003,315,6,0.00014434100012294948,-1
cpu,SS,1048576,8,256,0.0003,315,7,0.00013233800018497277,-1
cpu,DS,1048576,8,256,0.0003,315,7,0.010251915000026202,-1
cpu,DS,1048576,8,256,0.0003,315,8,0.009319451000010304,-1
cpu,SS,1048576,8,256,0.0003,315,8,0.00023006499986877316,-1
cpu,SS,1048576,8,256,0.0003,315,9,0.00025157100026262924,-1
cpu,DS,1048576,8,256,0.0003,315,9,0.010615418999805115,-1
cpu,DS,1048576,8,256,0.0003,315,10,0.010019049000220548,-1
cpu,SS,1048576,8,256,0.0003,315,10,0.00025897400018948247,-1
cpu,SS,1048576,8,256,0.0003,315,11,0.00013323800021680654,-1
cpu,DS,1048576,8,256,0.0003,315,11,0.010167892000026768,-1
cpu,DS,1048576,8,256,0.0003,315,12,0.011711930999808828,-1
cpu,SS,1048576,8,256,0.0003,315,12,0.00015284399978554575,-1
cpu,SS,1048576,8,256,0.0003,315,13,0.00012733699986711144,-1
cpu,DS,1048576,8,256,0.0003,315,13,0.010895898999933706,-1
cpu,DS,1048576,8,256,0.0003,315,14,0.012768732000040472,-1
cpu,SS,1048576,8,256,0.0003,315,14,0.000167647999660403,-1
gpu,DS,1048576,8,256,0.0003,315,0,0.00074726402759552,1230
gpu,SS,1048576,8,256,0.0003,315,0,0.0001867839992046356,1230
gpu,SS,1048576,8,256,0.0003,315,1,0.00010649599879980087,1230
gpu,DS,1048576,8,256,0.0003,315,1,0.0007228800058364869,1230
gpu,DS,1048576,8,256,0.0003,315,2,0.0006536319851875305,1230
gpu,SS,1048576,8,256,0.0003,315,2,0.00012835200130939485,1230
gpu,SS,1048576,8,256,0.0003,315,3,9.830400347709655e-05,1230
gpu,DS,1048576,8,256,0.0003,315,3,0.0007556800246238709,1230
gpu,DS,1048576,8,256,0.0003,315,4,0.0006860799789428711,1230
gpu,SS,1048576,8,256,0.0003,315,4,0.00014025600254535675,1230
gpu,SS,1048576,8,256,0.0003,315,5,0.0001671999990940094,1230
gpu,DS,1048576,8,256,0.0003,315,5,0.0007578880190849304,1230
gpu,DS,1048576,8,256,0.0003,315,6,0.0007845439910888672,1230
gpu,SS,1048576,8,256,0.0003,315,6,3.484800085425377e-05,1230
gpu,SS,1048576,8,256,0.0003,315,7,0.00010243199765682221,1575
gpu,DS,1048576,8,256,0.0003,315,7,0.0008145279884338379,1575
gpu,DS,1048576,8,256,0.0003,315,8,0.0007198079824447632,1575
gpu,SS,1048576,8,256,0.0003,315,8,1.228800043463707e-05,1575
gpu,SS,1048576,8,256,0.0003,315,9,9.836799651384353e-05,1575
gpu,DS,1048576,8,256,0.0003,315,9,0.0007560319900512695,1575
gpu,DS,1048576,8,256,0.0003,315,10,0.0007188479900360107,1575
gpu,SS,1048576,8,256,0.0003,315,10,0.00017203199863433837,1575
gpu,SS,1048576,8,256,0.0003,315,11,0.0005926719903945923,1575
gpu,DS,1048576,8,256,0.0003,315,11,0.0007232639789581299,1575
gpu,DS,1048576,8,256,0.0003,315,12,0.0007999680042266846,1575
gpu,SS,1048576,8,256,0.0003,315,12,1.2351999990642071e-05,1575
gpu,SS,1048576,8,256,0.0003,315,13,0.0001897599995136261,1575
gpu,DS,1048576,8,256,0.0003,315,13,0.0008173120021820068,1575
gpu,DS,1048576,8,256,0.0003,315,14,0.0007120640277862548,1575
gpu,SS,1048576,8,256,0.0003,315,14,0.0001430400013923645,1575
cpu,DS,1048576,8,256,0.001,1049,0,0.010357046000081027,-1
cpu,SS,1048576,8,256,0.001,1049,0,0.0003169900001012138,-1
cpu,SS,1048576,8,256,0.001,1049,1,0.0002291649998369394,-1
cpu,DS,1048576,8,256,0.001,1049,1,0.010701443000016297,-1
cpu,DS,1048576,8,256,0.001,1049,2,0.01129511299996011,-1
cpu,SS,1048576,8,256,0.001,1049,2,0.0008959550000326999,-1
cpu,SS,1048576,8,256,0.001,1049,3,0.0003749070001504151,-1
cpu,DS,1048576,8,256,0.001,1049,3,0.0111810799999148,-1
cpu,DS,1048576,8,256,0.001,1049,4,0.012710214999970049,-1
cpu,SS,1048576,8,256,0.001,1049,4,0.0003002860003107344,-1
cpu,SS,1048576,8,256,0.001,1049,5,0.0002474709999660263,-1
cpu,DS,1048576,8,256,0.001,1049,5,0.010877594000248791,-1
cpu,DS,1048576,8,256,0.001,1049,6,0.011168676000124833,-1
cpu,SS,1048576,8,256,0.001,1049,6,0.00028408099979060353,-1
cpu,SS,1048576,8,256,0.001,1049,7,0.0002260639998894476,-1
cpu,DS,1048576,8,256,0.001,1049,7,0.011119062000034319,-1
cpu,DS,1048576,8,256,0.001,1049,8,0.01167902099996354,-1
cpu,SS,1048576,8,256,0.001,1049,8,0.0003094879998570832,-1
cpu,SS,1048576,8,256,0.001,1049,9,0.0002443700000185345,-1
cpu,DS,1048576,8,256,0.001,1049,9,0.011324120000153926,-1
cpu,DS,1048576,8,256,0.001,1049,10,0.011182080999788013,-1
cpu,SS,1048576,8,256,0.001,1049,10,0.00026687600029617897,-1
cpu,SS,1048576,8,256,0.001,1049,11,0.00021015999982409994,-1
cpu,DS,1048576,8,256,0.001,1049,11,0.010371549999945273,-1
cpu,DS,1048576,8,256,0.001,1049,12,0.01042196399976092,-1
cpu,SS,1048576,8,256,0.001,1049,12,0.0002778789998956199,-1
cpu,SS,1048576,8,256,0.001,1049,13,0.00019735600017156685,-1
cpu,DS,1048576,8,256,0.001,1049,13,0.010043856000265805,-1
cpu,DS,1048576,8,256,0.001,1049,14,0.009502002999852266,-1
cpu,SS,1048576,8,256,0.001,1049,14,0.00028838199978054035,-1
gpu,DS,1048576,8,256,0.001,1049,0,0.0007434239983558654,1860
gpu,SS,1048576,8,256,0.001,1049,0,0.00016998399794101716,1860
gpu,SS,1048576,8,256,0.001,1049,1,0.00010611200332641601,1860
gpu,DS,1048576,8,256,0.001,1049,1,0.0009035199880599975,1860
gpu,DS,1048576,8,256,0.001,1049,2,0.004160543918609619,1860
gpu,SS,1048576,8,256,0.001,1049,2,6.761600077152252e-05,1860
gpu,SS,1048576,8,256,0.001,1049,3,9.625600278377533e-05,1860
gpu,DS,1048576,8,256,0.001,1049,3,0.0007749119997024536,1860
gpu,DS,1048576,8,256,0.001,1049,4,0.0006694080233573914,1860
gpu,SS,1048576,8,256,0.001,1049,4,9.296000003814697e-05,1860
gpu,SS,1048576,8,256,0.001,1049,5,0.00016166399419307708,1860
gpu,DS,1048576,8,256,0.001,1049,5,0.0009806079864501953,1860
gpu,DS,1048576,8,256,0.001,1049,6,0.0011832000017166138,1860
gpu,SS,1048576,8,256,0.001,1049,6,0.00017612800002098083,1860
gpu,SS,1048576,8,256,0.001,1049,7,0.00011673600226640701,1860
gpu,DS,1048576,8,256,0.001,1049,7,0.0007229440212249755,1860
gpu,DS,1048576,8,256,0.001,1049,8,0.0007088000178337098,1860
gpu,SS,1048576,8,256,0.001,1049,8,0.00010972800105810165,1860
gpu,SS,1048576,8,256,0.001,1049,9,0.00020787200331687927,1860
gpu,DS,1048576,8,256,0.001,1049,9,0.0010758719444274902,1860
gpu,DS,1048576,8,256,0.001,1049,10,0.0008110079765319824,1860
gpu,SS,1048576,8,256,0.001,1049,10,0.00017008000612258911,1860
gpu,SS,1048576,8,256,0.001,1049,11,0.0001748799979686737,1860
gpu,DS,1048576,8,256,0.001,1049,11,0.0007202879786491394,1860
gpu,DS,1048576,8,256,0.001,1049,12,0.0006881279945373535,1860
gpu,SS,1048576,8,256,0.001,1049,12,8.806400001049042e-05,1860
gpu,SS,1048576,8,256,0.001,1049,13,0.00016486400365829467,1860
gpu,DS,1048576,8,256,0.001,1049,13,0.0007659519910812378,1860
gpu,DS,1048576,8,256,0.001,1049,14,0.000737280011177063,1860
gpu,SS,1048576,8,256,0.001,1049,14,0.00014073599874973297,1860
cpu,DS,1048576,8,256,0.003,3146,0,0.011053843999889068,-1
cpu,SS,1048576,8,256,0.003,3146,0,0.0005980700002510275,-1
cpu,SS,1048576,8,256,0.003,3146,1,0.0005170469999029592,-1
cpu,DS,1048576,8,256,0.003,3146,1,0.010997628000041004,-1
cpu,DS,1048576,8,256,0.003,3146,2,0.010588812000150938,-1
cpu,SS,1048576,8,256,0.003,3146,2,0.000643182999738201,-1
cpu,SS,1048576,8,256,0.003,3146,3,0.0005037430000811582,-1
cpu,DS,1048576,8,256,0.003,3146,3,0.009929423999892606,-1
cpu,DS,1048576,8,256,0.003,3146,4,0.01082497900006274,-1
cpu,SS,1048576,8,256,0.003,3146,4,0.0007904240001153084,-1
cpu,SS,1048576,8,256,0.003,3146,5,0.00064938399964376,-1
cpu,DS,1048576,8,256,0.003,3146,5,0.010793469999953231,-1
cpu,DS,1048576,8,256,0.003,3146,6,0.010600815000088915,-1
cpu,SS,1048576,8,256,0.003,3146,6,0.000603671000135364,-1
cpu,SS,1048576,8,256,0.003,3146,7,0.0004650320001928776,-1
cpu,DS,1048576,8,256,0.003,3146,7,0.011485065999750077,-1
cpu,DS,1048576,8,256,0.003,3146,8,0.010020851000263065,-1
cpu,SS,1048576,8,256,0.003,3146,8,0.0005676609998772619,-1
cpu,SS,1048576,8,256,0.003,3146,9,0.0008318359996337676,-1
cpu,DS,1048576,8,256,0.003,3146,9,0.012998095999591897,-1
cpu,DS,1048576,8,256,0.003,3146,10,0.0114856659997713,-1
cpu,SS,1048576,8,256,0.003,3146,10,0.0006339800002024276,-1
cpu,SS,1048576,8,256,0.003,3146,11,0.0009453689999645576,-1
cpu,DS,1048576,8,256,0.003,3146,11,0.011321920000227692,-1
cpu,DS,1048576,8,256,0.003,3146,12,0.01080617399975381,-1
cpu,SS,1048576,8,256,0.003,3146,12,0.0007936259999041795,-1
cpu,SS,1048576,8,256,0.003,3146,13,0.0005412539999269939,-1
cpu,DS,1048576,8,256,0.003,3146,13,0.011265303999607568,-1
cpu,DS,1048576,8,256,0.003,3146,14,0.011235295000005863,-1
cpu,SS,1048576,8,256,0.003,3146,14,0.0007449120003002463,-1
gpu,DS,1048576,8,256,0.003,3146,0,0.0007167999744415283,1650
gpu,SS,1048576,8,256,0.003,3146,0,0.00017446400225162506,1650
gpu,SS,1048576,8,256,0.003,3146,1,0.00015321600437164307,1740
gpu,DS,1048576,8,256,0.003,3146,1,0.0006878399848937989,1740
gpu,DS,1048576,8,256,0.003,3146,2,0.0007154560089111328,1740
gpu,SS,1048576,8,256,0.003,3146,2,0.00018108800053596497,1740
gpu,SS,1048576,8,256,0.003,3146,3,0.0001433600038290024,1740
gpu,DS,1048576,8,256,0.003,3146,3,0.0006778879761695862,1740
gpu,DS,1048576,8,256,0.003,3146,4,0.0006925439834594726,1740
gpu,SS,1048576,8,256,0.003,3146,4,0.00017289599776268004,1740
gpu,SS,1048576,8,256,0.003,3146,5,0.00018691200017929076,1785
gpu,DS,1048576,8,256,0.003,3146,5,0.0007369920015335084,1785
gpu,DS,1048576,8,256,0.003,3146,6,0.0007412160038948059,1785
gpu,SS,1048576,8,256,0.003,3146,6,0.00017606399953365326,1785
gpu,SS,1048576,8,256,0.003,3146,7,0.00013670399785041808,1785
gpu,DS,1048576,8,256,0.003,3146,7,0.0006869440078735351,1785
gpu,DS,1048576,8,256,0.003,3146,8,0.0006964799761772156,1785
gpu,SS,1048576,8,256,0.003,3146,8,0.00018371200561523437,1785
gpu,SS,1048576,8,256,0.003,3146,9,0.00018348799645900727,1815
gpu,DS,1048576,8,256,0.003,3146,9,0.0007454720139503479,1815
gpu,DS,1048576,8,256,0.003,3146,10,0.0007043520212173462,1815
gpu,SS,1048576,8,256,0.003,3146,10,0.00013926400244235993,1815
gpu,SS,1048576,8,256,0.003,3146,11,0.0001802240014076233,1815
gpu,DS,1048576,8,256,0.003,3146,11,0.0006954560279846192,1815
gpu,DS,1048576,8,256,0.003,3146,12,0.0006764799952507019,1815
gpu,SS,1048576,8,256,0.003,3146,12,0.00017203199863433837,1815
gpu,SS,1048576,8,256,0.003,3146,13,0.00016156800091266633,1815
gpu,DS,1048576,8,256,0.003,3146,13,0.0007434239983558654,1830
gpu,DS,1048576,8,256,0.003,3146,14,0.0007331839799880981,1830
gpu,SS,1048576,8,256,0.003,3146,14,0.0001740799993276596,1830
cpu,DS,1048576,8,256,0.01,10486,0,0.011213188999590784,-1
cpu,SS,1048576,8,256,0.01,10486,0,0.004152181000335986,-1
cpu,SS,1048576,8,256,0.01,10486,1,0.0016987839999274001,-1
cpu,DS,1048576,8,256,0.01,10486,1,0.011018734000117547,-1
cpu,DS,1048576,8,256,0.01,10486,2,0.01001124799995523,-1
cpu,SS,1048576,8,256,0.01,10486,2,0.001628363000236277,-1
cpu,SS,1048576,8,256,0.01,10486,3,0.0014851229998384952,-1
cpu,DS,1048576,8,256,0.01,10486,3,0.0108457839996845,-1
cpu,DS,1048576,8,256,0.01,10486,4,0.010927307999736513,-1
cpu,SS,1048576,8,256,0.01,10486,4,0.001593052999851352,-1
cpu,SS,1048576,8,256,0.01,10486,5,0.0013743909998993331,-1
cpu,DS,1048576,8,256,0.01,10486,5,0.0085723379997944,-1
cpu,DS,1048576,8,256,0.01,10486,6,0.011240696999720967,-1
cpu,SS,1048576,8,256,0.01,10486,6,0.002088695000111329,-1
cpu,SS,1048576,8,256,0.01,10486,7,0.0014977259997976944,-1
cpu,DS,1048576,8,256,0.01,10486,7,0.01103263799996057,-1
cpu,DS,1048576,8,256,0.01,10486,8,0.011811659000159125,-1
cpu,SS,1048576,8,256,0.01,10486,8,0.0022053269999560143,-1
cpu,SS,1048576,8,256,0.01,10486,9,0.0018426240003464045,-1
cpu,DS,1048576,8,256,0.01,10486,9,0.011260602999755065,-1
cpu,DS,1048576,8,256,0.01,10486,10,0.011143870000069,-1
cpu,SS,1048576,8,256,0.01,10486,10,0.0016527709999536455,-1
cpu,SS,1048576,8,256,0.01,10486,11,0.002067188000182796,-1
cpu,DS,1048576,8,256,0.01,10486,11,0.010715348000303493,-1
cpu,DS,1048576,8,256,0.01,10486,12,0.01051409000001513,-1
cpu,SS,1048576,8,256,0.01,10486,12,0.001577849000113929,-1
cpu,SS,1048576,8,256,0.01,10486,13,0.001431507000233978,-1
cpu,DS,1048576,8,256,0.01,10486,13,0.01085728799989738,-1
cpu,DS,1048576,8,256,0.01,10486,14,0.011592997000207106,-1
cpu,SS,1048576,8,256,0.01,10486,14,0.0017009830003189563,-1
gpu,DS,1048576,8,256,0.01,10486,0,0.0007125440239906311,1425
gpu,SS,1048576,8,256,0.01,10486,0,0.00026051199436187745,1425
gpu,SS,1048576,8,256,0.01,10486,1,0.0002370239943265915,1515
gpu,DS,1048576,8,256,0.01,10486,1,0.0007413759827613831,1515
gpu,DS,1048576,8,256,0.01,10486,2,0.0006893439888954162,1515
gpu,SS,1048576,8,256,0.01,10486,2,0.0001966080069541931,1515
gpu,SS,1048576,8,256,0.01,10486,3,0.00023635199666023255,1515
gpu,DS,1048576,8,256,0.01,10486,3,0.0007483519911766053,1515
gpu,DS,1048576,8,256,0.01,10486,4,0.0006970239877700805,1515
gpu,SS,1048576,8,256,0.01,10486,4,0.0002462400048971176,1515
gpu,SS,1048576,8,256,0.01,10486,5,0.00025446400046348573,1635
gpu,DS,1048576,8,256,0.01,10486,5,0.0007348480224609375,1635
gpu,DS,1048576,8,256,0.01,10486,6,0.0006490560173988342,1635
gpu,SS,1048576,8,256,0.01,10486,6,0.00019040000438690186,1635
gpu,SS,1048576,8,256,0.01,10486,7,0.0001865919977426529,1635
gpu,DS,1048576,8,256,0.01,10486,7,0.0006917759776115418,1635
gpu,DS,1048576,8,256,0.01,10486,8,0.0007249919772148132,1635
gpu,SS,1048576,8,256,0.01,10486,8,0.0002329919934272766,1710
gpu,SS,1048576,8,256,0.01,10486,9,0.00020588800311088562,1710
gpu,DS,1048576,8,256,0.01,10486,9,0.0007283200025558472,1710
gpu,DS,1048576,8,256,0.01,10486,10,0.0007279040217399597,1710
gpu,SS,1048576,8,256,0.01,10486,10,0.00013219200074672698,1710
gpu,SS,1048576,8,256,0.01,10486,11,0.00013011200726032257,1710
gpu,DS,1048576,8,256,0.01,10486,11,0.0006609920263290405,1710
gpu,DS,1048576,8,256,0.01,10486,12,0.0006675840020179748,1710
gpu,SS,1048576,8,256,0.01,10486,12,0.00022208000719547272,1710
gpu,SS,1048576,8,256,0.01,10486,13,0.00012943999469280243,1740
gpu,DS,1048576,8,256,0.01,10486,13,0.0007120320200920106,1740
gpu,DS,1048576,8,256,0.01,10486,14,0.0006962559819221496,1740
gpu,SS,1048576,8,256,0.01,10486,14,0.00018636800348758697,1740
cpu,DS,1048576,8,256,0.03,31457,0,0.01141814799984786,-1
cpu,SS,1048576,8,256,0.03,31457,0,0.003761469999972178,-1
cpu,SS,1048576,8,256,0.03,31457,1,0.0038276889999906416,-1
cpu,DS,1048576,8,256,0.03,31457,1,0.012058629999955883,-1
cpu,DS,1048576,8,256,0.03,31457,2,0.012176262999673781,-1
cpu,SS,1048576,8,256,0.03,31457,2,0.0038594980001107615,-1
cpu,SS,1048576,8,256,0.03,31457,3,0.003746564999801194,-1
cpu,DS,1048576,8,256,0.03,31457,3,0.01127900800020143,-1
cpu,DS,1048576,8,256,0.03,31457,4,0.011376135000318754,-1
cpu,SS,1048576,8,256,0.03,31457,4,0.003645737000169902,-1
cpu,SS,1048576,8,256,0.03,31457,5,0.0037547679999079264,-1
cpu,DS,1048576,8,256,0.03,31457,5,0.01127310599986231,-1
cpu,DS,1048576,8,256,0.03,31457,6,0.011089753999840468,-1
cpu,SS,1048576,8,256,0.03,31457,6,0.0037088549997861264,-1
cpu,SS,1048576,8,256,0.03,31457,7,0.004057353000007424,-1
cpu,DS,1048576,8,256,0.03,31457,7,0.010520391999762069,-1
cpu,DS,1048576,8,256,0.03,31457,8,0.013865644000361499,-1
cpu,SS,1048576,8,256,0.03,31457,8,0.004266812999958347,-1
cpu,SS,1048576,8,256,0.03,31457,9,0.003763470000194502,-1
cpu,DS,1048576,8,256,0.03,31457,9,0.011727035000149044,-1
cpu,DS,1048576,8,256,0.03,31457,10,0.01124109700003828,-1
cpu,SS,1048576,8,256,0.03,31457,10,0.003859396999814635,-1
cpu,SS,1048576,8,256,0.03,31457,11,0.0036003239997626224,-1
cpu,DS,1048576,8,256,0.03,31457,11,0.011084852000294632,-1
cpu,DS,1048576,8,256,0.03,31457,12,0.010826379000263842,-1
cpu,SS,1048576,8,256,0.03,31457,12,0.003606024999953661,-1
cpu,SS,1048576,8,256,0.03,31457,13,0.0033908639998116996,-1
cpu,DS,1048576,8,256,0.03,31457,13,0.010431567000068753,-1
cpu,DS,1048576,8,256,0.03,31457,14,0.011829965000288212,-1
cpu,SS,1048576,8,256,0.03,31457,14,0.0038771029999224993,-1
gpu,DS,1048576,8,256,0.03,31457,0,0.0007086079716682434,1500
gpu,SS,1048576,8,256,0.03,31457,0,0.0002936320006847382,1575
gpu,SS,1048576,8,256,0.03,31457,1,0.00026214399933815005,1575
gpu,DS,1048576,8,256,0.03,31457,1,0.0007602239847183227,1575
gpu,DS,1048576,8,256,0.03,31457,2,0.000696448028087616,1575
gpu,SS,1048576,8,256,0.03,31457,2,0.00024982400238513945,1575
gpu,SS,1048576,8,256,0.03,31457,3,0.0002252800017595291,1575
gpu,DS,1048576,8,256,0.03,31457,3,0.0007268159985542298,1575
gpu,DS,1048576,8,256,0.03,31457,4,0.0007134400010108948,1575
gpu,SS,1048576,8,256,0.03,31457,4,0.00028409600257873536,1665
gpu,SS,1048576,8,256,0.03,31457,5,0.00025142401456832884,1665
gpu,DS,1048576,8,256,0.03,31457,5,0.0007135999798774719,1665
gpu,DS,1048576,8,256,0.03,31457,6,0.0007044479846954345,1665
gpu,SS,1048576,8,256,0.03,31457,6,0.0003004159927368164,1665
gpu,SS,1048576,8,256,0.03,31457,7,0.00026236799359321595,1665
gpu,DS,1048576,8,256,0.03,31457,7,0.0006689280271530151,1665
gpu,DS,1048576,8,256,0.03,31457,8,0.0008075199723243713,1665
gpu,SS,1048576,8,256,0.03,31457,8,0.00033008000254631045,1710
gpu,SS,1048576,8,256,0.03,31457,9,0.00026009601354599,1710
gpu,DS,1048576,8,256,0.03,31457,9,0.0006677759885787964,1710
gpu,DS,1048576,8,256,0.03,31457,10,0.0006569600105285644,1710
gpu,SS,1048576,8,256,0.03,31457,10,0.0002539840042591095,1710
gpu,SS,1048576,8,256,0.03,31457,11,0.00023334400355815886,1710
gpu,DS,1048576,8,256,0.03,31457,11,0.0007719359993934631,1710
gpu,DS,1048576,8,256,0.03,31457,12,0.000796671986579895,1710
gpu,SS,1048576,8,256,0.03,31457,12,0.0002969599962234497,1560
gpu,SS,1048576,8,256,0.03,31457,13,0.0002876160144805908,1560
gpu,DS,1048576,8,256,0.03,31457,13,0.0007350080013275147,1560
gpu,DS,1048576,8,256,0.03,31457,14,0.000705568015575409,1560
gpu,SS,1048576,8,256,0.03,31457,14,0.0002497279942035675,1560
cpu,DS,1048576,8,256,0.1,104858,0,0.012425134000295657,-1
cpu,SS,1048576,8,256,0.1,104858,0,0.009190914000100747,-1
cpu,SS,1048576,8,256,0.1,104858,1,0.009408075000010285,-1
cpu,DS,1048576,8,256,0.1,104858,1,0.013687693000065337,-1
cpu,DS,1048576,8,256,0.1,104858,2,0.013642079999954149,-1
cpu,SS,1048576,8,256,0.1,104858,2,0.009813591000238375,-1
cpu,SS,1048576,8,256,0.1,104858,3,0.008907633000035275,-1
cpu,DS,1048576,8,256,0.1,104858,3,0.011678621000100975,-1
cpu,DS,1048576,8,256,0.1,104858,4,0.013317888000074163,-1
cpu,SS,1048576,8,256,0.1,104858,4,0.009450288000152796,-1
cpu,SS,1048576,8,256,0.1,104858,5,0.00947299400013435,-1
cpu,DS,1048576,8,256,0.1,104858,5,0.013011501000164571,-1
cpu,DS,1048576,8,256,0.1,104858,6,0.01323786500006463,-1
cpu,SS,1048576,8,256,0.1,104858,6,0.009328753000318102,-1
cpu,SS,1048576,8,256,0.1,104858,7,0.009491799999977957,-1
cpu,DS,1048576,8,256,0.1,104858,7,0.012861458000315906,-1
cpu,DS,1048576,8,256,0.1,104858,8,0.012629791999643203,-1
cpu,SS,1048576,8,256,0.1,104858,8,0.011717631999999867,-1
cpu,SS,1048576,8,256,0.1,104858,9,0.009604831999695307,-1
cpu,DS,1048576,8,256,0.1,104858,9,0.013565959000061412,-1
cpu,DS,1048576,8,256,0.1,104858,10,0.013671088000137388,-1
cpu,SS,1048576,8,256,0.1,104858,10,0.009619236000162346,-1
cpu,SS,1048576,8,256,0.1,104858,11,0.0094450860001416,-1
cpu,DS,1048576,8,256,0.1,104858,11,0.01661432499986404,-1
cpu,DS,1048576,8,256,0.1,104858,12,0.013766114999725687,-1
cpu,SS,1048576,8,256,0.1,104858,12,0.009482497000135481,-1
cpu,SS,1048576,8,256,0.1,104858,13,0.009983139000269148,-1
cpu,DS,1048576,8,256,0.1,104858,13,0.013230162999661843,-1
cpu,DS,1048576,8,256,0.1,104858,14,0.01331578700001046,-1
cpu,SS,1048576,8,256,0.1,104858,14,0.010022350999861374,-1
gpu,DS,1048576,8,256,0.1,104858,0,0.0006938560009002685,1635
gpu,SS,1048576,8,256,0.1,104858,0,0.00037062400579452513,1635
gpu,SS,1048576,8,256,0.1,104858,1,0.0003774720132350922,1635
gpu,DS,1048576,8,256,0.1,104858,1,0.001301695942878723,1635
gpu,DS,1048576,8,256,0.1,104858,2,0.000736735999584198,1635
gpu,SS,1048576,8,256,0.1,104858,2,0.0003952639997005463,1635
gpu,SS,1048576,8,256,0.1,104858,3,0.00037760001420974733,1635
gpu,DS,1048576,8,256,0.1,104858,3,0.0007147520184516907,1635
gpu,DS,1048576,8,256,0.1,104858,4,0.0007636160254478455,1635
gpu,SS,1048576,8,256,0.1,104858,4,0.0004079039990901947,1635
gpu,SS,1048576,8,256,0.1,104858,5,0.0003969599902629852,1815
gpu,DS,1048576,8,256,0.1,104858,5,0.0019130239486694336,1830
gpu,DS,1048576,8,256,0.1,104858,6,0.00089164799451828,1830
gpu,SS,1048576,8,256,0.1,104858,6,0.0003668479919433594,1830
gpu,SS,1048576,8,256,0.1,104858,7,0.00037782400846481323,1830
gpu,DS,1048576,8,256,0.1,104858,7,0.0007738239765167236,1830
gpu,DS,1048576,8,256,0.1,104858,8,0.0007233279943466187,1830
gpu,SS,1048576,8,256,0.1,104858,8,0.00035635200142860414,1830
gpu,SS,1048576,8,256,0.1,104858,9,0.0003946560025215149,1830
gpu,DS,1048576,8,256,0.1,104858,9,0.0007556480169296265,1830
gpu,DS,1048576,8,256,0.1,104858,10,0.000714464008808136,1830
gpu,SS,1048576,8,256,0.1,104858,10,0.000409824013710022,1830
gpu,SS,1048576,8,256,0.1,104858,11,0.00037094399333000185,1830
gpu,DS,1048576,8,256,0.1,104858,11,0.0007787520289421081,1830
gpu,DS,1048576,8,256,0.1,104858,12,0.00072188800573349,1830
gpu,SS,1048576,8,256,0.1,104858,12,0.00035292801260948184,1830
gpu,SS,1048576,8,256,0.1,104858,13,0.00037558400630950927,1830
gpu,DS,1048576,8,256,0.1,104858,13,0.0007422080039978027,1830
gpu,DS,1048576,8,256,0.1,104858,14,0.0007167999744415283,1830
gpu,SS,1048576,8,256,0.1,104858,14,0.00037068799138069154,1830
cpu,DS,1048576,8,256,0.2,209715,0,0.013345790000130364,-1
cpu,SS,1048576,8,256,0.2,209715,0,0.01631313500001852,-1
cpu,SS,1048576,8,256,0.2,209715,1,0.01635565000015049,-1
cpu,DS,1048576,8,256,0.2,209715,1,0.012906016999750136,-1
cpu,DS,1048576,8,256,0.2,209715,2,0.01216591200000039,-1
cpu,SS,1048576,8,256,0.2,209715,2,0.02226381799982846,-1
cpu,SS,1048576,8,256,0.2,209715,3,0.015153344000282232,-1
cpu,DS,1048576,8,256,0.2,209715,3,0.012421779000305833,-1
cpu,DS,1048576,8,256,0.2,209715,4,0.01380038399975092,-1
cpu,SS,1048576,8,256,0.2,209715,4,0.017106189000060112,-1
cpu,SS,1048576,8,256,0.2,209715,5,0.01599027699967337,-1
cpu,DS,1048576,8,256,0.2,209715,5,0.012422072000390472,-1
cpu,DS,1048576,8,256,0.2,209715,6,0.013563531000272633,-1
cpu,SS,1048576,8,256,0.2,209715,6,0.01700214499987851,-1
cpu,SS,1048576,8,256,0.2,209715,7,0.016631603999940126,-1
cpu,DS,1048576,8,256,0.2,209715,7,0.013463193000006868,-1
cpu,DS,1048576,8,256,0.2,209715,8,0.013494103000084579,-1
cpu,SS,1048576,8,256,0.2,209715,8,0.01638831599984769,-1
cpu,SS,1048576,8,256,0.2,209715,9,0.016311574000155815,-1
cpu,DS,1048576,8,256,0.2,209715,9,0.013183629999730329,-1
cpu,DS,1048576,8,256,0.2,209715,10,0.01533598100013478,-1
cpu,SS,1048576,8,256,0.2,209715,10,0.0167321379999521,-1
cpu,SS,1048576,8,256,0.2,209715,11,0.015107222000096954,-1
cpu,DS,1048576,8,256,0.2,209715,11,0.013649046999944403,-1
cpu,DS,1048576,8,256,0.2,209715,12,0.012219249000281707,-1
cpu,SS,1048576,8,256,0.2,209715,12,0.017127737999999226,-1
cpu,SS,1048576,8,256,0.2,209715,13,0.01519537100011803,-1
cpu,DS,1048576,8,256,0.2,209715,13,0.012022472999888123,-1
cpu,DS,1048576,8,256,0.2,209715,14,0.01190858100017067,-1
cpu,SS,1048576,8,256,0.2,209715,14,0.015652792999844678,-1
gpu,DS,1048576,8,256,0.2,209715,0,0.0007594559788703919,1065
gpu,SS,1048576,8,256,0.2,209715,0,0.0015276479721069336,1065
gpu,SS,1048576,8,256,0.2,209715,1,0.0005963199734687805,1065
gpu,DS,1048576,8,256,0.2,209715,1,0.0008156800270080566,1065
gpu,DS,1048576,8,256,0.2,209715,2,0.0007779200077056885,1065
gpu,SS,1048576,8,256,0.2,209715,2,0.000634880006313324,1185
gpu,SS,1048576,8,256,0.2,209715,3,0.000970911979675293,1185
gpu,DS,1048576,8,256,0.2,209715,3,0.0009370560050010682,1185
gpu,DS,1048576,8,256,0.2,209715,4,0.000819167971611023,1185
gpu,SS,1048576,8,256,0.2,209715,4,0.0005474879741668701,1185
gpu,SS,1048576,8,256,0.2,209715,5,0.0006391680240631103,1185
gpu,DS,1048576,8,256,0.2,209715,5,0.0014207680225372314,1260
gpu,DS,1048576,8,256,0.2,209715,6,0.000780896008014679,1260
gpu,SS,1048576,8,256,0.2,209715,6,0.0005337600111961365,1260
gpu,SS,1048576,8,256,0.2,209715,7,0.0005426239967346191,1260
gpu,DS,1048576,8,256,0.2,209715,7,0.0007119359970092773,1260
gpu,DS,1048576,8,256,0.2,209715,8,0.0007098559737205505,1260
gpu,SS,1048576,8,256,0.2,209715,8,0.0012479039430618286,1260
gpu,SS,1048576,8,256,0.2,209715,9,0.000574400007724762,1320
gpu,DS,1048576,8,256,0.2,209715,9,0.0008030400276184082,1320
gpu,DS,1048576,8,256,0.2,209715,10,0.0007270720005035401,1320
gpu,SS,1048576,8,256,0.2,209715,10,0.0005282880067825317,1320
gpu,SS,1048576,8,256,0.2,209715,11,0.0005470079779624939,1320
gpu,DS,1048576,8,256,0.2,209715,11,0.0007525759935379028,1320
gpu,DS,1048576,8,256,0.2,209715,12,0.0007071040272712707,1320
gpu,SS,1048576,8,256,0.2,209715,12,0.0005631999969482422,1350
gpu,SS,1048576,8,256,0.2,209715,13,0.0005217919945716858,1350
gpu,DS,1048576,8,256,0.2,209715,13,0.0007500159740447998,1350
gpu,DS,1048576,8,256,0.2,209715,14,0.0008068479895591736,1350
gpu,SS,1048576,8,256,0.2,209715,14,0.0009748479723930359,1350
cpu,DS,1048576,8,256,0.3,314573,0,0.011339410999880783,-1
cpu,SS,1048576,8,256,0.3,314573,0,0.020209560999774112,-1
cpu,SS,1048576,8,256,0.3,314573,1,0.01973234399974899,-1
cpu,DS,1048576,8,256,0.3,314573,1,0.011997706000329345,-1
cpu,DS,1048576,8,256,0.3,314573,2,0.011934713999835367,-1
cpu,SS,1048576,8,256,0.3,314573,2,0.02179791100024886,-1
cpu,SS,1048576,8,256,0.3,314573,3,0.021429419000014605,-1
cpu,DS,1048576,8,256,0.3,314573,3,0.0119754729998931,-1
cpu,DS,1048576,8,256,0.3,314573,4,0.012274927999897045,-1
cpu,SS,1048576,8,256,0.3,314573,4,0.022011654999914754,-1
cpu,SS,1048576,8,256,0.3,314573,5,0.023467975999665214,-1
cpu,DS,1048576,8,256,0.3,314573,5,0.012884758999916812,-1
cpu,DS,1048576,8,256,0.3,314573,6,0.016423906999989413,-1
cpu,SS,1048576,8,256,0.3,314573,6,0.021635849000176677,-1
cpu,SS,1048576,8,256,0.3,314573,7,0.020123752000017703,-1
cpu,DS,1048576,8,256,0.3,314573,7,0.011237513000196486,-1
cpu,DS,1048576,8,256,0.3,314573,8,0.011664315999951214,-1
cpu,SS,1048576,8,256,0.3,314573,8,0.020668055999976787,-1
cpu,SS,1048576,8,256,0.3,314573,9,0.020933284999955504,-1
cpu,DS,1048576,8,256,0.3,314573,9,0.014894453000124486,-1
cpu,DS,1048576,8,256,0.3,314573,10,0.010968870999931823,-1
cpu,SS,1048576,8,256,0.3,314573,10,0.021677096000075835,-1
cpu,SS,1048576,8,256,0.3,314573,11,0.02396128200007297,-1
cpu,DS,1048576,8,256,0.3,314573,11,0.012053287000071577,-1
cpu,DS,1048576,8,256,0.3,314573,12,0.011843054000109987,-1
cpu,SS,1048576,8,256,0.3,314573,12,0.02067195699964941,-1
cpu,SS,1048576,8,256,0.3,314573,13,0.021138056999916444,-1
cpu,DS,1048576,8,256,0.3,314573,13,0.0098316049998175,-1
cpu,DS,1048576,8,256,0.3,314573,14,0.011699226000018825,-1
cpu,SS,1048576,8,256,0.3,314573,14,0.021368573000017932,-1
gpu,DS,1048576,8,256,0.3,314573,0,0.0008580480217933654,1410
gpu,SS,1048576,8,256,0.3,314573,0,0.0005372480154037475,1410
gpu,SS,1048576,8,256,0.3,314573,1,0.00063155198097229,1530
gpu,DS,1048576,8,256,0.3,314573,1,0.000815168023109436,1530
gpu,DS,1048576,8,256,0.3,314573,2,0.0008581119775772094,1530
gpu,SS,1048576,8,256,0.3,314573,2,0.0004917440116405487,1530
gpu,SS,1048576,8,256,0.3,314573,3,0.0006430720090866089,1530
gpu,DS,1048576,8,256,0.3,314573,3,0.0008601279854774475,1530
gpu,DS,1048576,8,256,0.3,314573,4,0.0013987840414047242,1605
gpu,SS,1048576,8,256,0.3,314573,4,0.0005799999833106995,1605
gpu,SS,1048576,8,256,0.3,314573,5,0.00048127999901771543,1605
gpu,DS,1048576,8,256,0.3,314573,5,0.0008439040184020996,1605
gpu,DS,1048576,8,256,0.3,314573,6,0.0007889599800109863,1605
gpu,SS,1048576,8,256,0.3,314573,6,0.0005708159804344177,1605
gpu,SS,1048576,8,256,0.3,314573,7,0.0009425280094146728,1650
gpu,DS,1048576,8,256,0.3,314573,7,0.0008253440260887146,1650
gpu,DS,1048576,8,256,0.3,314573,8,0.0006885759830474854,1650
gpu,SS,1048576,8,256,0.3,314573,8,0.0005570560097694397,1650
gpu,SS,1048576,8,256,0.3,314573,9,0.0005733759999275208,1650
gpu,DS,1048576,8,256,0.3,314573,9,0.0007418879866600037,1650
gpu,DS,1048576,8,256,0.3,314573,10,0.0014878079891204835,1650
gpu,SS,1048576,8,256,0.3,314573,10,0.000472927987575531,1680
gpu,SS,1048576,8,256,0.3,314573,11,0.0005733439922332764,1680
gpu,DS,1048576,8,256,0.3,314573,11,0.0013611520528793335,1680
gpu,DS,1048576,8,256,0.3,314573,12,0.0009096639752388001,1680
gpu,SS,1048576,8,256,0.3,314573,12,0.00046979200839996336,1695
gpu,SS,1048576,8,256,0.3,314573,13,0.000565119981765747,1695
gpu,DS,1048576,8,256,0.3,314573,13,0.0007800319790840149,1695
gpu,DS,1048576,8,256,0.3,314573,14,0.0011530239582061767,1695
gpu,SS,1048576,8,256,0.3,314573,14,0.000578432023525238,1695
cpu,DS,1048576,8,256,0.5,524288,0,0.01577692399996522,-1
cpu,SS,1048576,8,256,0.5,524288,0,0.03308300999970015,-1
cpu,SS,1048576,8,256,0.5,524288,1,0.033006657999976596,-1
cpu,DS,1048576,8,256,0.5,524288,1,0.010984765000102925,-1
cpu,DS,1048576,8,256,0.5,524288,2,0.011090369000157807,-1
cpu,SS,1048576,8,256,0.5,524288,2,0.0328953010002806,-1
cpu,SS,1048576,8,256,0.5,524288,3,0.030141016000015952,-1
cpu,DS,1048576,8,256,0.5,524288,3,0.01197625299982974,-1
cpu,DS,1048576,8,256,0.5,524288,4,0.011573728999792365,-1
cpu,SS,1048576,8,256,0.5,524288,4,0.03852010400032668,-1
cpu,SS,1048576,8,256,0.5,524288,5,0.03414958099983778,-1
cpu,DS,1048576,8,256,0.5,524288,5,0.011309670000173355,-1
cpu,DS,1048576,8,256,0.5,524288,6,0.010977938999985781,-1
cpu,SS,1048576,8,256,0.5,524288,6,0.03402964300039457,-1
cpu,SS,1048576,8,256,0.5,524288,7,0.03215422099992793,-1
cpu,DS,1048576,8,256,0.5,524288,7,0.012683108000146603,-1
cpu,DS,1048576,8,256,0.5,524288,8,0.01151561300002868,-1
cpu,SS,1048576,8,256,0.5,524288,8,0.0337196559999029,-1
cpu,SS,1048576,8,256,0.5,524288,9,0.03282714199986003,-1
cpu,DS,1048576,8,256,0.5,524288,9,0.01184051800009911,-1
cpu,DS,1048576,8,256,0.5,524288,10,0.01165066499970635,-1
cpu,SS,1048576,8,256,0.5,524288,10,0.03783255700000154,-1
cpu,SS,1048576,8,256,0.5,524288,11,0.03137355099988781,-1
cpu,DS,1048576,8,256,0.5,524288,11,0.011755684000036126,-1
cpu,DS,1048576,8,256,0.5,524288,12,0.009979040999951394,-1
cpu,SS,1048576,8,256,0.5,524288,12,0.03227474400000574,-1
cpu,SS,1048576,8,256,0.5,524288,13,0.03353838400016684,-1
cpu,DS,1048576,8,256,0.5,524288,13,0.012585108999701333,-1
cpu,DS,1048576,8,256,0.5,524288,14,0.012308373999985633,-1
cpu,SS,1048576,8,256,0.5,524288,14,0.03303513099990596,-1
gpu,DS,1048576,8,256,0.5,524288,0,0.0009413759708404541,1440
gpu,SS,1048576,8,256,0.5,524288,0,0.0007008320093154907,1440
gpu,SS,1048576,8,256,0.5,524288,1,0.0008125439882278443,1440
gpu,DS,1048576,8,256,0.5,524288,1,0.0009195520281791687,1440
gpu,DS,1048576,8,256,0.5,524288,2,0.0009093120098114014,1545
gpu,SS,1048576,8,256,0.5,524288,2,0.0008375679850578308,1545
gpu,SS,1048576,8,256,0.5,524288,3,0.0008192319869995118,1545
gpu,DS,1048576,8,256,0.5,524288,3,0.0008970239758491516,1545
gpu,DS,1048576,8,256,0.5,524288,4,0.000814079999923706,1545
gpu,SS,1048576,8,256,0.5,524288,4,0.0006758400201797485,1545
gpu,SS,1048576,8,256,0.5,524288,5,0.00080486398935318,1620
gpu,DS,1048576,8,256,0.5,524288,5,0.0009072639942169189,1620
gpu,DS,1048576,8,256,0.5,524288,6,0.0008246399760246277,1620
gpu,SS,1048576,8,256,0.5,524288,6,0.0007568960189819336,1620
gpu,SS,1048576,8,256,0.5,524288,7,0.0007470399737358093,1620
gpu,DS,1048576,8,256,0.5,524288,7,0.0008724480271339416,1620
gpu,DS,1048576,8,256,0.5,524288,8,0.0008873280286788941,1650
gpu,SS,1048576,8,256,0.5,524288,8,0.000750495970249176,1650
gpu,SS,1048576,8,256,0.5,524288,9,0.0007440320253372192,1650
gpu,DS,1048576,8,256,0.5,524288,9,0.0007904000282287597,1650
gpu,DS,1048576,8,256,0.5,524288,10,0.0008039680123329162,1650
gpu,SS,1048576,8,256,0.5,524288,10,0.0009789440035820008,1650
gpu,SS,1048576,8,256,0.5,524288,11,0.000637503981590271,1665
gpu,DS,1048576,8,256,0.5,524288,11,0.0008762559890747071,1665
gpu,DS,1048576,8,256,0.5,524288,12,0.0007864320278167724,1665
gpu,SS,1048576,8,256,0.5,524288,12,0.0007598080039024353,1665
gpu,SS,1048576,8,256,0.5,524288,13,0.0007208639979362488,1665
gpu,DS,1048576,8,256,0.5,524288,13,0.0008684800267219543,1665
gpu,DS,1048576,8,256,0.5,524288,14,0.0008758400082588195,1680
gpu,SS,1048576,8,256,0.5,524288,14,0.0006961920261383057,1680
cpu,DS,1048576,8,256,0.7,734003,0,0.01201460100037366,-1
cpu,SS,1048576,8,256,0.7,734003,0,0.04303213599996525,-1
cpu,SS,1048576,8,256,0.7,734003,1,0.04203381600018474,-1
cpu,DS,1048576,8,256,0.7,734003,1,0.011359714999798598,-1
cpu,DS,1048576,8,256,0.7,734003,2,0.011601444000007177,-1
cpu,SS,1048576,8,256,0.7,734003,2,0.04389273600008892,-1
cpu,SS,1048576,8,256,0.7,734003,3,0.04562959100030639,-1
cpu,DS,1048576,8,256,0.7,734003,3,0.01286386899982972,-1
cpu,DS,1048576,8,256,0.7,734003,4,0.026552324000022054,-1
cpu,SS,1048576,8,256,0.7,734003,4,0.04044409200014343,-1
cpu,SS,1048576,8,256,0.7,734003,5,0.044696098000258644,-1
cpu,DS,1048576,8,256,0.7,734003,5,0.011368455000138056,-1
cpu,DS,1048576,8,256,0.7,734003,6,0.011956400999679317,-1
cpu,SS,1048576,8,256,0.7,734003,6,0.04396899099992879,-1
cpu,SS,1048576,8,256,0.7,734003,7,0.04166838999981337,-1
cpu,DS,1048576,8,256,0.7,734003,7,0.010853591999875789,-1
cpu,DS,1048576,8,256,0.7,734003,8,0.011363844999777939,-1
cpu,SS,1048576,8,256,0.7,734003,8,0.04636255700006586,-1
cpu,SS,1048576,8,256,0.7,734003,9,0.04203881099965656,-1
cpu,DS,1048576,8,256,0.7,734003,9,0.012227709999933722,-1
cpu,DS,1048576,8,256,0.7,734003,10,0.012026508999952057,-1
cpu,SS,1048576,8,256,0.7,734003,10,0.04111962599972685,-1
cpu,SS,1048576,8,256,0.7,734003,11,0.041170621999754076,-1
cpu,DS,1048576,8,256,0.7,734003,11,0.01124014700008047,-1
cpu,DS,1048576,8,256,0.7,734003,12,0.011793905000104132,-1
cpu,SS,1048576,8,256,0.7,734003,12,0.04737950800017643,-1
cpu,SS,1048576,8,256,0.7,734003,13,0.041009181999925204,-1
cpu,DS,1048576,8,256,0.7,734003,13,0.01120787800027756,-1
cpu,DS,1048576,8,256,0.7,734003,14,0.011313329000131489,-1
cpu,SS,1048576,8,256,0.7,734003,14,0.04275132000020676,-1
gpu,DS,1048576,8,256,0.7,734003,0,0.0007127040028572083,1170
gpu,SS,1048576,8,256,0.7,734003,0,0.0010891519784927367,1170
gpu,SS,1048576,8,256,0.7,734003,1,0.0011142719984054566,1275
gpu,DS,1048576,8,256,0.7,734003,1,0.0008683519959449768,1275
gpu,DS,1048576,8,256,0.7,734003,2,0.0007306240200996399,1275
gpu,SS,1048576,8,256,0.7,734003,2,0.0011020480394363403,1275
gpu,SS,1048576,8,256,0.7,734003,3,0.0011005760431289672,1275
gpu,DS,1048576,8,256,0.7,734003,3,0.0007732800245285035,1275
gpu,DS,1048576,8,256,0.7,734003,4,0.0009671040177345276,1365
gpu,SS,1048576,8,256,0.7,734003,4,0.0010430079698562622,1365
gpu,SS,1048576,8,256,0.7,734003,5,0.0010438400506973266,1365
gpu,DS,1048576,8,256,0.7,734003,5,0.0008908799886703492,1365
gpu,DS,1048576,8,256,0.7,734003,6,0.0008098880052566528,1365
gpu,SS,1048576,8,256,0.7,734003,6,0.001033471941947937,1365
gpu,SS,1048576,8,256,0.7,734003,7,0.0010957759618759155,1410
gpu,DS,1048576,8,256,0.7,734003,7,0.0012902719974517821,1410
gpu,DS,1048576,8,256,0.7,734003,8,0.0008653119802474975,1410
gpu,SS,1048576,8,256,0.7,734003,8,0.0010252159833908081,1410
gpu,SS,1048576,8,256,0.7,734003,9,0.0010158079862594605,1410
gpu,DS,1048576,8,256,0.7,734003,9,0.0009031680226325989,1410
gpu,DS,1048576,8,256,0.7,734003,10,0.0008108479976654053,1440
gpu,SS,1048576,8,256,0.7,734003,10,0.0010024000406265259,1440
gpu,SS,1048576,8,256,0.7,734003,11,0.0009960640072822571,1440
gpu,DS,1048576,8,256,0.7,734003,11,0.0008642560243606567,1440
gpu,DS,1048576,8,256,0.7,734003,12,0.0007386879920959473,1440
gpu,SS,1048576,8,256,0.7,734003,12,0.001048416018486023,1440
gpu,SS,1048576,8,256,0.7,734003,13,0.0010035200119018555,1455
gpu,DS,1048576,8,256,0.7,734003,13,0.0008754879832267761,1455
gpu,DS,1048576,8,256,0.7,734003,14,0.0007943040132522582,1455
gpu,SS,1048576,8,256,0.7,734003,14,0.0009850879907608032,1455
cpu,DS,1048576,8,256,1.0,1048576,0,0.011265117000220926,-1
cpu,SS,1048576,8,256,1.0,1048576,0,0.054502391000369244,-1
cpu,SS,1048576,8,256,1.0,1048576,1,0.05416097500028627,-1
cpu,DS,1048576,8,256,1.0,1048576,1,0.011246582000239869,-1
cpu,DS,1048576,8,256,1.0,1048576,2,0.01070069900015369,-1
cpu,SS,1048576,8,256,1.0,1048576,2,0.05117062599993005,-1
cpu,SS,1048576,8,256,1.0,1048576,3,0.056284576000052766,-1
cpu,DS,1048576,8,256,1.0,1048576,3,0.012213592000080098,-1
cpu,DS,1048576,8,256,1.0,1048576,4,0.01006742099980329,-1
cpu,SS,1048576,8,256,1.0,1048576,4,0.053203182999823184,-1
cpu,SS,1048576,8,256,1.0,1048576,5,0.05506296699968516,-1
cpu,DS,1048576,8,256,1.0,1048576,5,0.01100590900023235,-1
cpu,DS,1048576,8,256,1.0,1048576,6,0.00980696499982514,-1
cpu,SS,1048576,8,256,1.0,1048576,6,0.05583828499993615,-1
cpu,SS,1048576,8,256,1.0,1048576,7,0.05296567999994295,-1
cpu,DS,1048576,8,256,1.0,1048576,7,0.011538058000041929,-1
cpu,DS,1048576,8,256,1.0,1048576,8,0.011736569999811763,-1
cpu,SS,1048576,8,256,1.0,1048576,8,0.058411636000073486,-1
cpu,SS,1048576,8,256,1.0,1048576,9,0.060471660000075644,-1
cpu,DS,1048576,8,256,1.0,1048576,9,0.011930567000035808,-1
cpu,DS,1048576,8,256,1.0,1048576,10,0.011038082000141003,-1
cpu,SS,1048576,8,256,1.0,1048576,10,0.057347913999819866,-1
cpu,SS,1048576,8,256,1.0,1048576,11,0.05795766099981847,-1
cpu,DS,1048576,8,256,1.0,1048576,11,0.012644036999972741,-1
cpu,DS,1048576,8,256,1.0,1048576,12,0.012067037999713648,-1
cpu,SS,1048576,8,256,1.0,1048576,12,0.05721000299990919,-1
cpu,SS,1048576,8,256,1.0,1048576,13,0.05367694099959408,-1
cpu,DS,1048576,8,256,1.0,1048576,13,0.012062620000051538,-1
cpu,DS,1048576,8,256,1.0,1048576,14,0.011295273000087036,-1
cpu,SS,1048576,8,256,1.0,1048576,14,0.051499269000032655,-1
gpu,DS,1048576,8,256,1.0,1048576,0,0.001109760046005249,630
gpu,SS,1048576,8,256,1.0,1048576,0,0.002602560043334961,630
gpu,SS,1048576,8,256,1.0,1048576,1,0.0026400959491729736,630
gpu,DS,1048576,8,256,1.0,1048576,1,0.00134553599357605,630
gpu,DS,1048576,8,256,1.0,1048576,2,0.0008045439720153808,630
gpu,SS,1048576,8,256,1.0,1048576,2,0.0025279359817504884,630
gpu,SS,1048576,8,256,1.0,1048576,3,0.0024441280364990233,630
gpu,DS,1048576,8,256,1.0,1048576,3,0.009917695999145508,630
gpu,DS,1048576,8,256,1.0,1048576,4,0.0009482240080833435,630
gpu,SS,1048576,8,256,1.0,1048576,4,0.0026334400177001954,630
gpu,SS,1048576,8,256,1.0,1048576,5,0.002672640085220337,630
gpu,DS,1048576,8,256,1.0,1048576,5,0.0011387200355529785,630
gpu,DS,1048576,8,256,1.0,1048576,6,0.0010629760026931762,630
gpu,SS,1048576,8,256,1.0,1048576,6,0.002594912052154541,630
gpu,SS,1048576,8,256,1.0,1048576,7,0.0024426560401916504,630
gpu,DS,1048576,8,256,1.0,1048576,7,0.0019858239889144896,630
gpu,DS,1048576,8,256,1.0,1048576,8,0.0010690560340881347,630
gpu,SS,1048576,8,256,1.0,1048576,8,0.002613215923309326,630
gpu,SS,1048576,8,256,1.0,1048576,9,0.0026235198974609375,630
gpu,DS,1048576,8,256,1.0,1048576,9,0.0011096320152282715,630
gpu,DS,1048576,8,256,1.0,1048576,10,0.0010332159996032716,630
gpu,SS,1048576,8,256,1.0,1048576,10,0.002610176086425781,630
gpu,SS,1048576,8,256,1.0,1048576,11,0.0026521921157836915,630
gpu,DS,1048576,8,256,1.0,1048576,11,0.001171231985092163,630
gpu,DS,1048576,8,256,1.0,1048576,12,0.0010562880039215088,630
gpu,SS,1048576,8,256,1.0,1048576,12,0.0024472320079803466,630
gpu,SS,1048576,8,256,1.0,1048576,13,0.0025867838859558105,630
gpu,DS,1048576,8,256,1.0,1048576,13,0.001052351951599121,630
gpu,DS,1048576,8,256,1.0,1048576,14,0.0010035200119018555,630
gpu,SS,1048576,8,256,1.0,1048576,14,0.0033642239570617675,630
cpu,DS,1048576,8,0,0.0001,105,0,0.018912632999672496,-1
cpu,SS,1048576,8,0,0.0001,105,0,0.00013750800007983344,-1
cpu,SS,1048576,8,0,0.0001,105,1,0.0001094939998438349,-1
cpu,DS,1048576,8,0,0.0001,105,1,0.017954632000055426,-1
cpu,DS,1048576,8,0,0.0001,105,2,0.01830087200005437,-1
cpu,SS,1048576,8,0,0.0001,105,2,0.0001243090000571101,-1
cpu,SS,1048576,8,0,0.0001,105,3,0.0001712200000838493,-1
cpu,DS,1048576,8,0,0.0001,105,3,0.018693643999995402,-1
cpu,DS,1048576,8,0,0.0001,105,4,0.015874342000188335,-1
cpu,SS,1048576,8,0,0.0001,105,4,0.00011443299990787636,-1
cpu,SS,1048576,8,0,0.0001,105,5,8.860199977789307e-05,-1
cpu,DS,1048576,8,0,0.0001,105,5,0.01740013500011628,-1
cpu,DS,1048576,8,0,0.0001,105,6,0.017103561000112677,-1
cpu,SS,1048576,8,0,0.0001,105,6,0.00011490699989735731,-1
cpu,SS,1048576,8,0,0.0001,105,7,0.00019942499966418836,-1
cpu,DS,1048576,8,0,0.0001,105,7,0.01876933099993039,-1
cpu,DS,1048576,8,0,0.0001,105,8,0.020514870999704726,-1
cpu,SS,1048576,8,0,0.0001,105,8,0.00015270300036718254,-1
cpu,SS,1048576,8,0,0.0001,105,9,0.00011699700007739011,-1
cpu,DS,1048576,8,0,0.0001,105,9,0.02028752700016412,-1
cpu,DS,1048576,8,0,0.0001,105,10,0.018707034999806638,-1
cpu,SS,1048576,8,0,0.0001,105,10,0.00014947399995435262,-1
cpu,SS,1048576,8,0,0.0001,105,11,0.0001712210000732739,-1
cpu,DS,1048576,8,0,0.0001,105,11,0.020041284000399173,-1
cpu,DS,1048576,8,0,0.0001,105,12,0.019705680000242864,-1
cpu,SS,1048576,8,0,0.0001,105,12,0.0006078679998609005,-1
cpu,SS,1048576,8,0,0.0001,105,13,0.0003936279999834369,-1
cpu,DS,1048576,8,0,0.0001,105,13,0.020548583999698167,-1
cpu,DS,1048576,8,0,0.0001,105,14,0.02046643999983644,-1
cpu,SS,1048576,8,0,0.0001,105,14,0.0001702710001154628,-1
gpu,DS,1048576,8,0,0.0001,105,0,0.0023582079410552977,1845
gpu,SS,1048576,8,0,0.0001,105,0,0.0002789439857006073,1845
gpu,SS,1048576,8,0,0.0001,105,1,0.0008915839791297913,1770
gpu,DS,1048576,8,0,0.0001,105,1,0.002324928045272827,1770
gpu,DS,1048576,8,0,0.0001,105,2,0.002322751998901367,1770
gpu,SS,1048576,8,0,0.0001,105,2,0.00022521600127220153,1560
gpu,SS,1048576,8,0,0.0001,105,3,0.00017529599368572236,1560
gpu,DS,1048576,8,0,0.0001,105,3,0.0025187199115753174,1560
gpu,DS,1048576,8,0,0.0001,105,4,0.002333280086517334,1560
gpu,SS,1048576,8,0,0.0001,105,4,0.00018223999440670013,1560
gpu,SS,1048576,8,0,0.0001,105,5,0.00018054400384426116,1455
gpu,DS,1048576,8,0,0.0001,105,5,0.0023983678817749024,1455
gpu,DS,1048576,8,0,0.0001,105,6,0.002457184076309204,1455
gpu,SS,1048576,8,0,0.0001,105,6,0.00019865599274635314,1455
gpu,SS,1048576,8,0,0.0001,105,7,0.00015081599354743958,1455
gpu,DS,1048576,8,0,0.0001,105,7,0.002394047975540161,1455
gpu,DS,1048576,8,0,0.0001,105,8,0.002319583892822266,1485
gpu,SS,1048576,8,0,0.0001,105,8,0.00022198399901390074,1485
gpu,SS,1048576,8,0,0.0001,105,9,0.00018892799317836762,1485
gpu,DS,1048576,8,0,0.0001,105,9,0.0023818240165710447,1485
gpu,DS,1048576,8,0,0.0001,105,10,0.002373823881149292,1485
gpu,SS,1048576,8,0,0.0001,105,10,0.00033583998680114746,1515
gpu,SS,1048576,8,0,0.0001,105,11,0.00023705600202083587,1515
gpu,DS,1048576,8,0,0.0001,105,11,0.0022689919471740724,1515
gpu,DS,1048576,8,0,0.0001,105,12,0.0023572800159454344,1515
gpu,SS,1048576,8,0,0.0001,105,12,0.0001966080069541931,1515
gpu,SS,1048576,8,0,0.0001,105,13,0.0001767359972000122,1515
gpu,DS,1048576,8,0,0.0001,105,13,0.003060256004333496,1530
gpu,DS,1048576,8,0,0.0001,105,14,0.002517119884490967,1530
gpu,SS,1048576,8,0,0.0001,105,14,0.00022243200242519378,1530
cpu,DS,1048576,8,0,0.0003,315,0,0.018962013999953342,-1
cpu,SS,1048576,8,0,0.0003,315,0,0.00016799200011519133,-1
cpu,SS,1048576,8,0,0.0003,315,1,0.0001577349999024591,-1
cpu,DS,1048576,8,0,0.0003,315,1,0.019036466000216024,-1
cpu,DS,1048576,8,0,0.0003,315,2,0.019588304000080825,-1
cpu,SS,1048576,8,0,0.0003,315,2,0.00015650099976483034,-1
cpu,SS,1048576,8,0,0.0003,315,3,0.00016533300004084595,-1
cpu,DS,1048576,8,0,0.0003,315,3,0.02181958700020914,-1
cpu,DS,1048576,8,0,0.0003,315,4,0.02085047599985046,-1
cpu,SS,1048576,8,0,0.0003,315,4,0.00023760099975334015,-1
cpu,SS,1048576,8,0,0.0003,315,5,0.0001582110003255366,-1
cpu,DS,1048576,8,0,0.0003,315,5,0.017606967000119766,-1
cpu,DS,1048576,8,0,0.0003,315,6,0.016502912000305514,-1
cpu,SS,1048576,8,0,0.0003,315,6,0.0001880300001175783,-1
cpu,SS,1048576,8,0,0.0003,315,7,0.0001433960001122614,-1
cpu,DS,1048576,8,0,0.0003,315,7,0.018259752000176377,-1
cpu,DS,1048576,8,0,0.0003,315,8,0.018545120999988285,-1
cpu,SS,1048576,8,0,0.0003,315,8,0.00015536199998678057,-1
cpu,SS,1048576,8,0,0.0003,315,9,0.00011652099965431262,-1
cpu,DS,1048576,8,0,0.0003,315,9,0.018354052000177035,-1
cpu,DS,1048576,8,0,0.0003,315,10,0.07392046899985871,-1
cpu,SS,1048576,8,0,0.0003,315,10,0.00016666300007273094,-1
cpu,SS,1048576,8,0,0.0003,315,11,0.00017302500009463984,-1
cpu,DS,1048576,8,0,0.0003,315,11,0.01883419200021308,-1
cpu,DS,1048576,8,0,0.0003,315,12,0.018135728999823186,-1
cpu,SS,1048576,8,0,0.0003,315,12,0.0001842309998210112,-1
cpu,SS,1048576,8,0,0.0003,315,13,0.00014795500010222895,-1
cpu,DS,1048576,8,0,0.0003,315,13,0.01926238599980934,-1
cpu,DS,1048576,8,0,0.0003,315,14,0.018174569999700907,-1
cpu,SS,1048576,8,0,0.0003,315,14,0.00023190299998532282,-1
gpu,DS,1048576,8,0,0.0003,315,0,0.0023824000358581543,1260
gpu,SS,1048576,8,0,0.0003,315,0,0.0002314240038394928,1260
gpu,SS,1048576,8,0,0.0003,315,1,0.0002011200040578842,1260
gpu,DS,1048576,8,0,0.0003,315,1,0.0024576001167297364,1260
gpu,DS,1048576,8,0,0.0003,315,2,0.0023877120018005373,1260
gpu,SS,1048576,8,0,0.0003,315,2,0.0001822720021009445,1320
gpu,SS,1048576,8,0,0.0003,315,3,0.0001043199971318245,1320
gpu,DS,1048576,8,0,0.0003,315,3,0.002356192111968994,1320
gpu,DS,1048576,8,0,0.0003,315,4,0.0030307199954986573,1320
gpu,SS,1048576,8,0,0.0003,315,4,0.0001576959937810898,1320
gpu,SS,1048576,8,0,0.0003,315,5,0.0001690240055322647,1320
gpu,DS,1048576,8,0,0.0003,315,5,0.002472671985626221,1350
gpu,DS,1048576,8,0,0.0003,315,6,0.0022636799812316894,1350
gpu,SS,1048576,8,0,0.0003,315,6,0.0001602240055799484,1350
gpu,SS,1048576,8,0,0.0003,315,7,0.00011241599917411804,1350
gpu,DS,1048576,8,0,0.0003,315,7,0.002328768014907837,1350
gpu,DS,1048576,8,0,0.0003,315,8,0.0024367361068725587,1395
gpu,SS,1048576,8,0,0.0003,315,8,0.00026835200190544127,1395
gpu,SS,1048576,8,0,0.0003,315,9,0.00011686400324106216,1395
gpu,DS,1048576,8,0,0.0003,315,9,0.0023804800510406495,1395
gpu,DS,1048576,8,0,0.0003,315,10,0.0024168639183044433,1395
gpu,SS,1048576,8,0,0.0003,315,10,0.00019865599274635314,1410
gpu,SS,1048576,8,0,0.0003,315,11,0.0001884160041809082,1410
gpu,DS,1048576,8,0,0.0003,315,11,0.002436800003051758,1410
gpu,DS,1048576,8,0,0.0003,315,12,0.002363392114639282,1410
gpu,SS,1048576,8,0,0.0003,315,12,0.0002539519965648651,1410
gpu,SS,1048576,8,0,0.0003,315,13,8.601599931716918e-05,1410
gpu,DS,1048576,8,0,0.0003,315,13,0.0024717121124267576,1410
gpu,DS,1048576,8,0,0.0003,315,14,0.002598912000656128,1410
gpu,SS,1048576,8,0,0.0003,315,14,0.00033603200316429136,1410
cpu,DS,1048576,8,0,0.001,1049,0,0.01780040999983612,-1
cpu,SS,1048576,8,0,0.001,1049,0,0.00035127399996781605,-1
cpu,SS,1048576,8,0,0.001,1049,1,0.0002964790000987705,-1
cpu,DS,1048576,8,0,0.001,1049,1,0.020463304999793763,-1
cpu,DS,1048576,8,0,0.001,1049,2,0.020303765999869938,-1
cpu,SS,1048576,8,0,0.001,1049,2,0.0003953370000999712,-1
cpu,SS,1048576,8,0,0.001,1049,3,0.00033854799994514906,-1
cpu,DS,1048576,8,0,0.001,1049,3,0.023420402000283502,-1
cpu,DS,1048576,8,0,0.001,1049,4,0.0210398350000105,-1
cpu,SS,1048576,8,0,0.001,1049,4,0.0004104360000383167,-1
cpu,SS,1048576,8,0,0.001,1049,5,0.000462381000033929,-1
cpu,DS,1048576,8,0,0.001,1049,5,0.020385529999657592,-1
cpu,DS,1048576,8,0,0.001,1049,6,0.020132640000156243,-1
cpu,SS,1048576,8,0,0.001,1049,6,0.0003598200000851648,-1
cpu,SS,1048576,8,0,0.001,1049,7,0.000285558000086894,-1
cpu,DS,1048576,8,0,0.001,1049,7,0.021499272999790264,-1
cpu,DS,1048576,8,0,0.001,1049,8,0.01989541900002223,-1
cpu,SS,1048576,8,0,0.001,1049,8,0.00032050500021796324,-1
cpu,SS,1048576,8,0,0.001,1049,9,0.00027625100028672023,-1
cpu,DS,1048576,8,0,0.001,1049,9,0.018941311000162386,-1
cpu,DS,1048576,8,0,0.001,1049,10,0.020519714999863936,-1
cpu,SS,1048576,8,0,0.001,1049,10,0.0003216449999854376,-1
cpu,SS,1048576,8,0,0.001,1049,11,0.0003799529999923834,-1
cpu,DS,1048576,8,0,0.001,1049,11,0.020330545999968308,-1
cpu,DS,1048576,8,0,0.001,1049,12,0.01848282399987511,-1
cpu,SS,1048576,8,0,0.001,1049,12,0.0008132749999276712,-1
cpu,SS,1048576,8,0,0.001,1049,13,0.0006929549999767914,-1
cpu,DS,1048576,8,0,0.001,1049,13,0.025890616000197042,-1
cpu,DS,1048576,8,0,0.001,1049,14,0.019946889000038937,-1
cpu,SS,1048576,8,0,0.001,1049,14,0.0003384530000403174,-1
gpu,DS,1048576,8,0,0.001,1049,0,0.0024916160106658934,1335
gpu,SS,1048576,8,0,0.001,1049,0,0.00032630398869514464,1335
gpu,SS,1048576,8,0,0.001,1049,1,0.0004075520038604736,1335
gpu,DS,1048576,8,0,0.001,1049,1,0.0032440319061279297,1380
gpu,DS,1048576,8,0,0.001,1049,2,0.0025219199657440187,1380
gpu,SS,1048576,8,0,0.001,1049,2,0.00024435199797153475,1380
gpu,SS,1048576,8,0,0.001,1049,3,0.0002170879989862442,1380
gpu,DS,1048576,8,0,0.001,1049,3,0.0031862080097198485,1425
gpu,DS,1048576,8,0,0.001,1049,4,0.0026117119789123536,1425
gpu,SS,1048576,8,0,0.001,1049,4,0.0003539200127124786,1425
gpu,SS,1048576,8,0,0.001,1049,5,0.0008523200154304505,1425
gpu,DS,1048576,8,0,0.001,1049,5,0.0025518081188201903,1455
gpu,DS,1048576,8,0,0.001,1049,6,0.0025083520412445067,1455
gpu,SS,1048576,8,0,0.001,1049,6,0.0002828480005264282,1455
gpu,SS,1048576,8,0,0.001,1049,7,0.00014944000542163849,1455
gpu,DS,1048576,8,0,0.001,1049,7,0.002492448091506958,1455
gpu,DS,1048576,8,0,0.001,1049,8,0.002609663963317871,1485
gpu,SS,1048576,8,0,0.001,1049,8,0.0002867200076580048,1485
gpu,SS,1048576,8,0,0.001,1049,9,0.0002479040026664734,1485
gpu,DS,1048576,8,0,0.001,1049,9,0.002527168035507202,1485
gpu,DS,1048576,8,0,0.001,1049,10,0.0026603519916534426,1485
gpu,SS,1048576,8,0,0.001,1049,10,0.0002555199861526489,1470
gpu,SS,1048576,8,0,0.001,1049,11,0.0002170879989862442,1470
gpu,DS,1048576,8,0,0.001,1049,11,0.0024494080543518066,1470
gpu,DS,1048576,8,0,0.001,1049,12,0.002395967960357666,1470
gpu,SS,1048576,8,0,0.001,1049,12,0.0002592639923095703,1470
gpu,SS,1048576,8,0,0.001,1049,13,7.971200346946716e-05,1470
gpu,DS,1048576,8,0,0.001,1049,13,0.0025067520141601562,1470
gpu,DS,1048576,8,0,0.001,1049,14,0.0025231359004974367,1470
gpu,SS,1048576,8,0,0.001,1049,14,0.0003113920092582703,1470
cpu,DS,1048576,8,0,0.003,3146,0,0.020010800999898493,-1
cpu,SS,1048576,8,0,0.003,3146,0,0.0007421469999826513,-1
cpu,SS,1048576,8,0,0.003,3146,1,0.0006034990001353435,-1
cpu,DS,1048576,8,0,0.003,3146,1,0.019848980999995547,-1
cpu,DS,1048576,8,0,0.003,3146,2,0.020712493000246468,-1
cpu,SS,1048576,8,0,0.003,3146,2,0.0007819360002940812,-1
cpu,SS,1048576,8,0,0.003,3146,3,0.0008262850001301558,-1
cpu,DS,1048576,8,0,0.003,3146,3,0.021424060000299505,-1
cpu,DS,1048576,8,0,0.003,3146,4,0.01904624700000568,-1
cpu,SS,1048576,8,0,0.003,3146,4,0.0007730100001026585,-1
cpu,SS,1048576,8,0,0.003,3146,5,0.0005909629999223398,-1
cpu,DS,1048576,8,0,0.003,3146,5,0.019344435000220983,-1
cpu,DS,1048576,8,0,0.003,3146,6,0.0213048800001161,-1
cpu,SS,1048576,8,0,0.003,3146,6,0.0010764220000964997,-1
cpu,SS,1048576,8,0,0.003,3146,7,0.0032719979999455973,-1
cpu,DS,1048576,8,0,0.003,3146,7,0.021423776000119688,-1
cpu,DS,1048576,8,0,0.003,3146,8,0.020346594999864465,-1
cpu,SS,1048576,8,0,0.003,3146,8,0.001187244999982795,-1
cpu,SS,1048576,8,0,0.003,3146,9,0.0010144100001525658,-1
cpu,DS,1048576,8,0,0.003,3146,9,0.02014716900021085,-1
cpu,DS,1048576,8,0,0.003,3146,10,0.01920920600014142,-1
cpu,SS,1048576,8,0,0.003,3146,10,0.0007745299999442068,-1
cpu,SS,1048576,8,0,0.003,3146,11,0.0006958990002203791,-1
cpu,DS,1048576,8,0,0.003,3146,11,0.019064291000177036,-1
cpu,DS,1048576,8,0,0.003,3146,12,0.0194373109998196,-1
cpu,SS,1048576,8,0,0.003,3146,12,0.0006716839998262003,-1
cpu,SS,1048576,8,0,0.003,3146,13,0.0007032119997347763,-1
cpu,DS,1048576,8,0,0.003,3146,13,0.019243488000029174,-1
cpu,DS,1048576,8,0,0.003,3146,14,0.019815268000002106,-1
cpu,SS,1048576,8,0,0.003,3146,14,0.0007834560001356294,-1
gpu,DS,1048576,8,0,0.003,3146,0,0.0024924159049987795,1425
gpu,SS,1048576,8,0,0.003,3146,0,0.000430400013923645,1425
gpu,SS,1048576,8,0,0.003,3146,1,0.00033206400275230405,1425
gpu,DS,1048576,8,0,0.003,3146,1,0.002472480058670044,1500
gpu,DS,1048576,8,0,0.003,3146,2,0.0025231359004974367,1500
gpu,SS,1048576,8,0,0.003,3146,2,0.00027116799354553225,1485
gpu,SS,1048576,8,0,0.003,3146,3,0.00024780799448490145,1485
gpu,DS,1048576,8,0,0.003,3146,3,0.0026009600162506105,1485
gpu,DS,1048576,8,0,0.003,3146,4,0.0025010879039764405,1485
gpu,SS,1048576,8,0,0.003,3146,4,0.0002659200131893158,1485
gpu,SS,1048576,8,0,0.003,3146,5,0.00020486399531364442,1485
gpu,DS,1048576,8,0,0.003,3146,5,0.0024780800342559814,1485
gpu,DS,1048576,8,0,0.003,3146,6,0.0026501119136810303,1485
gpu,SS,1048576,8,0,0.003,3146,6,0.00021027199923992157,1485
gpu,SS,1048576,8,0,0.003,3146,7,0.0002597120106220245,1485
gpu,DS,1048576,8,0,0.003,3146,7,0.002723680019378662,1485
gpu,DS,1048576,8,0,0.003,3146,8,0.002644223928451538,1485
gpu,SS,1048576,8,0,0.003,3146,8,0.0003067840039730072,1485
gpu,SS,1048576,8,0,0.003,3146,9,0.00021395200490951537,1485
gpu,DS,1048576,8,0,0.003,3146,9,0.00246345591545105,1485
gpu,DS,1048576,8,0,0.003,3146,10,0.0027401280403137208,1485
gpu,SS,1048576,8,0,0.003,3146,10,0.0002399359941482544,1485
gpu,SS,1048576,8,0,0.003,3146,11,0.00022732800245285034,1485
gpu,DS,1048576,8,0,0.003,3146,11,0.0025583360195159913,1485
gpu,DS,1048576,8,0,0.003,3146,12,0.002412287950515747,1485
gpu,SS,1048576,8,0,0.003,3146,12,0.0002896960079669952,1485
gpu,SS,1048576,8,0,0.003,3146,13,0.0006272000074386597,1485
gpu,DS,1048576,8,0,0.003,3146,13,0.0025067520141601562,1485
gpu,DS,1048576,8,0,0.003,3146,14,0.0025288960933685305,1485
gpu,SS,1048576,8,0,0.003,3146,14,0.0003061760067939758,1485
cpu,DS,1048576,8,0,0.01,10486,0,0.025081518999741093,-1
cpu,SS,1048576,8,0,0.01,10486,0,0.002277626000250166,-1
cpu,SS,1048576,8,0,0.01,10486,1,0.0020499960000961437,-1
cpu,DS,1048576,8,0,0.01,10486,1,0.021879983999951946,-1
cpu,DS,1048576,8,0,0.01,10486,2,0.020112982999762608,-1
cpu,SS,1048576,8,0,0.01,10486,2,0.0021008969997637905,-1
cpu,SS,1048576,8,0,0.01,10486,3,0.0020476219997362932,-1
cpu,DS,1048576,8,0,0.01,10486,3,0.02659449200018571,-1
cpu,DS,1048576,8,0,0.01,10486,4,0.029574474000128248,-1
cpu,SS,1048576,8,0,0.01,10486,4,0.0043624740001178,-1
cpu,SS,1048576,8,0,0.01,10486,5,0.002146195000022999,-1
cpu,DS,1048576,8,0,0.01,10486,5,0.04025322000006781,-1
cpu,DS,1048576,8,0,0.01,10486,6,0.030670267999994394,-1
cpu,SS,1048576,8,0,0.01,10486,6,0.0056183779997809324,-1
cpu,SS,1048576,8,0,0.01,10486,7,0.004165992000253027,-1
cpu,DS,1048576,8,0,0.01,10486,7,0.028055802999915613,-1
cpu,DS,1048576,8,0,0.01,10486,8,0.02392656200026977,-1
cpu,SS,1048576,8,0,0.01,10486,8,0.0020859880000898556,-1
cpu,SS,1048576,8,0,0.01,10486,9,0.001806793000014295,-1
cpu,DS,1048576,8,0,0.01,10486,9,0.02463480599999457,-1
cpu,DS,1048576,8,0,0.01,10486,10,0.02449976699972467,-1
cpu,SS,1048576,8,0,0.01,10486,10,0.0033881389999805833,-1
cpu,SS,1048576,8,0,0.01,10486,11,0.0020783910003956407,-1
cpu,DS,1048576,8,0,0.01,10486,11,0.022517954999784706,-1
cpu,DS,1048576,8,0,0.01,10486,12,0.02383577599994169,-1
cpu,SS,1048576,8,0,0.01,10486,12,0.002322259000266058,-1
cpu,SS,1048576,8,0,0.01,10486,13,0.0027604249999058084,-1
cpu,DS,1048576,8,0,0.01,10486,13,0.024102720999962912,-1
cpu,DS,1048576,8,0,0.01,10486,14,0.02050110099980884,-1
cpu,SS,1048576,8,0,0.01,10486,14,0.0024236809999820252,-1
gpu,DS,1048576,8,0,0.01,10486,0,0.003293600082397461,1200
gpu,SS,1048576,8,0,0.01,10486,0,0.0005606080293655395,1290
gpu,SS,1048576,8,0,0.01,10486,1,0.0005633280277252197,1290
gpu,DS,1048576,8,0,0.01,10486,1,0.002662400007247925,1290
gpu,DS,1048576,8,0,0.01,10486,2,0.002581120014190674,1290
gpu,SS,1048576,8,0,0.01,10486,2,0.0004687039852142334,1365
gpu,SS,1048576,8,0,0.01,10486,3,0.00046489599347114563,1365
gpu,DS,1048576,8,0,0.01,10486,3,0.0025398399829864504,1365
gpu,DS,1048576,8,0,0.01,10486,4,0.002604640007019043,1365
gpu,SS,1048576,8,0,0.01,10486,4,0.00047071999311447144,1365
gpu,SS,1048576,8,0,0.01,10486,5,0.0004700799882411957,1395
gpu,DS,1048576,8,0,0.01,10486,5,0.0026860480308532717,1395
gpu,DS,1048576,8,0,0.01,10486,6,0.0038624320030212402,1395
gpu,SS,1048576,8,0,0.01,10486,6,0.0004915199875831604,1425
gpu,SS,1048576,8,0,0.01,10486,7,0.0010383360385894775,1425
gpu,DS,1048576,8,0,0.01,10486,7,0.0026972160339355468,1425
gpu,DS,1048576,8,0,0.01,10486,8,0.002556672096252441,1425
gpu,SS,1048576,8,0,0.01,10486,8,0.0004245760142803192,1470
gpu,SS,1048576,8,0,0.01,10486,9,0.0004913280010223389,1470
gpu,DS,1048576,8,0,0.01,10486,9,0.0027110400199890135,1470
gpu,DS,1048576,8,0,0.01,10486,10,0.0026562559604644776,1470
gpu,SS,1048576,8,0,0.01,10486,10,0.0003317759931087494,1485
gpu,SS,1048576,8,0,0.01,10486,11,0.0004607360064983368,1485
gpu,DS,1048576,8,0,0.01,10486,11,0.0030683200359344484,1485
gpu,DS,1048576,8,0,0.01,10486,12,0.0026853439807891844,1485
gpu,SS,1048576,8,0,0.01,10486,12,0.0007957760095596314,1485
gpu,SS,1048576,8,0,0.01,10486,13,0.0006835839748382569,1485
gpu,DS,1048576,8,0,0.01,10486,13,0.0029061119556427002,1485
gpu,DS,1048576,8,0,0.01,10486,14,0.0025047039985656738,1485
gpu,SS,1048576,8,0,0.01,10486,14,0.00032972800731658934,1485
cpu,DS,1048576,8,0,0.03,31457,0,0.03350286600016261,-1
cpu,SS,1048576,8,0,0.03,31457,0,0.006626518999837572,-1
cpu,SS,1048576,8,0,0.03,31457,1,0.006300934000137204,-1
cpu,DS,1048576,8,0,0.03,31457,1,0.02508928500037655,-1
cpu,DS,1048576,8,0,0.03,31457,2,0.02383529799999451,-1
cpu,SS,1048576,8,0,0.03,31457,2,0.007678766000026371,-1
cpu,SS,1048576,8,0,0.03,31457,3,0.005281565000132105,-1
cpu,DS,1048576,8,0,0.03,31457,3,0.026171262999923783,-1
cpu,DS,1048576,8,0,0.03,31457,4,0.024473309999848425,-1
cpu,SS,1048576,8,0,0.03,31457,4,0.0062888499996915925,-1
cpu,SS,1048576,8,0,0.03,31457,5,0.005073183999684261,-1
cpu,DS,1048576,8,0,0.03,31457,5,0.026577004000046145,-1
cpu,DS,1048576,8,0,0.03,31457,6,0.023824376999982633,-1
cpu,SS,1048576,8,0,0.03,31457,6,0.0065640239999993355,-1
cpu,SS,1048576,8,0,0.03,31457,7,0.005006877999676362,-1
cpu,DS,1048576,8,0,0.03,31457,7,0.030868348999774753,-1
cpu,DS,1048576,8,0,0.03,31457,8,0.03053817699992578,-1
cpu,SS,1048576,8,0,0.03,31457,8,0.005235246999745868,-1
cpu,SS,1048576,8,0,0.03,31457,9,0.007057427000290772,-1
cpu,DS,1048576,8,0,0.03,31457,9,0.02191121900023063,-1
cpu,DS,1048576,8,0,0.03,31457,10,0.02553451900030268,-1
cpu,SS,1048576,8,0,0.03,31457,10,0.004978404999746999,-1
cpu,SS,1048576,8,0,0.03,31457,11,0.0060801760000686045,-1
cpu,DS,1048576,8,0,0.03,31457,11,0.024981926000236854,-1
cpu,DS,1048576,8,0,0.03,31457,12,0.028112114000123256,-1
cpu,SS,1048576,8,0,0.03,31457,12,0.005969598999854497,-1
cpu,SS,1048576,8,0,0.03,31457,13,0.007016668999767717,-1
cpu,DS,1048576,8,0,0.03,31457,13,0.023793953999756923,-1
cpu,DS,1048576,8,0,0.03,31457,14,0.025161930000194843,-1
cpu,SS,1048576,8,0,0.03,31457,14,0.005969209999875602,-1
gpu,DS,1048576,8,0,0.03,31457,0,0.0025403521060943604,1035
gpu,SS,1048576,8,0,0.03,31457,0,0.0011795840263366698,1035
gpu,SS,1048576,8,0,0.03,31457,1,0.0011602560281753541,1035
gpu,DS,1048576,8,0,0.03,31457,1,0.002575200080871582,1035
gpu,DS,1048576,8,0,0.03,31457,2,0.0025251839160919188,1080
gpu,SS,1048576,8,0,0.03,31457,2,0.0011961599588394165,1080
gpu,SS,1048576,8,0,0.03,31457,3,0.0012510080337524414,1080
gpu,DS,1048576,8,0,0.03,31457,3,0.0029999680519104004,1080
gpu,DS,1048576,8,0,0.03,31457,4,0.002579904079437256,1095
gpu,SS,1048576,8,0,0.03,31457,4,0.0011254719495773315,1095
gpu,SS,1048576,8,0,0.03,31457,5,0.0017951040267944337,1095
gpu,DS,1048576,8,0,0.03,31457,5,0.0025927999019622803,1095
gpu,DS,1048576,8,0,0.03,31457,6,0.0025891520977020265,1110
gpu,SS,1048576,8,0,0.03,31457,6,0.0010351999998092652,1110
gpu,SS,1048576,8,0,0.03,31457,7,0.001179487943649292,1110
gpu,DS,1048576,8,0,0.03,31457,7,0.0024983038902282716,1110
gpu,DS,1048576,8,0,0.03,31457,8,0.0030728321075439453,1125
gpu,SS,1048576,8,0,0.03,31457,8,0.0011980799436569214,1125
gpu,SS,1048576,8,0,0.03,31457,9,0.00113372802734375,1125
gpu,DS,1048576,8,0,0.03,31457,9,0.0032122879028320312,1125
gpu,DS,1048576,8,0,0.03,31457,10,0.00247273588180542,1230
gpu,SS,1048576,8,0,0.03,31457,10,0.0011018240451812745,1230
gpu,SS,1048576,8,0,0.03,31457,11,0.00116703999042511,1230
gpu,DS,1048576,8,0,0.03,31457,11,0.0032235839366912843,1230
gpu,DS,1048576,8,0,0.03,31457,12,0.0033177599906921386,1305
gpu,SS,1048576,8,0,0.03,31457,12,0.0012138559818267822,1305
gpu,SS,1048576,8,0,0.03,31457,13,0.0010981119871139526,1305
gpu,DS,1048576,8,0,0.03,31457,13,0.002547616004943848,1305
gpu,DS,1048576,8,0,0.03,31457,14,0.0025175039768218993,1350
gpu,SS,1048576,8,0,0.03,31457,14,0.0013213440179824828,1350
cpu,DS,1048576,8,0,0.1,104858,0,0.02900170300017635,-1
cpu,SS,1048576,8,0,0.1,104858,0,0.03245074999995268,-1
cpu,SS,1048576,8,0,0.1,104858,1,0.02746678800031077,-1
cpu,DS,1048576,8,0,0.1,104858,1,0.039410083000348095,-1
cpu,DS,1048576,8,0,0.1,104858,2,0.08128991500007032,-1
cpu,SS,1048576,8,0,0.1,104858,2,0.016425662000074226,-1
cpu,SS,1048576,8,0,0.1,104858,3,0.01733875200034163,-1
cpu,DS,1048576,8,0,0.1,104858,3,0.02858503999959794,-1
cpu,DS,1048576,8,0,0.1,104858,4,0.03281339300019681,-1
cpu,SS,1048576,8,0,0.1,104858,4,0.017063966000023356,-1
cpu,SS,1048576,8,0,0.1,104858,5,0.024495639999713603,-1
cpu,DS,1048576,8,0,0.1,104858,5,0.031795771999895805,-1
cpu,DS,1048576,8,0,0.1,104858,6,0.031036748999667907,-1
cpu,SS,1048576,8,0,0.1,104858,6,0.015181036999820208,-1
cpu,SS,1048576,8,0,0.1,104858,7,0.014061907000268548,-1
cpu,DS,1048576,8,0,0.1,104858,7,0.025521159000163607,-1
cpu,DS,1048576,8,0,0.1,104858,8,0.02671215400005167,-1
cpu,SS,1048576,8,0,0.1,104858,8,0.014858277000257658,-1
cpu,SS,1048576,8,0,0.1,104858,9,0.014643168000020523,-1
cpu,DS,1048576,8,0,0.1,104858,9,0.02565972200000033,-1
cpu,DS,1048576,8,0,0.1,104858,10,0.02481401199975153,-1
cpu,SS,1048576,8,0,0.1,104858,10,0.01427077600010307,-1
cpu,SS,1048576,8,0,0.1,104858,11,0.01575810399981492,-1
cpu,DS,1048576,8,0,0.1,104858,11,0.023529602000053274,-1
cpu,DS,1048576,8,0,0.1,104858,12,0.02473824600019725,-1
cpu,SS,1048576,8,0,0.1,104858,12,0.016114603000005445,-1
cpu,SS,1048576,8,0,0.1,104858,13,0.01394684499973664,-1
cpu,DS,1048576,8,0,0.1,104858,13,0.024434208999991824,-1
cpu,DS,1048576,8,0,0.1,104858,14,0.024206716000207962,-1
cpu,SS,1048576,8,0,0.1,104858,14,0.01354441900002712,-1
gpu,DS,1048576,8,0,0.1,104858,0,0.0025723841190338137,1230
gpu,SS,1048576,8,0,0.1,104858,0,0.0040862717628479,1230
gpu,SS,1048576,8,0,0.1,104858,1,0.0031959679126739504,1275
gpu,DS,1048576,8,0,0.1,104858,1,0.0031991679668426512,1275
gpu,DS,1048576,8,0,0.1,104858,2,0.0024359040260314943,1275
gpu,SS,1048576,8,0,0.1,104858,2,0.0031065280437469482,1335
gpu,SS,1048576,8,0,0.1,104858,3,0.003304383993148804,1335
gpu,DS,1048576,8,0,0.1,104858,3,0.0024924159049987795,1335
gpu,DS,1048576,8,0,0.1,104858,4,0.002762752056121826,1365
gpu,SS,1048576,8,0,0.1,104858,4,0.003093791961669922,1365
gpu,SS,1048576,8,0,0.1,104858,5,0.0030748159885406494,1365
gpu,DS,1048576,8,0,0.1,104858,5,0.0031198079586029054,1380
gpu,DS,1048576,8,0,0.1,104858,6,0.0024290239810943605,1380
gpu,SS,1048576,8,0,0.1,104858,6,0.0030718719959259033,1380
gpu,SS,1048576,8,0,0.1,104858,7,0.003432447910308838,1380
gpu,DS,1048576,8,0,0.1,104858,7,0.0024758720397949218,1380
gpu,DS,1048576,8,0,0.1,104858,8,0.002467360019683838,1380
gpu,SS,1048576,8,0,0.1,104858,8,0.003569727897644043,1380
gpu,SS,1048576,8,0,0.1,104858,9,0.003155359983444214,1380
gpu,DS,1048576,8,0,0.1,104858,9,0.0024432640075683592,1365
gpu,DS,1048576,8,0,0.1,104858,10,0.0029513280391693115,1365
gpu,SS,1048576,8,0,0.1,104858,10,0.0035196800231933594,1365
gpu,SS,1048576,8,0,0.1,104858,11,0.0038932480812072755,1365
gpu,DS,1048576,8,0,0.1,104858,11,0.004346399784088135,1365
gpu,DS,1048576,8,0,0.1,104858,12,0.002560960054397583,1365
gpu,SS,1048576,8,0,0.1,104858,12,0.0031225600242614747,1365
gpu,SS,1048576,8,0,0.1,104858,13,0.0029860479831695557,1350
gpu,DS,1048576,8,0,0.1,104858,13,0.008818400382995606,1350
gpu,DS,1048576,8,0,0.1,104858,14,0.002497056007385254,1380
gpu,SS,1048576,8,0,0.1,104858,14,0.0030825920104980468,1380
cpu,DS,1048576,8,0,0.2,209715,0,0.02858738299983088,-1
cpu,SS,1048576,8,0,0.2,209715,0,0.023881521000021166,-1
cpu,SS,1048576,8,0,0.2,209715,1,0.025025320000167994,-1
cpu,DS,1048576,8,0,0.2,209715,1,0.023420392999923934,-1
cpu,DS,1048576,8,0,0.2,209715,2,0.022900271999787947,-1
cpu,SS,1048576,8,0,0.2,209715,2,0.032023363999996945,-1
cpu,SS,1048576,8,0,0.2,209715,3,0.041380872999980056,-1
cpu,DS,1048576,8,0,0.2,209715,3,0.023261840000031953,-1
cpu,DS,1048576,8,0,0.2,209715,4,0.02312493599993104,-1
cpu,SS,1048576,8,0,0.2,209715,4,0.021698061999813945,-1
cpu,SS,1048576,8,0,0.2,209715,5,0.023026254999876983,-1
cpu,DS,1048576,8,0,0.2,209715,5,0.025124098000105732,-1
cpu,DS,1048576,8,0,0.2,209715,6,0.022164260999943508,-1
cpu,SS,1048576,8,0,0.2,209715,6,0.022073284000271087,-1
cpu,SS,1048576,8,0,0.2,209715,7,0.03338334499994744,-1
cpu,DS,1048576,8,0,0.2,209715,7,0.020889115000045422,-1
cpu,DS,1048576,8,0,0.2,209715,8,0.02375056399978348,-1
cpu,SS,1048576,8,0,0.2,209715,8,0.028020650999678764,-1
cpu,SS,1048576,8,0,0.2,209715,9,0.023491477999868948,-1
cpu,DS,1048576,8,0,0.2,209715,9,0.021843352999894705,-1
cpu,DS,1048576,8,0,0.2,209715,10,0.021813905000271916,-1
cpu,SS,1048576,8,0,0.2,209715,10,0.020624276000035024,-1
cpu,SS,1048576,8,0,0.2,209715,11,0.02174262499966062,-1
cpu,DS,1048576,8,0,0.2,209715,11,0.0223017510002137,-1
cpu,DS,1048576,8,0,0.2,209715,12,0.02155004199994437,-1
cpu,SS,1048576,8,0,0.2,209715,12,0.02215392600010091,-1
cpu,SS,1048576,8,0,0.2,209715,13,0.023451207000107388,-1
cpu,DS,1048576,8,0,0.2,209715,13,0.02263221400016846,-1
cpu,DS,1048576,8,0,0.2,209715,14,0.02311723200000415,-1
cpu,SS,1048576,8,0,0.2,209715,14,0.022615637999933824,-1
gpu,DS,1048576,8,0,0.2,209715,0,0.002505311965942383,1200
gpu,SS,1048576,8,0,0.2,209715,0,0.005746816158294678,1275
gpu,SS,1048576,8,0,0.2,209715,1,0.005902847766876221,1275
gpu,DS,1048576,8,0,0.2,209715,1,0.0025910720825195314,1335
gpu,DS,1048576,8,0,0.2,209715,2,0.00251526403427124,1335
gpu,SS,1048576,8,0,0.2,209715,2,0.005689792156219483,1335
gpu,SS,1048576,8,0,0.2,209715,3,0.005705728054046631,1380
gpu,DS,1048576,8,0,0.2,209715,3,0.0026184000968933105,1380
gpu,DS,1048576,8,0,0.2,209715,4,0.002406399965286255,1380
gpu,SS,1048576,8,0,0.2,209715,4,0.0056728959083557125,1410
gpu,SS,1048576,8,0,0.2,209715,5,0.005668608188629151,1410
gpu,DS,1048576,8,0,0.2,209715,5,0.002477952003479004,1425
gpu,DS,1048576,8,0,0.2,209715,6,0.0023473920822143553,1425
gpu,SS,1048576,8,0,0.2,209715,6,0.005627903938293457,1425
gpu,SS,1048576,8,0,0.2,209715,7,0.0056109437942504885,1425
gpu,DS,1048576,8,0,0.2,209715,7,0.0026072640419006346,1425
gpu,DS,1048576,8,0,0.2,209715,8,0.0024003520011901857,1425
gpu,SS,1048576,8,0,0.2,209715,8,0.005631584167480469,1425
gpu,SS,1048576,8,0,0.2,209715,9,0.005660672187805176,1425
gpu,DS,1048576,8,0,0.2,209715,9,0.007600319862365723,1425
gpu,DS,1048576,8,0,0.2,209715,10,0.0026767361164093018,1440
gpu,SS,1048576,8,0,0.2,209715,10,0.005640128135681152,1440
gpu,SS,1048576,8,0,0.2,209715,11,0.005642784118652344,1440
gpu,DS,1048576,8,0,0.2,209715,11,0.0026168320178985597,1440
gpu,DS,1048576,8,0,0.2,209715,12,0.002548448085784912,1440
gpu,SS,1048576,8,0,0.2,209715,12,0.005617248058319092,1440
gpu,SS,1048576,8,0,0.2,209715,13,0.005646368026733398,1410
gpu,DS,1048576,8,0,0.2,209715,13,0.002726560115814209,1410
gpu,DS,1048576,8,0,0.2,209715,14,0.0024260480403900148,1410
gpu,SS,1048576,8,0,0.2,209715,14,0.005652607917785645,1410
cpu,DS,1048576,8,0,0.3,314573,0,0.025308101000064198,-1
cpu,SS,1048576,8,0,0.3,314573,0,0.028857195000000502,-1
cpu,SS,1048576,8,0,0.3,314573,1,0.030296841000108543,-1
cpu,DS,1048576,8,0,0.3,314573,1,0.021960268999919208,-1
cpu,DS,1048576,8,0,0.3,314573,2,0.01931061300001602,-1
cpu,SS,1048576,8,0,0.3,314573,2,0.029902801000389445,-1
cpu,SS,1048576,8,0,0.3,314573,3,0.04697710599975835,-1
cpu,DS,1048576,8,0,0.3,314573,3,0.027775314999871625,-1
cpu,DS,1048576,8,0,0.3,314573,4,0.021037622999756422,-1
cpu,SS,1048576,8,0,0.3,314573,4,0.029972618999636325,-1
cpu,SS,1048576,8,0,0.3,314573,5,0.0294062779998967,-1
cpu,DS,1048576,8,0,0.3,314573,5,0.020962832999884995,-1
cpu,DS,1048576,8,0,0.3,314573,6,0.020567330000176298,-1
cpu,SS,1048576,8,0,0.3,314573,6,0.02854126100010035,-1
cpu,SS,1048576,8,0,0.3,314573,7,0.028214990999913425,-1
cpu,DS,1048576,8,0,0.3,314573,7,0.021655742999882932,-1
cpu,DS,1048576,8,0,0.3,314573,8,0.023450816000149644,-1
cpu,SS,1048576,8,0,0.3,314573,8,0.03214925099973698,-1
cpu,SS,1048576,8,0,0.3,314573,9,0.03399317699995663,-1
cpu,DS,1048576,8,0,0.3,314573,9,0.02253353399964908,-1
cpu,DS,1048576,8,0,0.3,314573,10,0.0242659079999612,-1
cpu,SS,1048576,8,0,0.3,314573,10,0.03169075599998905,-1
cpu,SS,1048576,8,0,0.3,314573,11,0.05672826499994699,-1
cpu,DS,1048576,8,0,0.3,314573,11,0.029839029999948252,-1
cpu,DS,1048576,8,0,0.3,314573,12,0.022143199000311142,-1
cpu,SS,1048576,8,0,0.3,314573,12,0.030950260999816237,-1
cpu,SS,1048576,8,0,0.3,314573,13,0.030624964999788062,-1
cpu,DS,1048576,8,0,0.3,314573,13,0.023369882000224607,-1
cpu,DS,1048576,8,0,0.3,314573,14,0.02214817200001562,-1
cpu,SS,1048576,8,0,0.3,314573,14,0.03119803499976115,-1
gpu,DS,1048576,8,0,0.3,314573,0,0.0025999040603637696,1065
gpu,SS,1048576,8,0,0.3,314573,0,0.008596927642822265,1065
gpu,SS,1048576,8,0,0.3,314573,1,0.008610112190246582,1095
gpu,DS,1048576,8,0,0.3,314573,1,0.0025587201118469237,1095
gpu,DS,1048576,8,0,0.3,314573,2,0.002675071954727173,1125
gpu,SS,1048576,8,0,0.3,314573,2,0.00861695957183838,1125
gpu,SS,1048576,8,0,0.3,314573,3,0.008508095741271973,1140
gpu,DS,1048576,8,0,0.3,314573,3,0.002799936056137085,1140
gpu,DS,1048576,8,0,0.3,314573,4,0.002567967891693115,1170
gpu,SS,1048576,8,0,0.3,314573,4,0.008446208000183105,1170
gpu,SS,1048576,8,0,0.3,314573,5,0.008501503944396973,1170
gpu,DS,1048576,8,0,0.3,314573,5,0.0025316479206085206,1170
gpu,DS,1048576,8,0,0.3,314573,6,0.0025047039985656738,1170
gpu,SS,1048576,8,0,0.3,314573,6,0.008323519706726075,1185
gpu,SS,1048576,8,0,0.3,314573,7,0.008399999618530274,1185
gpu,DS,1048576,8,0,0.3,314573,7,0.002535423994064331,1200
gpu,DS,1048576,8,0,0.3,314573,8,0.0024985599517822264,1200
gpu,SS,1048576,8,0,0.3,314573,8,0.008316927909851075,1200
gpu,SS,1048576,8,0,0.3,314573,9,0.008431648254394531,1185
gpu,DS,1048576,8,0,0.3,314573,9,0.002537503957748413,1185
gpu,DS,1048576,8,0,0.3,314573,10,0.002484895944595337,1185
gpu,SS,1048576,8,0,0.3,314573,10,0.008420479774475098,1170
gpu,SS,1048576,8,0,0.3,314573,11,0.008433024406433105,1170
gpu,DS,1048576,8,0,0.3,314573,11,0.002558784008026123,1170
gpu,DS,1048576,8,0,0.3,314573,12,0.0025130879878997804,1170
gpu,SS,1048576,8,0,0.3,314573,12,0.008441856384277344,1170
gpu,SS,1048576,8,0,0.3,314573,13,0.00848307228088379,1140
gpu,DS,1048576,8,0,0.3,314573,13,0.0025246400833129883,1140
gpu,DS,1048576,8,0,0.3,314573,14,0.0025088319778442383,1140
gpu,SS,1048576,8,0,0.3,314573,14,0.008462335586547852,1140
cpu,DS,1048576,8,0,0.5,524288,0,0.021168384999782575,-1
cpu,SS,1048576,8,0,0.5,524288,0,0.048484911999821634,-1
cpu,SS,1048576,8,0,0.5,524288,1,0.04600902099991799,-1
cpu,DS,1048576,8,0,0.5,524288,1,0.02094703600005232,-1
cpu,DS,1048576,8,0,0.5,524288,2,0.02051652699992701,-1
cpu,SS,1048576,8,0,0.5,524288,2,0.05538466600000902,-1
cpu,SS,1048576,8,0,0.5,524288,3,0.04730571699974462,-1
cpu,DS,1048576,8,0,0.5,524288,3,0.021657694000168703,-1
cpu,DS,1048576,8,0,0.5,524288,4,0.021578710000085266,-1
cpu,SS,1048576,8,0,0.5,524288,4,0.06281234300013239,-1
cpu,SS,1048576,8,0,0.5,524288,5,0.046906898000088404,-1
cpu,DS,1048576,8,0,0.5,524288,5,0.02142249799999263,-1
cpu,DS,1048576,8,0,0.5,524288,6,0.022229106000395404,-1
cpu,SS,1048576,8,0,0.5,524288,6,0.04337038300036511,-1
cpu,SS,1048576,8,0,0.5,524288,7,0.04300978900027985,-1
cpu,DS,1048576,8,0,0.5,524288,7,0.019066153999574453,-1
cpu,DS,1048576,8,0,0.5,524288,8,0.019821861000309582,-1
cpu,SS,1048576,8,0,0.5,524288,8,0.042314927999996144,-1
cpu,SS,1048576,8,0,0.5,524288,9,0.0405509610000081,-1
cpu,DS,1048576,8,0,0.5,524288,9,0.01855197999975644,-1
cpu,DS,1048576,8,0,0.5,524288,10,0.01868430200011062,-1
cpu,SS,1048576,8,0,0.5,524288,10,0.0439395529997455,-1
cpu,SS,1048576,8,0,0.5,524288,11,0.0471637410000767,-1
cpu,DS,1048576,8,0,0.5,524288,11,0.021228743999927246,-1
cpu,DS,1048576,8,0,0.5,524288,12,0.020790823999959684,-1
cpu,SS,1048576,8,0,0.5,524288,12,0.05030416799991144,-1
cpu,SS,1048576,8,0,0.5,524288,13,0.04524590199980594,-1
cpu,DS,1048576,8,0,0.5,524288,13,0.019599731999733194,-1
cpu,DS,1048576,8,0,0.5,524288,14,0.01942772399979731,-1
cpu,SS,1048576,8,0,0.5,524288,14,0.04609161100006531,-1
gpu,DS,1048576,8,0,0.5,524288,0,0.0024104959964752195,1605
gpu,SS,1048576,8,0,0.5,524288,0,0.012527615547180175,1605
gpu,SS,1048576,8,0,0.5,524288,1,0.012349760055541992,1665
gpu,DS,1048576,8,0,0.5,524288,1,0.002531327962875366,1680
gpu,DS,1048576,8,0,0.5,524288,2,0.0024617600440979006,1680
gpu,SS,1048576,8,0,0.5,524288,2,0.012366687774658203,1680
gpu,SS,1048576,8,0,0.5,524288,3,0.012364704132080078,1680
gpu,DS,1048576,8,0,0.5,524288,3,0.0025274879932403564,1680
gpu,DS,1048576,8,0,0.5,524288,4,0.002510688066482544,1680
gpu,SS,1048576,8,0,0.5,524288,4,0.012310624122619629,1680
gpu,SS,1048576,8,0,0.5,524288,5,0.012345151901245117,1680
gpu,DS,1048576,8,0,0.5,524288,5,0.00327455997467041,1680
gpu,DS,1048576,8,0,0.5,524288,6,0.002383584022521973,1680
gpu,SS,1048576,8,0,0.5,524288,6,0.01309721565246582,1680
gpu,SS,1048576,8,0,0.5,524288,7,0.013199359893798827,1170
gpu,DS,1048576,8,0,0.5,524288,7,0.002643968105316162,1005
gpu,DS,1048576,8,0,0.5,524288,8,0.0024903359413146974,1005
gpu,SS,1048576,8,0,0.5,524288,8,0.013969440460205079,1005
gpu,SS,1048576,8,0,0.5,524288,9,0.01386086368560791,1005
gpu,DS,1048576,8,0,0.5,524288,9,0.002613023996353149,1005
gpu,DS,1048576,8,0,0.5,524288,10,0.003195359945297241,1005
gpu,SS,1048576,8,0,0.5,524288,10,0.013883359909057617,1005
gpu,SS,1048576,8,0,0.5,524288,11,0.015049856185913086,1005
gpu,DS,1048576,8,0,0.5,524288,11,0.0026386880874633787,1005
gpu,DS,1048576,8,0,0.5,524288,12,0.0024832000732421876,1005
gpu,SS,1048576,8,0,0.5,524288,12,0.013813759803771973,1005
gpu,SS,1048576,8,0,0.5,524288,13,0.013828096389770507,1005
gpu,DS,1048576,8,0,0.5,524288,13,0.0026050560474395754,1005
gpu,DS,1048576,8,0,0.5,524288,14,0.0026395840644836428,1005
gpu,SS,1048576,8,0,0.5,524288,14,0.01386086368560791,1005
cpu,DS,1048576,8,0,0.7,734003,0,0.020011421000162954,-1
cpu,SS,1048576,8,0,0.7,734003,0,0.06021114999975907,-1
cpu,SS,1048576,8,0,0.7,734003,1,0.06207594200031963,-1
cpu,DS,1048576,8,0,0.7,734003,1,0.020750746999965486,-1
cpu,DS,1048576,8,0,0.7,734003,2,0.022541627000009612,-1
cpu,SS,1048576,8,0,0.7,734003,2,0.06261771200024668,-1
cpu,SS,1048576,8,0,0.7,734003,3,0.0611801119998745,-1
cpu,DS,1048576,8,0,0.7,734003,3,0.02099881499998446,-1
cpu,DS,1048576,8,0,0.7,734003,4,0.02049887699968167,-1
cpu,SS,1048576,8,0,0.7,734003,4,0.05758060500011197,-1
cpu,SS,1048576,8,0,0.7,734003,5,0.05894624100028523,-1
cpu,DS,1048576,8,0,0.7,734003,5,0.02039103100014472,-1
cpu,DS,1048576,8,0,0.7,734003,6,0.018892974999744183,-1
cpu,SS,1048576,8,0,0.7,734003,6,0.05918075500039777,-1
cpu,SS,1048576,8,0,0.7,734003,7,0.057857731000240165,-1
cpu,DS,1048576,8,0,0.7,734003,7,0.018752851999579434,-1
cpu,DS,1048576,8,0,0.7,734003,8,0.020328916999915236,-1
cpu,SS,1048576,8,0,0.7,734003,8,0.060226068999782,-1
cpu,SS,1048576,8,0,0.7,734003,9,0.06079601900000853,-1
cpu,DS,1048576,8,0,0.7,734003,9,0.02125019599998268,-1
cpu,DS,1048576,8,0,0.7,734003,10,0.020400782000251638,-1
cpu,SS,1048576,8,0,0.7,734003,10,0.06196263500032728,-1
cpu,SS,1048576,8,0,0.7,734003,11,0.05894897200005289,-1
cpu,DS,1048576,8,0,0.7,734003,11,0.019553023999833385,-1
cpu,DS,1048576,8,0,0.7,734003,12,0.01860317299997405,-1
cpu,SS,1048576,8,0,0.7,734003,12,0.059259933000248566,-1
cpu,SS,1048576,8,0,0.7,734003,13,0.056274939000104496,-1
cpu,DS,1048576,8,0,0.7,734003,13,0.01929696099978173,-1
cpu,DS,1048576,8,0,0.7,734003,14,0.01960899599998811,-1
cpu,SS,1048576,8,0,0.7,734003,14,0.059315318999779265,-1
gpu,DS,1048576,8,0,0.7,734003,0,0.0024064319133758547,1155
gpu,SS,1048576,8,0,0.7,734003,0,0.017754880905151368,1155
gpu,SS,1048576,8,0,0.7,734003,1,0.01762998390197754,1185
gpu,DS,1048576,8,0,0.7,734003,1,0.0025500800609588622,1215
gpu,DS,1048576,8,0,0.7,734003,2,0.0035327999591827394,1215
gpu,SS,1048576,8,0,0.7,734003,2,0.017480127334594725,1230
gpu,SS,1048576,8,0,0.7,734003,3,0.01741209602355957,1260
gpu,DS,1048576,8,0,0.7,734003,3,0.003389375925064087,1260
gpu,DS,1048576,8,0,0.7,734003,4,0.0031150081157684324,1260
gpu,SS,1048576,8,0,0.7,734003,4,0.017645599365234375,1260
gpu,SS,1048576,8,0,0.7,734003,5,0.01738137626647949,1260
gpu,DS,1048576,8,0,0.7,734003,5,0.0024614720344543458,1260
gpu,DS,1048576,8,0,0.7,734003,6,0.002385119915008545,1260
gpu,SS,1048576,8,0,0.7,734003,6,0.01742233657836914,1260
gpu,SS,1048576,8,0,0.7,734003,7,0.017506080627441405,1245
gpu,DS,1048576,8,0,0.7,734003,7,0.002486304044723511,1275
gpu,DS,1048576,8,0,0.7,734003,8,0.002328768014907837,1275
gpu,SS,1048576,8,0,0.7,734003,8,0.017296640396118165,1275
gpu,SS,1048576,8,0,0.7,734003,9,0.017365503311157226,1275
gpu,DS,1048576,8,0,0.7,734003,9,0.002462208032608032,1260
gpu,DS,1048576,8,0,0.7,734003,10,0.0029204800128936766,1260
gpu,SS,1048576,8,0,0.7,734003,10,0.01752176094055176,1260
gpu,SS,1048576,8,0,0.7,734003,11,0.017534303665161132,1245
gpu,DS,1048576,8,0,0.7,734003,11,0.002490367889404297,1245
gpu,DS,1048576,8,0,0.7,734003,12,0.002507807970046997,1260
gpu,SS,1048576,8,0,0.7,734003,12,0.017442655563354493,1260
gpu,SS,1048576,8,0,0.7,734003,13,0.017399391174316405,1275
gpu,DS,1048576,8,0,0.7,734003,13,0.003368799924850464,1275
gpu,DS,1048576,8,0,0.7,734003,14,0.0025687999725341796,1275
gpu,SS,1048576,8,0,0.7,734003,14,0.017318975448608397,1275
cpu,DS,1048576,8,0,1.0,1048576,0,0.02142522799977087,-1
cpu,SS,1048576,8,0,1.0,1048576,0,0.08347936399968603,-1
cpu,SS,1048576,8,0,1.0,1048576,1,0.07750917599969398,-1
cpu,DS,1048576,8,0,1.0,1048576,1,0.020803115000035177,-1
cpu,DS,1048576,8,0,1.0,1048576,2,0.020066557000063767,-1
cpu,SS,1048576,8,0,1.0,1048576,2,0.08375614599981418,-1
cpu,SS,1048576,8,0,1.0,1048576,3,0.08415665299980901,-1
cpu,DS,1048576,8,0,1.0,1048576,3,0.020322386000316328,-1
cpu,DS,1048576,8,0,1.0,1048576,4,0.01923261599995385,-1
cpu,SS,1048576,8,0,1.0,1048576,4,0.0802282119998381,-1
cpu,SS,1048576,8,0,1.0,1048576,5,0.08196344400039379,-1
cpu,DS,1048576,8,0,1.0,1048576,5,0.020579513000029692,-1
cpu,DS,1048576,8,0,1.0,1048576,6,0.020660232999944128,-1
cpu,SS,1048576,8,0,1.0,1048576,6,0.08102463700015505,-1
cpu,SS,1048576,8,0,1.0,1048576,7,0.07858168400025534,-1
cpu,DS,1048576,8,0,1.0,1048576,7,0.02012991499987038,-1
cpu,DS,1048576,8,0,1.0,1048576,8,0.020128519000081724,-1
cpu,SS,1048576,8,0,1.0,1048576,8,0.08337998500019239,-1
cpu,SS,1048576,8,0,1.0,1048576,9,0.08859755100002076,-1
cpu,DS,1048576,8,0,1.0,1048576,9,0.021200528999997914,-1
cpu,DS,1048576,8,0,1.0,1048576,10,0.020727683000131947,-1
cpu,SS,1048576,8,0,1.0,1048576,10,0.08531816400000025,-1
cpu,SS,1048576,8,0,1.0,1048576,11,0.08006727100018907,-1
cpu,DS,1048576,8,0,1.0,1048576,11,0.01993445200014321,-1
cpu,DS,1048576,8,0,1.0,1048576,12,0.019342472000062116,-1
cpu,SS,1048576,8,0,1.0,1048576,12,0.08156283699963751,-1
cpu,SS,1048576,8,0,1.0,1048576,13,0.08331572799988862,-1
cpu,DS,1048576,8,0,1.0,1048576,13,0.02136446300028183,-1
cpu,DS,1048576,8,0,1.0,1048576,14,0.020852305000062188,-1
cpu,SS,1048576,8,0,1.0,1048576,14,0.0748476099997788,-1
gpu,DS,1048576,8,0,1.0,1048576,0,0.0024426560401916504,1005
gpu,SS,1048576,8,0,1.0,1048576,0,0.026022335052490235,1005
gpu,SS,1048576,8,0,1.0,1048576,1,0.026052127838134764,1005
gpu,DS,1048576,8,0,1.0,1048576,1,0.0026214399337768555,1005
gpu,DS,1048576,8,0,1.0,1048576,2,0.0025524799823760987,1005
gpu,SS,1048576,8,0,1.0,1048576,2,0.026898176193237304,1005
gpu,SS,1048576,8,0,1.0,1048576,3,0.026030303955078125,1005
gpu,DS,1048576,8,0,1.0,1048576,3,0.0024576001167297364,1770
gpu,DS,1048576,8,0,1.0,1048576,4,0.002472287893295288,1770
gpu,SS,1048576,8,0,1.0,1048576,4,0.023100320816040038,1770
gpu,SS,1048576,8,0,1.0,1048576,5,0.023109535217285156,1815
gpu,DS,1048576,8,0,1.0,1048576,5,0.0023961598873138428,1830
gpu,DS,1048576,8,0,1.0,1048576,6,0.0023204159736633302,1830
gpu,SS,1048576,8,0,1.0,1048576,6,0.023130111694335938,1830
gpu,SS,1048576,8,0,1.0,1048576,7,0.023523296356201172,1830
gpu,DS,1048576,8,0,1.0,1048576,7,0.0034968960285186768,1845
gpu,DS,1048576,8,0,1.0,1048576,8,0.0023719038963317873,1845
gpu,SS,1048576,8,0,1.0,1048576,8,0.023836448669433595,1845
gpu,SS,1048576,8,0,1.0,1048576,9,0.024231647491455077,1680
gpu,DS,1048576,8,0,1.0,1048576,9,0.0033397440910339356,1560
gpu,DS,1048576,8,0,1.0,1048576,10,0.002401376008987427,1560
gpu,SS,1048576,8,0,1.0,1048576,10,0.024506368637084962,1560
gpu,SS,1048576,8,0,1.0,1048576,11,0.025090911865234374,1605
gpu,DS,1048576,8,0,1.0,1048576,11,0.0024587199687957765,1635
gpu,DS,1048576,8,0,1.0,1048576,12,0.0027880640029907225,1635
gpu,SS,1048576,8,0,1.0,1048576,12,0.023255775451660157,1635
gpu,SS,1048576,8,0,1.0,1048576,13,0.02324502372741699,1635
gpu,DS,1048576,8,0,1.0,1048576,13,0.0025047039985656738,1635
gpu,DS,1048576,8,0,1.0,1048576,14,0.0023941121101379395,1635
gpu,SS,1048576,8,0,1.0,1048576,14,0.023154687881469727,1635
cpu,DS,1048576,32,256,0.0001,105,0,0.026370140999915748,-1
cpu,SS,1048576,32,256,0.0001,105,0,0.00016133700000864337,-1
cpu,SS,1048576,32,256,0.0001,105,1,0.0001357119999738643,-1
cpu,DS,1048576,32,256,0.0001,105,1,0.02596934200028045,-1
cpu,DS,1048576,32,256,0.0001,105,2,0.023939332999816543,-1
cpu,SS,1048576,32,256,0.0001,105,2,0.00014636500009146403,-1
cpu,SS,1048576,32,256,0.0001,105,3,9.962400008589611e-05,-1
cpu,DS,1048576,32,256,0.0001,105,3,0.027553153000098973,-1
cpu,DS,1048576,32,256,0.0001,105,4,0.02751956100019015,-1
cpu,SS,1048576,32,256,0.0001,105,4,0.0002051989999927173,-1
cpu,SS,1048576,32,256,0.0001,105,5,0.0001413739996678487,-1
cpu,DS,1048576,32,256,0.0001,105,5,0.029509354999845527,-1
cpu,DS,1048576,32,256,0.0001,105,6,0.026538291999713692,-1
cpu,SS,1048576,32,256,0.0001,105,6,0.00015106699993339134,-1
cpu,SS,1048576,32,256,0.0001,105,7,0.00010682199990696972,-1
cpu,DS,1048576,32,256,0.0001,105,7,0.028414930000053573,-1
cpu,DS,1048576,32,256,0.0001,105,8,0.0265116109999326,-1
cpu,SS,1048576,32,256,0.0001,105,8,0.00013523200004783575,-1
cpu,SS,1048576,32,256,0.0001,105,9,0.00011354100024618674,-1
cpu,DS,1048576,32,256,0.0001,105,9,0.024562128000070516,-1
cpu,DS,1048576,32,256,0.0001,105,10,0.022800568000093335,-1
cpu,SS,1048576,32,256,0.0001,105,10,0.0001747739997881581,-1
cpu,SS,1048576,32,256,0.0001,105,11,0.00013849500010110205,-1
cpu,DS,1048576,32,256,0.0001,105,11,0.029811010000230453,-1
cpu,DS,1048576,32,256,0.0001,105,12,0.02835887899982481,-1
cpu,SS,1048576,32,256,0.0001,105,12,0.00013945499995315913,-1
cpu,SS,1048576,32,256,0.0001,105,13,0.0002926340002886718,-1
cpu,DS,1048576,32,256,0.0001,105,13,0.02611887300008675,-1
cpu,DS,1048576,32,256,0.0001,105,14,0.026943506999941746,-1
cpu,SS,1048576,32,256,0.0001,105,14,0.00013542299984692363,-1
gpu,DS,1048576,32,256,0.0001,105,0,0.001798143982887268,1695
gpu,SS,1048576,32,256,0.0001,105,0,0.0003604480028152466,1695
gpu,SS,1048576,32,256,0.0001,105,1,0.00023443199694156647,1695
gpu,DS,1048576,32,256,0.0001,105,1,0.0016713600158691406,1695
gpu,DS,1048576,32,256,0.0001,105,2,0.0017221759557723999,1695
gpu,SS,1048576,32,256,0.0001,105,2,0.0002658880054950714,1695
gpu,SS,1048576,32,256,0.0001,105,3,0.000442656010389328,1695
gpu,DS,1048576,32,256,0.0001,105,3,0.0017879040241241455,1695
gpu,DS,1048576,32,256,0.0001,105,4,0.0017536959648132323,1695
gpu,SS,1048576,32,256,0.0001,105,4,0.00028617599606513977,1695
gpu,SS,1048576,32,256,0.0001,105,5,0.00026025599241256714,1695
gpu,DS,1048576,32,256,0.0001,105,5,0.001669119954109192,1695
gpu,DS,1048576,32,256,0.0001,105,6,0.002471776008605957,1695
gpu,SS,1048576,32,256,0.0001,105,6,0.000313728004693985,1695
gpu,SS,1048576,32,256,0.0001,105,7,0.0003171840012073517,1770
gpu,DS,1048576,32,256,0.0001,105,7,0.0018469120264053345,1770
gpu,DS,1048576,32,256,0.0001,105,8,0.0017223680019378663,1770
gpu,SS,1048576,32,256,0.0001,105,8,0.0002701759934425354,1770
gpu,SS,1048576,32,256,0.0001,105,9,0.0003509440124034882,1770
gpu,DS,1048576,32,256,0.0001,105,9,0.0017605439424514771,1815
gpu,DS,1048576,32,256,0.0001,105,10,0.0017165759801864625,1815
gpu,SS,1048576,32,256,0.0001,105,10,0.0003837119936943054,1815
gpu,SS,1048576,32,256,0.0001,105,11,0.000371968001127243,1815
gpu,DS,1048576,32,256,0.0001,105,11,0.0018145279884338378,1815
gpu,DS,1048576,32,256,0.0001,105,12,0.001835968017578125,1830
gpu,SS,1048576,32,256,0.0001,105,12,0.00030297601222991944,1830
gpu,SS,1048576,32,256,0.0001,105,13,0.00029353600740432737,1830
gpu,DS,1048576,32,256,0.0001,105,13,0.0018145279884338378,1830
gpu,DS,1048576,32,256,0.0001,105,14,0.0017756160497665405,1830
gpu,SS,1048576,32,256,0.0001,105,14,0.00031177601218223573,1830
cpu,DS,1048576,32,256,0.0003,315,0,0.030338114999722166,-1
cpu,SS,1048576,32,256,0.0003,315,0,0.00025894600003084633,-1
cpu,SS,1048576,32,256,0.0003,315,1,0.0002136440002686868,-1
cpu,DS,1048576,32,256,0.0003,315,1,0.030129172999750153,-1
cpu,DS,1048576,32,256,0.0003,315,2,0.03077807399995436,-1
cpu,SS,1048576,32,256,0.0003,315,2,0.00031883500014373567,-1
cpu,SS,1048576,32,256,0.0003,315,3,0.00023735100012345356,-1
cpu,DS,1048576,32,256,0.0003,315,3,0.02903532499976791,-1
cpu,DS,1048576,32,256,0.0003,315,4,0.025600119000046107,-1
cpu,SS,1048576,32,256,0.0003,315,4,0.0002881220002564078,-1
cpu,SS,1048576,32,256,0.0003,315,5,0.00019483400001263362,-1
cpu,DS,1048576,32,256,0.0003,315,5,0.02840206799965017,-1
cpu,DS,1048576,32,256,0.0003,315,6,0.029796804999932647,-1
cpu,SS,1048576,32,256,0.0003,315,6,0.0003170109998791304,-1
cpu,SS,1048576,32,256,0.0003,315,7,0.0002345679999962158,-1
cpu,DS,1048576,32,256,0.0003,315,7,0.02781756900003529,-1
cpu,DS,1048576,32,256,0.0003,315,8,0.027378859000236844,-1
cpu,SS,1048576,32,256,0.0003,315,8,0.00029042699998171884,-1
cpu,SS,1048576,32,256,0.0003,315,9,0.00026422499968248303,-1
cpu,DS,1048576,32,256,0.0003,315,9,0.02808870399985608,-1
cpu,DS,1048576,32,256,0.0003,315,10,0.026730246000170155,-1
cpu,SS,1048576,32,256,0.0003,315,10,0.0002968570001939952,-1
cpu,SS,1048576,32,256,0.0003,315,11,0.0001913779997266829,-1
cpu,DS,1048576,32,256,0.0003,315,11,0.028566381000018737,-1
cpu,DS,1048576,32,256,0.0003,315,12,0.027318008999827725,-1
cpu,SS,1048576,32,256,0.0003,315,12,0.0002460840000821918,-1
cpu,SS,1048576,32,256,0.0003,315,13,0.0002038550001088879,-1
cpu,DS,1048576,32,256,0.0003,315,13,0.02867876999971486,-1
cpu,DS,1048576,32,256,0.0003,315,14,0.029392165999979625,-1
cpu,SS,1048576,32,256,0.0003,315,14,0.0009876029998849845,-1
gpu,DS,1048576,32,256,0.0003,315,0,0.001632256031036377,1005
gpu,SS,1048576,32,256,0.0003,315,0,0.00014979200065135955,1005
gpu,SS,1048576,32,256,0.0003,315,1,0.00013923199474811553,1005
gpu,DS,1048576,32,256,0.0003,315,1,0.0022624640464782714,1005
gpu,DS,1048576,32,256,0.0003,315,2,0.0015499839782714844,1005
gpu,SS,1048576,32,256,0.0003,315,2,0.00029699200391769407,1005
gpu,SS,1048576,32,256,0.0003,315,3,0.00022291199862957,1005
gpu,DS,1048576,32,256,0.0003,315,3,0.0019336320161819458,1005
gpu,DS,1048576,32,256,0.0003,315,4,0.0021537280082702635,1005
gpu,SS,1048576,32,256,0.0003,315,4,0.0003666239976882935,1005
gpu,SS,1048576,32,256,0.0003,315,5,0.00024940800666809084,1005
gpu,DS,1048576,32,256,0.0003,315,5,0.0016588480472564697,1005
gpu,DS,1048576,32,256,0.0003,315,6,0.0024428160190582277,1005
gpu,SS,1048576,32,256,0.0003,315,6,1.8719999119639397e-05,1005
gpu,SS,1048576,32,256,0.0003,315,7,0.00013952000439167023,1005
gpu,DS,1048576,32,256,0.0003,315,7,0.0018065279722213744,1005
gpu,DS,1048576,32,256,0.0003,315,8,0.0017538559436798096,1005
gpu,SS,1048576,32,256,0.0003,315,8,0.00025190401077270505,1005
gpu,SS,1048576,32,256,0.0003,315,9,0.0001289920061826706,1005
gpu,DS,1048576,32,256,0.0003,315,9,0.0016527040004730225,1005
gpu,DS,1048576,32,256,0.0003,315,10,0.0016433279514312745,1005
gpu,SS,1048576,32,256,0.0003,315,10,0.00025190401077270505,1005
gpu,SS,1048576,32,256,0.0003,315,11,0.0001801919937133789,1005
gpu,DS,1048576,32,256,0.0003,315,11,0.0020948801040649415,1005
gpu,DS,1048576,32,256,0.0003,315,12,0.0015738879442214965,1005
gpu,SS,1048576,32,256,0.0003,315,12,0.0002290560007095337,1005
gpu,SS,1048576,32,256,0.0003,315,13,0.0002534080147743225,1005
gpu,DS,1048576,32,256,0.0003,315,13,0.001763424038887024,1005
gpu,DS,1048576,32,256,0.0003,315,14,0.0023758718967437746,1005
gpu,SS,1048576,32,256,0.0003,315,14,3.580800071358681e-05,1005
cpu,DS,1048576,32,256,0.001,1049,0,0.02987320300007923,-1
cpu,SS,1048576,32,256,0.001,1049,0,0.0007264490000125079,-1
cpu,SS,1048576,32,256,0.001,1049,1,0.0007002479997026967,-1
cpu,DS,1048576,32,256,0.001,1049,1,0.026416401999995287,-1
cpu,DS,1048576,32,256,0.001,1049,2,0.030464995999864186,-1
cpu,SS,1048576,32,256,0.001,1049,2,0.0006179950000841927,-1
cpu,SS,1048576,32,256,0.001,1049,3,0.0005320959999153274,-1
cpu,DS,1048576,32,256,0.001,1049,3,0.026597030999710114,-1
cpu,DS,1048576,32,256,0.001,1049,4,0.03136804400037363,-1
cpu,SS,1048576,32,256,0.001,1049,4,0.0006017750001774402,-1
cpu,SS,1048576,32,256,0.001,1049,5,0.0005176039999241766,-1
cpu,DS,1048576,32,256,0.001,1049,5,0.02980102799983797,-1
cpu,DS,1048576,32,256,0.001,1049,6,0.02697661899992454,-1
cpu,SS,1048576,32,256,0.001,1049,6,0.0006194349998622783,-1
cpu,SS,1048576,32,256,0.001,1049,7,0.0009276169998884143,-1
cpu,DS,1048576,32,256,0.001,1049,7,0.032122807000178,-1
cpu,DS,1048576,32,256,0.001,1049,8,0.03083470000001398,-1
cpu,SS,1048576,32,256,0.001,1049,8,0.0006470770003943471,-1
cpu,SS,1048576,32,256,0.001,1049,9,0.0005641519996970601,-1
cpu,DS,1048576,32,256,0.001,1049,9,0.03074966400026824,-1
cpu,DS,1048576,32,256,0.001,1049,10,0.026259576000029483,-1
cpu,SS,1048576,32,256,0.001,1049,10,0.0006317200000012235,-1
cpu,SS,1048576,32,256,0.001,1049,11,0.0005125160000716278,-1
cpu,DS,1048576,32,256,0.001,1049,11,0.02815953500021351,-1
cpu,DS,1048576,32,256,0.001,1049,12,0.028310219000104553,-1
cpu,SS,1048576,32,256,0.001,1049,12,0.000546396999652643,-1
cpu,SS,1048576,32,256,0.001,1049,13,0.00047364600004584645,-1
cpu,DS,1048576,32,256,0.001,1049,13,0.029152416000215453,-1
cpu,DS,1048576,32,256,0.001,1049,14,0.030589766999582935,-1
cpu,SS,1048576,32,256,0.001,1049,14,0.0006592649997401168,-1
gpu,DS,1048576,32,256,0.001,1049,0,0.0016076799631118775,1005
gpu,SS,1048576,32,256,0.001,1049,0,3.699199855327606e-05,1005
gpu,SS,1048576,32,256,0.001,1049,1,0.0002772479951381683,1005
gpu,DS,1048576,32,256,0.001,1049,1,0.0017303040027618409,1020
gpu,DS,1048576,32,256,0.001,1049,2,0.0016579840183258057,1020
gpu,SS,1048576,32,256,0.001,1049,2,0.00023385599255561828,1020
gpu,SS,1048576,32,256,0.001,1049,3,3.6959998309612273e-05,1020
gpu,DS,1048576,32,256,0.001,1049,3,0.0016465920209884643,1020
gpu,DS,1048576,32,256,0.001,1049,4,0.001888159990310669,1050
gpu,SS,1048576,32,256,0.001,1049,4,0.00018652799725532533,1050
gpu,SS,1048576,32,256,0.001,1049,5,3.500799834728241e-05,1050
gpu,DS,1048576,32,256,0.001,1049,5,0.0021855359077453613,1050
gpu,DS,1048576,32,256,0.001,1049,6,0.002335360050201416,1080
gpu,SS,1048576,32,256,0.001,1049,6,0.00013324800133705138,1080
gpu,SS,1048576,32,256,0.001,1049,7,0.00014950400590896606,1080
gpu,DS,1048576,32,256,0.001,1049,7,0.0016671359539031983,1080
gpu,DS,1048576,32,256,0.001,1049,8,0.0016341439485549926,1080
gpu,SS,1048576,32,256,0.001,1049,8,0.00031731200218200684,1080
gpu,SS,1048576,32,256,0.001,1049,9,0.00020684799551963807,1080
gpu,DS,1048576,32,256,0.001,1049,9,0.0019148800373077392,1080
gpu,DS,1048576,32,256,0.001,1049,10,0.0017225279808044433,1080
gpu,SS,1048576,32,256,0.001,1049,10,0.00015612800419330597,1080
gpu,SS,1048576,32,256,0.001,1049,11,0.0002324800044298172,1080
gpu,DS,1048576,32,256,0.001,1049,11,0.0016976959705352784,1080
gpu,DS,1048576,32,256,0.001,1049,12,0.002248703956604004,1080
gpu,SS,1048576,32,256,0.001,1049,12,0.00047145599126815796,1080
gpu,SS,1048576,32,256,0.001,1049,13,0.0010088000297546387,1080
gpu,DS,1048576,32,256,0.001,1049,13,0.00215449595451355,1080
gpu,DS,1048576,32,256,0.001,1049,14,0.002945631980895996,1080
gpu,SS,1048576,32,256,0.001,1049,14,0.00024959999322891234,1080
cpu,DS,1048576,32,256,0.003,3146,0,0.029003939999711292,-1
cpu,SS,1048576,32,256,0.003,3146,0,0.0018576339998617186,-1
cpu,SS,1048576,32,256,0.003,3146,1,0.0014806359999965935,-1
cpu,DS,1048576,32,256,0.003,3146,1,0.06462184199972398,-1
cpu,DS,1048576,32,256,0.003,3146,2,0.032872481999675074,-1
cpu,SS,1048576,32,256,0.003,3146,2,0.0015378379998765013,-1
cpu,SS,1048576,32,256,0.003,3146,3,0.0018165550000048825,-1
cpu,DS,1048576,32,256,0.003,3146,3,0.02998136899987003,-1
cpu,DS,1048576,32,256,0.003,3146,4,0.030626334000317,-1
cpu,SS,1048576,32,256,0.003,3146,4,0.0018225059998258075,-1
cpu,SS,1048576,32,256,0.003,3146,5,0.0014964730003157456,-1
cpu,DS,1048576,32,256,0.003,3146,5,0.030060453999794845,-1
cpu,DS,1048576,32,256,0.003,3146,6,0.02952154300010079,-1
cpu,SS,1048576,32,256,0.003,3146,6,0.0015343830000347225,-1
cpu,SS,1048576,32,256,0.003,3146,7,0.0014456039998549386,-1
cpu,DS,1048576,32,256,0.003,3146,7,0.028796342000077857,-1
cpu,DS,1048576,32,256,0.003,3146,8,0.03055684700029815,-1
cpu,SS,1048576,32,256,0.003,3146,8,0.0015602009998474387,-1
cpu,SS,1048576,32,256,0.003,3146,9,0.0017227859998456552,-1
cpu,DS,1048576,32,256,0.003,3146,9,0.029324119000193605,-1
cpu,DS,1048576,32,256,0.003,3146,10,0.030817712000043684,-1
cpu,SS,1048576,32,256,0.003,3146,10,0.0016341999998985557,-1
cpu,SS,1048576,32,256,0.003,3146,11,0.0016081890003079025,-1
cpu,DS,1048576,32,256,0.003,3146,11,0.02991274499981955,-1
cpu,DS,1048576,32,256,0.003,3146,12,0.029752943999937997,-1
cpu,SS,1048576,32,256,0.003,3146,12,0.00154945200029033,-1
cpu,SS,1048576,32,256,0.003,3146,13,0.0015221939997900336,-1
cpu,DS,1048576,32,256,0.003,3146,13,0.030687086999932944,-1
cpu,DS,1048576,32,256,0.003,3146,14,0.031328308999945875,-1
cpu,SS,1048576,32,256,0.003,3146,14,0.0015569380002489197,-1
gpu,DS,1048576,32,256,0.003,3146,0,0.0016433919668197633,1005
gpu,SS,1048576,32,256,0.003,3146,0,0.00024374400079250335,1005
gpu,SS,1048576,32,256,0.003,3146,1,0.00023577600717544555,1005
gpu,DS,1048576,32,256,0.003,3146,1,0.0017100800275802613,1035
gpu,DS,1048576,32,256,0.003,3146,2,0.0017223680019378663,1035
gpu,SS,1048576,32,256,0.003,3146,2,0.00019353599846363067,1035
gpu,SS,1048576,32,256,0.003,3146,3,0.0002316160053014755,1065
gpu,DS,1048576,32,256,0.003,3146,3,0.0017428480386734008,1065
gpu,DS,1048576,32,256,0.003,3146,4,0.0016506880521774292,1065
gpu,SS,1048576,32,256,0.003,3146,4,0.00018335999548435211,1065
gpu,SS,1048576,32,256,0.003,3146,5,0.00022495999932289123,1065
gpu,DS,1048576,32,256,0.003,3146,5,0.0016513600349426269,1065
gpu,DS,1048576,32,256,0.003,3146,6,0.0016316800117492675,1065
gpu,SS,1048576,32,256,0.003,3146,6,0.0001740799993276596,1065
gpu,SS,1048576,32,256,0.003,3146,7,0.00022444799542427064,1065
gpu,DS,1048576,32,256,0.003,3146,7,0.0015731840133666993,1065
gpu,DS,1048576,32,256,0.003,3146,8,0.0016144640445709228,1065
gpu,SS,1048576,32,256,0.003,3146,8,0.00019456000626087187,1065
gpu,SS,1048576,32,256,0.003,3146,9,0.00020889599621295928,1065
gpu,DS,1048576,32,256,0.003,3146,9,0.0016396160125732421,1065
gpu,DS,1048576,32,256,0.003,3146,10,0.0016877119541168213,1020
gpu,SS,1048576,32,256,0.003,3146,10,0.00027663999795913695,1020
gpu,SS,1048576,32,256,0.003,3146,11,0.00018636800348758697,1020
gpu,DS,1048576,32,256,0.003,3146,11,0.0016358400583267212,1020
gpu,DS,1048576,32,256,0.003,3146,12,0.0016047040224075318,1020
gpu,SS,1048576,32,256,0.003,3146,12,0.0002457599937915802,1020
gpu,SS,1048576,32,256,0.003,3146,13,0.00019865599274635314,1020
gpu,DS,1048576,32,256,0.003,3146,13,0.0016492160558700562,1020
gpu,DS,1048576,32,256,0.003,3146,14,0.0016219840049743652,1020
gpu,SS,1048576,32,256,0.003,3146,14,0.00022121599316596985,1020
cpu,DS,1048576,32,256,0.01,10486,0,0.031098060999738664,-1
cpu,SS,1048576,32,256,0.01,10486,0,0.005252528999790229,-1
cpu,SS,1048576,32,256,0.01,10486,1,0.004415514999891457,-1
cpu,DS,1048576,32,256,0.01,10486,1,0.03279973100006828,-1
cpu,DS,1048576,32,256,0.01,10486,2,0.03139127000031294,-1
cpu,SS,1048576,32,256,0.01,10486,2,0.004802780999852985,-1
cpu,SS,1048576,32,256,0.01,10486,3,0.00492774400026974,-1
cpu,DS,1048576,32,256,0.01,10486,3,0.029998164999597066,-1
cpu,DS,1048576,32,256,0.01,10486,4,0.029934244000287435,-1
cpu,SS,1048576,32,256,0.01,10486,4,0.004523776000041835,-1
cpu,SS,1048576,32,256,0.01,10486,5,0.0041446679997534375,-1
cpu,DS,1048576,32,256,0.01,10486,5,0.0297359559999677,-1
cpu,DS,1048576,32,256,0.01,10486,6,0.029122567000285926,-1
cpu,SS,1048576,32,256,0.01,10486,6,0.004342476000147144,-1
cpu,SS,1048576,32,256,0.01,10486,7,0.00448385000026974,-1
cpu,DS,1048576,32,256,0.01,10486,7,0.029944129999876168,-1
cpu,DS,1048576,32,256,0.01,10486,8,0.030257591000008688,-1
cpu,SS,1048576,32,256,0.01,10486,8,0.00461309699994672,-1
cpu,SS,1048576,32,256,0.01,10486,9,0.004922576000353729,-1
cpu,DS,1048576,32,256,0.01,10486,9,0.03086302399970009,-1
cpu,DS,1048576,32,256,0.01,10486,10,0.032780767000076594,-1
cpu,SS,1048576,32,256,0.01,10486,10,0.005152929999894695,-1
cpu,SS,1048576,32,256,0.01,10486,11,0.006100814000092214,-1
cpu,DS,1048576,32,256,0.01,10486,11,0.030182660999798827,-1
cpu,DS,1048576,32,256,0.01,10486,12,0.030696493000050395,-1
cpu,SS,1048576,32,256,0.01,10486,12,0.004640628000288416,-1
cpu,SS,1048576,32,256,0.01,10486,13,0.00478852799960805,-1
cpu,DS,1048576,32,256,0.01,10486,13,0.031994445999771415,-1
cpu,DS,1048576,32,256,0.01,10486,14,0.031475073999899905,-1
cpu,SS,1048576,32,256,0.01,10486,14,0.004940537000038603,-1
gpu,DS,1048576,32,256,0.01,10486,0,0.0016135040521621704,1005
gpu,SS,1048576,32,256,0.01,10486,0,0.000319487988948822,1005
gpu,SS,1048576,32,256,0.01,10486,1,0.00026838400959968567,1005
gpu,DS,1048576,32,256,0.01,10486,1,0.0021137280464172364,1005
gpu,DS,1048576,32,256,0.01,10486,2,0.0016027519702911377,1005
gpu,SS,1048576,32,256,0.01,10486,2,0.0003091199994087219,1005
gpu,SS,1048576,32,256,0.01,10486,3,0.0002952640056610107,1005
gpu,DS,1048576,32,256,0.01,10486,3,0.0016138240098953246,1005
gpu,DS,1048576,32,256,0.01,10486,4,0.001603551983833313,1005
gpu,SS,1048576,32,256,0.01,10486,4,0.0002826240062713623,1005
gpu,SS,1048576,32,256,0.01,10486,5,0.0002987839877605438,1005
gpu,DS,1048576,32,256,0.01,10486,5,0.001615872025489807,1005
gpu,DS,1048576,32,256,0.01,10486,6,0.00158022403717041,1005
gpu,SS,1048576,32,256,0.01,10486,6,0.0002867200076580048,1005
gpu,SS,1048576,32,256,0.01,10486,7,0.0002781760096549988,1005
gpu,DS,1048576,32,256,0.01,10486,7,0.001592960000038147,1005
gpu,DS,1048576,32,256,0.01,10486,8,0.0017346559762954712,1005
gpu,SS,1048576,32,256,0.01,10486,8,0.000331743985414505,1005
gpu,SS,1048576,32,256,0.01,10486,9,0.0002539519965648651,1005
gpu,DS,1048576,32,256,0.01,10486,9,0.0016610560417175293,1005
gpu,DS,1048576,32,256,0.01,10486,10,0.0016853760480880738,1005
gpu,SS,1048576,32,256,0.01,10486,10,0.00028313601016998293,1005
gpu,SS,1048576,32,256,0.01,10486,11,0.000328000009059906,1005
gpu,DS,1048576,32,256,0.01,10486,11,0.0016710400581359864,1005
gpu,DS,1048576,32,256,0.01,10486,12,0.0016281280517578124,1005
gpu,SS,1048576,32,256,0.01,10486,12,0.0002580159902572632,1005
gpu,SS,1048576,32,256,0.01,10486,13,0.0002694399952888489,1005
gpu,DS,1048576,32,256,0.01,10486,13,0.0016376320123672485,1005
gpu,DS,1048576,32,256,0.01,10486,14,0.001632256031036377,1005
gpu,SS,1048576,32,256,0.01,10486,14,0.000317440003156662,1005
cpu,DS,1048576,32,256,0.03,31457,0,0.03160319700009495,-1
cpu,SS,1048576,32,256,0.03,31457,0,0.012360037999769702,-1
cpu,SS,1048576,32,256,0.03,31457,1,0.012514722999640071,-1
cpu,DS,1048576,32,256,0.03,31457,1,0.046309011000175815,-1
cpu,DS,1048576,32,256,0.03,31457,2,0.03180202300018209,-1
cpu,SS,1048576,32,256,0.03,31457,2,0.01038449199995739,-1
cpu,SS,1048576,32,256,0.03,31457,3,0.011087881000094058,-1
cpu,DS,1048576,32,256,0.03,31457,3,0.03180087700002332,-1
cpu,DS,1048576,32,256,0.03,31457,4,0.032169958999929804,-1
cpu,SS,1048576,32,256,0.03,31457,4,0.011154091999742377,-1
cpu,SS,1048576,32,256,0.03,31457,5,0.011371834999863495,-1
cpu,DS,1048576,32,256,0.03,31457,5,0.030716270000084478,-1
cpu,DS,1048576,32,256,0.03,31457,6,0.032511334999981045,-1
cpu,SS,1048576,32,256,0.03,31457,6,0.011859774000186007,-1
cpu,SS,1048576,32,256,0.03,31457,7,0.013989336000122421,-1
cpu,DS,1048576,32,256,0.03,31457,7,0.039542357999835076,-1
cpu,DS,1048576,32,256,0.03,31457,8,0.0335047929997927,-1
cpu,SS,1048576,32,256,0.03,31457,8,0.011972419999892736,-1
cpu,SS,1048576,32,256,0.03,31457,9,0.01202745299997332,-1
cpu,DS,1048576,32,256,0.03,31457,9,0.0282486770001924,-1
cpu,DS,1048576,32,256,0.03,31457,10,0.032003522999730194,-1
cpu,SS,1048576,32,256,0.03,31457,10,0.012222743000165792,-1
cpu,SS,1048576,32,256,0.03,31457,11,0.012051530000007915,-1
cpu,DS,1048576,32,256,0.03,31457,11,0.03252327799964405,-1
cpu,DS,1048576,32,256,0.03,31457,12,0.03074455099977058,-1
cpu,SS,1048576,32,256,0.03,31457,12,0.011617381000178284,-1
cpu,SS,1048576,32,256,0.03,31457,13,0.012696828000116511,-1
cpu,DS,1048576,32,256,0.03,31457,13,0.03531218300031469,-1
cpu,DS,1048576,32,256,0.03,31457,14,0.03843281399986154,-1
cpu,SS,1048576,32,256,0.03,31457,14,0.011798243999692204,-1
gpu,DS,1048576,32,256,0.03,31457,0,0.0016293760538101196,1005
gpu,SS,1048576,32,256,0.03,31457,0,0.00044598400592803954,1005
gpu,SS,1048576,32,256,0.03,31457,1,0.00043775999546051027,1005
gpu,DS,1048576,32,256,0.03,31457,1,0.001730623960494995,1005
gpu,DS,1048576,32,256,0.03,31457,2,0.00167302405834198,1005
gpu,SS,1048576,32,256,0.03,31457,2,0.0004413119852542877,1005
gpu,SS,1048576,32,256,0.03,31457,3,0.0004819520115852356,1005
gpu,DS,1048576,32,256,0.03,31457,3,0.0016709439754486084,1005
gpu,DS,1048576,32,256,0.03,31457,4,0.0016787199974060058,1005
gpu,SS,1048576,32,256,0.03,31457,4,0.00044815999269485476,1005
gpu,SS,1048576,32,256,0.03,31457,5,0.00036671999096870423,1005
gpu,DS,1048576,32,256,0.03,31457,5,0.0016242879629135131,1005
gpu,DS,1048576,32,256,0.03,31457,6,0.0016091200113296509,1005
gpu,SS,1048576,32,256,0.03,31457,6,0.000479200005531311,1005
gpu,SS,1048576,32,256,0.03,31457,7,0.0004791359901428223,1005
gpu,DS,1048576,32,256,0.03,31457,7,0.0016580159664154053,1005
gpu,DS,1048576,32,256,0.03,31457,8,0.0016939519643783569,1005
gpu,SS,1048576,32,256,0.03,31457,8,0.00044835200905799866,1005
gpu,SS,1048576,32,256,0.03,31457,9,0.00044896000623703003,1005
gpu,DS,1048576,32,256,0.03,31457,9,0.0017134079933166504,1005
gpu,DS,1048576,32,256,0.03,31457,10,0.0016480000019073486,1005
gpu,SS,1048576,32,256,0.03,31457,10,0.00044470399618148806,1005
gpu,SS,1048576,32,256,0.03,31457,11,0.00047356799244880677,1005
gpu,DS,1048576,32,256,0.03,31457,11,0.0016809600591659547,1005
gpu,DS,1048576,32,256,0.03,31457,12,0.0016223039627075195,1005
gpu,SS,1048576,32,256,0.03,31457,12,0.0005009599924087524,1005
gpu,SS,1048576,32,256,0.03,31457,13,0.0004511680006980896,1005
gpu,DS,1048576,32,256,0.03,31457,13,0.0016834239959716798,1005
gpu,DS,1048576,32,256,0.03,31457,14,0.0016852799654006958,1005
gpu,SS,1048576,32,256,0.03,31457,14,0.00044016000628471373,1005
cpu,DS,1048576,32,256,0.1,104858,0,0.03227037500028018,-1
cpu,SS,1048576,32,256,0.1,104858,0,0.0344581230001495,-1
cpu,SS,1048576,32,256,0.1,104858,1,0.03215209300014976,-1
cpu,DS,1048576,32,256,0.1,104858,1,0.02956048499981989,-1
cpu,DS,1048576,32,256,0.1,104858,2,0.028793272999791952,-1
cpu,SS,1048576,32,256,0.1,104858,2,0.033473454999693786,-1
cpu,SS,1048576,32,256,0.1,104858,3,0.03208110499963368,-1
cpu,DS,1048576,32,256,0.1,104858,3,0.028262531000109448,-1
cpu,DS,1048576,32,256,0.1,104858,4,0.03081391599971539,-1
cpu,SS,1048576,32,256,0.1,104858,4,0.03281860200013398,-1
cpu,SS,1048576,32,256,0.1,104858,5,0.03261757900008888,-1
cpu,DS,1048576,32,256,0.1,104858,5,0.027482801999667572,-1
cpu,DS,1048576,32,256,0.1,104858,6,0.027543473000150698,-1
cpu,SS,1048576,32,256,0.1,104858,6,0.029300892999799544,-1
cpu,SS,1048576,32,256,0.1,104858,7,0.031135896000250796,-1
cpu,DS,1048576,32,256,0.1,104858,7,0.03082012599998052,-1
cpu,DS,1048576,32,256,0.1,104858,8,0.02949073799982216,-1
cpu,SS,1048576,32,256,0.1,104858,8,0.030890923000242765,-1
cpu,SS,1048576,32,256,0.1,104858,9,0.029713734999859298,-1
cpu,DS,1048576,32,256,0.1,104858,9,0.0310819139999694,-1
cpu,DS,1048576,32,256,0.1,104858,10,0.03078974299978654,-1
cpu,SS,1048576,32,256,0.1,104858,10,0.03318357699981789,-1
cpu,SS,1048576,32,256,0.1,104858,11,0.027950486000008823,-1
cpu,DS,1048576,32,256,0.1,104858,11,0.030678529999931925,-1
cpu,DS,1048576,32,256,0.1,104858,12,0.030358746999809227,-1
cpu,SS,1048576,32,256,0.1,104858,12,0.02968163299965454,-1
cpu,SS,1048576,32,256,0.1,104858,13,0.027849878999859357,-1
cpu,DS,1048576,32,256,0.1,104858,13,0.027245282000421867,-1
cpu,DS,1048576,32,256,0.1,104858,14,0.028270556000279612,-1
cpu,SS,1048576,32,256,0.1,104858,14,0.0302686499999254,-1
gpu,DS,1048576,32,256,0.1,104858,0,0.001695296049118042,1005
gpu,SS,1048576,32,256,0.1,104858,0,0.0008963519930839538,1005
gpu,SS,1048576,32,256,0.1,104858,1,0.0009349439740180969,1005
gpu,DS,1048576,32,256,0.1,104858,1,0.0017009600400924682,1005
gpu,DS,1048576,32,256,0.1,104858,2,0.0016136959791183472,1005
gpu,SS,1048576,32,256,0.1,104858,2,0.0009175040125846863,1005
gpu,SS,1048576,32,256,0.1,104858,3,0.0009069439768791199,1005
gpu,DS,1048576,32,256,0.1,104858,3,0.0016576000452041626,1005
gpu,DS,1048576,32,256,0.1,104858,4,0.0015855679512023926,1005
gpu,SS,1048576,32,256,0.1,104858,4,0.000882207989692688,1005
gpu,SS,1048576,32,256,0.1,104858,5,0.0008654080033302308,1005
gpu,DS,1048576,32,256,0.1,104858,5,0.0016461119651794433,1005
gpu,DS,1048576,32,256,0.1,104858,6,0.0016472640037536622,1005
gpu,SS,1048576,32,256,0.1,104858,6,0.0009215360283851623,1005
gpu,SS,1048576,32,256,0.1,104858,7,0.0008834879994392395,1005
gpu,DS,1048576,32,256,0.1,104858,7,0.0018438719511032105,1005
gpu,DS,1048576,32,256,0.1,104858,8,0.0017975679636001588,1005
gpu,SS,1048576,32,256,0.1,104858,8,0.0008896639943122863,1005
gpu,SS,1048576,32,256,0.1,104858,9,0.0009525439739227295,1005
gpu,DS,1048576,32,256,0.1,104858,9,0.001798143982887268,1005
gpu,DS,1048576,32,256,0.1,104858,10,0.001921023964881897,1005
gpu,SS,1048576,32,256,0.1,104858,10,0.0008900160193443298,1005
gpu,SS,1048576,32,256,0.1,104858,11,0.0009187520146369934,1005
gpu,DS,1048576,32,256,0.1,104858,11,0.0016857279539108276,1005
gpu,DS,1048576,32,256,0.1,104858,12,0.0017339199781417846,1005
gpu,SS,1048576,32,256,0.1,104858,12,0.0009154239892959595,1005
gpu,SS,1048576,32,256,0.1,104858,13,0.0008744320273399353,1005
gpu,DS,1048576,32,256,0.1,104858,13,0.0017715200185775756,1005
gpu,DS,1048576,32,256,0.1,104858,14,0.001859552025794983,1005
gpu,SS,1048576,32,256,0.1,104858,14,0.0008672959804534912,1005
cpu,DS,1048576,32,256,0.2,209715,0,0.03041588199994294,-1
cpu,SS,1048576,32,256,0.2,209715,0,0.04777779599999121,-1
cpu,SS,1048576,32,256,0.2,209715,1,0.05272387600007278,-1
cpu,DS,1048576,32,256,0.2,209715,1,0.027650194000216288,-1
cpu,DS,1048576,32,256,0.2,209715,2,0.028514095999980782,-1
cpu,SS,1048576,32,256,0.2,209715,2,0.05471872099997199,-1
cpu,SS,1048576,32,256,0.2,209715,3,0.04750951100004386,-1
cpu,DS,1048576,32,256,0.2,209715,3,0.027327544999934616,-1
cpu,DS,1048576,32,256,0.2,209715,4,0.026572945000225445,-1
cpu,SS,1048576,32,256,0.2,209715,4,0.04799515800004883,-1
cpu,SS,1048576,32,256,0.2,209715,5,0.05028312900003584,-1
cpu,DS,1048576,32,256,0.2,209715,5,0.026840464999622782,-1
cpu,DS,1048576,32,256,0.2,209715,6,0.02766041699987909,-1
cpu,SS,1048576,32,256,0.2,209715,6,0.05202058200029569,-1
cpu,SS,1048576,32,256,0.2,209715,7,0.04985996899995371,-1
cpu,DS,1048576,32,256,0.2,209715,7,0.029207356999904732,-1
cpu,DS,1048576,32,256,0.2,209715,8,0.03148223900006997,-1
cpu,SS,1048576,32,256,0.2,209715,8,0.05647289400030786,-1
cpu,SS,1048576,32,256,0.2,209715,9,0.04848462500012829,-1
cpu,DS,1048576,32,256,0.2,209715,9,0.027791694000370626,-1
cpu,DS,1048576,32,256,0.2,209715,10,0.02714840099997673,-1
cpu,SS,1048576,32,256,0.2,209715,10,0.0504601709999406,-1
cpu,SS,1048576,32,256,0.2,209715,11,0.053243153000039456,-1
cpu,DS,1048576,32,256,0.2,209715,11,0.03010871100013901,-1
cpu,DS,1048576,32,256,0.2,209715,12,0.027505254999596218,-1
cpu,SS,1048576,32,256,0.2,209715,12,0.05132751200017083,-1
cpu,SS,1048576,32,256,0.2,209715,13,0.05255935099967246,-1
cpu,DS,1048576,32,256,0.2,209715,13,0.02924719800012099,-1
cpu,DS,1048576,32,256,0.2,209715,14,0.030333427999721607,-1
cpu,SS,1048576,32,256,0.2,209715,14,0.05203023200010648,-1
gpu,DS,1048576,32,256,0.2,209715,0,0.0016629760265350342,1005
gpu,SS,1048576,32,256,0.2,209715,0,0.0014852479696273804,1005
gpu,SS,1048576,32,256,0.2,209715,1,0.0015050560235977174,1005
gpu,DS,1048576,32,256,0.2,209715,1,0.0016859519481658937,1005
gpu,DS,1048576,32,256,0.2,209715,2,0.00158022403717041,1005
gpu,SS,1048576,32,256,0.2,209715,2,0.0015162559747695923,1005
gpu,SS,1048576,32,256,0.2,209715,3,0.0014909440279006958,1005
gpu,DS,1048576,32,256,0.2,209715,3,0.0015867199897766113,1005
gpu,DS,1048576,32,256,0.2,209715,4,0.0016111040115356445,1005
gpu,SS,1048576,32,256,0.2,209715,4,0.001493183970451355,1005
gpu,SS,1048576,32,256,0.2,209715,5,0.0015302079916000367,1005
gpu,DS,1048576,32,256,0.2,209715,5,0.0016810879707336425,1005
gpu,DS,1048576,32,256,0.2,209715,6,0.0015706239938735962,1005
gpu,SS,1048576,32,256,0.2,209715,6,0.001498144030570984,1005
gpu,SS,1048576,32,256,0.2,209715,7,0.0015052800178527832,1005
gpu,DS,1048576,32,256,0.2,209715,7,0.0016215360164642334,1005
gpu,DS,1048576,32,256,0.2,209715,8,0.00156003201007843,1005
gpu,SS,1048576,32,256,0.2,209715,8,0.0014929920434951782,1005
gpu,SS,1048576,32,256,0.2,209715,9,0.001388543963432312,1005
gpu,DS,1048576,32,256,0.2,209715,9,0.0015856640338897704,1005
gpu,DS,1048576,32,256,0.2,209715,10,0.0016796799898147583,1005
gpu,SS,1048576,32,256,0.2,209715,10,0.0014141759872436524,1005
gpu,SS,1048576,32,256,0.2,209715,11,0.0014759680032730101,1005
gpu,DS,1048576,32,256,0.2,209715,11,0.001589311957359314,1005
gpu,DS,1048576,32,256,0.2,209715,12,0.0015710079669952392,1005
gpu,SS,1048576,32,256,0.2,209715,12,0.0015278079509735108,1005
gpu,SS,1048576,32,256,0.2,209715,13,0.0015664000511169433,1005
gpu,DS,1048576,32,256,0.2,209715,13,0.0016711679697036742,1005
gpu,DS,1048576,32,256,0.2,209715,14,0.0016805119514465333,1005
gpu,SS,1048576,32,256,0.2,209715,14,0.0014682879447937012,1005
cpu,DS,1048576,32,256,0.3,314573,0,0.028532917000120506,-1
cpu,SS,1048576,32,256,0.3,314573,0,0.06819250599983206,-1
cpu,SS,1048576,32,256,0.3,314573,1,0.06994495900016773,-1
cpu,DS,1048576,32,256,0.3,314573,1,0.027095183999790606,-1
cpu,DS,1048576,32,256,0.3,314573,2,0.02863199600005828,-1
cpu,SS,1048576,32,256,0.3,314573,2,0.07184139600030903,-1
cpu,SS,1048576,32,256,0.3,314573,3,0.066923597999903,-1
cpu,DS,1048576,32,256,0.3,314573,3,0.02607277700008126,-1
cpu,DS,1048576,32,256,0.3,314573,4,0.027905103000193776,-1
cpu,SS,1048576,32,256,0.3,314573,4,0.06341025600022476,-1
cpu,SS,1048576,32,256,0.3,314573,5,0.12589604599997983,-1
cpu,DS,1048576,32,256,0.3,314573,5,0.028583870000147726,-1
cpu,DS,1048576,32,256,0.3,314573,6,0.031631953999749385,-1
cpu,SS,1048576,32,256,0.3,314573,6,0.07490960099994481,-1
cpu,SS,1048576,32,256,0.3,314573,7,0.0749478249999811,-1
cpu,DS,1048576,32,256,0.3,314573,7,0.02784025399978418,-1
cpu,DS,1048576,32,256,0.3,314573,8,0.02841966300002241,-1
cpu,SS,1048576,32,256,0.3,314573,8,0.0715453869997873,-1
cpu,SS,1048576,32,256,0.3,314573,9,0.07540046899976005,-1
cpu,DS,1048576,32,256,0.3,314573,9,0.029204816999936156,-1
cpu,DS,1048576,32,256,0.3,314573,10,0.030419605000133743,-1
cpu,SS,1048576,32,256,0.3,314573,10,0.0711515180000788,-1
cpu,SS,1048576,32,256,0.3,314573,11,0.0745251619996452,-1
cpu,DS,1048576,32,256,0.3,314573,11,0.03033780800024033,-1
cpu,DS,1048576,32,256,0.3,314573,12,0.03006686400021863,-1
cpu,SS,1048576,32,256,0.3,314573,12,0.06267018200014718,-1
cpu,SS,1048576,32,256,0.3,314573,13,0.0714124430000993,-1
cpu,DS,1048576,32,256,0.3,314573,13,0.028374790000270877,-1
cpu,DS,1048576,32,256,0.3,314573,14,0.027212489000248752,-1
cpu,SS,1048576,32,256,0.3,314573,14,0.07433968299983462,-1
gpu,DS,1048576,32,256,0.3,314573,0,0.0016503679752349855,1005
gpu,SS,1048576,32,256,0.3,314573,0,0.0020744640827178957,1005
gpu,SS,1048576,32,256,0.3,314573,1,0.0028141119480133057,1005
gpu,DS,1048576,32,256,0.3,314573,1,0.0016674560308456421,1005
gpu,DS,1048576,32,256,0.3,314573,2,0.0024471359252929686,1005
gpu,SS,1048576,32,256,0.3,314573,2,0.0021295359134674073,1005
gpu,SS,1048576,32,256,0.3,314573,3,0.0027688961029052736,1005
gpu,DS,1048576,32,256,0.3,314573,3,0.0018534400463104247,1005
gpu,DS,1048576,32,256,0.3,314573,4,0.001986207962036133,1005
gpu,SS,1048576,32,256,0.3,314573,4,0.0021678080558776855,1005
gpu,SS,1048576,32,256,0.3,314573,5,0.002796736001968384,1005
gpu,DS,1048576,32,256,0.3,314573,5,0.0017632960081100464,1005
gpu,DS,1048576,32,256,0.3,314573,6,0.002333087921142578,1005
gpu,SS,1048576,32,256,0.3,314573,6,0.002197439908981323,1005
gpu,SS,1048576,32,256,0.3,314573,7,0.0021483519077301026,1005
gpu,DS,1048576,32,256,0.3,314573,7,0.001595360040664673,1005
gpu,DS,1048576,32,256,0.3,314573,8,0.0015462080240249633,1005
gpu,SS,1048576,32,256,0.3,314573,8,0.0021094400882720947,1005
gpu,SS,1048576,32,256,0.3,314573,9,0.0020568320751190184,1005
gpu,DS,1048576,32,256,0.3,314573,9,0.0016054400205612182,1005
gpu,DS,1048576,32,256,0.3,314573,10,0.0015702719688415528,1005
gpu,SS,1048576,32,256,0.3,314573,10,0.002133984088897705,1005
gpu,SS,1048576,32,256,0.3,314573,11,0.002137279987335205,1005
gpu,DS,1048576,32,256,0.3,314573,11,0.0016650880575180054,1005
gpu,DS,1048576,32,256,0.3,314573,12,0.001620736002922058,1500
gpu,SS,1048576,32,256,0.3,314573,12,0.001502303957939148,1500
gpu,SS,1048576,32,256,0.3,314573,13,0.0015074880123138428,1500
gpu,DS,1048576,32,256,0.3,314573,13,0.0016834559440612794,1500
gpu,DS,1048576,32,256,0.3,314573,14,0.0017903039455413818,1500
gpu,SS,1048576,32,256,0.3,314573,14,0.001499135971069336,1500
cpu,DS,1048576,32,256,0.5,524288,0,0.021355273999688507,-1
cpu,SS,1048576,32,256,0.5,524288,0,0.1240575369997714,-1
cpu,SS,1048576,32,256,0.5,524288,1,0.16149065399986284,-1
cpu,DS,1048576,32,256,0.5,524288,1,0.027293458999793074,-1
cpu,DS,1048576,32,256,0.5,524288,2,0.028087437999602116,-1
cpu,SS,1048576,32,256,0.5,524288,2,0.10992962399996031,-1
cpu,SS,1048576,32,256,0.5,524288,3,0.11187564800002292,-1
cpu,DS,1048576,32,256,0.5,524288,3,0.032068854000044666,-1
cpu,DS,1048576,32,256,0.5,524288,4,0.030327454000143916,-1
cpu,SS,1048576,32,256,0.5,524288,4,0.10806349700033024,-1
cpu,SS,1048576,32,256,0.5,524288,5,0.10173481799984074,-1
cpu,DS,1048576,32,256,0.5,524288,5,0.02824390800014953,-1
cpu,DS,1048576,32,256,0.5,524288,6,0.02732588599974406,-1
cpu,SS,1048576,32,256,0.5,524288,6,0.10369324599969332,-1
cpu,SS,1048576,32,256,0.5,524288,7,0.11751700600007098,-1
cpu,DS,1048576,32,256,0.5,524288,7,0.024702505000277597,-1
cpu,DS,1048576,32,256,0.5,524288,8,0.023912237999866193,-1
cpu,SS,1048576,32,256,0.5,524288,8,0.10203477000004568,-1
cpu,SS,1048576,32,256,0.5,524288,9,0.116332046000025,-1
cpu,DS,1048576,32,256,0.5,524288,9,0.03237915999989127,-1
cpu,DS,1048576,32,256,0.5,524288,10,0.03140966499995557,-1
cpu,SS,1048576,32,256,0.5,524288,10,0.1086563680000836,-1
cpu,SS,1048576,32,256,0.5,524288,11,0.10903631299970584,-1
cpu,DS,1048576,32,256,0.5,524288,11,0.027298049999899376,-1
cpu,DS,1048576,32,256,0.5,524288,12,0.028447848000269005,-1
cpu,SS,1048576,32,256,0.5,524288,12,0.10925041100017552,-1
cpu,SS,1048576,32,256,0.5,524288,13,0.11342111699968882,-1
cpu,DS,1048576,32,256,0.5,524288,13,0.028312377000020206,-1
cpu,DS,1048576,32,256,0.5,524288,14,0.030345328000294103,-1
cpu,SS,1048576,32,256,0.5,524288,14,0.1147266060002039,-1
gpu,DS,1048576,32,256,0.5,524288,0,0.0015859839916229248,1005
gpu,SS,1048576,32,256,0.5,524288,0,0.004510464191436768,1005
gpu,SS,1048576,32,256,0.5,524288,1,0.004526080131530762,1005
gpu,DS,1048576,32,256,0.5,524288,1,0.0017388160228729247,1005
gpu,DS,1048576,32,256,0.5,524288,2,0.0016462080478668213,1005
gpu,SS,1048576,32,256,0.5,524288,2,0.003680255889892578,1005
gpu,SS,1048576,32,256,0.5,524288,3,0.004430079936981201,1005
gpu,DS,1048576,32,256,0.5,524288,3,0.0017299519777297973,1005
gpu,DS,1048576,32,256,0.5,524288,4,0.0015155199766159057,1005
gpu,SS,1048576,32,256,0.5,524288,4,0.0037773120403289794,1005
gpu,SS,1048576,32,256,0.5,524288,5,0.003780479907989502,1005
gpu,DS,1048576,32,256,0.5,524288,5,0.001628159999847412,1005
gpu,DS,1048576,32,256,0.5,524288,6,0.0017916799783706664,1005
gpu,SS,1048576,32,256,0.5,524288,6,0.003776864051818848,1005
gpu,SS,1048576,32,256,0.5,524288,7,0.0037848639488220217,1005
gpu,DS,1048576,32,256,0.5,524288,7,0.001742400050163269,1005
gpu,DS,1048576,32,256,0.5,524288,8,0.0016448320150375367,1005
gpu,SS,1048576,32,256,0.5,524288,8,0.0037849280834197996,1005
gpu,SS,1048576,32,256,0.5,524288,9,0.0037904319763183594,1005
gpu,DS,1048576,32,256,0.5,524288,9,0.001437983989715576,1005
gpu,DS,1048576,32,256,0.5,524288,10,0.0015926400423049926,1005
gpu,SS,1048576,32,256,0.5,524288,10,0.003769824028015137,1005
gpu,SS,1048576,32,256,0.5,524288,11,0.0037683520317077636,1005
gpu,DS,1048576,32,256,0.5,524288,11,0.0016417280435562134,1545
gpu,DS,1048576,32,256,0.5,524288,12,0.001599295973777771,1545
gpu,SS,1048576,32,256,0.5,524288,12,0.0025578880310058593,1545
gpu,SS,1048576,32,256,0.5,524288,13,0.002603008031845093,1545
gpu,DS,1048576,32,256,0.5,524288,13,0.0016802879571914673,1545
gpu,DS,1048576,32,256,0.5,524288,14,0.0016149120330810546,1545
gpu,SS,1048576,32,256,0.5,524288,14,0.002592223882675171,1545
cpu,DS,1048576,32,256,0.7,734003,0,0.028728363000027457,-1
cpu,SS,1048576,32,256,0.7,734003,0,0.15500257400026385,-1
cpu,SS,1048576,32,256,0.7,734003,1,0.1530657319999591,-1
cpu,DS,1048576,32,256,0.7,734003,1,0.029375441999945906,-1
cpu,DS,1048576,32,256,0.7,734003,2,0.028764013999989402,-1
cpu,SS,1048576,32,256,0.7,734003,2,0.15193292699996164,-1
cpu,SS,1048576,32,256,0.7,734003,3,0.15276558400000795,-1
cpu,DS,1048576,32,256,0.7,734003,3,0.02998970399994505,-1
cpu,DS,1048576,32,256,0.7,734003,4,0.0275397890000022,-1
cpu,SS,1048576,32,256,0.7,734003,4,0.1461100940000506,-1
cpu,SS,1048576,32,256,0.7,734003,5,0.14673714999980803,-1
cpu,DS,1048576,32,256,0.7,734003,5,0.03232836999995925,-1
cpu,DS,1048576,32,256,0.7,734003,6,0.026935782999771618,-1
cpu,SS,1048576,32,256,0.7,734003,6,0.15602197999987766,-1
cpu,SS,1048576,32,256,0.7,734003,7,0.15405925400000342,-1
cpu,DS,1048576,32,256,0.7,734003,7,0.02828883699976359,-1
cpu,DS,1048576,32,256,0.7,734003,8,0.02812025499997617,-1
cpu,SS,1048576,32,256,0.7,734003,8,0.14285096300000077,-1
cpu,SS,1048576,32,256,0.7,734003,9,0.15327797299960366,-1
cpu,DS,1048576,32,256,0.7,734003,9,0.02840711899989401,-1
cpu,DS,1048576,32,256,0.7,734003,10,0.030883503000040946,-1
cpu,SS,1048576,32,256,0.7,734003,10,0.15071671099985906,-1
cpu,SS,1048576,32,256,0.7,734003,11,0.15325511700029892,-1
cpu,DS,1048576,32,256,0.7,734003,11,0.029211352999936935,-1
cpu,DS,1048576,32,256,0.7,734003,12,0.02674444299964307,-1
cpu,SS,1048576,32,256,0.7,734003,12,0.14173886600019614,-1
cpu,SS,1048576,32,256,0.7,734003,13,0.16020723900010125,-1
cpu,DS,1048576,32,256,0.7,734003,13,0.02866702500023166,-1
cpu,DS,1048576,32,256,0.7,734003,14,0.0237134750000223,-1
cpu,SS,1048576,32,256,0.7,734003,14,0.15053894799984846,-1
gpu,DS,1048576,32,256,0.7,734003,0,0.001616863965988159,1005
gpu,SS,1048576,32,256,0.7,734003,0,0.005807519912719727,1005
gpu,SS,1048576,32,256,0.7,734003,1,0.005859776020050049,1005
gpu,DS,1048576,32,256,0.7,734003,1,0.001674239993095398,1005
gpu,DS,1048576,32,256,0.7,734003,2,0.0016340479850769044,1005
gpu,SS,1048576,32,256,0.7,734003,2,0.005826144218444824,1005
gpu,SS,1048576,32,256,0.7,734003,3,0.005817759990692139,1005
gpu,DS,1048576,32,256,0.7,734003,3,0.0017079999446868897,1005
gpu,DS,1048576,32,256,0.7,734003,4,0.001577023983001709,1005
gpu,SS,1048576,32,256,0.7,734003,4,0.0057803201675415035,1005
gpu,SS,1048576,32,256,0.7,734003,5,0.005814303874969482,1005
gpu,DS,1048576,32,256,0.7,734003,5,0.0016342400312423706,1005
gpu,DS,1048576,32,256,0.7,734003,6,0.0015629760026931762,1560
gpu,SS,1048576,32,256,0.7,734003,6,0.0037814080715179443,1560
gpu,SS,1048576,32,256,0.7,734003,7,0.0036372480392456055,1665
gpu,DS,1048576,32,256,0.7,734003,7,0.001556480050086975,1665
gpu,DS,1048576,32,256,0.7,734003,8,0.0015505599975585939,1665
gpu,SS,1048576,32,256,0.7,734003,8,0.003600383996963501,1665
gpu,SS,1048576,32,256,0.7,734003,9,0.0035942399501800535,1665
gpu,DS,1048576,32,256,0.7,734003,9,0.0015221760272979736,1665
gpu,DS,1048576,32,256,0.7,734003,10,0.001533951997756958,1665
gpu,SS,1048576,32,256,0.7,734003,10,0.0036374080181121827,1665
gpu,SS,1048576,32,256,0.7,734003,11,0.0036328001022338866,1665
gpu,DS,1048576,32,256,0.7,734003,11,0.0016095679998397827,1665
gpu,DS,1048576,32,256,0.7,734003,12,0.0014836479425430298,1665
gpu,SS,1048576,32,256,0.7,734003,12,0.0036418240070343016,1665
gpu,SS,1048576,32,256,0.7,734003,13,0.003692960023880005,1665
gpu,DS,1048576,32,256,0.7,734003,13,0.001691648006439209,1500
gpu,DS,1048576,32,256,0.7,734003,14,0.0016833920478820802,1500
gpu,SS,1048576,32,256,0.7,734003,14,0.003953471899032592,1500
cpu,DS,1048576,32,256,1.0,1048576,0,0.029931366999790043,-1
cpu,SS,1048576,32,256,1.0,1048576,0,0.22570161200019356,-1
cpu,SS,1048576,32,256,1.0,1048576,1,0.22303161499985436,-1
cpu,DS,1048576,32,256,1.0,1048576,1,0.026783328999954392,-1
cpu,DS,1048576,32,256,1.0,1048576,2,0.031217111000387376,-1
cpu,SS,1048576,32,256,1.0,1048576,2,0.23360611799989783,-1
cpu,SS,1048576,32,256,1.0,1048576,3,0.198297296000419,-1
cpu,DS,1048576,32,256,1.0,1048576,3,0.031319590999828506,-1
cpu,DS,1048576,32,256,1.0,1048576,4,0.029966628999773093,-1
cpu,SS,1048576,32,256,1.0,1048576,4,0.1996117270000468,-1
cpu,SS,1048576,32,256,1.0,1048576,5,0.20177632700006143,-1
cpu,DS,1048576,32,256,1.0,1048576,5,0.028582041999925423,-1
cpu,DS,1048576,32,256,1.0,1048576,6,0.031170973999905982,-1
cpu,SS,1048576,32,256,1.0,1048576,6,0.21623127600014413,-1
cpu,SS,1048576,32,256,1.0,1048576,7,0.20537125000009837,-1
cpu,DS,1048576,32,256,1.0,1048576,7,0.03046642100025565,-1
cpu,DS,1048576,32,256,1.0,1048576,8,0.028519691999917995,-1
cpu,SS,1048576,32,256,1.0,1048576,8,0.21930599100005566,-1
cpu,SS,1048576,32,256,1.0,1048576,9,0.20975188799957323,-1
cpu,DS,1048576,32,256,1.0,1048576,9,0.030771760999869002,-1
cpu,DS,1048576,32,256,1.0,1048576,10,0.031071796000105678,-1
cpu,SS,1048576,32,256,1.0,1048576,10,0.21248323300005723,-1
cpu,SS,1048576,32,256,1.0,1048576,11,0.20824710700026117,-1
cpu,DS,1048576,32,256,1.0,1048576,11,0.031889137999769446,-1
cpu,DS,1048576,32,256,1.0,1048576,12,0.031603512999936356,-1
cpu,SS,1048576,32,256,1.0,1048576,12,0.21765409399995406,-1
cpu,SS,1048576,32,256,1.0,1048576,13,0.21566933500025698,-1
cpu,DS,1048576,32,256,1.0,1048576,13,0.030821500000001834,-1
cpu,DS,1048576,32,256,1.0,1048576,14,0.028008992000195576,-1
cpu,SS,1048576,32,256,1.0,1048576,14,0.21031453000023248,-1
gpu,DS,1048576,32,256,1.0,1048576,0,0.0016983360052108764,1005
gpu,SS,1048576,32,256,1.0,1048576,0,0.01028876781463623,1005
gpu,SS,1048576,32,256,1.0,1048576,1,0.007362559795379638,1695
gpu,DS,1048576,32,256,1.0,1048576,1,0.0019496959447860718,1695
gpu,DS,1048576,32,256,1.0,1048576,2,0.001738208055496216,1695
gpu,SS,1048576,32,256,1.0,1048576,2,0.007293439865112304,1695
gpu,SS,1048576,32,256,1.0,1048576,3,0.007303008079528809,1695
gpu,DS,1048576,32,256,1.0,1048576,3,0.001956287980079651,1695
gpu,DS,1048576,32,256,1.0,1048576,4,0.0017655999660491943,1695
gpu,SS,1048576,32,256,1.0,1048576,4,0.007282688140869141,1695
gpu,SS,1048576,32,256,1.0,1048576,5,0.007305535793304443,1695
gpu,DS,1048576,32,256,1.0,1048576,5,0.0018677120208740235,1695
gpu,DS,1048576,32,256,1.0,1048576,6,0.0018483200073242188,1695
gpu,SS,1048576,32,256,1.0,1048576,6,0.007270400047302246,1695
gpu,SS,1048576,32,256,1.0,1048576,7,0.007272352218627929,1695
gpu,DS,1048576,32,256,1.0,1048576,7,0.0018950719833374023,1695
gpu,DS,1048576,32,256,1.0,1048576,8,0.0017950079441070557,1695
gpu,SS,1048576,32,256,1.0,1048576,8,0.007256415843963623,1695
gpu,SS,1048576,32,256,1.0,1048576,9,0.007300447940826416,1695
gpu,DS,1048576,32,256,1.0,1048576,9,0.0018512959480285645,1695
gpu,DS,1048576,32,256,1.0,1048576,10,0.0016416000127792358,1695
gpu,SS,1048576,32,256,1.0,1048576,10,0.00722982406616211,1695
gpu,SS,1048576,32,256,1.0,1048576,11,0.007294976234436036,1695
gpu,DS,1048576,32,256,1.0,1048576,11,0.0017244160175323487,1695
gpu,DS,1048576,32,256,1.0,1048576,12,0.0017789440155029296,1695
gpu,SS,1048576,32,256,1.0,1048576,12,0.007227456092834473,1695
gpu,SS,1048576,32,256,1.0,1048576,13,0.007288671970367431,1695
gpu,DS,1048576,32,256,1.0,1048576,13,0.0018467520475387573,1695
gpu,DS,1048576,32,256,1.0,1048576,14,0.0025067520141601562,1695
gpu,SS,1048576,32,256,1.0,1048576,14,0.007284704208374023,1695
cpu,DS,1048576,32,0,0.0001,105,0,0.06263278699998409,-1
cpu,SS,1048576,32,0,0.0001,105,0,0.00020845599965468864,-1
cpu,SS,1048576,32,0,0.0001,105,1,0.00019641100016087876,-1
cpu,DS,1048576,32,0,0.0001,105,1,0.055128273999798694,-1
cpu,DS,1048576,32,0,0.0001,105,2,0.054332966999936616,-1
cpu,SS,1048576,32,0,0.0001,105,2,0.00037960800000291783,-1
cpu,SS,1048576,32,0,0.0001,105,3,0.0003232470003240451,-1
cpu,DS,1048576,32,0,0.0001,105,3,0.0597680560003937,-1
cpu,DS,1048576,32,0,0.0001,105,4,0.061916117000237136,-1
cpu,SS,1048576,32,0,0.0001,105,4,0.00021783900001537404,-1
cpu,SS,1048576,32,0,0.0001,105,5,0.00018731799991655862,-1
cpu,DS,1048576,32,0,0.0001,105,5,0.058430697999938275,-1
cpu,DS,1048576,32,0,0.0001,105,6,0.05768093799997587,-1
cpu,SS,1048576,32,0,0.0001,105,6,0.00021666800012098975,-1
cpu,SS,1048576,32,0,0.0001,105,7,0.0002246640001430933,-1
cpu,DS,1048576,32,0,0.0001,105,7,0.05179695399965567,-1
cpu,DS,1048576,32,0,0.0001,105,8,0.05732990000024074,-1
cpu,SS,1048576,32,0,0.0001,105,8,0.00019931199994971394,-1
cpu,SS,1048576,32,0,0.0001,105,9,0.00017659200011621579,-1
cpu,DS,1048576,32,0,0.0001,105,9,0.05617557000005036,-1
cpu,DS,1048576,32,0,0.0001,105,10,0.060350193999965995,-1
cpu,SS,1048576,32,0,0.0001,105,10,0.00021267100009936257,-1
cpu,SS,1048576,32,0,0.0001,105,11,0.0001708390000203508,-1
cpu,DS,1048576,32,0,0.0001,105,11,0.05522649899967291,-1
cpu,DS,1048576,32,0,0.0001,105,12,0.06290302099978362,-1
cpu,SS,1048576,32,0,0.0001,105,12,0.00021500999991985736,-1
cpu,SS,1048576,32,0,0.0001,105,13,0.0001617699999769684,-1
cpu,DS,1048576,32,0,0.0001,105,13,0.05850860900000043,-1
cpu,DS,1048576,32,0,0.0001,105,14,0.059228042000086134,-1
cpu,SS,1048576,32,0,0.0001,105,14,0.00020262699990780675,-1
gpu,DS,1048576,32,0,0.0001,105,0,0.008896160125732421,1005
gpu,SS,1048576,32,0,0.0001,105,0,0.0010140160322189332,1005
gpu,SS,1048576,32,0,0.0001,105,1,0.00016566400229930877,1005
gpu,DS,1048576,32,0,0.0001,105,1,0.008266143798828125,1005
gpu,DS,1048576,32,0,0.0001,105,2,0.00846735954284668,1005
gpu,SS,1048576,32,0,0.0001,105,2,0.0005132799744606018,1005
gpu,SS,1048576,32,0,0.0001,105,3,0.00024140800535678864,1005
gpu,DS,1048576,32,0,0.0001,105,3,0.00829695987701416,1005
gpu,DS,1048576,32,0,0.0001,105,4,0.008454496383666993,1005
gpu,SS,1048576,32,0,0.0001,105,4,0.00037648001313209535,1005
gpu,SS,1048576,32,0,0.0001,105,5,0.000568831980228424,1005
gpu,DS,1048576,32,0,0.0001,105,5,0.009022175788879394,1005
gpu,DS,1048576,32,0,0.0001,105,6,0.00826591968536377,1005
gpu,SS,1048576,32,0,0.0001,105,6,0.0005827839970588684,1005
gpu,SS,1048576,32,0,0.0001,105,7,0.0004790079891681671,1005
gpu,DS,1048576,32,0,0.0001,105,7,0.008280159950256348,1005
gpu,DS,1048576,32,0,0.0001,105,8,0.008644607543945313,1005
gpu,SS,1048576,32,0,0.0001,105,8,0.00034060800075531004,1005
gpu,SS,1048576,32,0,0.0001,105,9,0.0002160319983959198,1005
gpu,DS,1048576,32,0,0.0001,105,9,0.008393088340759277,1005
gpu,DS,1048576,32,0,0.0001,105,10,0.008285311698913575,1005
gpu,SS,1048576,32,0,0.0001,105,10,0.00024086399376392365,1005
gpu,SS,1048576,32,0,0.0001,105,11,0.00026444798707962036,1005
gpu,DS,1048576,32,0,0.0001,105,11,0.008358559608459472,1005
gpu,DS,1048576,32,0,0.0001,105,12,0.009815903663635253,1005
gpu,SS,1048576,32,0,0.0001,105,12,0.00029676800966262816,1005
gpu,SS,1048576,32,0,0.0001,105,13,0.00043427199125289917,1005
gpu,DS,1048576,32,0,0.0001,105,13,0.008368127822875977,1005
gpu,DS,1048576,32,0,0.0001,105,14,0.008389280319213868,1005
gpu,SS,1048576,32,0,0.0001,105,14,0.0005809599757194519,1005
cpu,DS,1048576,32,0,0.0003,315,0,0.08977968399995007,-1
cpu,SS,1048576,32,0,0.0003,315,0,0.0013908070000070438,-1
cpu,SS,1048576,32,0,0.0003,315,1,0.006715427000017371,-1
cpu,DS,1048576,32,0,0.0003,315,1,0.1142288579999331,-1
cpu,DS,1048576,32,0,0.0003,315,2,0.14532861299994693,-1
cpu,SS,1048576,32,0,0.0003,315,2,0.0023637780000171915,-1
cpu,SS,1048576,32,0,0.0003,315,3,0.030712341999787895,-1
cpu,DS,1048576,32,0,0.0003,315,3,0.1901322550002078,-1
cpu,DS,1048576,32,0,0.0003,315,4,0.06399489400018865,-1
cpu,SS,1048576,32,0,0.0003,315,4,0.00042095700018762727,-1
cpu,SS,1048576,32,0,0.0003,315,5,0.00033982800005105673,-1
cpu,DS,1048576,32,0,0.0003,315,5,0.06413784599999417,-1
cpu,DS,1048576,32,0,0.0003,315,6,0.06341167799973846,-1
cpu,SS,1048576,32,0,0.0003,315,6,0.0003684970001813781,-1
cpu,SS,1048576,32,0,0.0003,315,7,0.0003014079998138186,-1
cpu,DS,1048576,32,0,0.0003,315,7,0.06600519300036467,-1
cpu,DS,1048576,32,0,0.0003,315,8,0.12145485600012762,-1
cpu,SS,1048576,32,0,0.0003,315,8,0.05821197099976416,-1
cpu,SS,1048576,32,0,0.0003,315,9,0.009654815999965649,-1
cpu,DS,1048576,32,0,0.0003,315,9,0.2668161350002265,-1
cpu,DS,1048576,32,0,0.0003,315,10,0.17783341299991662,-1
cpu,SS,1048576,32,0,0.0003,315,10,0.0004791719998138433,-1
cpu,SS,1048576,32,0,0.0003,315,11,0.0011293789998489956,-1
cpu,DS,1048576,32,0,0.0003,315,11,0.10462923399973079,-1
cpu,DS,1048576,32,0,0.0003,315,12,0.0791243020003094,-1
cpu,SS,1048576,32,0,0.0003,315,12,0.000566933000300196,-1
cpu,SS,1048576,32,0,0.0003,315,13,0.000335146999987046,-1
cpu,DS,1048576,32,0,0.0003,315,13,0.09200684899997214,-1
cpu,DS,1048576,32,0,0.0003,315,14,0.1301390410003478,-1
cpu,SS,1048576,32,0,0.0003,315,14,0.00037005599961048574,-1
gpu,DS,1048576,32,0,0.0003,315,0,0.009031264305114747,1005
gpu,SS,1048576,32,0,0.0003,315,0,0.00028249600529670717,1005
gpu,SS,1048576,32,0,0.0003,315,1,0.00022118400037288665,1005
gpu,DS,1048576,32,0,0.0003,315,1,0.008312864303588867,1005
gpu,DS,1048576,32,0,0.0003,315,2,0.008381535530090332,1005
gpu,SS,1048576,32,0,0.0003,315,2,0.0008855360150337219,1005
gpu,SS,1048576,32,0,0.0003,315,3,0.00029583999514579774,1005
gpu,DS,1048576,32,0,0.0003,315,3,0.008503680229187011,1005
gpu,DS,1048576,32,0,0.0003,315,4,0.008787455558776856,1005
gpu,SS,1048576,32,0,0.0003,315,4,0.0003113920092582703,1410
gpu,SS,1048576,32,0,0.0003,315,5,0.00023552000522613525,1455
gpu,DS,1048576,32,0,0.0003,315,5,0.008687616348266602,1455
gpu,DS,1048576,32,0,0.0003,315,6,0.00820633602142334,1650
gpu,SS,1048576,32,0,0.0003,315,6,0.00027055999636650083,1650
gpu,SS,1048576,32,0,0.0003,315,7,0.00026633599400520327,1650
gpu,DS,1048576,32,0,0.0003,315,7,0.008068927764892578,1650
gpu,DS,1048576,32,0,0.0003,315,8,0.008130080223083496,1650
gpu,SS,1048576,32,0,0.0003,315,8,0.00028496000170707703,1680
gpu,SS,1048576,32,0,0.0003,315,9,3.273599967360497e-05,1680
gpu,DS,1048576,32,0,0.0003,315,9,0.00806505584716797,1680
gpu,DS,1048576,32,0,0.0003,315,10,0.008671680450439452,1680
gpu,SS,1048576,32,0,0.0003,315,10,0.00044739198684692384,1680
gpu,SS,1048576,32,0,0.0003,315,11,0.0003745279908180237,1680
gpu,DS,1048576,32,0,0.0003,315,11,0.008445759773254395,1680
gpu,DS,1048576,32,0,0.0003,315,12,0.009586432456970214,1650
gpu,SS,1048576,32,0,0.0003,315,12,0.0002959040105342865,1650
gpu,SS,1048576,32,0,0.0003,315,13,0.00014745600521564483,1650
gpu,DS,1048576,32,0,0.0003,315,13,0.007952383995056152,1650
gpu,DS,1048576,32,0,0.0003,315,14,0.00847488021850586,1650
gpu,SS,1048576,32,0,0.0003,315,14,0.00029603201150894164,1635
cpu,DS,1048576,32,0,0.001,1049,0,0.06605706899972574,-1
cpu,SS,1048576,32,0,0.001,1049,0,0.0012743790002787136,-1
cpu,SS,1048576,32,0,0.001,1049,1,0.0010191910000685311,-1
cpu,DS,1048576,32,0,0.001,1049,1,0.0676938000001428,-1
cpu,DS,1048576,32,0,0.001,1049,2,0.08737436599994908,-1
cpu,SS,1048576,32,0,0.001,1049,2,0.0007946220002850168,-1
cpu,SS,1048576,32,0,0.001,1049,3,0.0019161999998686952,-1
cpu,DS,1048576,32,0,0.001,1049,3,0.0819061120000697,-1
cpu,DS,1048576,32,0,0.001,1049,4,0.0828562649999185,-1
cpu,SS,1048576,32,0,0.001,1049,4,0.0016086489999906917,-1
cpu,SS,1048576,32,0,0.001,1049,5,0.0011059759999625385,-1
cpu,DS,1048576,32,0,0.001,1049,5,0.08115644300005442,-1
cpu,DS,1048576,32,0,0.001,1049,6,0.06574590999980501,-1
cpu,SS,1048576,32,0,0.001,1049,6,0.0009185590001834498,-1
cpu,SS,1048576,32,0,0.001,1049,7,0.0025878589999592805,-1
cpu,DS,1048576,32,0,0.001,1049,7,0.08761746199979825,-1
cpu,DS,1048576,32,0,0.001,1049,8,0.07190610600036962,-1
cpu,SS,1048576,32,0,0.001,1049,8,0.0008944730002440338,-1
cpu,SS,1048576,32,0,0.001,1049,9,0.0009407920001649472,-1
cpu,DS,1048576,32,0,0.001,1049,9,0.07070993099978296,-1
cpu,DS,1048576,32,0,0.001,1049,10,0.12231832099996609,-1
cpu,SS,1048576,32,0,0.001,1049,10,0.0008691199996064825,-1
cpu,SS,1048576,32,0,0.001,1049,11,0.0007693669999753183,-1
cpu,DS,1048576,32,0,0.001,1049,11,0.08180830799983596,-1
cpu,DS,1048576,32,0,0.001,1049,12,0.08902738200004023,-1
cpu,SS,1048576,32,0,0.001,1049,12,0.002287328999955207,-1
cpu,SS,1048576,32,0,0.001,1049,13,0.0017666170001575665,-1
cpu,DS,1048576,32,0,0.001,1049,13,0.1898015930000838,-1
cpu,DS,1048576,32,0,0.001,1049,14,0.2686177589998806,-1
cpu,SS,1048576,32,0,0.001,1049,14,0.11705035500017402,-1
gpu,DS,1048576,32,0,0.001,1049,0,0.012091679573059082,675
gpu,SS,1048576,32,0,0.001,1049,0,0.0003215680122375488,675
gpu,SS,1048576,32,0,0.001,1049,1,0.00028060799837112426,675
gpu,DS,1048576,32,0,0.001,1049,1,0.008110079765319824,1125
gpu,DS,1048576,32,0,0.001,1049,2,0.010377216339111327,1320
gpu,SS,1048576,32,0,0.001,1049,2,0.010602496147155761,1320
gpu,SS,1048576,32,0,0.001,1049,3,0.0002991040050983429,1320
gpu,DS,1048576,32,0,0.001,1049,3,0.00905622386932373,1320
gpu,DS,1048576,32,0,0.001,1049,4,0.009131551742553711,1320
gpu,SS,1048576,32,0,0.001,1049,4,0.0004020799994468689,1320
gpu,SS,1048576,32,0,0.001,1049,5,0.00013312000036239623,1320
gpu,DS,1048576,32,0,0.001,1049,5,0.008056832313537597,1320
gpu,DS,1048576,32,0,0.001,1049,6,0.008801471710205079,1320
gpu,SS,1048576,32,0,0.001,1049,6,0.0007757440209388733,1320
gpu,SS,1048576,32,0,0.001,1049,7,0.001134592056274414,1320
gpu,DS,1048576,32,0,0.001,1049,7,0.008733152389526367,1320
gpu,DS,1048576,32,0,0.001,1049,8,0.009788928031921386,1320
gpu,SS,1048576,32,0,0.001,1049,8,0.0008101440072059631,1320
gpu,SS,1048576,32,0,0.001,1049,9,0.0002543359994888306,1320
gpu,DS,1048576,32,0,0.001,1049,9,0.009050111770629882,1320
gpu,DS,1048576,32,0,0.001,1049,10,0.00817414379119873,1320
gpu,SS,1048576,32,0,0.001,1049,10,0.00028019198775291446,1320
gpu,SS,1048576,32,0,0.001,1049,11,0.00013555200397968292,1320
gpu,DS,1048576,32,0,0.001,1049,11,0.008625951766967774,1320
gpu,DS,1048576,32,0,0.001,1049,12,0.009946368217468261,1320
gpu,SS,1048576,32,0,0.001,1049,12,0.00034460800886154175,1320
gpu,SS,1048576,32,0,0.001,1049,13,0.0003638719916343689,1515
gpu,DS,1048576,32,0,0.001,1049,13,0.009174176216125488,1455
gpu,DS,1048576,32,0,0.001,1049,14,0.00954755210876465,1620
gpu,SS,1048576,32,0,0.001,1049,14,0.00031830400228500367,1620
cpu,DS,1048576,32,0,0.003,3146,0,0.11222518999966269,-1
cpu,SS,1048576,32,0,0.003,3146,0,0.04688512399980027,-1
cpu,SS,1048576,32,0,0.003,3146,1,0.00791033299992705,-1
cpu,DS,1048576,32,0,0.003,3146,1,0.11175060200002918,-1
cpu,DS,1048576,32,0,0.003,3146,2,0.11100580799984527,-1
cpu,SS,1048576,32,0,0.003,3146,2,0.004712930000096094,-1
cpu,SS,1048576,32,0,0.003,3146,3,0.010935726999832696,-1
cpu,DS,1048576,32,0,0.003,3146,3,0.12399191099984819,-1
cpu,DS,1048576,32,0,0.003,3146,4,0.14409099699969374,-1
cpu,SS,1048576,32,0,0.003,3146,4,0.006364676999965013,-1
cpu,SS,1048576,32,0,0.003,3146,5,0.005196488999899884,-1
cpu,DS,1048576,32,0,0.003,3146,5,0.09988968399966325,-1
cpu,DS,1048576,32,0,0.003,3146,6,0.07791476900001726,-1
cpu,SS,1048576,32,0,0.003,3146,6,0.0033894050002345466,-1
cpu,SS,1048576,32,0,0.003,3146,7,0.0053099930000826134,-1
cpu,DS,1048576,32,0,0.003,3146,7,0.09935531999963132,-1
cpu,DS,1048576,32,0,0.003,3146,8,0.10307831199997963,-1
cpu,SS,1048576,32,0,0.003,3146,8,0.002366507999795431,-1
cpu,SS,1048576,32,0,0.003,3146,9,0.008933620000334486,-1
cpu,DS,1048576,32,0,0.003,3146,9,0.07515080299981491,-1
cpu,DS,1048576,32,0,0.003,3146,10,0.09972430500010887,-1
cpu,SS,1048576,32,0,0.003,3146,10,0.0022067840000090655,-1
cpu,SS,1048576,32,0,0.003,3146,11,0.0019768519996432588,-1
cpu,DS,1048576,32,0,0.003,3146,11,0.06215251100002206,-1
cpu,DS,1048576,32,0,0.003,3146,12,0.05473841299999549,-1
cpu,SS,1048576,32,0,0.003,3146,12,0.0020162470000286703,-1
cpu,SS,1048576,32,0,0.003,3146,13,0.002097864000006666,-1
cpu,DS,1048576,32,0,0.003,3146,13,0.056586159999824304,-1
cpu,DS,1048576,32,0,0.003,3146,14,0.0655170499999258,-1
cpu,SS,1048576,32,0,0.003,3146,14,0.0022801129998697434,-1
gpu,DS,1048576,32,0,0.003,3146,0,0.009091072082519532,915
gpu,SS,1048576,32,0,0.003,3146,0,0.0005763520002365113,915
gpu,SS,1048576,32,0,0.003,3146,1,0.0005488640069961548,915
gpu,DS,1048576,32,0,0.003,3146,1,0.008360735893249512,915
gpu,DS,1048576,32,0,0.003,3146,2,0.008303872108459473,1005
gpu,SS,1048576,32,0,0.003,3146,2,0.0009502720236778259,1005
gpu,SS,1048576,32,0,0.003,3146,3,0.0006184960007667541,1005
gpu,DS,1048576,32,0,0.003,3146,3,0.00832102394104004,1005
gpu,DS,1048576,32,0,0.003,3146,4,0.008813983917236328,1005
gpu,SS,1048576,32,0,0.003,3146,4,0.0006266880035400391,1005
gpu,SS,1048576,32,0,0.003,3146,5,0.0005754879713058471,1005
gpu,DS,1048576,32,0,0.003,3146,5,0.00835200023651123,1005
gpu,DS,1048576,32,0,0.003,3146,6,0.009264575958251952,1005
gpu,SS,1048576,32,0,0.003,3146,6,0.000504863977432251,1005
gpu,SS,1048576,32,0,0.003,3146,7,0.0005616319775581359,1005
gpu,DS,1048576,32,0,0.003,3146,7,0.008382464408874512,1005
gpu,DS,1048576,32,0,0.003,3146,8,0.00821945571899414,1005
gpu,SS,1048576,32,0,0.003,3146,8,0.0005949440002441407,1005
gpu,SS,1048576,32,0,0.003,3146,9,0.0006123840212821961,1005
gpu,DS,1048576,32,0,0.003,3146,9,0.008390624046325684,1005
gpu,DS,1048576,32,0,0.003,3146,10,0.010911744117736816,1005
gpu,SS,1048576,32,0,0.003,3146,10,0.0006814079880714417,1020
gpu,SS,1048576,32,0,0.003,3146,11,0.0012144960165023804,1020
gpu,DS,1048576,32,0,0.003,3146,11,0.008302080154418945,1020
gpu,DS,1048576,32,0,0.003,3146,12,0.008340319633483887,1020
gpu,SS,1048576,32,0,0.003,3146,12,0.0005519040226936341,1020
gpu,SS,1048576,32,0,0.003,3146,13,0.000615552008152008,1020
gpu,DS,1048576,32,0,0.003,3146,13,0.008452095985412598,1020
gpu,DS,1048576,32,0,0.003,3146,14,0.009870335578918457,1005
gpu,SS,1048576,32,0,0.003,3146,14,0.0005632320046424866,1005
cpu,DS,1048576,32,0,0.01,10486,0,0.14518630800012033,-1
cpu,SS,1048576,32,0,0.01,10486,0,0.010294646000147623,-1
cpu,SS,1048576,32,0,0.01,10486,1,0.010021644000062224,-1
cpu,DS,1048576,32,0,0.01,10486,1,0.08756950900033189,-1
cpu,DS,1048576,32,0,0.01,10486,2,0.0661511039998004,-1
cpu,SS,1048576,32,0,0.01,10486,2,0.007059380000100646,-1
cpu,SS,1048576,32,0,0.01,10486,3,0.0061244499997883395,-1
cpu,DS,1048576,32,0,0.01,10486,3,0.06723129500005598,-1
cpu,DS,1048576,32,0,0.01,10486,4,0.07061942899963469,-1
cpu,SS,1048576,32,0,0.01,10486,4,0.007702589000018634,-1
cpu,SS,1048576,32,0,0.01,10486,5,0.018282148000253073,-1
cpu,DS,1048576,32,0,0.01,10486,5,0.10134449099996345,-1
cpu,DS,1048576,32,0,0.01,10486,6,0.16268359200012128,-1
cpu,SS,1048576,32,0,0.01,10486,6,0.06545103300004484,-1
cpu,SS,1048576,32,0,0.01,10486,7,0.028155931000128476,-1
cpu,DS,1048576,32,0,0.01,10486,7,0.08991369299974394,-1
cpu,DS,1048576,32,0,0.01,10486,8,0.08560864800028867,-1
cpu,SS,1048576,32,0,0.01,10486,8,0.007242381000196474,-1
cpu,SS,1048576,32,0,0.01,10486,9,0.007278121000126703,-1
cpu,DS,1048576,32,0,0.01,10486,9,0.167570478000016,-1
cpu,DS,1048576,32,0,0.01,10486,10,0.10303975900023943,-1
cpu,SS,1048576,32,0,0.01,10486,10,0.006822019000082946,-1
cpu,SS,1048576,32,0,0.01,10486,11,0.009187725999709073,-1
cpu,DS,1048576,32,0,0.01,10486,11,0.06607902499990814,-1
cpu,DS,1048576,32,0,0.01,10486,12,0.07105781299969749,-1
cpu,SS,1048576,32,0,0.01,10486,12,0.0065943680001510074,-1
cpu,SS,1048576,32,0,0.01,10486,13,0.008459923999907915,-1
cpu,DS,1048576,32,0,0.01,10486,13,0.08052224299990485,-1
cpu,DS,1048576,32,0,0.01,10486,14,0.09473140199997943,-1
cpu,SS,1048576,32,0,0.01,10486,14,0.007579352999982802,-1
gpu,DS,1048576,32,0,0.01,10486,0,0.008295647621154785,1005
gpu,SS,1048576,32,0,0.01,10486,0,0.0033627839088439943,1005
gpu,SS,1048576,32,0,0.01,10486,1,0.0013530559539794921,1005
gpu,DS,1048576,32,0,0.01,10486,1,0.009577919960021972,1005
gpu,DS,1048576,32,0,0.01,10486,2,0.008173151969909668,1005
gpu,SS,1048576,32,0,0.01,10486,2,0.0029082880020141603,1005
gpu,SS,1048576,32,0,0.01,10486,3,0.001536895990371704,1005
gpu,DS,1048576,32,0,0.01,10486,3,0.008417823791503905,1005
gpu,DS,1048576,32,0,0.01,10486,4,0.00821190357208252,1005
gpu,SS,1048576,32,0,0.01,10486,4,0.001546239972114563,1005
gpu,SS,1048576,32,0,0.01,10486,5,0.0013539520502090453,1005
gpu,DS,1048576,32,0,0.01,10486,5,0.008430944442749024,1005
gpu,DS,1048576,32,0,0.01,10486,6,0.010355039596557617,1005
gpu,SS,1048576,32,0,0.01,10486,6,0.001861248016357422,1005
gpu,SS,1048576,32,0,0.01,10486,7,0.0014971519708633424,1005
gpu,DS,1048576,32,0,0.01,10486,7,0.009777024269104003,1005
gpu,DS,1048576,32,0,0.01,10486,8,0.00866096019744873,1005
gpu,SS,1048576,32,0,0.01,10486,8,0.003541696071624756,1005
gpu,SS,1048576,32,0,0.01,10486,9,0.001714176058769226,1005
gpu,DS,1048576,32,0,0.01,10486,9,0.011757535934448242,1005
gpu,DS,1048576,32,0,0.01,10486,10,0.010925215721130371,1005
gpu,SS,1048576,32,0,0.01,10486,10,0.0016572799682617189,1005
gpu,SS,1048576,32,0,0.01,10486,11,0.0014609919786453247,1005
gpu,DS,1048576,32,0,0.01,10486,11,0.011807552337646484,1005
gpu,DS,1048576,32,0,0.01,10486,12,0.010913311958312988,1005
gpu,SS,1048576,32,0,0.01,10486,12,0.0016217919588088988,1005
gpu,SS,1048576,32,0,0.01,10486,13,0.0015441919565200805,1005
gpu,DS,1048576,32,0,0.01,10486,13,0.013008895874023438,1005
gpu,DS,1048576,32,0,0.01,10486,14,0.009893119812011719,1005
gpu,SS,1048576,32,0,0.01,10486,14,0.001929919958114624,1005
cpu,DS,1048576,32,0,0.03,31457,0,0.08240691899982266,-1
cpu,SS,1048576,32,0,0.03,31457,0,0.01936093799986338,-1
cpu,SS,1048576,32,0,0.03,31457,1,0.02491966399975354,-1
cpu,DS,1048576,32,0,0.03,31457,1,0.09376553800029797,-1
cpu,DS,1048576,32,0,0.03,31457,2,0.0907927620000919,-1
cpu,SS,1048576,32,0,0.03,31457,2,0.01896349900016503,-1
cpu,SS,1048576,32,0,0.03,31457,3,0.018401880000055826,-1
cpu,DS,1048576,32,0,0.03,31457,3,0.06929246599975158,-1
cpu,DS,1048576,32,0,0.03,31457,4,0.068588790999911,-1
cpu,SS,1048576,32,0,0.03,31457,4,0.017689695000171923,-1
cpu,SS,1048576,32,0,0.03,31457,5,0.016913739999836253,-1
cpu,DS,1048576,32,0,0.03,31457,5,0.05953771599979518,-1
cpu,DS,1048576,32,0,0.03,31457,6,0.06256074800012357,-1
cpu,SS,1048576,32,0,0.03,31457,6,0.016021156999613595,-1
cpu,SS,1048576,32,0,0.03,31457,7,0.01564594399997077,-1
cpu,DS,1048576,32,0,0.03,31457,7,0.06628174900015438,-1
cpu,DS,1048576,32,0,0.03,31457,8,0.06195728300008341,-1
cpu,SS,1048576,32,0,0.03,31457,8,0.016569961000186595,-1
cpu,SS,1048576,32,0,0.03,31457,9,0.01638605899961476,-1
cpu,DS,1048576,32,0,0.03,31457,9,0.05879670000012993,-1
cpu,DS,1048576,32,0,0.03,31457,10,0.056198136000148224,-1
cpu,SS,1048576,32,0,0.03,31457,10,0.01670190699996965,-1
cpu,SS,1048576,32,0,0.03,31457,11,0.019610512000326707,-1
cpu,DS,1048576,32,0,0.03,31457,11,0.06192134299999452,-1
cpu,DS,1048576,32,0,0.03,31457,12,0.0657926089998,-1
cpu,SS,1048576,32,0,0.03,31457,12,0.017222982000021148,-1
cpu,SS,1048576,32,0,0.03,31457,13,0.016451530999802344,-1
cpu,DS,1048576,32,0,0.03,31457,13,0.05072079899991877,-1
cpu,DS,1048576,32,0,0.03,31457,14,0.06645283699981519,-1
cpu,SS,1048576,32,0,0.03,31457,14,0.021035882999967725,-1
gpu,DS,1048576,32,0,0.03,31457,0,0.009597023963928223,1005
gpu,SS,1048576,32,0,0.03,31457,0,0.0037793281078338623,1005
gpu,SS,1048576,32,0,0.03,31457,1,0.004106239795684814,1005
gpu,DS,1048576,32,0,0.03,31457,1,0.00814192008972168,1005
gpu,DS,1048576,32,0,0.03,31457,2,0.00961023998260498,1005
gpu,SS,1048576,32,0,0.03,31457,2,0.003958784103393555,1005
gpu,SS,1048576,32,0,0.03,31457,3,0.006300127983093261,1005
gpu,DS,1048576,32,0,0.03,31457,3,0.008351776123046875,1005
gpu,DS,1048576,32,0,0.03,31457,4,0.008146464347839355,1005
gpu,SS,1048576,32,0,0.03,31457,4,0.006185632228851318,1005
gpu,SS,1048576,32,0,0.03,31457,5,0.0037774720191955566,1005
gpu,DS,1048576,32,0,0.03,31457,5,0.00934502410888672,1005
gpu,DS,1048576,32,0,0.03,31457,6,0.009998751640319823,1005
gpu,SS,1048576,32,0,0.03,31457,6,0.0039617919921875,1005
gpu,SS,1048576,32,0,0.03,31457,7,0.004808063983917236,1005
gpu,DS,1048576,32,0,0.03,31457,7,0.00834447956085205,1005
gpu,DS,1048576,32,0,0.03,31457,8,0.009392512321472169,1005
gpu,SS,1048576,32,0,0.03,31457,8,0.003945152044296265,1005
gpu,SS,1048576,32,0,0.03,31457,9,0.00611683177947998,1005
gpu,DS,1048576,32,0,0.03,31457,9,0.00833948802947998,1005
gpu,DS,1048576,32,0,0.03,31457,10,0.009338815689086915,1005
gpu,SS,1048576,32,0,0.03,31457,10,0.0038651840686798095,1005
gpu,SS,1048576,32,0,0.03,31457,11,0.006074751853942871,1005
gpu,DS,1048576,32,0,0.03,31457,11,0.008962495803833008,1005
gpu,DS,1048576,32,0,0.03,31457,12,0.011435775756835938,1005
gpu,SS,1048576,32,0,0.03,31457,12,0.006338592052459717,1005
gpu,SS,1048576,32,0,0.03,31457,13,0.0039034240245819094,1005
gpu,DS,1048576,32,0,0.03,31457,13,0.012282208442687988,1005
gpu,DS,1048576,32,0,0.03,31457,14,0.010417119979858398,1005
gpu,SS,1048576,32,0,0.03,31457,14,0.00390662407875061,1005
cpu,DS,1048576,32,0,0.1,104858,0,0.06046164800000042,-1
cpu,SS,1048576,32,0,0.1,104858,0,0.04687403299976722,-1
cpu,SS,1048576,32,0,0.1,104858,1,0.04547651099983341,-1
cpu,DS,1048576,32,0,0.1,104858,1,0.0508509060000506,-1
cpu,DS,1048576,32,0,0.1,104858,2,0.056401891999939835,-1
cpu,SS,1048576,32,0,0.1,104858,2,0.0483990980001181,-1
cpu,SS,1048576,32,0,0.1,104858,3,0.048159027000110655,-1
cpu,DS,1048576,32,0,0.1,104858,3,0.06740430600029867,-1
cpu,DS,1048576,32,0,0.1,104858,4,0.0647726900001544,-1
cpu,SS,1048576,32,0,0.1,104858,4,0.11484321799980535,-1
cpu,SS,1048576,32,0,0.1,104858,5,0.09938690900025904,-1
cpu,DS,1048576,32,0,0.1,104858,5,0.07318649099988761,-1
cpu,DS,1048576,32,0,0.1,104858,6,0.0818217379996895,-1
cpu,SS,1048576,32,0,0.1,104858,6,0.051783985000383836,-1
cpu,SS,1048576,32,0,0.1,104858,7,0.047639490999699774,-1
cpu,DS,1048576,32,0,0.1,104858,7,0.07084077599984084,-1
cpu,DS,1048576,32,0,0.1,104858,8,0.06777806499985672,-1
cpu,SS,1048576,32,0,0.1,104858,8,0.04976034699984666,-1
cpu,SS,1048576,32,0,0.1,104858,9,0.04862025200009157,-1
cpu,DS,1048576,32,0,0.1,104858,9,0.07201558299993849,-1
cpu,DS,1048576,32,0,0.1,104858,10,0.06834898899978725,-1
cpu,SS,1048576,32,0,0.1,104858,10,0.06769362100021681,-1
cpu,SS,1048576,32,0,0.1,104858,11,0.05350865399987015,-1
cpu,DS,1048576,32,0,0.1,104858,11,0.07250186800001757,-1
cpu,DS,1048576,32,0,0.1,104858,12,0.06257558100014649,-1
cpu,SS,1048576,32,0,0.1,104858,12,0.04498671499959528,-1
cpu,SS,1048576,32,0,0.1,104858,13,0.0567918369997642,-1
cpu,DS,1048576,32,0,0.1,104858,13,0.08075877400005993,-1
cpu,DS,1048576,32,0,0.1,104858,14,0.06389051099995413,-1
cpu,SS,1048576,32,0,0.1,104858,14,0.05843293999987509,-1
gpu,DS,1048576,32,0,0.1,104858,0,0.008409088134765624,1005
gpu,SS,1048576,32,0,0.1,104858,0,0.011303680419921875,1005
gpu,SS,1048576,32,0,0.1,104858,1,0.011257599830627442,1005
gpu,DS,1048576,32,0,0.1,104858,1,0.008052255630493164,1005
gpu,DS,1048576,32,0,0.1,104858,2,0.007923776149749756,1665
gpu,SS,1048576,32,0,0.1,104858,2,0.010042688369750977,1755
gpu,SS,1048576,32,0,0.1,104858,3,0.010047103881835938,1800
gpu,DS,1048576,32,0,0.1,104858,3,0.007946400165557862,1800
gpu,DS,1048576,32,0,0.1,104858,4,0.007930016040802002,1830
gpu,SS,1048576,32,0,0.1,104858,4,0.011086496353149414,1830
gpu,SS,1048576,32,0,0.1,104858,5,0.010083647727966308,1815
gpu,DS,1048576,32,0,0.1,104858,5,0.008070303916931152,1830
gpu,DS,1048576,32,0,0.1,104858,6,0.007954336166381836,1830
gpu,SS,1048576,32,0,0.1,104858,6,0.01002291202545166,1830
gpu,SS,1048576,32,0,0.1,104858,7,0.010016544342041016,1830
gpu,DS,1048576,32,0,0.1,104858,7,0.00798083209991455,1830
gpu,DS,1048576,32,0,0.1,104858,8,0.007882559776306152,1830
gpu,SS,1048576,32,0,0.1,104858,8,0.010016768455505372,1830
gpu,SS,1048576,32,0,0.1,104858,9,0.010049535751342773,1830
gpu,DS,1048576,32,0,0.1,104858,9,0.007960512161254882,1815
gpu,DS,1048576,32,0,0.1,104858,10,0.008028160095214844,1815
gpu,SS,1048576,32,0,0.1,104858,10,0.010056256294250488,1815
gpu,SS,1048576,32,0,0.1,104858,11,0.010127776145935059,1695
gpu,DS,1048576,32,0,0.1,104858,11,0.008187904357910156,1485
gpu,DS,1048576,32,0,0.1,104858,12,0.007976863861083984,1485
gpu,SS,1048576,32,0,0.1,104858,12,0.010536543846130371,1290
gpu,SS,1048576,32,0,0.1,104858,13,0.010665984153747558,1290
gpu,DS,1048576,32,0,0.1,104858,13,0.008171520233154296,1230
gpu,DS,1048576,32,0,0.1,104858,14,0.0081080322265625,1290
gpu,SS,1048576,32,0,0.1,104858,14,0.010561152458190918,1290
cpu,DS,1048576,32,0,0.2,209715,0,0.05133528900023521,-1
cpu,SS,1048576,32,0,0.2,209715,0,0.06781856199995673,-1
cpu,SS,1048576,32,0,0.2,209715,1,0.07383679700024004,-1
cpu,DS,1048576,32,0,0.2,209715,1,0.05891959800010227,-1
cpu,DS,1048576,32,0,0.2,209715,2,0.05745323099972666,-1
cpu,SS,1048576,32,0,0.2,209715,2,0.0729610300004424,-1
cpu,SS,1048576,32,0,0.2,209715,3,0.07139170399977957,-1
cpu,DS,1048576,32,0,0.2,209715,3,0.0496591799997077,-1
cpu,DS,1048576,32,0,0.2,209715,4,0.04501496600005339,-1
cpu,SS,1048576,32,0,0.2,209715,4,0.07325088100014909,-1
cpu,SS,1048576,32,0,0.2,209715,5,0.07582436200027587,-1
cpu,DS,1048576,32,0,0.2,209715,5,0.057785719000094105,-1
cpu,DS,1048576,32,0,0.2,209715,6,0.058227760000136186,-1
cpu,SS,1048576,32,0,0.2,209715,6,0.07386088800012658,-1
cpu,SS,1048576,32,0,0.2,209715,7,0.073465018999741,-1
cpu,DS,1048576,32,0,0.2,209715,7,0.053817665000224224,-1
cpu,DS,1048576,32,0,0.2,209715,8,0.04660092599988275,-1
cpu,SS,1048576,32,0,0.2,209715,8,0.06836193800018009,-1
cpu,SS,1048576,32,0,0.2,209715,9,0.07585514299989882,-1
cpu,DS,1048576,32,0,0.2,209715,9,0.049026707999928476,-1
cpu,DS,1048576,32,0,0.2,209715,10,0.054606725000212464,-1
cpu,SS,1048576,32,0,0.2,209715,10,0.06858678299977328,-1
cpu,SS,1048576,32,0,0.2,209715,11,0.0762078970001312,-1
cpu,DS,1048576,32,0,0.2,209715,11,0.05528403199969034,-1
cpu,DS,1048576,32,0,0.2,209715,12,0.054133326999817655,-1
cpu,SS,1048576,32,0,0.2,209715,12,0.07430990800003201,-1
cpu,SS,1048576,32,0,0.2,209715,13,0.07029998199959664,-1
cpu,DS,1048576,32,0,0.2,209715,13,0.04686496600015744,-1
cpu,DS,1048576,32,0,0.2,209715,14,0.0540078080002786,-1
cpu,SS,1048576,32,0,0.2,209715,14,0.07415637800022523,-1
gpu,DS,1048576,32,0,0.2,209715,0,0.008228832244873047,1005
gpu,SS,1048576,32,0,0.2,209715,0,0.021207103729248045,1005
gpu,SS,1048576,32,0,0.2,209715,1,0.02128895950317383,1005
gpu,DS,1048576,32,0,0.2,209715,1,0.008318047523498535,1005
gpu,DS,1048576,32,0,0.2,209715,2,0.008247296333312988,1005
gpu,SS,1048576,32,0,0.2,209715,2,0.01887446403503418,1665
gpu,SS,1048576,32,0,0.2,209715,3,0.01884979248046875,1755
gpu,DS,1048576,32,0,0.2,209715,3,0.008078944206237794,1815
gpu,DS,1048576,32,0,0.2,209715,4,0.008492959976196288,1815
gpu,SS,1048576,32,0,0.2,209715,4,0.01913113594055176,1815
gpu,SS,1048576,32,0,0.2,209715,5,0.019066879272460938,1545
gpu,DS,1048576,32,0,0.2,209715,5,0.008041983604431152,1455
gpu,DS,1048576,32,0,0.2,209715,6,0.008037055969238281,1455
gpu,SS,1048576,32,0,0.2,209715,6,0.0190794563293457,1455
gpu,SS,1048576,32,0,0.2,209715,7,0.01927577590942383,1470
gpu,DS,1048576,32,0,0.2,209715,7,0.008005632400512695,1500
gpu,DS,1048576,32,0,0.2,209715,8,0.008077024459838867,1500
gpu,SS,1048576,32,0,0.2,209715,8,0.01903615951538086,1500
gpu,SS,1048576,32,0,0.2,209715,9,0.01899929618835449,1500
gpu,DS,1048576,32,0,0.2,209715,9,0.008782591819763184,1530
gpu,DS,1048576,32,0,0.2,209715,10,0.008202624320983887,1530
gpu,SS,1048576,32,0,0.2,209715,10,0.0192923526763916,1530
gpu,SS,1048576,32,0,0.2,209715,11,0.01994406318664551,1470
gpu,DS,1048576,32,0,0.2,209715,11,0.00827187156677246,1005
gpu,DS,1048576,32,0,0.2,209715,12,0.008367456436157227,1005
gpu,SS,1048576,32,0,0.2,209715,12,0.021348352432250976,1005
gpu,SS,1048576,32,0,0.2,209715,13,0.021243711471557618,1005
gpu,DS,1048576,32,0,0.2,209715,13,0.008639583587646485,1005
gpu,DS,1048576,32,0,0.2,209715,14,0.009044832229614257,1005
gpu,SS,1048576,32,0,0.2,209715,14,0.021238975524902344,1005
cpu,DS,1048576,32,0,0.3,314573,0,0.05763477000027706,-1
cpu,SS,1048576,32,0,0.3,314573,0,0.10914787000001525,-1
cpu,SS,1048576,32,0,0.3,314573,1,0.10341833900019992,-1
cpu,DS,1048576,32,0,0.3,314573,1,0.06376427900022463,-1
cpu,DS,1048576,32,0,0.3,314573,2,0.061904721000246354,-1
cpu,SS,1048576,32,0,0.3,314573,2,0.10047011799997563,-1
cpu,SS,1048576,32,0,0.3,314573,3,0.10366947300008178,-1
cpu,DS,1048576,32,0,0.3,314573,3,0.060236929999973654,-1
cpu,DS,1048576,32,0,0.3,314573,4,0.05612930300003427,-1
cpu,SS,1048576,32,0,0.3,314573,4,0.1218921410004441,-1
cpu,SS,1048576,32,0,0.3,314573,5,0.09651468299989574,-1
cpu,DS,1048576,32,0,0.3,314573,5,0.052773549999983516,-1
cpu,DS,1048576,32,0,0.3,314573,6,0.05314465899982679,-1
cpu,SS,1048576,32,0,0.3,314573,6,0.10045501400009016,-1
cpu,SS,1048576,32,0,0.3,314573,7,0.10302400099999431,-1
cpu,DS,1048576,32,0,0.3,314573,7,0.053603334999934305,-1
cpu,DS,1048576,32,0,0.3,314573,8,0.05823980599961942,-1
cpu,SS,1048576,32,0,0.3,314573,8,0.101829607000127,-1
cpu,SS,1048576,32,0,0.3,314573,9,0.11124116400014827,-1
cpu,DS,1048576,32,0,0.3,314573,9,0.05458521499986091,-1
cpu,DS,1048576,32,0,0.3,314573,10,0.05567120099976819,-1
cpu,SS,1048576,32,0,0.3,314573,10,0.1103272539999125,-1
cpu,SS,1048576,32,0,0.3,314573,11,0.09643887399988671,-1
cpu,DS,1048576,32,0,0.3,314573,11,0.04987379600015629,-1
cpu,DS,1048576,32,0,0.3,314573,12,0.05473578199962503,-1
cpu,SS,1048576,32,0,0.3,314573,12,0.10305975300025239,-1
cpu,SS,1048576,32,0,0.3,314573,13,0.10824384599982295,-1
cpu,DS,1048576,32,0,0.3,314573,13,0.058454197000173735,-1
cpu,DS,1048576,32,0,0.3,314573,14,0.05205291899983422,-1
cpu,SS,1048576,32,0,0.3,314573,14,0.10500605499964877,-1
gpu,DS,1048576,32,0,0.3,314573,0,0.008270496368408204,1005
gpu,SS,1048576,32,0,0.3,314573,0,0.03179088020324707,1005
gpu,SS,1048576,32,0,0.3,314573,1,0.031508480072021484,1005
gpu,DS,1048576,32,0,0.3,314573,1,0.008946751594543457,1005
gpu,DS,1048576,32,0,0.3,314573,2,0.008110591888427734,1530
gpu,SS,1048576,32,0,0.3,314573,2,0.028053056716918944,1680
gpu,SS,1048576,32,0,0.3,314573,3,0.027615999221801756,1710
gpu,DS,1048576,32,0,0.3,314573,3,0.009042207717895507,1725
gpu,DS,1048576,32,0,0.3,314573,4,0.008092576026916504,1725
gpu,SS,1048576,32,0,0.3,314573,4,0.028026336669921874,1695
gpu,SS,1048576,32,0,0.3,314573,5,0.02915328025817871,1665
gpu,DS,1048576,32,0,0.3,314573,5,0.007970751762390137,1695
gpu,DS,1048576,32,0,0.3,314573,6,0.008086432456970214,1695
gpu,SS,1048576,32,0,0.3,314573,6,0.03225078582763672,1050
gpu,SS,1048576,32,0,0.3,314573,7,0.031601951599121096,1005
gpu,DS,1048576,32,0,0.3,314573,7,0.00887292766571045,1005
gpu,DS,1048576,32,0,0.3,314573,8,0.008817407608032226,1005
gpu,SS,1048576,32,0,0.3,314573,8,0.03157196807861328,1005
gpu,SS,1048576,32,0,0.3,314573,9,0.031579135894775394,1005
gpu,DS,1048576,32,0,0.3,314573,9,0.008323871612548828,1005
gpu,DS,1048576,32,0,0.3,314573,10,0.008943584442138672,1005
gpu,SS,1048576,32,0,0.3,314573,10,0.031099519729614257,1005
gpu,SS,1048576,32,0,0.3,314573,11,0.031547391891479495,1005
gpu,DS,1048576,32,0,0.3,314573,11,0.008260704040527344,1005
gpu,DS,1048576,32,0,0.3,314573,12,0.008050623893737794,1005
gpu,SS,1048576,32,0,0.3,314573,12,0.0310250244140625,1005
gpu,SS,1048576,32,0,0.3,314573,13,0.031090688705444337,1005
gpu,DS,1048576,32,0,0.3,314573,13,0.008484864234924316,1005
gpu,DS,1048576,32,0,0.3,314573,14,0.008404000282287598,1005
gpu,SS,1048576,32,0,0.3,314573,14,0.03107200050354004,1005
cpu,DS,1048576,32,0,0.5,524288,0,0.057386321000194584,-1
cpu,SS,1048576,32,0,0.5,524288,0,0.1627804439999636,-1
cpu,SS,1048576,32,0,0.5,524288,1,0.17683064399989235,-1
cpu,DS,1048576,32,0,0.5,524288,1,0.11245204700026079,-1
cpu,DS,1048576,32,0,0.5,524288,2,0.06000392099986129,-1
cpu,SS,1048576,32,0,0.5,524288,2,0.16982967300009477,-1
cpu,SS,1048576,32,0,0.5,524288,3,0.15947136699969633,-1
cpu,DS,1048576,32,0,0.5,524288,3,0.06175440300012269,-1
cpu,DS,1048576,32,0,0.5,524288,4,0.061214102000121784,-1
cpu,SS,1048576,32,0,0.5,524288,4,0.16807728000003408,-1
cpu,SS,1048576,32,0,0.5,524288,5,0.1606067239999902,-1
cpu,DS,1048576,32,0,0.5,524288,5,0.050200058999962494,-1
cpu,DS,1048576,32,0,0.5,524288,6,0.06056199599970569,-1
cpu,SS,1048576,32,0,0.5,524288,6,0.1590508049998789,-1
cpu,SS,1048576,32,0,0.5,524288,7,0.1555386609998095,-1
cpu,DS,1048576,32,0,0.5,524288,7,0.04685161099996549,-1
cpu,DS,1048576,32,0,0.5,524288,8,0.04587803899994469,-1
cpu,SS,1048576,32,0,0.5,524288,8,0.1544127639999715,-1
cpu,SS,1048576,32,0,0.5,524288,9,0.1665936999997939,-1
cpu,DS,1048576,32,0,0.5,524288,9,0.050330213000052026,-1
cpu,DS,1048576,32,0,0.5,524288,10,0.04088174099979369,-1
cpu,SS,1048576,32,0,0.5,524288,10,0.1387213090001751,-1
cpu,SS,1048576,32,0,0.5,524288,11,0.16159759399988616,-1
cpu,DS,1048576,32,0,0.5,524288,11,0.04780731399978322,-1
cpu,DS,1048576,32,0,0.5,524288,12,0.054298658999869076,-1
cpu,SS,1048576,32,0,0.5,524288,12,0.15833123200036425,-1
cpu,SS,1048576,32,0,0.5,524288,13,0.19954342199980601,-1
cpu,DS,1048576,32,0,0.5,524288,13,0.05086564000021099,-1
cpu,DS,1048576,32,0,0.5,524288,14,0.05830351399981737,-1
cpu,SS,1048576,32,0,0.5,524288,14,0.16045755400000417,-1
gpu,DS,1048576,32,0,0.5,524288,0,0.00832806396484375,1005
gpu,SS,1048576,32,0,0.5,524288,0,0.04685321426391602,1005
gpu,SS,1048576,32,0,0.5,524288,1,0.04523974227905273,1815
gpu,DS,1048576,32,0,0.5,524288,1,0.00790118408203125,1620
gpu,DS,1048576,32,0,0.5,524288,2,0.0080348482131958,1575
gpu,SS,1048576,32,0,0.5,524288,2,0.04534758377075195,1575
gpu,SS,1048576,32,0,0.5,524288,3,0.0456541748046875,1605
gpu,DS,1048576,32,0,0.5,524288,3,0.008752991676330566,1650
gpu,DS,1048576,32,0,0.5,524288,4,0.007966015815734863,1620
gpu,SS,1048576,32,0,0.5,524288,4,0.046325759887695314,1620
gpu,SS,1048576,32,0,0.5,524288,5,0.050677761077880856,1005
gpu,DS,1048576,32,0,0.5,524288,5,0.008290335655212403,1005
gpu,DS,1048576,32,0,0.5,524288,6,0.008207136154174805,1005
gpu,SS,1048576,32,0,0.5,524288,6,0.05070444869995117,1005
gpu,SS,1048576,32,0,0.5,524288,7,0.050552833557128904,1005
gpu,DS,1048576,32,0,0.5,524288,7,0.008331263542175293,1005
gpu,DS,1048576,32,0,0.5,524288,8,0.008371232032775879,1005
gpu,SS,1048576,32,0,0.5,524288,8,0.05066633605957031,1005
gpu,SS,1048576,32,0,0.5,524288,9,0.051125984191894534,1005
gpu,DS,1048576,32,0,0.5,524288,9,0.008264384269714355,1005
gpu,DS,1048576,32,0,0.5,524288,10,0.008173567771911621,1005
gpu,SS,1048576,32,0,0.5,524288,10,0.05078531265258789,1005
gpu,SS,1048576,32,0,0.5,524288,11,0.05066140747070313,1005
gpu,DS,1048576,32,0,0.5,524288,11,0.008355487823486328,1005
gpu,DS,1048576,32,0,0.5,524288,12,0.008276032447814942,1005
gpu,SS,1048576,32,0,0.5,524288,12,0.05065289688110351,1005
gpu,SS,1048576,32,0,0.5,524288,13,0.05096243286132812,1005
gpu,DS,1048576,32,0,0.5,524288,13,0.008335359573364258,1005
gpu,DS,1048576,32,0,0.5,524288,14,0.00824022388458252,1005
gpu,SS,1048576,32,0,0.5,524288,14,0.050619361877441406,1005
cpu,DS,1048576,32,0,0.7,734003,0,0.055983082999773615,-1
cpu,SS,1048576,32,0,0.7,734003,0,0.21677632399996583,-1
cpu,SS,1048576,32,0,0.7,734003,1,0.22517686299988782,-1
cpu,DS,1048576,32,0,0.7,734003,1,0.055441315000280156,-1
cpu,DS,1048576,32,0,0.7,734003,2,0.054015905000142084,-1
cpu,SS,1048576,32,0,0.7,734003,2,0.22397699500015733,-1
cpu,SS,1048576,32,0,0.7,734003,3,0.20060545599972102,-1
cpu,DS,1048576,32,0,0.7,734003,3,0.059125069999936386,-1
cpu,DS,1048576,32,0,0.7,734003,4,0.05455747900032293,-1
cpu,SS,1048576,32,0,0.7,734003,4,0.22389185000020007,-1
cpu,SS,1048576,32,0,0.7,734003,5,0.22508837000032145,-1
cpu,DS,1048576,32,0,0.7,734003,5,0.04573484399998051,-1
cpu,DS,1048576,32,0,0.7,734003,6,0.0616331450000871,-1
cpu,SS,1048576,32,0,0.7,734003,6,0.21434944499969788,-1
cpu,SS,1048576,32,0,0.7,734003,7,0.21894881899970642,-1
cpu,DS,1048576,32,0,0.7,734003,7,0.051220587999978306,-1
cpu,DS,1048576,32,0,0.7,734003,8,0.0448557869999604,-1
cpu,SS,1048576,32,0,0.7,734003,8,0.21542313300005844,-1
cpu,SS,1048576,32,0,0.7,734003,9,0.2182972539999355,-1
cpu,DS,1048576,32,0,0.7,734003,9,0.050198971000099846,-1
cpu,DS,1048576,32,0,0.7,734003,10,0.06192967299966767,-1
cpu,SS,1048576,32,0,0.7,734003,10,0.21728343699987818,-1
cpu,SS,1048576,32,0,0.7,734003,11,0.21324474899984125,-1
cpu,DS,1048576,32,0,0.7,734003,11,0.057594749000145384,-1
cpu,DS,1048576,32,0,0.7,734003,12,0.053144955999869126,-1
cpu,SS,1048576,32,0,0.7,734003,12,0.23580876699998043,-1
cpu,SS,1048576,32,0,0.7,734003,13,0.22089512699994884,-1
cpu,DS,1048576,32,0,0.7,734003,13,0.06003241300004447,-1
cpu,DS,1048576,32,0,0.7,734003,14,0.06268684299993765,-1
cpu,SS,1048576,32,0,0.7,734003,14,0.23183638699993026,-1
gpu,DS,1048576,32,0,0.7,734003,0,0.008744959831237792,1830
gpu,SS,1048576,32,0,0.7,734003,0,0.062264385223388674,1830
gpu,SS,1048576,32,0,0.7,734003,1,0.062394367218017575,1845
gpu,DS,1048576,32,0,0.7,734003,1,0.009560480117797851,1650
gpu,DS,1048576,32,0,0.7,734003,2,0.007954527854919433,1800
gpu,SS,1048576,32,0,0.7,734003,2,0.06439311981201172,1800
gpu,SS,1048576,32,0,0.7,734003,3,0.06976326751708985,1665
gpu,DS,1048576,32,0,0.7,734003,3,0.008259648323059083,1005
gpu,DS,1048576,32,0,0.7,734003,4,0.008242048263549805,1005
gpu,SS,1048576,32,0,0.7,734003,4,0.07024765014648438,1005
gpu,SS,1048576,32,0,0.7,734003,5,0.07031158447265624,1005
gpu,DS,1048576,32,0,0.7,734003,5,0.008386591911315917,1005
gpu,DS,1048576,32,0,0.7,734003,6,0.008236319541931152,1005
gpu,SS,1048576,32,0,0.7,734003,6,0.07032924652099609,1005
gpu,SS,1048576,32,0,0.7,734003,7,0.07130537414550782,1005
gpu,DS,1048576,32,0,0.7,734003,7,0.008898591995239258,1005
gpu,DS,1048576,32,0,0.7,734003,8,0.008384096145629882,1005
gpu,SS,1048576,32,0,0.7,734003,8,0.07028214263916016,1005
gpu,SS,1048576,32,0,0.7,734003,9,0.0709713897705078,1005
gpu,DS,1048576,32,0,0.7,734003,9,0.008292736053466797,1005
gpu,DS,1048576,32,0,0.7,734003,10,0.0082774076461792,1005
gpu,SS,1048576,32,0,0.7,734003,10,0.07027468872070312,1005
gpu,SS,1048576,32,0,0.7,734003,11,0.07029596710205079,1005
gpu,DS,1048576,32,0,0.7,734003,11,0.008239104270935058,1005
gpu,DS,1048576,32,0,0.7,734003,12,0.008953344345092774,1005
gpu,SS,1048576,32,0,0.7,734003,12,0.0705249252319336,1005
gpu,SS,1048576,32,0,0.7,734003,13,0.0705689926147461,1005
gpu,DS,1048576,32,0,0.7,734003,13,0.008267775535583496,1005
gpu,DS,1048576,32,0,0.7,734003,14,0.008398847579956055,1005
gpu,SS,1048576,32,0,0.7,734003,14,0.07026687622070313,1005
cpu,DS,1048576,32,0,1.0,1048576,0,0.05486250600006315,-1
cpu,SS,1048576,32,0,1.0,1048576,0,0.30767417199967895,-1
cpu,SS,1048576,32,0,1.0,1048576,1,0.30765886300014245,-1
cpu,DS,1048576,32,0,1.0,1048576,1,0.05311638600005608,-1
cpu,DS,1048576,32,0,1.0,1048576,2,0.053404139000122086,-1
cpu,SS,1048576,32,0,1.0,1048576,2,0.3165160300000025,-1
cpu,SS,1048576,32,0,1.0,1048576,3,0.3280661449998661,-1
cpu,DS,1048576,32,0,1.0,1048576,3,0.060115687000234175,-1
cpu,DS,1048576,32,0,1.0,1048576,4,0.05504075500039107,-1
cpu,SS,1048576,32,0,1.0,1048576,4,0.3108655920000274,-1
cpu,SS,1048576,32,0,1.0,1048576,5,0.40406257899985576,-1
cpu,DS,1048576,32,0,1.0,1048576,5,0.04467617299997073,-1
cpu,DS,1048576,32,0,1.0,1048576,6,0.04412650699987353,-1
cpu,SS,1048576,32,0,1.0,1048576,6,0.30076438500009317,-1
cpu,SS,1048576,32,0,1.0,1048576,7,0.31739141299976836,-1
cpu,DS,1048576,32,0,1.0,1048576,7,0.05044993699993938,-1
cpu,DS,1048576,32,0,1.0,1048576,8,0.05993994699974792,-1
cpu,SS,1048576,32,0,1.0,1048576,8,0.32166892299983374,-1
cpu,SS,1048576,32,0,1.0,1048576,9,0.312422831999811,-1
cpu,DS,1048576,32,0,1.0,1048576,9,0.050148594999882334,-1
cpu,DS,1048576,32,0,1.0,1048576,10,0.05939538699976765,-1
cpu,SS,1048576,32,0,1.0,1048576,10,0.3246016680000139,-1
cpu,SS,1048576,32,0,1.0,1048576,11,0.31215987199993833,-1
cpu,DS,1048576,32,0,1.0,1048576,11,0.052322625999750016,-1
cpu,DS,1048576,32,0,1.0,1048576,12,0.06098948199996812,-1
cpu,SS,1048576,32,0,1.0,1048576,12,0.31719259000010425,-1
cpu,SS,1048576,32,0,1.0,1048576,13,0.3173549350003668,-1
cpu,DS,1048576,32,0,1.0,1048576,13,0.05764455899998211,-1
cpu,DS,1048576,32,0,1.0,1048576,14,0.055561824000051274,-1
cpu,SS,1048576,32,0,1.0,1048576,14,0.3199168920000375,-1
gpu,DS,1048576,32,0,1.0,1048576,0,0.008194047927856446,1830
gpu,SS,1048576,32,0,1.0,1048576,0,0.08843865966796875,1830
gpu,SS,1048576,32,0,1.0,1048576,1,0.08875071716308594,1620
gpu,DS,1048576,32,0,1.0,1048576,1,0.008196224212646484,1680
gpu,DS,1048576,32,0,1.0,1048576,2,0.009031744003295898,1680
gpu,SS,1048576,32,0,1.0,1048576,2,0.09167894744873047,1635
gpu,SS,1048576,32,0,1.0,1048576,3,0.09961993408203125,1005
gpu,DS,1048576,32,0,1.0,1048576,3,0.008366080284118652,1005
gpu,DS,1048576,32,0,1.0,1048576,4,0.008507391929626466,1005
gpu,SS,1048576,32,0,1.0,1048576,4,0.10005017852783203,1005
gpu,SS,1048576,32,0,1.0,1048576,5,0.09957663726806641,1005
gpu,DS,1048576,32,0,1.0,1048576,5,0.00837228775024414,1005
gpu,DS,1048576,32,0,1.0,1048576,6,0.008246496200561523,1005
gpu,SS,1048576,32,0,1.0,1048576,6,0.0996759033203125,1005
gpu,SS,1048576,32,0,1.0,1048576,7,0.09965363311767578,1005
gpu,DS,1048576,32,0,1.0,1048576,7,0.008709440231323242,1005
gpu,DS,1048576,32,0,1.0,1048576,8,0.008837216377258301,1005
gpu,SS,1048576,32,0,1.0,1048576,8,0.09967305755615234,1005
gpu,SS,1048576,32,0,1.0,1048576,9,0.10038066864013671,1005
gpu,DS,1048576,32,0,1.0,1048576,9,0.00837718391418457,1005
gpu,DS,1048576,32,0,1.0,1048576,10,0.010131423950195312,1005
gpu,SS,1048576,32,0,1.0,1048576,10,0.10262470245361328,1005
gpu,SS,1048576,32,0,1.0,1048576,11,0.0998465576171875,1005
gpu,DS,1048576,32,0,1.0,1048576,11,0.008318943977355957,1005
gpu,DS,1048576,32,0,1.0,1048576,12,0.008396800041198731,1005
gpu,SS,1048576,32,0,1.0,1048576,12,0.09961580657958985,1005
gpu,SS,1048576,32,0,1.0,1048576,13,0.10058243560791015,1005
gpu,DS,1048576,32,0,1.0,1048576,13,0.00866096019744873,1005
gpu,DS,1048576,32,0,1.0,1048576,14,0.008473119735717773,1005
gpu,SS,1048576,32,0,1.0,1048576,14,0.09984198760986328,1005
cpu,DS,1048576,64,256,0.0001,105,0,0.04123201699985657,-1
cpu,SS,1048576,64,256,0.0001,105,0,0.0001862660001279437,-1
cpu,SS,1048576,64,256,0.0001,105,1,0.0001558559997647535,-1
cpu,DS,1048576,64,256,0.0001,105,1,0.0514171830000123,-1
cpu,DS,1048576,64,256,0.0001,105,2,0.05494541600000957,-1
cpu,SS,1048576,64,256,0.0001,105,2,0.0002712609998525295,-1
cpu,SS,1048576,64,256,0.0001,105,3,0.0033845620000647614,-1
cpu,DS,1048576,64,256,0.0001,105,3,0.05447960499986948,-1
cpu,DS,1048576,64,256,0.0001,105,4,0.05035865499985448,-1
cpu,SS,1048576,64,256,0.0001,105,4,0.00021258300012050313,-1
cpu,SS,1048576,64,256,0.0001,105,5,0.0003457269999671553,-1
cpu,DS,1048576,64,256,0.0001,105,5,0.053657248000035906,-1
cpu,DS,1048576,64,256,0.0001,105,6,0.048061765000056766,-1
cpu,SS,1048576,64,256,0.0001,105,6,0.0002237919998151483,-1
cpu,SS,1048576,64,256,0.0001,105,7,0.0001850970002124086,-1
cpu,DS,1048576,64,256,0.0001,105,7,0.05291832499960947,-1
cpu,DS,1048576,64,256,0.0001,105,8,0.04762412399986715,-1
cpu,SS,1048576,64,256,0.0001,105,8,0.0002098539998769411,-1
cpu,SS,1048576,64,256,0.0001,105,9,0.00024279899980683695,-1
cpu,DS,1048576,64,256,0.0001,105,9,0.058209601000271505,-1
cpu,DS,1048576,64,256,0.0001,105,10,0.062227136000274186,-1
cpu,SS,1048576,64,256,0.0001,105,10,0.00027476900004330673,-1
cpu,SS,1048576,64,256,0.0001,105,11,0.0002140440001312527,-1
cpu,DS,1048576,64,256,0.0001,105,11,0.05535791100010101,-1
cpu,DS,1048576,64,256,0.0001,105,12,0.05409625500033144,-1
cpu,SS,1048576,64,256,0.0001,105,12,0.00018841000019165222,-1
cpu,SS,1048576,64,256,0.0001,105,13,0.00017944299997907365,-1
cpu,DS,1048576,64,256,0.0001,105,13,0.055561331000262726,-1
cpu,DS,1048576,64,256,0.0001,105,14,0.04967168400025912,-1
cpu,SS,1048576,64,256,0.0001,105,14,0.0001866560000962636,-1
gpu,DS,1048576,64,256,0.0001,105,0,0.0026186559200286866,1005
gpu,SS,1048576,64,256,0.0001,105,0,0.00019871999323368072,1005
gpu,SS,1048576,64,256,0.0001,105,1,0.0002495039999485016,1005
gpu,DS,1048576,64,256,0.0001,105,1,0.0027997438907623293,1005
gpu,DS,1048576,64,256,0.0001,105,2,0.002750112056732178,1005
gpu,SS,1048576,64,256,0.0001,105,2,0.0002539199888706207,1005
gpu,SS,1048576,64,256,0.0001,105,3,0.00030873599648475645,1005
gpu,DS,1048576,64,256,0.0001,105,3,0.0028361279964447023,1005
gpu,DS,1048576,64,256,0.0001,105,4,0.002736479997634888,1005
gpu,SS,1048576,64,256,0.0001,105,4,0.0008392639756202698,1005
gpu,SS,1048576,64,256,0.0001,105,5,0.00034201601147651673,1005
gpu,DS,1048576,64,256,0.0001,105,5,0.002623967885971069,1005
gpu,DS,1048576,64,256,0.0001,105,6,0.0028512639999389647,1005
gpu,SS,1048576,64,256,0.0001,105,6,0.00017017599940299987,1005
gpu,SS,1048576,64,256,0.0001,105,7,0.0003383040130138397,1005
gpu,DS,1048576,64,256,0.0001,105,7,0.002633471965789795,1005
gpu,DS,1048576,64,256,0.0001,105,8,0.002729343891143799,1005
gpu,SS,1048576,64,256,0.0001,105,8,0.00024988800287246705,1005
gpu,SS,1048576,64,256,0.0001,105,9,0.00019420799612998962,1005
gpu,DS,1048576,64,256,0.0001,105,9,0.0026849279403686525,1005
gpu,DS,1048576,64,256,0.0001,105,10,0.002717695951461792,1005
gpu,SS,1048576,64,256,0.0001,105,10,0.0008963840007781982,1005
gpu,SS,1048576,64,256,0.0001,105,11,0.00031644800305366517,1005
gpu,DS,1048576,64,256,0.0001,105,11,0.0026038079261779786,1005
gpu,DS,1048576,64,256,0.0001,105,12,0.002542975902557373,1005
gpu,SS,1048576,64,256,0.0001,105,12,0.0003052160143852234,1005
gpu,SS,1048576,64,256,0.0001,105,13,0.0002790719866752625,1005
gpu,DS,1048576,64,256,0.0001,105,13,0.002437151908874512,1005
gpu,DS,1048576,64,256,0.0001,105,14,0.002618911981582642,1005
gpu,SS,1048576,64,256,0.0001,105,14,0.00022323200106620788,1005
cpu,DS,1048576,64,256,0.0003,315,0,0.05764661300008811,-1
cpu,SS,1048576,64,256,0.0003,315,0,0.0004055740000694641,-1
cpu,SS,1048576,64,256,0.0003,315,1,0.0003336409999974421,-1
cpu,DS,1048576,64,256,0.0003,315,1,0.05008203399984268,-1
cpu,DS,1048576,64,256,0.0003,315,2,0.05584838200002196,-1
cpu,SS,1048576,64,256,0.0003,315,2,0.0004440749999048421,-1
cpu,SS,1048576,64,256,0.0003,315,3,0.0003386120001778181,-1
cpu,DS,1048576,64,256,0.0003,315,3,0.05065701200010153,-1
cpu,DS,1048576,64,256,0.0003,315,4,0.05253741100023035,-1
cpu,SS,1048576,64,256,0.0003,315,4,0.0004292589997021423,-1
cpu,SS,1048576,64,256,0.0003,315,5,0.00031171000000540516,-1
cpu,DS,1048576,64,256,0.0003,315,5,0.05150987799970608,-1
cpu,DS,1048576,64,256,0.0003,315,6,0.051692049000394036,-1
cpu,SS,1048576,64,256,0.0003,315,6,0.0004647389996534912,-1
cpu,SS,1048576,64,256,0.0003,315,7,0.0004032350002489693,-1
cpu,DS,1048576,64,256,0.0003,315,7,0.05470651599989651,-1
cpu,DS,1048576,64,256,0.0003,315,8,0.05408397300016077,-1
cpu,SS,1048576,64,256,0.0003,315,8,0.00047555800028931117,-1
cpu,SS,1048576,64,256,0.0003,315,9,0.00044056600017938763,-1
cpu,DS,1048576,64,256,0.0003,315,9,0.05593786000008549,-1
cpu,DS,1048576,64,256,0.0003,315,10,0.053263466999851516,-1
cpu,SS,1048576,64,256,0.0003,315,10,0.00048316099992007366,-1
cpu,SS,1048576,64,256,0.0003,315,11,0.000405964000037784,-1
cpu,DS,1048576,64,256,0.0003,315,11,0.055328670000108104,-1
cpu,DS,1048576,64,256,0.0003,315,12,0.05643115700013368,-1
cpu,SS,1048576,64,256,0.0003,315,12,0.00045859800002290285,-1
cpu,SS,1048576,64,256,0.0003,315,13,0.0003826689999186783,-1
cpu,DS,1048576,64,256,0.0003,315,13,0.05722719799996412,-1
cpu,DS,1048576,64,256,0.0003,315,14,0.05407237399958831,-1
cpu,SS,1048576,64,256,0.0003,315,14,0.00056981200032169,-1
gpu,DS,1048576,64,256,0.0003,315,0,0.002775264024734497,1005
gpu,SS,1048576,64,256,0.0003,315,0,0.00027535998821258547,1005
gpu,SS,1048576,64,256,0.0003,315,1,0.0002316160053014755,1005
gpu,DS,1048576,64,256,0.0003,315,1,0.002665184020996094,1005
gpu,DS,1048576,64,256,0.0003,315,2,0.002594815969467163,1005
gpu,SS,1048576,64,256,0.0003,315,2,0.00017539200186729431,1005
gpu,SS,1048576,64,256,0.0003,315,3,0.00030806401371955873,1005
gpu,DS,1048576,64,256,0.0003,315,3,0.002821984052658081,1005
gpu,DS,1048576,64,256,0.0003,315,4,0.002619391918182373,1005
gpu,SS,1048576,64,256,0.0003,315,4,0.0002613759934902191,1005
gpu,SS,1048576,64,256,0.0003,315,5,0.00022912000119686127,1005
gpu,DS,1048576,64,256,0.0003,315,5,0.0026112000942230223,1005
gpu,DS,1048576,64,256,0.0003,315,6,0.0034144320487976072,1005
gpu,SS,1048576,64,256,0.0003,315,6,0.0002704319953918457,1005
gpu,SS,1048576,64,256,0.0003,315,7,0.00035225600004196167,1005
gpu,DS,1048576,64,256,0.0003,315,7,0.0025865919589996337,1005
gpu,DS,1048576,64,256,0.0003,315,8,0.0025757761001586913,1005
gpu,SS,1048576,64,256,0.0003,315,8,0.00023552000522613525,1005
gpu,SS,1048576,64,256,0.0003,315,9,0.0001475200057029724,1005
gpu,DS,1048576,64,256,0.0003,315,9,0.0025718400478363036,1005
gpu,DS,1048576,64,256,0.0003,315,10,0.002532639980316162,1005
gpu,SS,1048576,64,256,0.0003,315,10,0.00024959999322891234,1005
gpu,SS,1048576,64,256,0.0003,315,11,0.0002478400021791458,1005
gpu,DS,1048576,64,256,0.0003,315,11,0.002660032033920288,1005
gpu,DS,1048576,64,256,0.0003,315,12,0.002948863983154297,1005
gpu,SS,1048576,64,256,0.0003,315,12,0.00020156799256801605,1005
gpu,SS,1048576,64,256,0.0003,315,13,0.000317440003156662,1005
gpu,DS,1048576,64,256,0.0003,315,13,0.0026951680183410643,1005
gpu,DS,1048576,64,256,0.0003,315,14,0.0025708160400390624,1005
gpu,SS,1048576,64,256,0.0003,315,14,0.0006184639930725097,1005
cpu,DS,1048576,64,256,0.001,1049,0,0.05705779399977473,-1
cpu,SS,1048576,64,256,0.001,1049,0,0.0012299779996283178,-1
cpu,SS,1048576,64,256,0.001,1049,1,0.0010019959995588579,-1
cpu,DS,1048576,64,256,0.001,1049,1,0.0504823450000913,-1
cpu,DS,1048576,64,256,0.001,1049,2,0.04994508800018593,-1
cpu,SS,1048576,64,256,0.001,1049,2,0.0009840610000537708,-1
cpu,SS,1048576,64,256,0.001,1049,3,0.0008592019999014155,-1
cpu,DS,1048576,64,256,0.001,1049,3,0.053660659000343,-1
cpu,DS,1048576,64,256,0.001,1049,4,0.05064414599974043,-1
cpu,SS,1048576,64,256,0.001,1049,4,0.001030847000038193,-1
cpu,SS,1048576,64,256,0.001,1049,5,0.0009082289998332271,-1
cpu,DS,1048576,64,256,0.001,1049,5,0.05320615499977066,-1
cpu,DS,1048576,64,256,0.001,1049,6,0.053874216999702185,-1
cpu,SS,1048576,64,256,0.001,1049,6,0.001431839999895601,-1
cpu,SS,1048576,64,256,0.001,1049,7,0.0013191639995966398,-1
cpu,DS,1048576,64,256,0.001,1049,7,0.054678250000051776,-1
cpu,DS,1048576,64,256,0.001,1049,8,0.05420415399976264,-1
cpu,SS,1048576,64,256,0.001,1049,8,0.000999753999622044,-1
cpu,SS,1048576,64,256,0.001,1049,9,0.0009632020000935881,-1
cpu,DS,1048576,64,256,0.001,1049,9,0.05389351599978909,-1
cpu,DS,1048576,64,256,0.001,1049,10,0.049597411999911856,-1
cpu,SS,1048576,64,256,0.001,1049,10,0.0011424499998611282,-1
cpu,SS,1048576,64,256,0.001,1049,11,0.0010092080001413706,-1
cpu,DS,1048576,64,256,0.001,1049,11,0.055400993000148446,-1
cpu,DS,1048576,64,256,0.001,1049,12,0.05414840000003096,-1
cpu,SS,1048576,64,256,0.001,1049,12,0.0011033649998353212,-1
cpu,SS,1048576,64,256,0.001,1049,13,0.0009761659998730465,-1
cpu,DS,1048576,64,256,0.001,1049,13,0.04737138300015431,-1
cpu,DS,1048576,64,256,0.001,1049,14,0.055665332999979,-1
cpu,SS,1048576,64,256,0.001,1049,14,0.0011230539998905442,-1
gpu,DS,1048576,64,256,0.001,1049,0,0.002579871892929077,1005
gpu,SS,1048576,64,256,0.001,1049,0,0.0003317759931087494,1005
gpu,SS,1048576,64,256,0.001,1049,1,0.00027065598964691164,1005
gpu,DS,1048576,64,256,0.001,1049,1,0.0026782081127166746,1005
gpu,DS,1048576,64,256,0.001,1049,2,0.002554431915283203,1005
gpu,SS,1048576,64,256,0.001,1049,2,0.00025564798712730407,1005
gpu,SS,1048576,64,256,0.001,1049,3,0.00019711999595165252,1005
gpu,DS,1048576,64,256,0.001,1049,3,0.0025564160346984864,1005
gpu,DS,1048576,64,256,0.001,1049,4,0.002553600072860718,1005
gpu,SS,1048576,64,256,0.001,1049,4,0.0002133760005235672,1005
gpu,SS,1048576,64,256,0.001,1049,5,0.00024166400730609895,1005
gpu,DS,1048576,64,256,0.001,1049,5,0.0025047039985656738,1005
gpu,DS,1048576,64,256,0.001,1049,6,0.0025215039253234863,1005
gpu,SS,1048576,64,256,0.001,1049,6,0.0002202879935503006,1005
gpu,SS,1048576,64,256,0.001,1049,7,0.00020902399718761443,1005
gpu,DS,1048576,64,256,0.001,1049,7,0.002582560062408447,1005
gpu,DS,1048576,64,256,0.001,1049,8,0.0026951680183410643,1005
gpu,SS,1048576,64,256,0.001,1049,8,0.00020259200036525725,1005
gpu,SS,1048576,64,256,0.001,1049,9,0.00017712000012397766,1005
gpu,DS,1048576,64,256,0.001,1049,9,0.0025447680950164797,1005
gpu,DS,1048576,64,256,0.001,1049,10,0.0025865919589996337,1005
gpu,SS,1048576,64,256,0.001,1049,10,0.00022854399681091308,1005
gpu,SS,1048576,64,256,0.001,1049,11,0.000212896004319191,1005
gpu,DS,1048576,64,256,0.001,1049,11,0.0026933119297027587,1005
gpu,DS,1048576,64,256,0.001,1049,12,0.0025599679946899413,1005
gpu,SS,1048576,64,256,0.001,1049,12,0.00022995199263095854,1005
gpu,SS,1048576,64,256,0.001,1049,13,0.0002072640061378479,1005
gpu,DS,1048576,64,256,0.001,1049,13,0.002570847988128662,1005
gpu,DS,1048576,64,256,0.001,1049,14,0.0025231359004974367,1005
gpu,SS,1048576,64,256,0.001,1049,14,0.00014028799533843993,1005
cpu,DS,1048576,64,256,0.003,3146,0,0.05590306200019768,-1
cpu,SS,1048576,64,256,0.003,3146,0,0.002658504000009998,-1
cpu,SS,1048576,64,256,0.003,3146,1,0.002675756999906298,-1
cpu,DS,1048576,64,256,0.003,3146,1,0.052611974999763333,-1
cpu,DS,1048576,64,256,0.003,3146,2,0.05227745700040032,-1
cpu,SS,1048576,64,256,0.003,3146,2,0.0030742159997316776,-1
cpu,SS,1048576,64,256,0.003,3146,3,0.0030520899999828544,-1
cpu,DS,1048576,64,256,0.003,3146,3,0.06089140199992471,-1
cpu,DS,1048576,64,256,0.003,3146,4,0.06676184800016927,-1
cpu,SS,1048576,64,256,0.003,3146,4,0.003617807999944489,-1
cpu,SS,1048576,64,256,0.003,3146,5,0.0064330449999943085,-1
cpu,DS,1048576,64,256,0.003,3146,5,0.056562546999884944,-1
cpu,DS,1048576,64,256,0.003,3146,6,0.05758247699986896,-1
cpu,SS,1048576,64,256,0.003,3146,6,0.0025819900001806673,-1
cpu,SS,1048576,64,256,0.003,3146,7,0.0026604539998515975,-1
cpu,DS,1048576,64,256,0.003,3146,7,0.055305861999841,-1
cpu,DS,1048576,64,256,0.003,3146,8,0.05413124599999719,-1
cpu,SS,1048576,64,256,0.003,3146,8,0.002867773000161833,-1
cpu,SS,1048576,64,256,0.003,3146,9,0.003082889999859617,-1
cpu,DS,1048576,64,256,0.003,3146,9,0.055451384999742004,-1
cpu,DS,1048576,64,256,0.003,3146,10,0.056074024999816174,-1
cpu,SS,1048576,64,256,0.003,3146,10,0.0031742199998916476,-1
cpu,SS,1048576,64,256,0.003,3146,11,0.003083182999944256,-1
cpu,DS,1048576,64,256,0.003,3146,11,0.06717512099976375,-1
cpu,DS,1048576,64,256,0.003,3146,12,0.06013863699990907,-1
cpu,SS,1048576,64,256,0.003,3146,12,0.0028542249997371982,-1
cpu,SS,1048576,64,256,0.003,3146,13,0.0030220689995985595,-1
cpu,DS,1048576,64,256,0.003,3146,13,0.05590462199961621,-1
cpu,DS,1048576,64,256,0.003,3146,14,0.05276198299998214,-1
cpu,SS,1048576,64,256,0.003,3146,14,0.0036212199997862626,-1
gpu,DS,1048576,64,256,0.003,3146,0,0.0025671041011810303,1005
gpu,SS,1048576,64,256,0.003,3146,0,0.0003252800107002258,1005
gpu,SS,1048576,64,256,0.003,3146,1,0.0002088640034198761,1005
gpu,DS,1048576,64,256,0.003,3146,1,0.002551136016845703,1005
gpu,DS,1048576,64,256,0.003,3146,2,0.0026889920234680178,1005
gpu,SS,1048576,64,256,0.003,3146,2,0.00043011200428009035,1005
gpu,SS,1048576,64,256,0.003,3146,3,0.0002580479979515076,1005
gpu,DS,1048576,64,256,0.003,3146,3,0.0026798720359802247,1005
gpu,DS,1048576,64,256,0.003,3146,4,0.0026546559333801268,1005
gpu,SS,1048576,64,256,0.003,3146,4,0.0003733440041542053,1005
gpu,SS,1048576,64,256,0.003,3146,5,0.00034201601147651673,1005
gpu,DS,1048576,64,256,0.003,3146,5,0.0026808319091796875,1005
gpu,DS,1048576,64,256,0.003,3146,6,0.0027640318870544435,1005
gpu,SS,1048576,64,256,0.003,3146,6,0.00023241600394248964,1005
gpu,SS,1048576,64,256,0.003,3146,7,0.00023545600473880767,1005
gpu,DS,1048576,64,256,0.003,3146,7,0.0025897281169891357,1005
gpu,DS,1048576,64,256,0.003,3146,8,0.002500607967376709,1005
gpu,SS,1048576,64,256,0.003,3146,8,0.00021484799683094025,1005
gpu,SS,1048576,64,256,0.003,3146,9,0.00022857600450515748,1005
gpu,DS,1048576,64,256,0.003,3146,9,0.0026312320232391357,1005
gpu,DS,1048576,64,256,0.003,3146,10,0.0025475521087646486,1005
gpu,SS,1048576,64,256,0.003,3146,10,0.0002924799919128418,1005
gpu,SS,1048576,64,256,0.003,3146,11,0.0002314240038394928,1005
gpu,DS,1048576,64,256,0.003,3146,11,0.0025460801124572753,1005
gpu,DS,1048576,64,256,0.003,3146,12,0.0025538558959960936,1005
gpu,SS,1048576,64,256,0.003,3146,12,0.00029376000165939333,1005
gpu,SS,1048576,64,256,0.003,3146,13,0.00022256000339984893,1005
gpu,DS,1048576,64,256,0.003,3146,13,0.0025927679538726807,1005
gpu,DS,1048576,64,256,0.003,3146,14,0.0026202878952026366,1005
gpu,SS,1048576,64,256,0.003,3146,14,0.00024105599522590638,1005
cpu,DS,1048576,64,256,0.01,10486,0,0.05471569300016199,-1
cpu,SS,1048576,64,256,0.01,10486,0,0.008798576999652141,-1
cpu,SS,1048576,64,256,0.01,10486,1,0.011020719000043755,-1
cpu,DS,1048576,64,256,0.01,10486,1,0.05915701699996134,-1
cpu,DS,1048576,64,256,0.01,10486,2,0.060731731000032596,-1
cpu,SS,1048576,64,256,0.01,10486,2,0.008437808000053337,-1
cpu,SS,1048576,64,256,0.01,10486,3,0.007906818000265048,-1
cpu,DS,1048576,64,256,0.01,10486,3,0.0549724550000974,-1
cpu,DS,1048576,64,256,0.01,10486,4,0.05855695399986871,-1
cpu,SS,1048576,64,256,0.01,10486,4,0.008874461000232259,-1
cpu,SS,1048576,64,256,0.01,10486,5,0.008923602000322717,-1
cpu,DS,1048576,64,256,0.01,10486,5,0.056317739999940386,-1
cpu,DS,1048576,64,256,0.01,10486,6,0.05822835400022086,-1
cpu,SS,1048576,64,256,0.01,10486,6,0.008915016999708314,-1
cpu,SS,1048576,64,256,0.01,10486,7,0.008681939000325656,-1
cpu,DS,1048576,64,256,0.01,10486,7,0.058021917999667494,-1
cpu,DS,1048576,64,256,0.01,10486,8,0.05710509500022454,-1
cpu,SS,1048576,64,256,0.01,10486,8,0.008280020999791304,-1
cpu,SS,1048576,64,256,0.01,10486,9,0.008635559999675024,-1
cpu,DS,1048576,64,256,0.01,10486,9,0.058595634999619506,-1
cpu,DS,1048576,64,256,0.01,10486,10,0.06059229799984678,-1
cpu,SS,1048576,64,256,0.01,10486,10,0.009947096999894711,-1
cpu,SS,1048576,64,256,0.01,10486,11,0.009025241000017559,-1
cpu,DS,1048576,64,256,0.01,10486,11,0.06029172299986385,-1
cpu,DS,1048576,64,256,0.01,10486,12,0.05620781100014938,-1
cpu,SS,1048576,64,256,0.01,10486,12,0.009161714000128995,-1
cpu,SS,1048576,64,256,0.01,10486,13,0.009485774000040692,-1
cpu,DS,1048576,64,256,0.01,10486,13,0.06178295400013667,-1
cpu,DS,1048576,64,256,0.01,10486,14,0.06374606600002153,-1
cpu,SS,1048576,64,256,0.01,10486,14,0.008898539000256278,-1
gpu,DS,1048576,64,256,0.01,10486,0,0.0025204479694366454,1005
gpu,SS,1048576,64,256,0.01,10486,0,0.00037167999148368837,1005
gpu,SS,1048576,64,256,0.01,10486,1,0.000358815997838974,1005
gpu,DS,1048576,64,256,0.01,10486,1,0.0025374720096588135,1005
gpu,DS,1048576,64,256,0.01,10486,2,0.002584575891494751,1005
gpu,SS,1048576,64,256,0.01,10486,2,0.00040860798954963685,1005
gpu,SS,1048576,64,256,0.01,10486,3,0.0003565120100975037,1005
gpu,DS,1048576,64,256,0.01,10486,3,0.002512928009033203,1005
gpu,DS,1048576,64,256,0.01,10486,4,0.0025805439949035643,1005
gpu,SS,1048576,64,256,0.01,10486,4,0.0004193600118160248,1005
gpu,SS,1048576,64,256,0.01,10486,5,0.00041644799709320067,1005
gpu,DS,1048576,64,256,0.01,10486,5,0.0025251839160919188,1005
gpu,DS,1048576,64,256,0.01,10486,6,0.0024834558963775636,1005
gpu,SS,1048576,64,256,0.01,10486,6,0.000374783992767334,1005
gpu,SS,1048576,64,256,0.01,10486,7,0.00036048001050949095,1005
gpu,DS,1048576,64,256,0.01,10486,7,0.002533344030380249,1005
gpu,DS,1048576,64,256,0.01,10486,8,0.002721535921096802,1005
gpu,SS,1048576,64,256,0.01,10486,8,0.00038576000928878786,1005
gpu,SS,1048576,64,256,0.01,10486,9,0.00038019201159477235,1005
gpu,DS,1048576,64,256,0.01,10486,9,0.002539520025253296,1005
gpu,DS,1048576,64,256,0.01,10486,10,0.0025236799716949463,1005
gpu,SS,1048576,64,256,0.01,10486,10,0.0005244160294532776,1005
gpu,SS,1048576,64,256,0.01,10486,11,0.0004276160001754761,1005
gpu,DS,1048576,64,256,0.01,10486,11,0.002572351932525635,1005
gpu,DS,1048576,64,256,0.01,10486,12,0.0025253760814666747,1005
gpu,SS,1048576,64,256,0.01,10486,12,0.00038707199692726135,1005
gpu,SS,1048576,64,256,0.01,10486,13,0.0003731839954853058,1005
gpu,DS,1048576,64,256,0.01,10486,13,0.002480128049850464,1005
gpu,DS,1048576,64,256,0.01,10486,14,0.002576767921447754,1005
gpu,SS,1048576,64,256,0.01,10486,14,0.000378495991230011,1005
cpu,DS,1048576,64,256,0.03,31457,0,0.05020973299997422,-1
cpu,SS,1048576,64,256,0.03,31457,0,0.02246891400000095,-1
cpu,SS,1048576,64,256,0.03,31457,1,0.02350138900010279,-1
cpu,DS,1048576,64,256,0.03,31457,1,0.06342082099990876,-1
cpu,DS,1048576,64,256,0.03,31457,2,0.06068140399975164,-1
cpu,SS,1048576,64,256,0.03,31457,2,0.023256369999671733,-1
cpu,SS,1048576,64,256,0.03,31457,3,0.023379915000077744,-1
cpu,DS,1048576,64,256,0.03,31457,3,0.058756481999807875,-1
cpu,DS,1048576,64,256,0.03,31457,4,0.05984165000018038,-1
cpu,SS,1048576,64,256,0.03,31457,4,0.02417822500001421,-1
cpu,SS,1048576,64,256,0.03,31457,5,0.024126911999701406,-1
cpu,DS,1048576,64,256,0.03,31457,5,0.06113414199990075,-1
cpu,DS,1048576,64,256,0.03,31457,6,0.05711446999976033,-1
cpu,SS,1048576,64,256,0.03,31457,6,0.021768099999917467,-1
cpu,SS,1048576,64,256,0.03,31457,7,0.026190281999788567,-1
cpu,DS,1048576,64,256,0.03,31457,7,0.06166671099981613,-1
cpu,DS,1048576,64,256,0.03,31457,8,0.06803503100036323,-1
cpu,SS,1048576,64,256,0.03,31457,8,0.026364350000221748,-1
cpu,SS,1048576,64,256,0.03,31457,9,0.02365542600000481,-1
cpu,DS,1048576,64,256,0.03,31457,9,0.059605216000363725,-1
cpu,DS,1048576,64,256,0.03,31457,10,0.060527664000346704,-1
cpu,SS,1048576,64,256,0.03,31457,10,0.023776998000357707,-1
cpu,SS,1048576,64,256,0.03,31457,11,0.02280323800005135,-1
cpu,DS,1048576,64,256,0.03,31457,11,0.06319800499977646,-1
cpu,DS,1048576,64,256,0.03,31457,12,0.062381735000144545,-1
cpu,SS,1048576,64,256,0.03,31457,12,0.023022599999876547,-1
cpu,SS,1048576,64,256,0.03,31457,13,0.022697454000081052,-1
cpu,DS,1048576,64,256,0.03,31457,13,0.06068752300006963,-1
cpu,DS,1048576,64,256,0.03,31457,14,0.06044319400007225,-1
cpu,SS,1048576,64,256,0.03,31457,14,0.023148317000050156,-1
gpu,DS,1048576,64,256,0.03,31457,0,0.0029711360931396484,1005
gpu,SS,1048576,64,256,0.03,31457,0,0.0008384000062942505,1005
gpu,SS,1048576,64,256,0.03,31457,1,0.0007327679991722107,1005
gpu,DS,1048576,64,256,0.03,31457,1,0.002683583974838257,1005
gpu,DS,1048576,64,256,0.03,31457,2,0.002533951997756958,1005
gpu,SS,1048576,64,256,0.03,31457,2,0.0007376959919929505,1005
gpu,SS,1048576,64,256,0.03,31457,3,0.000649183988571167,1005
gpu,DS,1048576,64,256,0.03,31457,3,0.0026683840751647947,1005
gpu,DS,1048576,64,256,0.03,31457,4,0.0025834879875183104,1005
gpu,SS,1048576,64,256,0.03,31457,4,0.0006758400201797485,1005
gpu,SS,1048576,64,256,0.03,31457,5,0.0007229440212249755,1005
gpu,DS,1048576,64,256,0.03,31457,5,0.0025733439922332765,1005
gpu,DS,1048576,64,256,0.03,31457,6,0.002481247901916504,1005
gpu,SS,1048576,64,256,0.03,31457,6,0.0006395840048789978,1005
gpu,SS,1048576,64,256,0.03,31457,7,0.0006778879761695862,1005
gpu,DS,1048576,64,256,0.03,31457,7,0.003657696008682251,1005
gpu,DS,1048576,64,256,0.03,31457,8,0.002531327962875366,1005
gpu,SS,1048576,64,256,0.03,31457,8,0.0006549440026283265,1005
gpu,SS,1048576,64,256,0.03,31457,9,0.000661728024482727,1005
gpu,DS,1048576,64,256,0.03,31457,9,0.002627392053604126,1005
gpu,DS,1048576,64,256,0.03,31457,10,0.002550368070602417,1005
gpu,SS,1048576,64,256,0.03,31457,10,0.0006621440052986146,1005
gpu,SS,1048576,64,256,0.03,31457,11,0.000651520013809204,1005
gpu,DS,1048576,64,256,0.03,31457,11,0.0026914238929748534,1005
gpu,DS,1048576,64,256,0.03,31457,12,0.0026050560474395754,1005
gpu,SS,1048576,64,256,0.03,31457,12,0.0006529920101165772,1005
gpu,SS,1048576,64,256,0.03,31457,13,0.0006958400011062622,1005
gpu,DS,1048576,64,256,0.03,31457,13,0.0025784640312194822,1005
gpu,DS,1048576,64,256,0.03,31457,14,0.002566528081893921,1005
gpu,SS,1048576,64,256,0.03,31457,14,0.0006388480067253113,1005
cpu,DS,1048576,64,256,0.1,104858,0,0.05130032800025219,-1
cpu,SS,1048576,64,256,0.1,104858,0,0.05933947399989847,-1
cpu,SS,1048576,64,256,0.1,104858,1,0.05696990599972196,-1
cpu,DS,1048576,64,256,0.1,104858,1,0.05578082900001391,-1
cpu,DS,1048576,64,256,0.1,104858,2,0.052315533999717445,-1
cpu,SS,1048576,64,256,0.1,104858,2,0.06147507600007884,-1
cpu,SS,1048576,64,256,0.1,104858,3,0.054296013000112,-1
cpu,DS,1048576,64,256,0.1,104858,3,0.054899234999993496,-1
cpu,DS,1048576,64,256,0.1,104858,4,0.05695135499991011,-1
cpu,SS,1048576,64,256,0.1,104858,4,0.05807550100007575,-1
cpu,SS,1048576,64,256,0.1,104858,5,0.057929851000153576,-1
cpu,DS,1048576,64,256,0.1,104858,5,0.05657459899975947,-1
cpu,DS,1048576,64,256,0.1,104858,6,0.0545346169997174,-1
cpu,SS,1048576,64,256,0.1,104858,6,0.05787370300004113,-1
cpu,SS,1048576,64,256,0.1,104858,7,0.0588464769998609,-1
cpu,DS,1048576,64,256,0.1,104858,7,0.04801028599968049,-1
cpu,DS,1048576,64,256,0.1,104858,8,0.052122320999842486,-1
cpu,SS,1048576,64,256,0.1,104858,8,0.05682415699993726,-1
cpu,SS,1048576,64,256,0.1,104858,9,0.053973038000094675,-1
cpu,DS,1048576,64,256,0.1,104858,9,0.055051693999757845,-1
cpu,DS,1048576,64,256,0.1,104858,10,0.05305364900004861,-1
cpu,SS,1048576,64,256,0.1,104858,10,0.05649417700033155,-1
cpu,SS,1048576,64,256,0.1,104858,11,0.05323877000000721,-1
cpu,DS,1048576,64,256,0.1,104858,11,0.05125079099980212,-1
cpu,DS,1048576,64,256,0.1,104858,12,0.046990639999876294,-1
cpu,SS,1048576,64,256,0.1,104858,12,0.05689125899971259,-1
cpu,SS,1048576,64,256,0.1,104858,13,0.05703158000005715,-1
cpu,DS,1048576,64,256,0.1,104858,13,0.06867436999982601,-1
cpu,DS,1048576,64,256,0.1,104858,14,0.05544315099996311,-1
cpu,SS,1048576,64,256,0.1,104858,14,0.05676800900027956,-1
gpu,DS,1048576,64,256,0.1,104858,0,0.002716896057128906,1005
gpu,SS,1048576,64,256,0.1,104858,0,0.0014090240001678467,1005
gpu,SS,1048576,64,256,0.1,104858,1,0.0015191359519958496,1005
gpu,DS,1048576,64,256,0.1,104858,1,0.002487519979476929,1005
gpu,DS,1048576,64,256,0.1,104858,2,0.005421311855316162,1005
gpu,SS,1048576,64,256,0.1,104858,2,0.001556447982788086,1005
gpu,SS,1048576,64,256,0.1,104858,3,0.0022682559490203856,1005
gpu,DS,1048576,64,256,0.1,104858,3,0.0026193599700927734,1005
gpu,DS,1048576,64,256,0.1,104858,4,0.0025538558959960936,1005
gpu,SS,1048576,64,256,0.1,104858,4,0.0017001279592514038,1005
gpu,SS,1048576,64,256,0.1,104858,5,0.0015694719552993774,1005
gpu,DS,1048576,64,256,0.1,104858,5,0.0026552319526672364,1005
gpu,DS,1048576,64,256,0.1,104858,6,0.0025784320831298826,1005
gpu,SS,1048576,64,256,0.1,104858,6,0.001597440004348755,1005
gpu,SS,1048576,64,256,0.1,104858,7,0.0015693119764328004,1005
gpu,DS,1048576,64,256,0.1,104858,7,0.002510848045349121,1005
gpu,DS,1048576,64,256,0.1,104858,8,0.0022533121109008787,1005
gpu,SS,1048576,64,256,0.1,104858,8,0.0015558079481124878,1005
gpu,SS,1048576,64,256,0.1,104858,9,0.0015705920457839966,1005
gpu,DS,1048576,64,256,0.1,104858,9,0.00257423996925354,1605
gpu,DS,1048576,64,256,0.1,104858,10,0.0025169920921325685,1605
gpu,SS,1048576,64,256,0.1,104858,10,0.0021706559658050536,1605
gpu,SS,1048576,64,256,0.1,104858,11,0.0009452800154685974,1605
gpu,DS,1048576,64,256,0.1,104858,11,0.0025155200958251953,1605
gpu,DS,1048576,64,256,0.1,104858,12,0.0024577920436859133,1605
gpu,SS,1048576,64,256,0.1,104858,12,0.0010485440492630006,1605
gpu,SS,1048576,64,256,0.1,104858,13,0.0010506240129470824,1605
gpu,DS,1048576,64,256,0.1,104858,13,0.002466592073440552,1605
gpu,DS,1048576,64,256,0.1,104858,14,0.0024432640075683592,1605
gpu,SS,1048576,64,256,0.1,104858,14,0.0010357760190963744,1605
cpu,DS,1048576,64,256,0.2,209715,0,0.0755597930001386,-1
cpu,SS,1048576,64,256,0.2,209715,0,0.11658539499967446,-1
cpu,SS,1048576,64,256,0.2,209715,1,0.1159570560002976,-1
cpu,DS,1048576,64,256,0.2,209715,1,0.06527284399999189,-1
cpu,DS,1048576,64,256,0.2,209715,2,0.06551228899979833,-1
cpu,SS,1048576,64,256,0.2,209715,2,0.12442193000015322,-1
cpu,SS,1048576,64,256,0.2,209715,3,0.1228878869997061,-1
cpu,DS,1048576,64,256,0.2,209715,3,0.06258366200017917,-1
cpu,DS,1048576,64,256,0.2,209715,4,0.06687583899974925,-1
cpu,SS,1048576,64,256,0.2,209715,4,0.11797357900013594,-1
cpu,SS,1048576,64,256,0.2,209715,5,0.1178798949999873,-1
cpu,DS,1048576,64,256,0.2,209715,5,0.05904473500004315,-1
cpu,DS,1048576,64,256,0.2,209715,6,0.05392637799968725,-1
cpu,SS,1048576,64,256,0.2,209715,6,0.1134075270001631,-1
cpu,SS,1048576,64,256,0.2,209715,7,0.12567773500040857,-1
cpu,DS,1048576,64,256,0.2,209715,7,0.05879374899996037,-1
cpu,DS,1048576,64,256,0.2,209715,8,0.054466755999783345,-1
cpu,SS,1048576,64,256,0.2,209715,8,0.1222327820000828,-1
cpu,SS,1048576,64,256,0.2,209715,9,0.10606443100004981,-1
cpu,DS,1048576,64,256,0.2,209715,9,0.056689944000027026,-1
cpu,DS,1048576,64,256,0.2,209715,10,0.05573022199996558,-1
cpu,SS,1048576,64,256,0.2,209715,10,0.12455236999994668,-1
cpu,SS,1048576,64,256,0.2,209715,11,0.11268589300016174,-1
cpu,DS,1048576,64,256,0.2,209715,11,0.062258485999791446,-1
cpu,DS,1048576,64,256,0.2,209715,12,0.06413971899974058,-1
cpu,SS,1048576,64,256,0.2,209715,12,0.12992879200010066,-1
cpu,SS,1048576,64,256,0.2,209715,13,0.12169676899975457,-1
cpu,DS,1048576,64,256,0.2,209715,13,0.06724814900007914,-1
cpu,DS,1048576,64,256,0.2,209715,14,0.06257551599992439,-1
cpu,SS,1048576,64,256,0.2,209715,14,0.1927645069999926,-1
gpu,DS,1048576,64,256,0.2,209715,0,0.0024529600143432615,1170
gpu,SS,1048576,64,256,0.2,209715,0,0.004517888069152832,1170
gpu,SS,1048576,64,256,0.2,209715,1,0.0027368640899658203,1170
gpu,DS,1048576,64,256,0.2,209715,1,0.0025353920459747314,1170
gpu,DS,1048576,64,256,0.2,209715,2,0.0024167358875274657,1170
gpu,SS,1048576,64,256,0.2,209715,2,0.004100096225738525,1170
gpu,SS,1048576,64,256,0.2,209715,3,0.002749311923980713,1170
gpu,DS,1048576,64,256,0.2,209715,3,0.002527231931686401,1170
gpu,DS,1048576,64,256,0.2,209715,4,0.0031242239475250243,1170
gpu,SS,1048576,64,256,0.2,209715,4,0.002745215892791748,1170
gpu,SS,1048576,64,256,0.2,209715,5,0.0027845439910888672,1170
gpu,DS,1048576,64,256,0.2,209715,5,0.0025579841136932372,1170
gpu,DS,1048576,64,256,0.2,209715,6,0.002703360080718994,1170
gpu,SS,1048576,64,256,0.2,209715,6,0.0027670719623565676,1170
gpu,SS,1048576,64,256,0.2,209715,7,0.0028210558891296387,1170
gpu,DS,1048576,64,256,0.2,209715,7,0.0040001277923583985,1170
gpu,DS,1048576,64,256,0.2,209715,8,0.002595232009887695,1170
gpu,SS,1048576,64,256,0.2,209715,8,0.0027013440132141113,1170
gpu,SS,1048576,64,256,0.2,209715,9,0.003571903944015503,1170
gpu,DS,1048576,64,256,0.2,209715,9,0.0026880960464477537,1170
gpu,DS,1048576,64,256,0.2,209715,10,0.002514208078384399,1170
gpu,SS,1048576,64,256,0.2,209715,10,0.0027200961112976074,1170
gpu,SS,1048576,64,256,0.2,209715,11,0.00260262393951416,1170
gpu,DS,1048576,64,256,0.2,209715,11,0.0026024000644683837,1170
gpu,DS,1048576,64,256,0.2,209715,12,0.0025755519866943358,1170
gpu,SS,1048576,64,256,0.2,209715,12,0.002754400014877319,1170
gpu,SS,1048576,64,256,0.2,209715,13,0.0027075839042663575,1170
gpu,DS,1048576,64,256,0.2,209715,13,0.0025817599296569823,1170
gpu,DS,1048576,64,256,0.2,209715,14,0.0024917120933532714,1170
gpu,SS,1048576,64,256,0.2,209715,14,0.002711551904678345,1170
cpu,DS,1048576,64,256,0.3,314573,0,0.05654990299990459,-1
cpu,SS,1048576,64,256,0.3,314573,0,0.15955875900044703,-1
cpu,SS,1048576,64,256,0.3,314573,1,0.1486132129998623,-1
cpu,DS,1048576,64,256,0.3,314573,1,0.05173257500018735,-1
cpu,DS,1048576,64,256,0.3,314573,2,0.04946826700006568,-1
cpu,SS,1048576,64,256,0.3,314573,2,0.1481688479998411,-1
cpu,SS,1048576,64,256,0.3,314573,3,0.1532428840000648,-1
cpu,DS,1048576,64,256,0.3,314573,3,0.05471560799969666,-1
cpu,DS,1048576,64,256,0.3,314573,4,0.05682862599996952,-1
cpu,SS,1048576,64,256,0.3,314573,4,0.1455168100001174,-1
cpu,SS,1048576,64,256,0.3,314573,5,0.14902528499987966,-1
cpu,DS,1048576,64,256,0.3,314573,5,0.05513214099983088,-1
cpu,DS,1048576,64,256,0.3,314573,6,0.05935710999983712,-1
cpu,SS,1048576,64,256,0.3,314573,6,0.2037787159997606,-1
cpu,SS,1048576,64,256,0.3,314573,7,0.1509060349999345,-1
cpu,DS,1048576,64,256,0.3,314573,7,0.05586560699975962,-1
cpu,DS,1048576,64,256,0.3,314573,8,0.05604977399980271,-1
cpu,SS,1048576,64,256,0.3,314573,8,0.14274160700006178,-1
cpu,SS,1048576,64,256,0.3,314573,9,0.1335465639999711,-1
cpu,DS,1048576,64,256,0.3,314573,9,0.10144067700002779,-1
cpu,DS,1048576,64,256,0.3,314573,10,0.084059385999808,-1
cpu,SS,1048576,64,256,0.3,314573,10,0.14610916900028315,-1
cpu,SS,1048576,64,256,0.3,314573,11,0.15435079300004872,-1
cpu,DS,1048576,64,256,0.3,314573,11,0.05518615900018631,-1
cpu,DS,1048576,64,256,0.3,314573,12,0.05585493899980065,-1
cpu,SS,1048576,64,256,0.3,314573,12,0.13873261299977457,-1
cpu,SS,1048576,64,256,0.3,314573,13,0.1409887750000962,-1
cpu,DS,1048576,64,256,0.3,314573,13,0.04957979500022702,-1
cpu,DS,1048576,64,256,0.3,314573,14,0.05039947700015546,-1
cpu,SS,1048576,64,256,0.3,314573,14,0.15262763800001267,-1
gpu,DS,1048576,64,256,0.3,314573,0,0.0024707520008087156,1095
gpu,SS,1048576,64,256,0.3,314573,0,0.004745151996612549,1095
gpu,SS,1048576,64,256,0.3,314573,1,0.004641151905059814,1095
gpu,DS,1048576,64,256,0.3,314573,1,0.002543519973754883,1095
gpu,DS,1048576,64,256,0.3,314573,2,0.0025745279788970945,1095
gpu,SS,1048576,64,256,0.3,314573,2,0.004749504089355469,1095
gpu,SS,1048576,64,256,0.3,314573,3,0.004747263908386231,1095
gpu,DS,1048576,64,256,0.3,314573,3,0.004554848194122315,1095
gpu,DS,1048576,64,256,0.3,314573,4,0.0025456640720367433,1095
gpu,SS,1048576,64,256,0.3,314573,4,0.004777632236480713,1095
gpu,SS,1048576,64,256,0.3,314573,5,0.005642111778259277,1095
gpu,DS,1048576,64,256,0.3,314573,5,0.0025327999591827394,1095
gpu,DS,1048576,64,256,0.3,314573,6,0.002468031883239746,1095
gpu,SS,1048576,64,256,0.3,314573,6,0.005449728012084961,1095
gpu,SS,1048576,64,256,0.3,314573,7,0.004773920059204102,1095
gpu,DS,1048576,64,256,0.3,314573,7,0.002545599937438965,1095
gpu,DS,1048576,64,256,0.3,314573,8,0.004406271934509277,1095
gpu,SS,1048576,64,256,0.3,314573,8,0.004765088081359863,1095
gpu,SS,1048576,64,256,0.3,314573,9,0.004746143817901611,1095
gpu,DS,1048576,64,256,0.3,314573,9,0.0025061440467834474,1095
gpu,DS,1048576,64,256,0.3,314573,10,0.002447200059890747,1095
gpu,SS,1048576,64,256,0.3,314573,10,0.005494239807128906,1095
gpu,SS,1048576,64,256,0.3,314573,11,0.004625504016876221,1095
gpu,DS,1048576,64,256,0.3,314573,11,0.0026080000400543215,1095
gpu,DS,1048576,64,256,0.3,314573,12,0.0032796800136566163,1095
gpu,SS,1048576,64,256,0.3,314573,12,0.004786431789398193,1095
gpu,SS,1048576,64,256,0.3,314573,13,0.004841536045074463,1095
gpu,DS,1048576,64,256,0.3,314573,13,0.0026581759452819825,1095
gpu,DS,1048576,64,256,0.3,314573,14,0.002510303974151611,1740
gpu,SS,1048576,64,256,0.3,314573,14,0.004022272109985352,1740
cpu,DS,1048576,64,256,0.5,524288,0,0.048874987000090186,-1
cpu,SS,1048576,64,256,0.5,524288,0,0.2370744489999197,-1
cpu,SS,1048576,64,256,0.5,524288,1,0.22819296700026825,-1
cpu,DS,1048576,64,256,0.5,524288,1,0.048632892000114225,-1
cpu,DS,1048576,64,256,0.5,524288,2,0.04887657400013268,-1
cpu,SS,1048576,64,256,0.5,524288,2,0.21128685600024255,-1
cpu,SS,1048576,64,256,0.5,524288,3,0.2110338409997894,-1
cpu,DS,1048576,64,256,0.5,524288,3,0.04701363100002709,-1
cpu,DS,1048576,64,256,0.5,524288,4,0.04960239499996533,-1
cpu,SS,1048576,64,256,0.5,524288,4,0.2075386639999124,-1
cpu,SS,1048576,64,256,0.5,524288,5,0.21559268999999404,-1
cpu,DS,1048576,64,256,0.5,524288,5,0.05348162099971887,-1
cpu,DS,1048576,64,256,0.5,524288,6,0.050903403000120306,-1
cpu,SS,1048576,64,256,0.5,524288,6,0.2242402899996705,-1
cpu,SS,1048576,64,256,0.5,524288,7,0.21670620000031704,-1
cpu,DS,1048576,64,256,0.5,524288,7,0.05490601100018466,-1
cpu,DS,1048576,64,256,0.5,524288,8,0.052161200000227836,-1
cpu,SS,1048576,64,256,0.5,524288,8,0.22843319599996903,-1
cpu,SS,1048576,64,256,0.5,524288,9,0.2269687680000061,-1
cpu,DS,1048576,64,256,0.5,524288,9,0.05013885100015614,-1
cpu,DS,1048576,64,256,0.5,524288,10,0.0541320879997329,-1
cpu,SS,1048576,64,256,0.5,524288,10,0.23575559399978374,-1
cpu,SS,1048576,64,256,0.5,524288,11,0.21482884199986074,-1
cpu,DS,1048576,64,256,0.5,524288,11,0.05106396600012886,-1
cpu,DS,1048576,64,256,0.5,524288,12,0.05698393299962845,-1
cpu,SS,1048576,64,256,0.5,524288,12,0.2220920169997953,-1
cpu,SS,1048576,64,256,0.5,524288,13,0.22988886799976171,-1
cpu,DS,1048576,64,256,0.5,524288,13,0.059638854000240826,-1
cpu,DS,1048576,64,256,0.5,524288,14,0.05351060499970117,-1
cpu,SS,1048576,64,256,0.5,524288,14,0.2445621659999233,-1
gpu,DS,1048576,64,256,0.5,524288,0,0.0025251839160919188,1005
gpu,SS,1048576,64,256,0.5,524288,0,0.011298015594482421,1005
gpu,SS,1048576,64,256,0.5,524288,1,0.0108242244720459,1005
gpu,DS,1048576,64,256,0.5,524288,1,0.0025415680408477784,1005
gpu,DS,1048576,64,256,0.5,524288,2,0.0033881919384002685,1005
gpu,SS,1048576,64,256,0.5,524288,2,0.005808191776275635,1725
gpu,SS,1048576,64,256,0.5,524288,3,0.005861087799072266,1755
gpu,DS,1048576,64,256,0.5,524288,3,0.004728096008300781,1800
gpu,DS,1048576,64,256,0.5,524288,4,0.0027492160797119142,1800
gpu,SS,1048576,64,256,0.5,524288,4,0.006209856033325196,1815
gpu,SS,1048576,64,256,0.5,524288,5,0.005758848190307617,1815
gpu,DS,1048576,64,256,0.5,524288,5,0.0025311040878295897,1815
gpu,DS,1048576,64,256,0.5,524288,6,0.0024780800342559814,1665
gpu,SS,1048576,64,256,0.5,524288,6,0.006248447895050049,1665
gpu,SS,1048576,64,256,0.5,524288,7,0.007964032173156738,1665
gpu,DS,1048576,64,256,0.5,524288,7,0.0025758399963378906,1590
gpu,DS,1048576,64,256,0.5,524288,8,0.0025026559829711913,1590
gpu,SS,1048576,64,256,0.5,524288,8,0.006444543838500977,1590
gpu,SS,1048576,64,256,0.5,524288,9,0.007894015789031983,1590
gpu,DS,1048576,64,256,0.5,524288,9,0.0025539519786834716,1590
gpu,DS,1048576,64,256,0.5,524288,10,0.0025873920917510985,1605
gpu,SS,1048576,64,256,0.5,524288,10,0.006476480007171631,1605
gpu,SS,1048576,64,256,0.5,524288,11,0.0065064959526062015,1605
gpu,DS,1048576,64,256,0.5,524288,11,0.0028221440315246583,1620
gpu,DS,1048576,64,256,0.5,524288,12,0.002527359962463379,1620
gpu,SS,1048576,64,256,0.5,524288,12,0.006377471923828125,1620
gpu,SS,1048576,64,256,0.5,524288,13,0.006294943809509277,1620
gpu,DS,1048576,64,256,0.5,524288,13,0.0025106561183929443,1620
gpu,DS,1048576,64,256,0.5,524288,14,0.0025352001190185546,1620
gpu,SS,1048576,64,256,0.5,524288,14,0.006467584133148193,1620
cpu,DS,1048576,64,256,0.7,734003,0,0.057654024999919784,-1
cpu,SS,1048576,64,256,0.7,734003,0,0.3089072729999316,-1
cpu,SS,1048576,64,256,0.7,734003,1,0.32024015099977987,-1
cpu,DS,1048576,64,256,0.7,734003,1,0.049660105999919324,-1
cpu,DS,1048576,64,256,0.7,734003,2,0.0544276919999902,-1
cpu,SS,1048576,64,256,0.7,734003,2,0.2935442809998676,-1
cpu,SS,1048576,64,256,0.7,734003,3,0.3078696620000301,-1
cpu,DS,1048576,64,256,0.7,734003,3,0.04652601699990555,-1
cpu,DS,1048576,64,256,0.7,734003,4,0.06174371199995221,-1
cpu,SS,1048576,64,256,0.7,734003,4,0.29568451100021775,-1
cpu,SS,1048576,64,256,0.7,734003,5,0.3160841460003212,-1
cpu,DS,1048576,64,256,0.7,734003,5,0.051229310000053374,-1
cpu,DS,1048576,64,256,0.7,734003,6,0.054192079000131343,-1
cpu,SS,1048576,64,256,0.7,734003,6,0.3298331890000554,-1
cpu,SS,1048576,64,256,0.7,734003,7,0.30805232600005183,-1
cpu,DS,1048576,64,256,0.7,734003,7,0.057298473000173544,-1
cpu,DS,1048576,64,256,0.7,734003,8,0.05487576399991667,-1
cpu,SS,1048576,64,256,0.7,734003,8,0.3789865600001576,-1
cpu,SS,1048576,64,256,0.7,734003,9,0.3109645529998488,-1
cpu,DS,1048576,64,256,0.7,734003,9,0.05541426300032981,-1
cpu,DS,1048576,64,256,0.7,734003,10,0.05638393199978964,-1
cpu,SS,1048576,64,256,0.7,734003,10,0.3149079179997898,-1
cpu,SS,1048576,64,256,0.7,734003,11,0.3142129139996541,-1
cpu,DS,1048576,64,256,0.7,734003,11,0.05505549200006499,-1
cpu,DS,1048576,64,256,0.7,734003,12,0.05463729899975078,-1
cpu,SS,1048576,64,256,0.7,734003,12,0.30802842100001726,-1
cpu,SS,1048576,64,256,0.7,734003,13,0.3079316299999846,-1
cpu,DS,1048576,64,256,0.7,734003,13,0.04613635300029273,-1
cpu,DS,1048576,64,256,0.7,734003,14,0.05035838399999193,-1
cpu,SS,1048576,64,256,0.7,734003,14,0.30956839800001035,-1
gpu,DS,1048576,64,256,0.7,734003,0,0.0025970559120178224,1005
gpu,SS,1048576,64,256,0.7,734003,0,0.018324800491333008,1005
gpu,SS,1048576,64,256,0.7,734003,1,0.01816364860534668,1005
gpu,DS,1048576,64,256,0.7,734003,1,0.0025962240695953367,1005
gpu,DS,1048576,64,256,0.7,734003,2,0.0024885439872741697,1005
gpu,SS,1048576,64,256,0.7,734003,2,0.01591308784484863,1005
gpu,SS,1048576,64,256,0.7,734003,3,0.019193439483642577,1005
gpu,DS,1048576,64,256,0.7,734003,3,0.0025538558959960936,1005
gpu,DS,1048576,64,256,0.7,734003,4,0.0024427518844604493,1005
gpu,SS,1048576,64,256,0.7,734003,4,0.016034336090087892,1005
gpu,SS,1048576,64,256,0.7,734003,5,0.012637344360351563,1005
gpu,DS,1048576,64,256,0.7,734003,5,0.0025902080535888674,1755
gpu,DS,1048576,64,256,0.7,734003,6,0.0032124478816986084,1755
gpu,SS,1048576,64,256,0.7,734003,6,0.010665984153747558,1755
gpu,SS,1048576,64,256,0.7,734003,7,0.009097375869750977,1800
gpu,DS,1048576,64,256,0.7,734003,7,0.002590559959411621,1815
gpu,DS,1048576,64,256,0.7,734003,8,0.002590719938278198,1815
gpu,SS,1048576,64,256,0.7,734003,8,0.008995295524597168,1815
gpu,SS,1048576,64,256,0.7,734003,9,0.008962047576904298,1830
gpu,DS,1048576,64,256,0.7,734003,9,0.002663264036178589,1830
gpu,DS,1048576,64,256,0.7,734003,10,0.002555743932723999,1830
gpu,SS,1048576,64,256,0.7,734003,10,0.008941951751708985,1830
gpu,SS,1048576,64,256,0.7,734003,11,0.00958364772796631,1830
gpu,DS,1048576,64,256,0.7,734003,11,0.0025862081050872805,1830
gpu,DS,1048576,64,256,0.7,734003,12,0.003921504020690918,1830
gpu,SS,1048576,64,256,0.7,734003,12,0.008924991607666015,1830
gpu,SS,1048576,64,256,0.7,734003,13,0.008943615913391113,1830
gpu,DS,1048576,64,256,0.7,734003,13,0.0025694398880004884,1830
gpu,DS,1048576,64,256,0.7,734003,14,0.002660032033920288,1845
gpu,SS,1048576,64,256,0.7,734003,14,0.009005087852478028,1845
cpu,DS,1048576,64,256,1.0,1048576,0,0.05501782900000762,-1
cpu,SS,1048576,64,256,1.0,1048576,0,0.45488427400005094,-1
cpu,SS,1048576,64,256,1.0,1048576,1,0.4401185339997937,-1
cpu,DS,1048576,64,256,1.0,1048576,1,0.05605326199975025,-1
cpu,DS,1048576,64,256,1.0,1048576,2,0.053757883999878686,-1
cpu,SS,1048576,64,256,1.0,1048576,2,0.42467213199961407,-1
cpu,SS,1048576,64,256,1.0,1048576,3,0.43131931000016266,-1
cpu,DS,1048576,64,256,1.0,1048576,3,0.05224366699985694,-1
cpu,DS,1048576,64,256,1.0,1048576,4,0.06065172500029803,-1
cpu,SS,1048576,64,256,1.0,1048576,4,0.43746206500009066,-1
cpu,SS,1048576,64,256,1.0,1048576,5,0.4651397600000564,-1
cpu,DS,1048576,64,256,1.0,1048576,5,0.058603765000043495,-1
cpu,DS,1048576,64,256,1.0,1048576,6,0.06276890300023297,-1
cpu,SS,1048576,64,256,1.0,1048576,6,0.4606973929999185,-1
cpu,SS,1048576,64,256,1.0,1048576,7,0.43346023399999467,-1
cpu,DS,1048576,64,256,1.0,1048576,7,0.05643801699989126,-1
cpu,DS,1048576,64,256,1.0,1048576,8,0.055462766000346164,-1
cpu,SS,1048576,64,256,1.0,1048576,8,0.44228158499981873,-1
cpu,SS,1048576,64,256,1.0,1048576,9,0.45223584899986236,-1
cpu,DS,1048576,64,256,1.0,1048576,9,0.05858037100006186,-1
cpu,DS,1048576,64,256,1.0,1048576,10,0.055260517000078835,-1
cpu,SS,1048576,64,256,1.0,1048576,10,0.4554648260000249,-1
cpu,SS,1048576,64,256,1.0,1048576,11,0.423373305000041,-1
cpu,DS,1048576,64,256,1.0,1048576,11,0.05729299899985563,-1
cpu,DS,1048576,64,256,1.0,1048576,12,0.05537488800018764,-1
cpu,SS,1048576,64,256,1.0,1048576,12,0.5211614840000038,-1
cpu,SS,1048576,64,256,1.0,1048576,13,0.4372296029996505,-1
cpu,DS,1048576,64,256,1.0,1048576,13,0.049737822000224696,-1
cpu,DS,1048576,64,256,1.0,1048576,14,0.05799404499975935,-1
cpu,SS,1048576,64,256,1.0,1048576,14,0.43352222400017126,-1
gpu,DS,1048576,64,256,1.0,1048576,0,0.003299328088760376,1005
gpu,SS,1048576,64,256,1.0,1048576,0,0.026685728073120116,1005
gpu,SS,1048576,64,256,1.0,1048576,1,0.029849599838256836,1005
gpu,DS,1048576,64,256,1.0,1048576,1,0.003958816051483154,1005
gpu,DS,1048576,64,256,1.0,1048576,2,0.005225535869598389,1005
gpu,SS,1048576,64,256,1.0,1048576,2,0.02108233642578125,1005
gpu,SS,1048576,64,256,1.0,1048576,3,0.015595808029174804,1785
gpu,DS,1048576,64,256,1.0,1048576,3,0.003063711881637573,1830
gpu,DS,1048576,64,256,1.0,1048576,4,0.0026465280055999758,1830
gpu,SS,1048576,64,256,1.0,1048576,4,0.01756675148010254,1830
gpu,SS,1048576,64,256,1.0,1048576,5,0.014594400405883789,1830
gpu,DS,1048576,64,256,1.0,1048576,5,0.0029245760440826415,1830
gpu,DS,1048576,64,256,1.0,1048576,6,0.0027562880516052244,1830
gpu,SS,1048576,64,256,1.0,1048576,6,0.015188544273376466,1830
gpu,SS,1048576,64,256,1.0,1048576,7,0.01617305564880371,1830
gpu,DS,1048576,64,256,1.0,1048576,7,0.0028272640705108644,1845
gpu,DS,1048576,64,256,1.0,1048576,8,0.0029833920001983644,1845
gpu,SS,1048576,64,256,1.0,1048576,8,0.015800992012023927,1845
gpu,SS,1048576,64,256,1.0,1048576,9,0.015093536376953124,1845
gpu,DS,1048576,64,256,1.0,1048576,9,0.003403775930404663,1845
gpu,DS,1048576,64,256,1.0,1048576,10,0.003271359920501709,1845
gpu,SS,1048576,64,256,1.0,1048576,10,0.015652128219604492,1845
gpu,SS,1048576,64,256,1.0,1048576,11,0.014435903549194336,1845
gpu,DS,1048576,64,256,1.0,1048576,11,0.0028235518932342527,1845
gpu,DS,1048576,64,256,1.0,1048576,12,0.00288156795501709,1845
gpu,SS,1048576,64,256,1.0,1048576,12,0.015668736457824708,1845
gpu,SS,1048576,64,256,1.0,1048576,13,0.01588271999359131,1740
gpu,DS,1048576,64,256,1.0,1048576,13,0.003131392002105713,1695
gpu,DS,1048576,64,256,1.0,1048576,14,0.0050421757698059086,1710
gpu,SS,1048576,64,256,1.0,1048576,14,0.016004287719726562,1710
cpu,DS,1048576,64,0,0.0001,105,0,0.08185321700011627,-1
cpu,SS,1048576,64,0,0.0001,105,0,0.00022945799992157845,-1
cpu,SS,1048576,64,0,0.0001,105,1,0.0002188119997299509,-1
cpu,DS,1048576,64,0,0.0001,105,1,0.09921071900043898,-1
cpu,DS,1048576,64,0,0.0001,105,2,0.07915295700013303,-1
cpu,SS,1048576,64,0,0.0001,105,2,0.00023696600010225666,-1
cpu,SS,1048576,64,0,0.0001,105,3,0.00030065200007811654,-1
cpu,DS,1048576,64,0,0.0001,105,3,0.08318975500014858,-1
cpu,DS,1048576,64,0,0.0001,105,4,0.09576695499981724,-1
cpu,SS,1048576,64,0,0.0001,105,4,0.00025169999980789726,-1
cpu,SS,1048576,64,0,0.0001,105,5,0.00020617000018319231,-1
cpu,DS,1048576,64,0,0.0001,105,5,0.08591900700002952,-1
cpu,DS,1048576,64,0,0.0001,105,6,0.09989158200005477,-1
cpu,SS,1048576,64,0,0.0001,105,6,0.0002343999999538937,-1
cpu,SS,1048576,64,0,0.0001,105,7,0.00026842900024348637,-1
cpu,DS,1048576,64,0,0.0001,105,7,0.08638105900035953,-1
cpu,DS,1048576,64,0,0.0001,105,8,0.10205327200037573,-1
cpu,SS,1048576,64,0,0.0001,105,8,0.0002472870000929106,-1
cpu,SS,1048576,64,0,0.0001,105,9,0.00021345099958125502,-1
cpu,DS,1048576,64,0,0.0001,105,9,0.09504914900026051,-1
cpu,DS,1048576,64,0,0.0001,105,10,0.09050505699997302,-1
cpu,SS,1048576,64,0,0.0001,105,10,0.0003076460002375825,-1
cpu,SS,1048576,64,0,0.0001,105,11,0.00019190100010746391,-1
cpu,DS,1048576,64,0,0.0001,105,11,0.09975198900019677,-1
cpu,DS,1048576,64,0,0.0001,105,12,0.08488532599994869,-1
cpu,SS,1048576,64,0,0.0001,105,12,0.00025840399985099793,-1
cpu,SS,1048576,64,0,0.0001,105,13,0.0002393889999439125,-1
cpu,DS,1048576,64,0,0.0001,105,13,0.103820423000343,-1
cpu,DS,1048576,64,0,0.0001,105,14,0.0729937119999704,-1
cpu,SS,1048576,64,0,0.0001,105,14,0.0003343640000821324,-1
gpu,DS,1048576,64,0,0.0001,105,0,0.01550102424621582,1005
gpu,SS,1048576,64,0,0.0001,105,0,0.00019251200556755067,1005
gpu,SS,1048576,64,0,0.0001,105,1,0.000125791996717453,1005
gpu,DS,1048576,64,0,0.0001,105,1,0.01572505569458008,1005
gpu,DS,1048576,64,0,0.0001,105,2,0.017815359115600587,1005
gpu,SS,1048576,64,0,0.0001,105,2,0.0002887679934501648,1005
gpu,SS,1048576,64,0,0.0001,105,3,0.0002125760018825531,1005
gpu,DS,1048576,64,0,0.0001,105,3,0.016697343826293946,1005
gpu,DS,1048576,64,0,0.0001,105,4,0.015832672119140623,1005
gpu,SS,1048576,64,0,0.0001,105,4,0.00023148800432682039,1005
gpu,SS,1048576,64,0,0.0001,105,5,0.00026022401452064514,1005
gpu,DS,1048576,64,0,0.0001,105,5,0.015636287689208984,1005
gpu,DS,1048576,64,0,0.0001,105,6,0.019052928924560546,1005
gpu,SS,1048576,64,0,0.0001,105,6,0.0002895680069923401,1005
gpu,SS,1048576,64,0,0.0001,105,7,0.0005585600137710571,1005
gpu,DS,1048576,64,0,0.0001,105,7,0.01557091236114502,1005
gpu,DS,1048576,64,0,0.0001,105,8,0.015525888442993165,1005
gpu,SS,1048576,64,0,0.0001,105,8,0.0008110399842262268,1005
gpu,SS,1048576,64,0,0.0001,105,9,0.0002027519941329956,1005
gpu,DS,1048576,64,0,0.0001,105,9,0.01725654411315918,1005
gpu,DS,1048576,64,0,0.0001,105,10,0.018344064712524415,1005
gpu,SS,1048576,64,0,0.0001,105,10,0.00037270399928092954,1005
gpu,SS,1048576,64,0,0.0001,105,11,0.00037529599666595456,1005
gpu,DS,1048576,64,0,0.0001,105,11,0.01775823974609375,1005
gpu,DS,1048576,64,0,0.0001,105,12,0.0173035831451416,1005
gpu,SS,1048576,64,0,0.0001,105,12,0.0003703359961509705,1005
gpu,SS,1048576,64,0,0.0001,105,13,0.0002811520099639893,1005
gpu,DS,1048576,64,0,0.0001,105,13,0.018939456939697265,1005
gpu,DS,1048576,64,0,0.0001,105,14,0.016030368804931642,1005
gpu,SS,1048576,64,0,0.0001,105,14,0.00026099199056625367,1005
cpu,DS,1048576,64,0,0.0003,315,0,0.10622678499976246,-1
cpu,SS,1048576,64,0,0.0003,315,0,0.0005293639997034916,-1
cpu,SS,1048576,64,0,0.0003,315,1,0.0004567300002236152,-1
cpu,DS,1048576,64,0,0.0003,315,1,0.11160503199971572,-1
cpu,DS,1048576,64,0,0.0003,315,2,0.10958172699974966,-1
cpu,SS,1048576,64,0,0.0003,315,2,0.0010267930001646164,-1
cpu,SS,1048576,64,0,0.0003,315,3,0.0006661590000476281,-1
cpu,DS,1048576,64,0,0.0003,315,3,0.11000506300024426,-1
cpu,DS,1048576,64,0,0.0003,315,4,0.09801293100008479,-1
cpu,SS,1048576,64,0,0.0003,315,4,0.0005591570002252411,-1
cpu,SS,1048576,64,0,0.0003,315,5,0.00046578599994973047,-1
cpu,DS,1048576,64,0,0.0003,315,5,0.09386895699981324,-1
cpu,DS,1048576,64,0,0.0003,315,6,0.11466788500001712,-1
cpu,SS,1048576,64,0,0.0003,315,6,0.0005778510003437987,-1
cpu,SS,1048576,64,0,0.0003,315,7,0.0005699640000784711,-1
cpu,DS,1048576,64,0,0.0003,315,7,0.11964324300015505,-1
cpu,DS,1048576,64,0,0.0003,315,8,0.11704315799988763,-1
cpu,SS,1048576,64,0,0.0003,315,8,0.0005281959997773811,-1
cpu,SS,1048576,64,0,0.0003,315,9,0.000496259999636095,-1
cpu,DS,1048576,64,0,0.0003,315,9,0.11080061800021213,-1
cpu,DS,1048576,64,0,0.0003,315,10,0.10201855200011778,-1
cpu,SS,1048576,64,0,0.0003,315,10,0.0005577940000875969,-1
cpu,SS,1048576,64,0,0.0003,315,11,0.000491489000069123,-1
cpu,DS,1048576,64,0,0.0003,315,11,0.1170032390000415,-1
cpu,DS,1048576,64,0,0.0003,315,12,0.1425296380002692,-1
cpu,SS,1048576,64,0,0.0003,315,12,0.0006728769999426731,-1
cpu,SS,1048576,64,0,0.0003,315,13,0.0005626629999824218,-1
cpu,DS,1048576,64,0,0.0003,315,13,0.11128850400018564,-1
cpu,DS,1048576,64,0,0.0003,315,14,0.10811056900001859,-1
cpu,SS,1048576,64,0,0.0003,315,14,0.0005127149997861125,-1
gpu,DS,1048576,64,0,0.0003,315,0,0.016707584381103514,1650
gpu,SS,1048576,64,0,0.0003,315,0,0.0008353919982910156,1650
gpu,SS,1048576,64,0,0.0003,315,1,0.00026585599780082705,1650
gpu,DS,1048576,64,0,0.0003,315,1,0.01579206371307373,1650
gpu,DS,1048576,64,0,0.0003,315,2,0.01656438446044922,1650
gpu,SS,1048576,64,0,0.0003,315,2,0.00034246399998664854,1650
gpu,SS,1048576,64,0,0.0003,315,3,0.00026009601354599,1650
gpu,DS,1048576,64,0,0.0003,315,3,0.01624019241333008,1650
gpu,DS,1048576,64,0,0.0003,315,4,0.017140352249145507,1650
gpu,SS,1048576,64,0,0.0003,315,4,0.0003218879997730255,1650
gpu,SS,1048576,64,0,0.0003,315,5,0.00036022400856018064,1650
gpu,DS,1048576,64,0,0.0003,315,5,0.015028223991394044,1650
gpu,DS,1048576,64,0,0.0003,315,6,0.01600307273864746,1650
gpu,SS,1048576,64,0,0.0003,315,6,0.00025360000133514406,1650
gpu,SS,1048576,64,0,0.0003,315,7,0.00022752000391483307,1650
gpu,DS,1048576,64,0,0.0003,315,7,0.015706111907958984,1650
gpu,DS,1048576,64,0,0.0003,315,8,0.016917728424072267,1830
gpu,SS,1048576,64,0,0.0003,315,8,0.0004174720048904419,1830
gpu,SS,1048576,64,0,0.0003,315,9,0.00018534399569034577,1830
gpu,DS,1048576,64,0,0.0003,315,9,0.01574995231628418,1830
gpu,DS,1048576,64,0,0.0003,315,10,0.01740665626525879,1830
gpu,SS,1048576,64,0,0.0003,315,10,0.00036262398958206176,1665
gpu,SS,1048576,64,0,0.0003,315,11,0.00029606398940086365,1665
gpu,DS,1048576,64,0,0.0003,315,11,0.015339776039123535,1665
gpu,DS,1048576,64,0,0.0003,315,12,0.017575904846191405,1605
gpu,SS,1048576,64,0,0.0003,315,12,0.00034508800506591797,1650
gpu,SS,1048576,64,0,0.0003,315,13,0.0002828159928321838,1650
gpu,DS,1048576,64,0,0.0003,315,13,0.01700864028930664,1650
gpu,DS,1048576,64,0,0.0003,315,14,0.016742399215698242,1680
gpu,SS,1048576,64,0,0.0003,315,14,0.0003788799941539764,1635
cpu,DS,1048576,64,0,0.001,1049,0,0.12383395100005146,-1
cpu,SS,1048576,64,0,0.001,1049,0,0.001523832000202674,-1
cpu,SS,1048576,64,0,0.001,1049,1,0.0013861600000382168,-1
cpu,DS,1048576,64,0,0.001,1049,1,0.11728763700011768,-1
cpu,DS,1048576,64,0,0.001,1049,2,0.1186444909999409,-1
cpu,SS,1048576,64,0,0.001,1049,2,0.0013581189996330068,-1
cpu,SS,1048576,64,0,0.001,1049,3,0.0013058350000392238,-1
cpu,DS,1048576,64,0,0.001,1049,3,0.1054205200002798,-1
cpu,DS,1048576,64,0,0.001,1049,4,0.10650826200026131,-1
cpu,SS,1048576,64,0,0.001,1049,4,0.0013594830002148228,-1
cpu,SS,1048576,64,0,0.001,1049,5,0.0016211950000979414,-1
cpu,DS,1048576,64,0,0.001,1049,5,0.10759512799995719,-1
cpu,DS,1048576,64,0,0.001,1049,6,0.11136181899973963,-1
cpu,SS,1048576,64,0,0.001,1049,6,0.0013019410002925724,-1
cpu,SS,1048576,64,0,0.001,1049,7,0.0012795480001841497,-1
cpu,DS,1048576,64,0,0.001,1049,7,0.09900752899966392,-1
cpu,DS,1048576,64,0,0.001,1049,8,0.1545170300000791,-1
cpu,SS,1048576,64,0,0.001,1049,8,0.0013787160000902077,-1
cpu,SS,1048576,64,0,0.001,1049,9,0.0013691600001948245,-1
cpu,DS,1048576,64,0,0.001,1049,9,0.09955091199981325,-1
cpu,DS,1048576,64,0,0.001,1049,10,0.1166951599998356,-1
cpu,SS,1048576,64,0,0.001,1049,10,0.0013368869999794697,-1
cpu,SS,1048576,64,0,0.001,1049,11,0.0012150050001764612,-1
cpu,DS,1048576,64,0,0.001,1049,11,0.10946762499997931,-1
cpu,DS,1048576,64,0,0.001,1049,12,0.10429139500001838,-1
cpu,SS,1048576,64,0,0.001,1049,12,0.0013010049997319584,-1
cpu,SS,1048576,64,0,0.001,1049,13,0.0015318959999603976,-1
cpu,DS,1048576,64,0,0.001,1049,13,0.1221991050001634,-1
cpu,DS,1048576,64,0,0.001,1049,14,0.11790207299964095,-1
cpu,SS,1048576,64,0,0.001,1049,14,0.0015826959997866652,-1
gpu,DS,1048576,64,0,0.001,1049,0,0.015695648193359377,1005
gpu,SS,1048576,64,0,0.001,1049,0,0.00028521600365638734,1005
gpu,SS,1048576,64,0,0.001,1049,1,0.0003973119854927063,1005
gpu,DS,1048576,64,0,0.001,1049,1,0.017993471145629884,1005
gpu,DS,1048576,64,0,0.001,1049,2,0.016567712783813478,1005
gpu,SS,1048576,64,0,0.001,1049,2,0.0005795199871063232,1005
gpu,SS,1048576,64,0,0.001,1049,3,0.0002864640057086945,1005
gpu,DS,1048576,64,0,0.001,1049,3,0.01710006332397461,1005
gpu,DS,1048576,64,0,0.001,1049,4,0.01660963249206543,1005
gpu,SS,1048576,64,0,0.001,1049,4,0.0004227519929409027,1335
gpu,SS,1048576,64,0,0.001,1049,5,0.0003881919980049133,1335
gpu,DS,1048576,64,0,0.001,1049,5,0.015704863548278807,1335
gpu,DS,1048576,64,0,0.001,1049,6,0.016242464065551757,1500
gpu,SS,1048576,64,0,0.001,1049,6,0.0002611519992351532,1515
gpu,SS,1048576,64,0,0.001,1049,7,0.00036259201169013976,1515
gpu,DS,1048576,64,0,0.001,1049,7,0.015190655708312989,1515
gpu,DS,1048576,64,0,0.001,1049,8,0.01531289577484131,1515
gpu,SS,1048576,64,0,0.001,1049,8,0.00039936000108718874,1470
gpu,SS,1048576,64,0,0.001,1049,9,0.0003617919981479645,1470
gpu,DS,1048576,64,0,0.001,1049,9,0.016974464416503906,1470
gpu,DS,1048576,64,0,0.001,1049,10,0.02053430366516113,1260
gpu,SS,1048576,64,0,0.001,1049,10,0.00042976000905036924,1155
gpu,SS,1048576,64,0,0.001,1049,11,0.0004541760087013245,1155
gpu,DS,1048576,64,0,0.001,1049,11,0.015558560371398926,1110
gpu,DS,1048576,64,0,0.001,1049,12,0.017141759872436522,1170
gpu,SS,1048576,64,0,0.001,1049,12,0.0006336320042610169,1170
gpu,SS,1048576,64,0,0.001,1049,13,0.0006533120274543762,1170
gpu,DS,1048576,64,0,0.001,1049,13,0.016232511520385743,1170
gpu,DS,1048576,64,0,0.001,1049,14,0.017437248229980468,1185
gpu,SS,1048576,64,0,0.001,1049,14,0.0006758400201797485,1140
cpu,DS,1048576,64,0,0.003,3146,0,0.10773594300007971,-1
cpu,SS,1048576,64,0,0.003,3146,0,0.00388419699993392,-1
cpu,SS,1048576,64,0,0.003,3146,1,0.003690649999953166,-1
cpu,DS,1048576,64,0,0.003,3146,1,0.1657165139999961,-1
cpu,DS,1048576,64,0,0.003,3146,2,0.11063270900012867,-1
cpu,SS,1048576,64,0,0.003,3146,2,0.0038228660000640957,-1
cpu,SS,1048576,64,0,0.003,3146,3,0.0045459600000867795,-1
cpu,DS,1048576,64,0,0.003,3146,3,0.10847375999992437,-1
cpu,DS,1048576,64,0,0.003,3146,4,0.14022040600002583,-1
cpu,SS,1048576,64,0,0.003,3146,4,0.02998132299990175,-1
cpu,SS,1048576,64,0,0.003,3146,5,0.006122026999946684,-1
cpu,DS,1048576,64,0,0.003,3146,5,0.11852034999992611,-1
cpu,DS,1048576,64,0,0.003,3146,6,0.09976298499987024,-1
cpu,SS,1048576,64,0,0.003,3146,6,0.0034822819998225896,-1
cpu,SS,1048576,64,0,0.003,3146,7,0.0034382100002403604,-1
cpu,DS,1048576,64,0,0.003,3146,7,0.09741019700004472,-1
cpu,DS,1048576,64,0,0.003,3146,8,0.11076911800000744,-1
cpu,SS,1048576,64,0,0.003,3146,8,0.003842952000013611,-1
cpu,SS,1048576,64,0,0.003,3146,9,0.0046069990003161365,-1
cpu,DS,1048576,64,0,0.003,3146,9,0.1067004429996814,-1
cpu,DS,1048576,64,0,0.003,3146,10,0.10076269999990473,-1
cpu,SS,1048576,64,0,0.003,3146,10,0.0037599749998662446,-1
cpu,SS,1048576,64,0,0.003,3146,11,0.0033388530000593164,-1
cpu,DS,1048576,64,0,0.003,3146,11,0.0965167620001921,-1
cpu,DS,1048576,64,0,0.003,3146,12,0.10313781700006075,-1
cpu,SS,1048576,64,0,0.003,3146,12,0.00354751299983036,-1
cpu,SS,1048576,64,0,0.003,3146,13,0.0032446630002596066,-1
cpu,DS,1048576,64,0,0.003,3146,13,0.11064372700002423,-1
cpu,DS,1048576,64,0,0.003,3146,14,0.11041790600029344,-1
cpu,SS,1048576,64,0,0.003,3146,14,0.0039131560001806065,-1
gpu,DS,1048576,64,0,0.003,3146,0,0.01835411262512207,1005
gpu,SS,1048576,64,0,0.003,3146,0,0.0010102399587631225,1005
gpu,SS,1048576,64,0,0.003,3146,1,0.0010102399587631225,1005
gpu,DS,1048576,64,0,0.003,3146,1,0.018268447875976562,1005
gpu,DS,1048576,64,0,0.003,3146,2,0.017258495330810548,1005
gpu,SS,1048576,64,0,0.003,3146,2,0.0009618560075759887,1005
gpu,SS,1048576,64,0,0.003,3146,3,0.000886784017086029,1305
gpu,DS,1048576,64,0,0.003,3146,3,0.015982848167419433,1305
gpu,DS,1048576,64,0,0.003,3146,4,0.01515932846069336,1470
gpu,SS,1048576,64,0,0.003,3146,4,0.0009031999707221985,1470
gpu,SS,1048576,64,0,0.003,3146,5,0.0008436480164527893,1470
gpu,DS,1048576,64,0,0.003,3146,5,0.01698406410217285,1470
gpu,DS,1048576,64,0,0.003,3146,6,0.016699071884155273,1470
gpu,SS,1048576,64,0,0.003,3146,6,0.0009742720127105713,1455
gpu,SS,1048576,64,0,0.003,3146,7,0.0012375680208206177,1470
gpu,DS,1048576,64,0,0.003,3146,7,0.01595084762573242,1605
gpu,DS,1048576,64,0,0.003,3146,8,0.01563683223724365,1605
gpu,SS,1048576,64,0,0.003,3146,8,0.0010542720556259155,1005
gpu,SS,1048576,64,0,0.003,3146,9,0.0009932799935340882,1005
gpu,DS,1048576,64,0,0.003,3146,9,0.015748991966247558,1005
gpu,DS,1048576,64,0,0.003,3146,10,0.018714303970336913,1005
gpu,SS,1048576,64,0,0.003,3146,10,0.0014725120067596434,1005
gpu,SS,1048576,64,0,0.003,3146,11,0.0008347839713096619,1005
gpu,DS,1048576,64,0,0.003,3146,11,0.017975744247436524,1005
gpu,DS,1048576,64,0,0.003,3146,12,0.016746496200561522,1005
gpu,SS,1048576,64,0,0.003,3146,12,0.0010922240018844604,1005
gpu,SS,1048576,64,0,0.003,3146,13,0.00104038405418396,1005
gpu,DS,1048576,64,0,0.003,3146,13,0.019007680892944336,1005
gpu,DS,1048576,64,0,0.003,3146,14,0.015566431999206543,1005
gpu,SS,1048576,64,0,0.003,3146,14,0.0010768320560455322,1005
cpu,DS,1048576,64,0,0.01,10486,0,0.11927445099991019,-1
cpu,SS,1048576,64,0,0.01,10486,0,0.010409795000214217,-1
cpu,SS,1048576,64,0,0.01,10486,1,0.011375773000054323,-1
cpu,DS,1048576,64,0,0.01,10486,1,0.11632074200042553,-1
cpu,DS,1048576,64,0,0.01,10486,2,0.1278154709998489,-1
cpu,SS,1048576,64,0,0.01,10486,2,0.0113669000002119,-1
cpu,SS,1048576,64,0,0.01,10486,3,0.010433682999973826,-1
cpu,DS,1048576,64,0,0.01,10486,3,0.11109390700039512,-1
cpu,DS,1048576,64,0,0.01,10486,4,0.11225499199963451,-1
cpu,SS,1048576,64,0,0.01,10486,4,0.011119628999949782,-1
cpu,SS,1048576,64,0,0.01,10486,5,0.010532065000006696,-1
cpu,DS,1048576,64,0,0.01,10486,5,0.09543290000010529,-1
cpu,DS,1048576,64,0,0.01,10486,6,0.10969100900001649,-1
cpu,SS,1048576,64,0,0.01,10486,6,0.011907076999705168,-1
cpu,SS,1048576,64,0,0.01,10486,7,0.012680386000283761,-1
cpu,DS,1048576,64,0,0.01,10486,7,0.11527393200003644,-1
cpu,DS,1048576,64,0,0.01,10486,8,0.09410020499990424,-1
cpu,SS,1048576,64,0,0.01,10486,8,0.011923945000035019,-1
cpu,SS,1048576,64,0,0.01,10486,9,0.010681345000193687,-1
cpu,DS,1048576,64,0,0.01,10486,9,0.12025944400011213,-1
cpu,DS,1048576,64,0,0.01,10486,10,0.1198937039998782,-1
cpu,SS,1048576,64,0,0.01,10486,10,0.011127623999982461,-1
cpu,SS,1048576,64,0,0.01,10486,11,0.013737531999595376,-1
cpu,DS,1048576,64,0,0.01,10486,11,0.1802687950003019,-1
cpu,DS,1048576,64,0,0.01,10486,12,0.11944576600035361,-1
cpu,SS,1048576,64,0,0.01,10486,12,0.011725913000191213,-1
cpu,SS,1048576,64,0,0.01,10486,13,0.01265718000013294,-1
cpu,DS,1048576,64,0,0.01,10486,13,0.13814414099988426,-1
cpu,DS,1048576,64,0,0.01,10486,14,0.09578420900015772,-1
cpu,SS,1048576,64,0,0.01,10486,14,0.011274953000338428,-1
gpu,DS,1048576,64,0,0.01,10486,0,0.016326528549194336,1005
gpu,SS,1048576,64,0,0.01,10486,0,0.004013472080230713,1410
gpu,SS,1048576,64,0,0.01,10486,1,0.002451456069946289,1410
gpu,DS,1048576,64,0,0.01,10486,1,0.015130911827087402,1410
gpu,DS,1048576,64,0,0.01,10486,2,0.01695955276489258,1560
gpu,SS,1048576,64,0,0.01,10486,2,0.0032506558895111083,1605
gpu,SS,1048576,64,0,0.01,10486,3,0.0024172799587249758,1605
gpu,DS,1048576,64,0,0.01,10486,3,0.015165216445922851,1605
gpu,DS,1048576,64,0,0.01,10486,4,0.01666377639770508,1620
gpu,SS,1048576,64,0,0.01,10486,4,0.0024333119392395018,1620
gpu,SS,1048576,64,0,0.01,10486,5,0.0031177279949188234,1620
gpu,DS,1048576,64,0,0.01,10486,5,0.016941055297851563,1620
gpu,DS,1048576,64,0,0.01,10486,6,0.015071231842041016,1635
gpu,SS,1048576,64,0,0.01,10486,6,0.0024995839595794676,1575
gpu,SS,1048576,64,0,0.01,10486,7,0.0024127678871154784,1575
gpu,DS,1048576,64,0,0.01,10486,7,0.015058367729187012,1575
gpu,DS,1048576,64,0,0.01,10486,8,0.01681827163696289,1590
gpu,SS,1048576,64,0,0.01,10486,8,0.002992799997329712,1560
gpu,SS,1048576,64,0,0.01,10486,9,0.0024391679763793943,1560
gpu,DS,1048576,64,0,0.01,10486,9,0.017285120010375975,1560
gpu,DS,1048576,64,0,0.01,10486,10,0.017999872207641602,1005
gpu,SS,1048576,64,0,0.01,10486,10,0.002787328004837036,1005
gpu,SS,1048576,64,0,0.01,10486,11,0.002707456111907959,1005
gpu,DS,1048576,64,0,0.01,10486,11,0.017904096603393555,1005
gpu,DS,1048576,64,0,0.01,10486,12,0.01778892707824707,1005
gpu,SS,1048576,64,0,0.01,10486,12,0.0027604479789733885,1005
gpu,SS,1048576,64,0,0.01,10486,13,0.002695199966430664,1005
gpu,DS,1048576,64,0,0.01,10486,13,0.017209760665893553,1005
gpu,DS,1048576,64,0,0.01,10486,14,0.01541267204284668,1005
gpu,SS,1048576,64,0,0.01,10486,14,0.0026009600162506105,1005
cpu,DS,1048576,64,0,0.03,31457,0,0.09529259000009915,-1
cpu,SS,1048576,64,0,0.03,31457,0,0.02683348200025648,-1
cpu,SS,1048576,64,0,0.03,31457,1,0.027032489999783138,-1
cpu,DS,1048576,64,0,0.03,31457,1,0.09321290199977739,-1
cpu,DS,1048576,64,0,0.03,31457,2,0.10296338899979673,-1
cpu,SS,1048576,64,0,0.03,31457,2,0.027316381000218826,-1
cpu,SS,1048576,64,0,0.03,31457,3,0.027092913999695156,-1
cpu,DS,1048576,64,0,0.03,31457,3,0.09393875500018112,-1
cpu,DS,1048576,64,0,0.03,31457,4,0.08736592400009613,-1
cpu,SS,1048576,64,0,0.03,31457,4,0.028512629000033485,-1
cpu,SS,1048576,64,0,0.03,31457,5,0.0307559160000892,-1
cpu,DS,1048576,64,0,0.03,31457,5,0.10648569800014229,-1
cpu,DS,1048576,64,0,0.03,31457,6,0.11445873899992876,-1
cpu,SS,1048576,64,0,0.03,31457,6,0.028625303999888274,-1
cpu,SS,1048576,64,0,0.03,31457,7,0.030348191000030056,-1
cpu,DS,1048576,64,0,0.03,31457,7,0.09913256299978457,-1
cpu,DS,1048576,64,0,0.03,31457,8,0.10187852799981556,-1
cpu,SS,1048576,64,0,0.03,31457,8,0.027527372999884392,-1
cpu,SS,1048576,64,0,0.03,31457,9,0.027900545000193233,-1
cpu,DS,1048576,64,0,0.03,31457,9,0.10538717300005374,-1
cpu,DS,1048576,64,0,0.03,31457,10,0.1085730429999785,-1
cpu,SS,1048576,64,0,0.03,31457,10,0.027506084999913583,-1
cpu,SS,1048576,64,0,0.03,31457,11,0.02908837700033473,-1
cpu,DS,1048576,64,0,0.03,31457,11,0.10023296899998968,-1
cpu,DS,1048576,64,0,0.03,31457,12,0.1115346540000246,-1
cpu,SS,1048576,64,0,0.03,31457,12,0.02733291599997756,-1
cpu,SS,1048576,64,0,0.03,31457,13,0.02668825699993249,-1
cpu,DS,1048576,64,0,0.03,31457,13,0.09818097100014711,-1
cpu,DS,1048576,64,0,0.03,31457,14,0.11633855800027959,-1
cpu,SS,1048576,64,0,0.03,31457,14,0.027727870000035182,-1
gpu,DS,1048576,64,0,0.03,31457,0,0.016127519607543946,1005
gpu,SS,1048576,64,0,0.03,31457,0,0.008389023780822754,1230
gpu,SS,1048576,64,0,0.03,31457,1,0.006743040084838867,1260
gpu,DS,1048576,64,0,0.03,31457,1,0.016047264099121095,1350
gpu,DS,1048576,64,0,0.03,31457,2,0.017897407531738282,1380
gpu,SS,1048576,64,0,0.03,31457,2,0.00667852783203125,1365
gpu,SS,1048576,64,0,0.03,31457,3,0.006553055763244629,1365
gpu,DS,1048576,64,0,0.03,31457,3,0.018229248046875,1380
gpu,DS,1048576,64,0,0.03,31457,4,0.01532595157623291,1395
gpu,SS,1048576,64,0,0.03,31457,4,0.00662937593460083,1320
gpu,SS,1048576,64,0,0.03,31457,5,0.008140383720397949,1320
gpu,DS,1048576,64,0,0.03,31457,5,0.015168959617614747,1380
gpu,DS,1048576,64,0,0.03,31457,6,0.017543968200683595,1380
gpu,SS,1048576,64,0,0.03,31457,6,0.007192607879638672,1320
gpu,SS,1048576,64,0,0.03,31457,7,0.0066416640281677245,1320
gpu,DS,1048576,64,0,0.03,31457,7,0.017416160583496095,1380
gpu,DS,1048576,64,0,0.03,31457,8,0.016107040405273436,1380
gpu,SS,1048576,64,0,0.03,31457,8,0.00841318416595459,1380
gpu,SS,1048576,64,0,0.03,31457,9,0.007043295860290527,1005
gpu,DS,1048576,64,0,0.03,31457,9,0.015554559707641602,1005
gpu,DS,1048576,64,0,0.03,31457,10,0.01845327949523926,1005
gpu,SS,1048576,64,0,0.03,31457,10,0.007171328067779541,1005
gpu,SS,1048576,64,0,0.03,31457,11,0.007287936210632324,1005
gpu,DS,1048576,64,0,0.03,31457,11,0.01807251167297363,1005
gpu,DS,1048576,64,0,0.03,31457,12,0.017369087219238282,1005
gpu,SS,1048576,64,0,0.03,31457,12,0.007977888107299805,1005
gpu,SS,1048576,64,0,0.03,31457,13,0.007162528038024902,1005
gpu,DS,1048576,64,0,0.03,31457,13,0.017962047576904297,1005
gpu,DS,1048576,64,0,0.03,31457,14,0.01795427131652832,1005
gpu,SS,1048576,64,0,0.03,31457,14,0.007218175888061523,1005
cpu,DS,1048576,64,0,0.1,104858,0,0.10282586399989668,-1
cpu,SS,1048576,64,0,0.1,104858,0,0.07498205199999575,-1
cpu,SS,1048576,64,0,0.1,104858,1,0.07772554199982551,-1
cpu,DS,1048576,64,0,0.1,104858,1,0.08650066900008824,-1
cpu,DS,1048576,64,0,0.1,104858,2,0.11254773199971169,-1
cpu,SS,1048576,64,0,0.1,104858,2,0.07611691400006748,-1
cpu,SS,1048576,64,0,0.1,104858,3,0.07152924999991228,-1
cpu,DS,1048576,64,0,0.1,104858,3,0.0985405780002111,-1
cpu,DS,1048576,64,0,0.1,104858,4,0.09116071000016746,-1
cpu,SS,1048576,64,0,0.1,104858,4,0.0740441230000215,-1
cpu,SS,1048576,64,0,0.1,104858,5,0.07960397499982719,-1
cpu,DS,1048576,64,0,0.1,104858,5,0.09574728600000526,-1
cpu,DS,1048576,64,0,0.1,104858,6,0.11173010099992098,-1
cpu,SS,1048576,64,0,0.1,104858,6,0.07712068399996497,-1
cpu,SS,1048576,64,0,0.1,104858,7,0.07805178299986437,-1
cpu,DS,1048576,64,0,0.1,104858,7,0.10915136600033293,-1
cpu,DS,1048576,64,0,0.1,104858,8,0.10995592700010093,-1
cpu,SS,1048576,64,0,0.1,104858,8,0.07464699999991353,-1
cpu,SS,1048576,64,0,0.1,104858,9,0.07858644099997036,-1
cpu,DS,1048576,64,0,0.1,104858,9,0.10580440500007171,-1
cpu,DS,1048576,64,0,0.1,104858,10,0.0887427679999746,-1
cpu,SS,1048576,64,0,0.1,104858,10,0.07164370600003167,-1
cpu,SS,1048576,64,0,0.1,104858,11,0.08037041599982331,-1
cpu,DS,1048576,64,0,0.1,104858,11,0.10066317100017841,-1
cpu,DS,1048576,64,0,0.1,104858,12,0.08738770700028908,-1
cpu,SS,1048576,64,0,0.1,104858,12,0.06973388699998395,-1
cpu,SS,1048576,64,0,0.1,104858,13,0.07452977000002647,-1
cpu,DS,1048576,64,0,0.1,104858,13,0.1006669339999462,-1
cpu,DS,1048576,64,0,0.1,104858,14,0.09242814700019153,-1
cpu,SS,1048576,64,0,0.1,104858,14,0.08021536600017498,-1
gpu,DS,1048576,64,0,0.1,104858,0,0.014989983558654786,1800
gpu,SS,1048576,64,0,0.1,104858,0,0.020069791793823243,1815
gpu,SS,1048576,64,0,0.1,104858,1,0.01946419143676758,1830
gpu,DS,1048576,64,0,0.1,104858,1,0.01498742389678955,1830
gpu,DS,1048576,64,0,0.1,104858,2,0.01580985641479492,1830
gpu,SS,1048576,64,0,0.1,104858,2,0.02020351982116699,1830
gpu,SS,1048576,64,0,0.1,104858,3,0.019552255630493166,1845
gpu,DS,1048576,64,0,0.1,104858,3,0.01576959991455078,1755
gpu,DS,1048576,64,0,0.1,104858,4,0.016614591598510742,1680
gpu,SS,1048576,64,0,0.1,104858,4,0.02110054397583008,1590
gpu,SS,1048576,64,0,0.1,104858,5,0.018982912063598634,1605
gpu,DS,1048576,64,0,0.1,104858,5,0.016556032180786134,1665
gpu,DS,1048576,64,0,0.1,104858,6,0.015629664421081543,1740
gpu,SS,1048576,64,0,0.1,104858,6,0.020619264602661135,1665
gpu,SS,1048576,64,0,0.1,104858,7,0.01902387237548828,1605
gpu,DS,1048576,64,0,0.1,104858,7,0.016512096405029295,1695
gpu,DS,1048576,64,0,0.1,104858,8,0.015713472366333008,1695
gpu,SS,1048576,64,0,0.1,104858,8,0.024460544586181642,1005
gpu,SS,1048576,64,0,0.1,104858,9,0.02184556770324707,1005
gpu,DS,1048576,64,0,0.1,104858,9,0.01806915283203125,1005
gpu,DS,1048576,64,0,0.1,104858,10,0.018503456115722655,1005
gpu,SS,1048576,64,0,0.1,104858,10,0.02185251235961914,1005
gpu,SS,1048576,64,0,0.1,104858,11,0.023121728897094726,1005
gpu,DS,1048576,64,0,0.1,104858,11,0.017168895721435547,1005
gpu,DS,1048576,64,0,0.1,104858,12,0.018169183731079102,1005
gpu,SS,1048576,64,0,0.1,104858,12,0.02128976058959961,1005
gpu,SS,1048576,64,0,0.1,104858,13,0.023728704452514647,1005
gpu,DS,1048576,64,0,0.1,104858,13,0.01647817611694336,1005
gpu,DS,1048576,64,0,0.1,104858,14,0.01779302406311035,1005
gpu,SS,1048576,64,0,0.1,104858,14,0.022452224731445314,1005
cpu,DS,1048576,64,0,0.2,209715,0,0.09537521899983403,-1
cpu,SS,1048576,64,0,0.2,209715,0,0.137468194000121,-1
cpu,SS,1048576,64,0,0.2,209715,1,0.14158132799957457,-1
cpu,DS,1048576,64,0,0.2,209715,1,0.12415709200013225,-1
cpu,DS,1048576,64,0,0.2,209715,2,0.11469041099962851,-1
cpu,SS,1048576,64,0,0.2,209715,2,0.14448597999989943,-1
cpu,SS,1048576,64,0,0.2,209715,3,0.1518996260001586,-1
cpu,DS,1048576,64,0,0.2,209715,3,0.10490441000001738,-1
cpu,DS,1048576,64,0,0.2,209715,4,0.0814560540002276,-1
cpu,SS,1048576,64,0,0.2,209715,4,0.13913998099997116,-1
cpu,SS,1048576,64,0,0.2,209715,5,0.13928386799989312,-1
cpu,DS,1048576,64,0,0.2,209715,5,0.1075135460000638,-1
cpu,DS,1048576,64,0,0.2,209715,6,0.08833372600020084,-1
cpu,SS,1048576,64,0,0.2,209715,6,0.13237977900007536,-1
cpu,SS,1048576,64,0,0.2,209715,7,0.20026530699988143,-1
cpu,DS,1048576,64,0,0.2,209715,7,0.12962985299964203,-1
cpu,DS,1048576,64,0,0.2,209715,8,0.09807753899985983,-1
cpu,SS,1048576,64,0,0.2,209715,8,0.13513193199969464,-1
cpu,SS,1048576,64,0,0.2,209715,9,0.13736959200014098,-1
cpu,DS,1048576,64,0,0.2,209715,9,0.10035999999990963,-1
cpu,DS,1048576,64,0,0.2,209715,10,0.08673809300034918,-1
cpu,SS,1048576,64,0,0.2,209715,10,0.1426283109999531,-1
cpu,SS,1048576,64,0,0.2,209715,11,0.13453848000017388,-1
cpu,DS,1048576,64,0,0.2,209715,11,0.10227882399976806,-1
cpu,DS,1048576,64,0,0.2,209715,12,0.11444337300008556,-1
cpu,SS,1048576,64,0,0.2,209715,12,0.15145025599986184,-1
cpu,SS,1048576,64,0,0.2,209715,13,0.14491957800009914,-1
cpu,DS,1048576,64,0,0.2,209715,13,0.10147800699996878,-1
cpu,DS,1048576,64,0,0.2,209715,14,0.1090869230001772,-1
cpu,SS,1048576,64,0,0.2,209715,14,0.1449645729999247,-1
gpu,DS,1048576,64,0,0.2,209715,0,0.01574345588684082,1005
gpu,SS,1048576,64,0,0.2,209715,0,0.04121395111083984,1005
gpu,SS,1048576,64,0,0.2,209715,1,0.03844988632202148,1785
gpu,DS,1048576,64,0,0.2,209715,1,0.017068031311035157,1665
gpu,DS,1048576,64,0,0.2,209715,2,0.015425536155700683,1500
gpu,SS,1048576,64,0,0.2,209715,2,0.03909164810180664,1410
gpu,SS,1048576,64,0,0.2,209715,3,0.037894142150878905,1515
gpu,DS,1048576,64,0,0.2,209715,3,0.017598527908325196,1575
gpu,DS,1048576,64,0,0.2,209715,4,0.015689760208129882,1545
gpu,SS,1048576,64,0,0.2,209715,4,0.038932769775390626,1455
gpu,SS,1048576,64,0,0.2,209715,5,0.04295276641845703,1485
gpu,DS,1048576,64,0,0.2,209715,5,0.017355199813842773,1005
gpu,DS,1048576,64,0,0.2,209715,6,0.01690825653076172,1005
gpu,SS,1048576,64,0,0.2,209715,6,0.04290252685546875,1005
gpu,SS,1048576,64,0,0.2,209715,7,0.043154239654541016,1005
gpu,DS,1048576,64,0,0.2,209715,7,0.0203407039642334,1005
gpu,DS,1048576,64,0,0.2,209715,8,0.015716352462768556,1005
gpu,SS,1048576,64,0,0.2,209715,8,0.04283577728271484,1005
gpu,SS,1048576,64,0,0.2,209715,9,0.0413469123840332,1005
gpu,DS,1048576,64,0,0.2,209715,9,0.017964767456054687,1005
gpu,DS,1048576,64,0,0.2,209715,10,0.0174202880859375,1005
gpu,SS,1048576,64,0,0.2,209715,10,0.040681472778320314,1005
gpu,SS,1048576,64,0,0.2,209715,11,0.04607315063476562,1005
gpu,DS,1048576,64,0,0.2,209715,11,0.015623999595642089,1005
gpu,DS,1048576,64,0,0.2,209715,12,0.017120832443237304,1005
gpu,SS,1048576,64,0,0.2,209715,12,0.04515983963012695,1005
gpu,SS,1048576,64,0,0.2,209715,13,0.04494102478027344,1005
gpu,DS,1048576,64,0,0.2,209715,13,0.01571779155731201,1005
gpu,DS,1048576,64,0,0.2,209715,14,0.01925119972229004,1005
gpu,SS,1048576,64,0,0.2,209715,14,0.04350991821289062,1005
cpu,DS,1048576,64,0,0.3,314573,0,0.0920299040003556,-1
cpu,SS,1048576,64,0,0.3,314573,0,0.18924150499969983,-1
cpu,SS,1048576,64,0,0.3,314573,1,0.1831830340001943,-1
cpu,DS,1048576,64,0,0.3,314573,1,0.10552088899976297,-1
cpu,DS,1048576,64,0,0.3,314573,2,0.08546860799970091,-1
cpu,SS,1048576,64,0,0.3,314573,2,0.1836035080000329,-1
cpu,SS,1048576,64,0,0.3,314573,3,0.19197134900014134,-1
cpu,DS,1048576,64,0,0.3,314573,3,0.08825186900003246,-1
cpu,DS,1048576,64,0,0.3,314573,4,0.10143298699995285,-1
cpu,SS,1048576,64,0,0.3,314573,4,0.18429284300009385,-1
cpu,SS,1048576,64,0,0.3,314573,5,0.183605660000012,-1
cpu,DS,1048576,64,0,0.3,314573,5,0.09129591000009896,-1
cpu,DS,1048576,64,0,0.3,314573,6,0.0879808879999473,-1
cpu,SS,1048576,64,0,0.3,314573,6,0.18711736799969003,-1
cpu,SS,1048576,64,0,0.3,314573,7,0.18448307200014824,-1
cpu,DS,1048576,64,0,0.3,314573,7,0.08542088599961062,-1
cpu,DS,1048576,64,0,0.3,314573,8,0.09230722199981756,-1
cpu,SS,1048576,64,0,0.3,314573,8,0.1929698419999113,-1
cpu,SS,1048576,64,0,0.3,314573,9,0.18785601499985205,-1
cpu,DS,1048576,64,0,0.3,314573,9,0.08985894500028735,-1
cpu,DS,1048576,64,0,0.3,314573,10,0.08747205000008762,-1
cpu,SS,1048576,64,0,0.3,314573,10,0.1888616199998978,-1
cpu,SS,1048576,64,0,0.3,314573,11,0.19004360500002804,-1
cpu,DS,1048576,64,0,0.3,314573,11,0.08749927900043986,-1
cpu,DS,1048576,64,0,0.3,314573,12,0.08777035299999625,-1
cpu,SS,1048576,64,0,0.3,314573,12,0.18209542800013878,-1
cpu,SS,1048576,64,0,0.3,314573,13,0.18120725499966284,-1
cpu,DS,1048576,64,0,0.3,314573,13,0.08645147500010353,-1
cpu,DS,1048576,64,0,0.3,314573,14,0.081830016999902,-1
cpu,SS,1048576,64,0,0.3,314573,14,0.18355681599996387,-1
gpu,DS,1048576,64,0,0.3,314573,0,0.015642784118652345,1830
gpu,SS,1048576,64,0,0.3,314573,0,0.05693942260742187,1830
gpu,SS,1048576,64,0,0.3,314573,1,0.0561019515991211,1845
gpu,DS,1048576,64,0,0.3,314573,1,0.01520076847076416,1620
gpu,DS,1048576,64,0,0.3,314573,2,0.017285120010375975,1635
gpu,SS,1048576,64,0,0.3,314573,2,0.05603228759765625,1605
gpu,SS,1048576,64,0,0.3,314573,3,0.056912353515625,1650
gpu,DS,1048576,64,0,0.3,314573,3,0.015256256103515624,1680
gpu,DS,1048576,64,0,0.3,314573,4,0.017610368728637697,1170
gpu,SS,1048576,64,0,0.3,314573,4,0.06419660949707032,1005
gpu,SS,1048576,64,0,0.3,314573,5,0.06542076873779297,1005
gpu,DS,1048576,64,0,0.3,314573,5,0.015606431961059571,1050
gpu,DS,1048576,64,0,0.3,314573,6,0.01890300750732422,1050
gpu,SS,1048576,64,0,0.3,314573,6,0.06339737701416015,1005
gpu,SS,1048576,64,0,0.3,314573,7,0.0642113265991211,1065
gpu,DS,1048576,64,0,0.3,314573,7,0.016247648239135742,1080
gpu,DS,1048576,64,0,0.3,314573,8,0.01851900863647461,1065
gpu,SS,1048576,64,0,0.3,314573,8,0.06331596755981446,1005
gpu,SS,1048576,64,0,0.3,314573,9,0.06405321502685547,1065
gpu,DS,1048576,64,0,0.3,314573,9,0.017936128616333008,1080
gpu,DS,1048576,64,0,0.3,314573,10,0.015635552406311034,1050
gpu,SS,1048576,64,0,0.3,314573,10,0.06452921295166016,1005
gpu,SS,1048576,64,0,0.3,314573,11,0.062222335815429686,1065
gpu,DS,1048576,64,0,0.3,314573,11,0.017622047424316407,1080
gpu,DS,1048576,64,0,0.3,314573,12,0.015588735580444336,1080
gpu,SS,1048576,64,0,0.3,314573,12,0.06509363555908203,1005
gpu,SS,1048576,64,0,0.3,314573,13,0.06193731307983399,1065
gpu,DS,1048576,64,0,0.3,314573,13,0.019062784194946288,1095
gpu,DS,1048576,64,0,0.3,314573,14,0.017784608840942382,1080
gpu,SS,1048576,64,0,0.3,314573,14,0.06383411026000976,1005
cpu,DS,1048576,64,0,0.5,524288,0,0.08435009000004356,-1
cpu,SS,1048576,64,0,0.5,524288,0,0.3057906389999516,-1
cpu,SS,1048576,64,0,0.5,524288,1,0.3510110869997334,-1
cpu,DS,1048576,64,0,0.5,524288,1,0.10464633800029333,-1
cpu,DS,1048576,64,0,0.5,524288,2,0.09597296499987351,-1
cpu,SS,1048576,64,0,0.5,524288,2,0.30877465899993695,-1
cpu,SS,1048576,64,0,0.5,524288,3,0.29133147299990014,-1
cpu,DS,1048576,64,0,0.5,524288,3,0.08284930399986479,-1
cpu,DS,1048576,64,0,0.5,524288,4,0.10625721399992472,-1
cpu,SS,1048576,64,0,0.5,524288,4,0.30384429200012164,-1
cpu,SS,1048576,64,0,0.5,524288,5,0.3123963329999242,-1
cpu,DS,1048576,64,0,0.5,524288,5,0.0882698430000346,-1
cpu,DS,1048576,64,0,0.5,524288,6,0.0960433559998819,-1
cpu,SS,1048576,64,0,0.5,524288,6,0.3082560069997271,-1
cpu,SS,1048576,64,0,0.5,524288,7,0.28773836099981054,-1
cpu,DS,1048576,64,0,0.5,524288,7,0.08669226800020624,-1
cpu,DS,1048576,64,0,0.5,524288,8,0.0978115599996272,-1
cpu,SS,1048576,64,0,0.5,524288,8,0.28658384299978934,-1
cpu,SS,1048576,64,0,0.5,524288,9,0.29635339700007535,-1
cpu,DS,1048576,64,0,0.5,524288,9,0.07898555400015539,-1
cpu,DS,1048576,64,0,0.5,524288,10,0.08061127300015869,-1
cpu,SS,1048576,64,0,0.5,524288,10,0.3189818320001905,-1
cpu,SS,1048576,64,0,0.5,524288,11,0.301851761999842,-1
cpu,DS,1048576,64,0,0.5,524288,11,0.1036147169998003,-1
cpu,DS,1048576,64,0,0.5,524288,12,0.09728840400021,-1
cpu,SS,1048576,64,0,0.5,524288,12,0.2997147030000633,-1
cpu,SS,1048576,64,0,0.5,524288,13,0.2825338500001635,-1
cpu,DS,1048576,64,0,0.5,524288,13,0.08465931299997465,-1
cpu,DS,1048576,64,0,0.5,524288,14,0.08990415600010238,-1
cpu,SS,1048576,64,0,0.5,524288,14,0.29697557899999083,-1
gpu,DS,1048576,64,0,0.5,524288,0,0.015556608200073242,1845
gpu,SS,1048576,64,0,0.5,524288,0,0.09207548522949219,1845
gpu,SS,1048576,64,0,0.5,524288,1,0.09157923126220703,1710
gpu,DS,1048576,64,0,0.5,524288,1,0.015660991668701173,1740
gpu,DS,1048576,64,0,0.5,524288,2,0.016822463989257814,1710
gpu,SS,1048576,64,0,0.5,524288,2,0.09818710327148437,1605
gpu,SS,1048576,64,0,0.5,524288,3,0.1052091827392578,1035
gpu,DS,1048576,64,0,0.5,524288,3,0.0156364803314209,1110
gpu,DS,1048576,64,0,0.5,524288,4,0.018257856369018555,1110
gpu,SS,1048576,64,0,0.5,524288,4,0.09797833251953125,1110
gpu,SS,1048576,64,0,0.5,524288,5,0.09681708526611328,1335
gpu,DS,1048576,64,0,0.5,524288,5,0.017086463928222655,1410
gpu,DS,1048576,64,0,0.5,524288,6,0.015196096420288087,1425
gpu,SS,1048576,64,0,0.5,524288,6,0.09543084716796875,1380
gpu,SS,1048576,64,0,0.5,524288,7,0.09384873962402343,1500
gpu,DS,1048576,64,0,0.5,524288,7,0.015120384216308593,1515
gpu,DS,1048576,64,0,0.5,524288,8,0.017133792877197265,1515
gpu,SS,1048576,64,0,0.5,524288,8,0.09510320281982422,1365
gpu,SS,1048576,64,0,0.5,524288,9,0.09506857299804687,1485
gpu,DS,1048576,64,0,0.5,524288,9,0.015890336036682128,1515
gpu,DS,1048576,64,0,0.5,524288,10,0.015812671661376954,1515
gpu,SS,1048576,64,0,0.5,524288,10,0.09543270111083985,1380
gpu,SS,1048576,64,0,0.5,524288,11,0.09411436462402344,1500
gpu,DS,1048576,64,0,0.5,524288,11,0.017156831741333006,1515
gpu,DS,1048576,64,0,0.5,524288,12,0.015828031539916992,1515
gpu,SS,1048576,64,0,0.5,524288,12,0.09504668426513672,1395
gpu,SS,1048576,64,0,0.5,524288,13,0.09531839752197266,1485
gpu,DS,1048576,64,0,0.5,524288,13,0.015165696144104004,1500
gpu,DS,1048576,64,0,0.5,524288,14,0.017115968704223633,1410
gpu,SS,1048576,64,0,0.5,524288,14,0.0949642562866211,1380
cpu,DS,1048576,64,0,0.7,734003,0,0.08726063999984035,-1
cpu,SS,1048576,64,0,0.7,734003,0,0.3855693550003707,-1
cpu,SS,1048576,64,0,0.7,734003,1,0.4168643940001857,-1
cpu,DS,1048576,64,0,0.7,734003,1,0.09133342399991307,-1
cpu,DS,1048576,64,0,0.7,734003,2,0.08634240400033377,-1
cpu,SS,1048576,64,0,0.7,734003,2,0.39066926000032254,-1
cpu,SS,1048576,64,0,0.7,734003,3,0.4042884320001576,-1
cpu,DS,1048576,64,0,0.7,734003,3,0.08519614300030298,-1
cpu,DS,1048576,64,0,0.7,734003,4,0.09444998799972382,-1
cpu,SS,1048576,64,0,0.7,734003,4,0.38902107600006275,-1
cpu,SS,1048576,64,0,0.7,734003,5,0.4004471020002711,-1
cpu,DS,1048576,64,0,0.7,734003,5,0.08976143300014883,-1
cpu,DS,1048576,64,0,0.7,734003,6,0.09231943199984016,-1
cpu,SS,1048576,64,0,0.7,734003,6,0.39472627699979057,-1
cpu,SS,1048576,64,0,0.7,734003,7,0.37598294599956716,-1
cpu,DS,1048576,64,0,0.7,734003,7,0.08634482400020715,-1
cpu,DS,1048576,64,0,0.7,734003,8,0.07502452399967297,-1
cpu,SS,1048576,64,0,0.7,734003,8,0.39347872400003325,-1
cpu,SS,1048576,64,0,0.7,734003,9,0.3683461030000217,-1
cpu,DS,1048576,64,0,0.7,734003,9,0.07793018599977586,-1
cpu,DS,1048576,64,0,0.7,734003,10,0.10059350500023356,-1
cpu,SS,1048576,64,0,0.7,734003,10,0.35679297800015775,-1
cpu,SS,1048576,64,0,0.7,734003,11,0.3651832790001208,-1
cpu,DS,1048576,64,0,0.7,734003,11,0.08525810900027864,-1
cpu,DS,1048576,64,0,0.7,734003,12,0.09437242599960882,-1
cpu,SS,1048576,64,0,0.7,734003,12,0.36078213700011474,-1
cpu,SS,1048576,64,0,0.7,734003,13,0.3731376089999685,-1
cpu,DS,1048576,64,0,0.7,734003,13,0.08688556099968991,-1
cpu,DS,1048576,64,0,0.7,734003,14,0.08290517799969166,-1
cpu,SS,1048576,64,0,0.7,734003,14,0.3873529009997583,-1
gpu,DS,1048576,64,0,0.7,734003,0,0.014948351860046387,1860
gpu,SS,1048576,64,0,0.7,734003,0,0.12931292724609375,1860
gpu,SS,1048576,64,0,0.7,734003,1,0.1285609893798828,1845
gpu,DS,1048576,64,0,0.7,734003,1,0.017232511520385744,1845
gpu,DS,1048576,64,0,0.7,734003,2,0.014988767623901366,1845
gpu,SS,1048576,64,0,0.7,734003,2,0.12818841552734375,1845
gpu,SS,1048576,64,0,0.7,734003,3,0.12775011444091797,1845
gpu,DS,1048576,64,0,0.7,734003,3,0.01734239959716797,1665
gpu,DS,1048576,64,0,0.7,734003,4,0.015642623901367187,1665
gpu,SS,1048576,64,0,0.7,734003,4,0.12746652984619142,1560
gpu,SS,1048576,64,0,0.7,734003,5,0.13016268920898438,1695
gpu,DS,1048576,64,0,0.7,734003,5,0.015708319664001463,1710
gpu,DS,1048576,64,0,0.7,734003,6,0.01721891212463379,1635
gpu,SS,1048576,64,0,0.7,734003,6,0.12919830322265624,1590
gpu,SS,1048576,64,0,0.7,734003,7,0.12878656005859376,1695
gpu,DS,1048576,64,0,0.7,734003,7,0.01598291206359863,1710
gpu,DS,1048576,64,0,0.7,734003,8,0.014997759819030761,1650
gpu,SS,1048576,64,0,0.7,734003,8,0.1292711639404297,1560
gpu,SS,1048576,64,0,0.7,734003,9,0.12932920837402342,1695
gpu,DS,1048576,64,0,0.7,734003,9,0.016555904388427734,1710
gpu,DS,1048576,64,0,0.7,734003,10,0.01573036766052246,1620
gpu,SS,1048576,64,0,0.7,734003,10,0.1299251251220703,1560
gpu,SS,1048576,64,0,0.7,734003,11,0.131074951171875,1575
gpu,DS,1048576,64,0,0.7,734003,11,0.016304128646850585,1590
gpu,DS,1048576,64,0,0.7,734003,12,0.015109567642211915,1545
gpu,SS,1048576,64,0,0.7,734003,12,0.13179238891601563,1440
gpu,SS,1048576,64,0,0.7,734003,13,0.12976329040527343,1590
gpu,DS,1048576,64,0,0.7,734003,13,0.01520844841003418,1605
gpu,DS,1048576,64,0,0.7,734003,14,0.017043167114257813,1560
gpu,SS,1048576,64,0,0.7,734003,14,0.1296480255126953,1455
cpu,DS,1048576,64,0,1.0,1048576,0,0.08895159700023214,-1
cpu,SS,1048576,64,0,1.0,1048576,0,0.48468570700015334,-1
cpu,SS,1048576,64,0,1.0,1048576,1,0.4971030280003106,-1
cpu,DS,1048576,64,0,1.0,1048576,1,0.08618990200011467,-1
cpu,DS,1048576,64,0,1.0,1048576,2,0.0712845049997668,-1
cpu,SS,1048576,64,0,1.0,1048576,2,0.48495170200021676,-1
cpu,SS,1048576,64,0,1.0,1048576,3,0.4934117640000295,-1
cpu,DS,1048576,64,0,1.0,1048576,3,0.07462647500005914,-1
cpu,DS,1048576,64,0,1.0,1048576,4,0.07491665999987163,-1
cpu,SS,1048576,64,0,1.0,1048576,4,0.49465843699999823,-1
cpu,SS,1048576,64,0,1.0,1048576,5,0.5260471090000465,-1
cpu,DS,1048576,64,0,1.0,1048576,5,0.08190891200001715,-1
cpu,DS,1048576,64,0,1.0,1048576,6,0.09220066899979429,-1
cpu,SS,1048576,64,0,1.0,1048576,6,0.5095370099998036,-1
cpu,SS,1048576,64,0,1.0,1048576,7,0.5024280960001306,-1
cpu,DS,1048576,64,0,1.0,1048576,7,0.09755858500011527,-1
cpu,DS,1048576,64,0,1.0,1048576,8,0.0854840410001998,-1
cpu,SS,1048576,64,0,1.0,1048576,8,0.5211491580002985,-1
cpu,SS,1048576,64,0,1.0,1048576,9,0.4964366109998082,-1
cpu,DS,1048576,64,0,1.0,1048576,9,0.09089678800000911,-1
cpu,DS,1048576,64,0,1.0,1048576,10,0.09132421699996485,-1
cpu,SS,1048576,64,0,1.0,1048576,10,0.4757402010000078,-1
cpu,SS,1048576,64,0,1.0,1048576,11,0.509852785000021,-1
cpu,DS,1048576,64,0,1.0,1048576,11,0.09367332300007547,-1
cpu,DS,1048576,64,0,1.0,1048576,12,0.08405987400010417,-1
cpu,SS,1048576,64,0,1.0,1048576,12,0.47878152000021146,-1
cpu,SS,1048576,64,0,1.0,1048576,13,0.4948156399996151,-1
cpu,DS,1048576,64,0,1.0,1048576,13,0.07682753600010983,-1
cpu,DS,1048576,64,0,1.0,1048576,14,0.0888717060001909,-1
cpu,SS,1048576,64,0,1.0,1048576,14,0.5117236849996516,-1
gpu,DS,1048576,64,0,1.0,1048576,0,0.015891712188720705,1860
gpu,SS,1048576,64,0,1.0,1048576,0,0.1754198760986328,1860
gpu,SS,1048576,64,0,1.0,1048576,1,0.1760521240234375,1860
gpu,DS,1048576,64,0,1.0,1048576,1,0.015960479736328127,1860
gpu,DS,1048576,64,0,1.0,1048576,2,0.016275264739990233,1860
gpu,SS,1048576,64,0,1.0,1048576,2,0.17592938232421876,1860
gpu,SS,1048576,64,0,1.0,1048576,3,0.17628775024414062,1860
gpu,DS,1048576,64,0,1.0,1048576,3,0.01669209671020508,1860
gpu,DS,1048576,64,0,1.0,1048576,4,0.015746944427490233,1860
gpu,SS,1048576,64,0,1.0,1048576,4,0.1763227233886719,1860
gpu,SS,1048576,64,0,1.0,1048576,5,0.17730221557617187,1860
gpu,DS,1048576,64,0,1.0,1048576,5,0.014931967735290527,1860
gpu,DS,1048576,64,0,1.0,1048576,6,0.016787904739379883,1860
gpu,SS,1048576,64,0,1.0,1048576,6,0.1751438751220703,1860
gpu,SS,1048576,64,0,1.0,1048576,7,0.17635055541992187,1860
gpu,DS,1048576,64,0,1.0,1048576,7,0.017130399703979494,1860
gpu,DS,1048576,64,0,1.0,1048576,8,0.015626655578613282,1860
gpu,SS,1048576,64,0,1.0,1048576,8,0.17529277038574217,1860
gpu,SS,1048576,64,0,1.0,1048576,9,0.17561427307128907,1815
gpu,DS,1048576,64,0,1.0,1048576,9,0.016704191207885744,1830
gpu,DS,1048576,64,0,1.0,1048576,10,0.015874655723571777,1785
gpu,SS,1048576,64,0,1.0,1048576,10,0.1772749786376953,1710
gpu,SS,1048576,64,0,1.0,1048576,11,0.18283290100097657,1830
gpu,DS,1048576,64,0,1.0,1048576,11,0.016701663970947266,1815
gpu,DS,1048576,64,0,1.0,1048576,12,0.018537471771240235,1785
gpu,SS,1048576,64,0,1.0,1048576,12,0.177884765625,1740
gpu,SS,1048576,64,0,1.0,1048576,13,0.17738429260253907,1830
gpu,DS,1048576,64,0,1.0,1048576,13,0.015638527870178224,1830
gpu,DS,1048576,64,0,1.0,1048576,14,0.015095808029174805,1830
gpu,SS,1048576,64,0,1.0,1048576,14,0.17733091735839843,1755
