platform,mode,N,F,window,s,m,rep,time_s,sm_clock_mhz,spread,kappa
cpu,DS,524288,32,256,0.0001,52,0,0.008998158999929728,-1,1.0,1.6153846153846154
cpu,SS,524288,32,256,0.0001,52,0,0.00011194199987585307,-1,1.0,1.6153846153846154
cpu,SS,524288,32,256,0.0001,52,1,7.206000009318814e-05,-1,1.0,1.6153846153846154
cpu,DS,524288,32,256,0.0001,52,1,0.009941084000274714,-1,1.0,1.6153846153846154
cpu,DS,524288,32,256,0.0001,52,2,0.010309771000265755,-1,1.0,1.6153846153846154
cpu,SS,524288,32,256,0.0001,52,2,8.892899995771586e-05,-1,1.0,1.6153846153846154
cpu,SS,524288,32,256,0.0001,52,3,5.431399995359243e-05,-1,1.0,1.6153846153846154
cpu,DS,524288,32,256,0.0001,52,3,0.011102430999926582,-1,1.0,1.6153846153846154
cpu,DS,524288,32,256,0.0001,52,4,0.010740765999798896,-1,1.0,1.6153846153846154
cpu,SS,524288,32,256,0.0001,52,4,0.00011203900021428126,-1,1.0,1.6153846153846154
cpu,SS,524288,32,256,0.0001,52,5,7.225499984997441e-05,-1,1.0,1.6153846153846154
cpu,DS,524288,32,256,0.0001,52,5,0.00960642799964262,-1,1.0,1.6153846153846154
cpu,DS,524288,32,256,0.0001,52,6,0.00995239500025491,-1,1.0,1.6153846153846154
cpu,SS,524288,32,256,0.0001,52,6,9.380500023326022e-05,-1,1.0,1.6153846153846154
cpu,SS,524288,32,256,0.0001,52,7,0.0001185719997920387,-1,1.0,1.6153846153846154
cpu,DS,524288,32,256,0.0001,52,7,0.01037315200028388,-1,1.0,1.6153846153846154
cpu,DS,524288,32,256,0.0001,52,8,0.010318155999812006,-1,1.0,1.6153846153846154
cpu,SS,524288,32,256,0.0001,52,8,8.922200004235492e-05,-1,1.0,1.6153846153846154
cpu,SS,524288,32,256,0.0001,52,9,5.460600004880689e-05,-1,1.0,1.6153846153846154
cpu,DS,524288,32,256,0.0001,52,9,0.009062125000127708,-1,1.0,1.6153846153846154
cpu,DS,524288,32,256,0.0001,52,10,0.010973719000048732,-1,1.0,1.6153846153846154
cpu,SS,524288,32,256,0.0001,52,10,0.0001574790003360249,-1,1.0,1.6153846153846154
cpu,SS,524288,32,256,0.0001,52,11,7.15720002517628e-05,-1,1.0,1.6153846153846154
cpu,DS,524288,32,256,0.0001,52,11,0.010848026999610738,-1,1.0,1.6153846153846154
cpu,DS,524288,32,256,0.0001,52,12,0.00957698000001983,-1,1.0,1.6153846153846154
cpu,SS,524288,32,256,0.0001,52,12,0.00010219099976893631,-1,1.0,1.6153846153846154
cpu,SS,524288,32,256,0.0001,52,13,7.020700013526948e-05,-1,1.0,1.6153846153846154
cpu,DS,524288,32,256,0.0001,52,13,0.010567685000296478,-1,1.0,1.6153846153846154
cpu,DS,524288,32,256,0.0001,52,14,0.011599150000165537,-1,1.0,1.6153846153846154
cpu,SS,524288,32,256,0.0001,52,14,0.00015718700024081045,-1,1.0,1.6153846153846154
gpu,DS,524288,32,256,0.0001,52,0,0.0008458240032196045,1860,1.0,1.6153846153846154
gpu,SS,524288,32,256,0.0001,52,0,0.00014662399888038636,1860,1.0,1.6153846153846154
gpu,SS,524288,32,256,0.0001,52,1,0.00014745600521564483,1860,1.0,1.6153846153846154
gpu,DS,524288,32,256,0.0001,52,1,0.0008734080195426941,1860,1.0,1.6153846153846154
gpu,DS,524288,32,256,0.0001,52,2,0.000847872018814087,1860,1.0,1.6153846153846154
gpu,SS,524288,32,256,0.0001,52,2,8.864000439643859e-06,1860,1.0,1.6153846153846154
gpu,SS,524288,32,256,0.0001,52,3,0.0001290239989757538,1860,1.0,1.6153846153846154
gpu,DS,524288,32,256,0.0001,52,3,0.0008687679767608642,1860,1.0,1.6153846153846154
gpu,DS,524288,32,256,0.0001,52,4,0.0008422399759292602,1860,1.0,1.6153846153846154
gpu,SS,524288,32,256,0.0001,52,4,0.00010473600029945373,1860,1.0,1.6153846153846154
gpu,SS,524288,32,256,0.0001,52,5,8.556800335645676e-05,1860,1.0,1.6153846153846154
gpu,DS,524288,32,256,0.0001,52,5,0.0008581119775772094,1860,1.0,1.6153846153846154
gpu,DS,524288,32,256,0.0001,52,6,0.0008499199748039245,1860,1.0,1.6153846153846154
gpu,SS,524288,32,256,0.0001,52,6,0.0001966080069541931,1860,1.0,1.6153846153846154
gpu,SS,524288,32,256,0.0001,52,7,0.0001802240014076233,1860,1.0,1.6153846153846154
gpu,DS,524288,32,256,0.0001,52,7,0.0010353280305862426,1860,1.0,1.6153846153846154
gpu,DS,524288,32,256,0.0001,52,8,0.0009091519713401795,1860,1.0,1.6153846153846154
gpu,SS,524288,32,256,0.0001,52,8,8.78399983048439e-05,1860,1.0,1.6153846153846154
gpu,SS,524288,32,256,0.0001,52,9,0.00011264000087976456,1860,1.0,1.6153846153846154
gpu,DS,524288,32,256,0.0001,52,9,0.000813152015209198,1860,1.0,1.6153846153846154
gpu,DS,524288,32,256,0.0001,52,10,0.0008130559921264649,1860,1.0,1.6153846153846154
gpu,SS,524288,32,256,0.0001,52,10,8.195199817419052e-05,1860,1.0,1.6153846153846154
gpu,SS,524288,32,256,0.0001,52,11,7.29919970035553e-05,1860,1.0,1.6153846153846154
gpu,DS,524288,32,256,0.0001,52,11,0.0008929280042648315,1860,1.0,1.6153846153846154
gpu,DS,524288,32,256,0.0001,52,12,0.0007311360239982605,1860,1.0,1.6153846153846154
gpu,SS,524288,32,256,0.0001,52,12,0.00016383999586105347,1860,1.0,1.6153846153846154
gpu,SS,524288,32,256,0.0001,52,13,9.238400310277939e-05,1860,1.0,1.6153846153846154
gpu,DS,524288,32,256,0.0001,52,13,0.0008749439716339111,1860,1.0,1.6153846153846154
gpu,DS,524288,32,256,0.0001,52,14,0.0009166399836540222,1860,1.0,1.6153846153846154
gpu,SS,524288,32,256,0.0001,52,14,0.00013935999572277068,1860,1.0,1.6153846153846154
cpu,DS,524288,32,256,0.0003,157,0,0.011065106000387459,-1,1.0,1.3375796178343948
cpu,SS,524288,32,256,0.0003,157,0,0.00014958199972170405,-1,1.0,1.3375796178343948
cpu,SS,524288,32,256,0.0003,157,1,0.00012200999981359928,-1,1.0,1.3375796178343948
cpu,DS,524288,32,256,0.0003,157,1,0.010532275000059599,-1,1.0,1.3375796178343948
cpu,DS,524288,32,256,0.0003,157,2,0.010520126999836066,-1,1.0,1.3375796178343948
cpu,SS,524288,32,256,0.0003,157,2,0.0001644760000090173,-1,1.0,1.3375796178343948
cpu,SS,524288,32,256,0.0003,157,3,0.0001061650000337977,-1,1.0,1.3375796178343948
cpu,DS,524288,32,256,0.0003,157,3,0.012337708999893948,-1,1.0,1.3375796178343948
cpu,DS,524288,32,256,0.0003,157,4,0.012359364000076312,-1,1.0,1.3375796178343948
cpu,SS,524288,32,256,0.0003,157,4,0.00017799799979911768,-1,1.0,1.3375796178343948
cpu,SS,524288,32,256,0.0003,157,5,9.898100006466848e-05,-1,1.0,1.3375796178343948
cpu,DS,524288,32,256,0.0003,157,5,0.012029250000068714,-1,1.0,1.3375796178343948
cpu,DS,524288,32,256,0.0003,157,6,0.013001528999666334,-1,1.0,1.3375796178343948
cpu,SS,524288,32,256,0.0003,157,6,0.00015264500007106108,-1,1.0,1.3375796178343948
cpu,SS,524288,32,256,0.0003,157,7,9.961500018107472e-05,-1,1.0,1.3375796178343948
cpu,DS,524288,32,256,0.0003,157,7,0.010111630999745103,-1,1.0,1.3375796178343948
cpu,DS,524288,32,256,0.0003,157,8,0.010964750999846729,-1,1.0,1.3375796178343948
cpu,SS,524288,32,256,0.0003,157,8,0.00016225700028371648,-1,1.0,1.3375796178343948
cpu,SS,524288,32,256,0.0003,157,9,0.00011260800010859384,-1,1.0,1.3375796178343948
cpu,DS,524288,32,256,0.0003,157,9,0.011547547000191116,-1,1.0,1.3375796178343948
cpu,DS,524288,32,256,0.0003,157,10,0.010677103000034549,-1,1.0,1.3375796178343948
cpu,SS,524288,32,256,0.0003,157,10,0.0001444049999008712,-1,1.0,1.3375796178343948
cpu,SS,524288,32,256,0.0003,157,11,0.00010172800011787331,-1,1.0,1.3375796178343948
cpu,DS,524288,32,256,0.0003,157,11,0.011222822000036103,-1,1.0,1.3375796178343948
cpu,DS,524288,32,256,0.0003,157,12,0.011523884999860456,-1,1.0,1.3375796178343948
cpu,SS,524288,32,256,0.0003,157,12,0.00016183500019906205,-1,1.0,1.3375796178343948
cpu,SS,524288,32,256,0.0003,157,13,0.00013373599995247787,-1,1.0,1.3375796178343948
cpu,DS,524288,32,256,0.0003,157,13,0.011275111000031757,-1,1.0,1.3375796178343948
cpu,DS,524288,32,256,0.0003,157,14,0.012160662000042066,-1,1.0,1.3375796178343948
cpu,SS,524288,32,256,0.0003,157,14,0.0001477849996263103,-1,1.0,1.3375796178343948
gpu,DS,524288,32,256,0.0003,157,0,0.0010697920322418214,1905,1.0,1.3375796178343948
gpu,SS,524288,32,256,0.0003,157,0,9.408000111579895e-05,1905,1.0,1.3375796178343948
gpu,SS,524288,32,256,0.0003,157,1,0.00022495999932289123,1905,1.0,1.3375796178343948
gpu,DS,524288,32,256,0.0003,157,1,0.0010219520330429076,1905,1.0,1.3375796178343948
gpu,DS,524288,32,256,0.0003,157,2,0.0009625599980354309,1905,1.0,1.3375796178343948
gpu,SS,524288,32,256,0.0003,157,2,0.00018854400515556336,1905,1.0,1.3375796178343948
gpu,SS,524288,32,256,0.0003,157,3,0.00016230399906635285,1905,1.0,1.3375796178343948
gpu,DS,524288,32,256,0.0003,157,3,0.001117759943008423,1905,1.0,1.3375796178343948
gpu,DS,524288,32,256,0.0003,157,4,0.0009607679843902588,1905,1.0,1.3375796178343948
gpu,SS,524288,32,256,0.0003,157,4,0.00015587200224399567,1905,1.0,1.3375796178343948
gpu,SS,524288,32,256,0.0003,157,5,0.00022777600586414338,1905,1.0,1.3375796178343948
gpu,DS,524288,32,256,0.0003,157,5,0.0009932799935340882,1905,1.0,1.3375796178343948
gpu,DS,524288,32,256,0.0003,157,6,0.0009011200070381164,1905,1.0,1.3375796178343948
gpu,SS,524288,32,256,0.0003,157,6,0.0002035199999809265,1905,1.0,1.3375796178343948
gpu,SS,524288,32,256,0.0003,157,7,0.0001433600038290024,1905,1.0,1.3375796178343948
gpu,DS,524288,32,256,0.0003,157,7,0.0009994239807128906,1905,1.0,1.3375796178343948
gpu,DS,524288,32,256,0.0003,157,8,0.0010117119550704956,1905,1.0,1.3375796178343948
gpu,SS,524288,32,256,0.0003,157,8,0.00014921599626541138,1905,1.0,1.3375796178343948
gpu,SS,524288,32,256,0.0003,157,9,0.00015199999511241914,1905,1.0,1.3375796178343948
gpu,DS,524288,32,256,0.0003,157,9,0.0010523840188980103,1905,1.0,1.3375796178343948
gpu,DS,524288,32,256,0.0003,157,10,0.0009529920220375061,1905,1.0,1.3375796178343948
gpu,SS,524288,32,256,0.0003,157,10,0.00011468800157308579,1905,1.0,1.3375796178343948
gpu,SS,524288,32,256,0.0003,157,11,0.0001448639929294586,1905,1.0,1.3375796178343948
gpu,DS,524288,32,256,0.0003,157,11,0.000927295982837677,1905,1.0,1.3375796178343948
gpu,DS,524288,32,256,0.0003,157,12,0.0010084480047225953,1905,1.0,1.3375796178343948
gpu,SS,524288,32,256,0.0003,157,12,0.00019334399700164794,1905,1.0,1.3375796178343948
gpu,SS,524288,32,256,0.0003,157,13,0.00030924800038337706,1905,1.0,1.3375796178343948
gpu,DS,524288,32,256,0.0003,157,13,0.0010192960500717164,1905,1.0,1.3375796178343948
gpu,DS,524288,32,256,0.0003,157,14,0.0010280959606170654,1905,1.0,1.3375796178343948
gpu,SS,524288,32,256,0.0003,157,14,0.0005340480208396912,1905,1.0,1.3375796178343948
cpu,DS,524288,32,256,0.001,524,0,0.01614453100000901,-1,1.0,1.1446803435114505
cpu,SS,524288,32,256,0.001,524,0,0.0002988460000779014,-1,1.0,1.1446803435114505
cpu,SS,524288,32,256,0.001,524,1,0.0002708520000851422,-1,1.0,1.1446803435114505
cpu,DS,524288,32,256,0.001,524,1,0.015163274000315141,-1,1.0,1.1446803435114505
cpu,DS,524288,32,256,0.001,524,2,0.011559590000160824,-1,1.0,1.1446803435114505
cpu,SS,524288,32,256,0.001,524,2,0.00028659200006586616,-1,1.0,1.1446803435114505
cpu,SS,524288,32,256,0.001,524,3,0.00024814100015646545,-1,1.0,1.1446803435114505
cpu,DS,524288,32,256,0.001,524,3,0.011650647999886132,-1,1.0,1.1446803435114505
cpu,DS,524288,32,256,0.001,524,4,0.011810371999672498,-1,1.0,1.1446803435114505
cpu,SS,524288,32,256,0.001,524,4,0.00028500700000222423,-1,1.0,1.1446803435114505
cpu,SS,524288,32,256,0.001,524,5,0.00028807000035158126,-1,1.0,1.1446803435114505
cpu,DS,524288,32,256,0.001,524,5,0.011090141999829939,-1,1.0,1.1446803435114505
cpu,DS,524288,32,256,0.001,524,6,0.011980867999682232,-1,1.0,1.1446803435114505
cpu,SS,524288,32,256,0.001,524,6,0.00028490099975897465,-1,1.0,1.1446803435114505
cpu,SS,524288,32,256,0.001,524,7,0.00028141499979028595,-1,1.0,1.1446803435114505
cpu,DS,524288,32,256,0.001,524,7,0.011624767999819596,-1,1.0,1.1446803435114505
cpu,DS,524288,32,256,0.001,524,8,0.011293281000234856,-1,1.0,1.1446803435114505
cpu,SS,524288,32,256,0.001,524,8,0.00028511299979072646,-1,1.0,1.1446803435114505
cpu,SS,524288,32,256,0.001,524,9,0.0016678939996381814,-1,1.0,1.1446803435114505
cpu,DS,524288,32,256,0.001,524,9,0.011388248000002932,-1,1.0,1.1446803435114505
cpu,DS,524288,32,256,0.001,524,10,0.011799595999946177,-1,1.0,1.1446803435114505
cpu,SS,524288,32,256,0.001,524,10,0.0004107140002815868,-1,1.0,1.1446803435114505
cpu,SS,524288,32,256,0.001,524,11,0.0002146540000467212,-1,1.0,1.1446803435114505
cpu,DS,524288,32,256,0.001,524,11,0.011722481999640877,-1,1.0,1.1446803435114505
cpu,DS,524288,32,256,0.001,524,12,0.011130811999919388,-1,1.0,1.1446803435114505
cpu,SS,524288,32,256,0.001,524,12,0.0002533159999984491,-1,1.0,1.1446803435114505
cpu,SS,524288,32,256,0.001,524,13,0.00018739899996944587,-1,1.0,1.1446803435114505
cpu,DS,524288,32,256,0.001,524,13,0.011569625999982236,-1,1.0,1.1446803435114505
cpu,DS,524288,32,256,0.001,524,14,0.012237354000262712,-1,1.0,1.1446803435114505
cpu,SS,524288,32,256,0.001,524,14,0.0002907120001509611,-1,1.0,1.1446803435114505
gpu,DS,524288,32,256,0.001,524,0,0.0009866560101509094,1890,1.0,1.1446803435114505
gpu,SS,524288,32,256,0.001,524,0,6.50240033864975e-05,1890,1.0,1.1446803435114505
gpu,SS,524288,32,256,0.001,524,1,0.00018751999735832216,1890,1.0,1.1446803435114505
gpu,DS,524288,32,256,0.001,524,1,0.0013804479837417603,1890,1.0,1.1446803435114505
gpu,DS,524288,32,256,0.001,524,2,0.00091075199842453,1890,1.0,1.1446803435114505
gpu,SS,524288,32,256,0.001,524,2,0.00015360000729560853,1890,1.0,1.1446803435114505
gpu,SS,524288,32,256,0.001,524,3,0.00015904000401496888,1890,1.0,1.1446803435114505
gpu,DS,524288,32,256,0.001,524,3,0.0009308159947395325,1890,1.0,1.1446803435114505
gpu,DS,524288,32,256,0.001,524,4,0.0008655999898910523,1890,1.0,1.1446803435114505
gpu,SS,524288,32,256,0.001,524,4,0.0001751679927110672,1890,1.0,1.1446803435114505
gpu,SS,524288,32,256,0.001,524,5,0.0005612800121307373,1890,1.0,1.1446803435114505
gpu,DS,524288,32,256,0.001,524,5,0.0009778879880905152,1890,1.0,1.1446803435114505
gpu,DS,524288,32,256,0.001,524,6,0.000875935971736908,1890,1.0,1.1446803435114505
gpu,SS,524288,32,256,0.001,524,6,0.0001229119971394539,1890,1.0,1.1446803435114505
gpu,SS,524288,32,256,0.001,524,7,0.00014630399644374848,1890,1.0,1.1446803435114505
gpu,DS,524288,32,256,0.001,524,7,0.001017856001853943,1890,1.0,1.1446803435114505
gpu,DS,524288,32,256,0.001,524,8,0.000885312020778656,1890,1.0,1.1446803435114505
gpu,SS,524288,32,256,0.001,524,8,0.00015564799308776856,1890,1.0,1.1446803435114505
gpu,SS,524288,32,256,0.001,524,9,8.30719992518425e-05,1890,1.0,1.1446803435114505
gpu,DS,524288,32,256,0.001,524,9,0.0019706879854202272,1890,1.0,1.1446803435114505
gpu,DS,524288,32,256,0.001,524,10,0.0008855040073394775,1890,1.0,1.1446803435114505
gpu,SS,524288,32,256,0.001,524,10,0.00010601600259542466,1890,1.0,1.1446803435114505
gpu,SS,524288,32,256,0.001,524,11,0.00015721599757671356,1890,1.0,1.1446803435114505
gpu,DS,524288,32,256,0.001,524,11,0.0008770880103111267,1890,1.0,1.1446803435114505
gpu,DS,524288,32,256,0.001,524,12,0.000847872018814087,1890,1.0,1.1446803435114505
gpu,SS,524288,32,256,0.001,524,12,9.1839998960495e-05,1890,1.0,1.1446803435114505
gpu,SS,524288,32,256,0.001,524,13,0.0001297280043363571,1890,1.0,1.1446803435114505
gpu,DS,524288,32,256,0.001,524,13,0.0008721280097961425,1890,1.0,1.1446803435114505
gpu,DS,524288,32,256,0.001,524,14,0.0008949120044708252,1890,1.0,1.1446803435114505
gpu,SS,524288,32,256,0.001,524,14,0.00017612800002098083,1890,1.0,1.1446803435114505
cpu,DS,524288,32,256,0.003,1573,0,0.01106183100000635,-1,1.0,1.0758900190718372
cpu,SS,524288,32,256,0.003,1573,0,0.0006638200002271333,-1,1.0,1.0758900190718372
cpu,SS,524288,32,256,0.003,1573,1,0.0005469860002449423,-1,1.0,1.0758900190718372
cpu,DS,524288,32,256,0.003,1573,1,0.011578394000025582,-1,1.0,1.0758900190718372
cpu,DS,524288,32,256,0.003,1573,2,0.011242153000239341,-1,1.0,1.0758900190718372
cpu,SS,524288,32,256,0.003,1573,2,0.0006167060000734637,-1,1.0,1.0758900190718372
cpu,SS,524288,32,256,0.003,1573,3,0.0005149779999555903,-1,1.0,1.0758900190718372
cpu,DS,524288,32,256,0.003,1573,3,0.011351063999882172,-1,1.0,1.0758900190718372
cpu,DS,524288,32,256,0.003,1573,4,0.012637188000098831,-1,1.0,1.0758900190718372
cpu,SS,524288,32,256,0.003,1573,4,0.0006400520001079713,-1,1.0,1.0758900190718372
cpu,SS,524288,32,256,0.003,1573,5,0.000547937000192178,-1,1.0,1.0758900190718372
cpu,DS,524288,32,256,0.003,1573,5,0.01118859500002145,-1,1.0,1.0758900190718372
cpu,DS,524288,32,256,0.003,1573,6,0.011827484000150434,-1,1.0,1.0758900190718372
cpu,SS,524288,32,256,0.003,1573,6,0.0025412969998797053,-1,1.0,1.0758900190718372
cpu,SS,524288,32,256,0.003,1573,7,0.0006671999999525724,-1,1.0,1.0758900190718372
cpu,DS,524288,32,256,0.003,1573,7,0.011646528999790462,-1,1.0,1.0758900190718372
cpu,DS,524288,32,256,0.003,1573,8,0.011982981000073778,-1,1.0,1.0758900190718372
cpu,SS,524288,32,256,0.003,1573,8,0.0006689960000585415,-1,1.0,1.0758900190718372
cpu,SS,524288,32,256,0.003,1573,9,0.0005548029998863058,-1,1.0,1.0758900190718372
cpu,DS,524288,32,256,0.003,1573,9,0.01267986499988183,-1,1.0,1.0758900190718372
cpu,DS,524288,32,256,0.003,1573,10,0.01114665699969919,-1,1.0,1.0758900190718372
cpu,SS,524288,32,256,0.003,1573,10,0.0006571640001311607,-1,1.0,1.0758900190718372
cpu,SS,524288,32,256,0.003,1573,11,0.0005707540003641043,-1,1.0,1.0758900190718372
cpu,DS,524288,32,256,0.003,1573,11,0.011625930000263907,-1,1.0,1.0758900190718372
cpu,DS,524288,32,256,0.003,1573,12,0.01164906499980134,-1,1.0,1.0758900190718372
cpu,SS,524288,32,256,0.003,1573,12,0.0006730099999003869,-1,1.0,1.0758900190718372
cpu,SS,524288,32,256,0.003,1573,13,0.0005257530001472333,-1,1.0,1.0758900190718372
cpu,DS,524288,32,256,0.003,1573,13,0.012309609000112687,-1,1.0,1.0758900190718372
cpu,DS,524288,32,256,0.003,1573,14,0.010928200999842375,-1,1.0,1.0758900190718372
cpu,SS,524288,32,256,0.003,1573,14,0.0007931190002636868,-1,1.0,1.0758900190718372
gpu,DS,524288,32,256,0.003,1573,0,0.0010465279817581177,1890,1.0,1.0758900190718372
gpu,SS,524288,32,256,0.003,1573,0,0.0001594880074262619,1890,1.0,1.0758900190718372
gpu,SS,524288,32,256,0.003,1573,1,0.00012492799758911133,1890,1.0,1.0758900190718372
gpu,DS,524288,32,256,0.003,1573,1,0.0009269440174102784,1890,1.0,1.0758900190718372
gpu,DS,524288,32,256,0.003,1573,2,0.0008614720106124878,1890,1.0,1.0758900190718372
gpu,SS,524288,32,256,0.003,1573,2,0.00011552000045776367,1890,1.0,1.0758900190718372
gpu,SS,524288,32,256,0.003,1573,3,9.267199784517288e-05,1890,1.0,1.0758900190718372
gpu,DS,524288,32,256,0.003,1573,3,0.0008945919871330262,1890,1.0,1.0758900190718372
gpu,DS,524288,32,256,0.003,1573,4,0.0008560000061988831,1890,1.0,1.0758900190718372
gpu,SS,524288,32,256,0.003,1573,4,0.0001727679967880249,1890,1.0,1.0758900190718372
gpu,SS,524288,32,256,0.003,1573,5,3.2767999917268756e-05,1890,1.0,1.0758900190718372
gpu,DS,524288,32,256,0.003,1573,5,0.000851967990398407,1890,1.0,1.0758900190718372
gpu,DS,524288,32,256,0.003,1573,6,0.0008973119854927063,1890,1.0,1.0758900190718372
gpu,SS,524288,32,256,0.003,1573,6,0.00015423999726772307,1890,1.0,1.0758900190718372
gpu,SS,524288,32,256,0.003,1573,7,0.00011500799655914306,1890,1.0,1.0758900190718372
gpu,DS,524288,32,256,0.003,1573,7,0.0008666239976882935,1890,1.0,1.0758900190718372
gpu,DS,524288,32,256,0.003,1573,8,0.000858464002609253,1890,1.0,1.0758900190718372
gpu,SS,524288,32,256,0.003,1573,8,9.743999689817428e-05,1890,1.0,1.0758900190718372
gpu,SS,524288,32,256,0.003,1573,9,0.00010732799768447876,1890,1.0,1.0758900190718372
gpu,DS,524288,32,256,0.003,1573,9,0.000875104010105133,1890,1.0,1.0758900190718372
gpu,DS,524288,32,256,0.003,1573,10,0.0009216639995574951,1890,1.0,1.0758900190718372
gpu,SS,524288,32,256,0.003,1573,10,0.00012505599856376648,1890,1.0,1.0758900190718372
gpu,SS,524288,32,256,0.003,1573,11,0.00010592000186443329,1890,1.0,1.0758900190718372
gpu,DS,524288,32,256,0.003,1573,11,0.000888480007648468,1890,1.0,1.0758900190718372
gpu,DS,524288,32,256,0.003,1573,12,0.0008622080087661744,1890,1.0,1.0758900190718372
gpu,SS,524288,32,256,0.003,1573,12,0.000179967999458313,1890,1.0,1.0758900190718372
gpu,SS,524288,32,256,0.003,1573,13,0.000102463997900486,1890,1.0,1.0758900190718372
gpu,DS,524288,32,256,0.003,1573,13,0.0008648639917373657,1890,1.0,1.0758900190718372
gpu,DS,524288,32,256,0.003,1573,14,0.0008601599931716919,1890,1.0,1.0758900190718372
gpu,SS,524288,32,256,0.003,1573,14,0.00015747199952602386,1890,1.0,1.0758900190718372
cpu,DS,524288,32,256,0.01,5243,0,0.012502607999977045,-1,1.0,1.0650271790959374
cpu,SS,524288,32,256,0.01,5243,0,0.0017987780001931242,-1,1.0,1.0650271790959374
cpu,SS,524288,32,256,0.01,5243,1,0.0016496189996360044,-1,1.0,1.0650271790959374
cpu,DS,524288,32,256,0.01,5243,1,0.012527220000265515,-1,1.0,1.0650271790959374
cpu,DS,524288,32,256,0.01,5243,2,0.012891878000118595,-1,1.0,1.0650271790959374
cpu,SS,524288,32,256,0.01,5243,2,0.001927442999658524,-1,1.0,1.0650271790959374
cpu,SS,524288,32,256,0.01,5243,3,0.0017387760003657604,-1,1.0,1.0650271790959374
cpu,DS,524288,32,256,0.01,5243,3,0.012696556000264536,-1,1.0,1.0650271790959374
cpu,DS,524288,32,256,0.01,5243,4,0.012344151999968744,-1,1.0,1.0650271790959374
cpu,SS,524288,32,256,0.01,5243,4,0.003805026000009093,-1,1.0,1.0650271790959374
cpu,SS,524288,32,256,0.01,5243,5,0.001794447000065702,-1,1.0,1.0650271790959374
cpu,DS,524288,32,256,0.01,5243,5,0.0115120539999225,-1,1.0,1.0650271790959374
cpu,DS,524288,32,256,0.01,5243,6,0.012696133000190457,-1,1.0,1.0650271790959374
cpu,SS,524288,32,256,0.01,5243,6,0.0017494460003035783,-1,1.0,1.0650271790959374
cpu,SS,524288,32,256,0.01,5243,7,0.0015575049997096357,-1,1.0,1.0650271790959374
cpu,DS,524288,32,256,0.01,5243,7,0.012367181000172423,-1,1.0,1.0650271790959374
cpu,DS,524288,32,256,0.01,5243,8,0.012990541999897687,-1,1.0,1.0650271790959374
cpu,SS,524288,32,256,0.01,5243,8,0.0018083910003952042,-1,1.0,1.0650271790959374
cpu,SS,524288,32,256,0.01,5243,9,0.0016000759997041314,-1,1.0,1.0650271790959374
cpu,DS,524288,32,256,0.01,5243,9,0.012585320999733085,-1,1.0,1.0650271790959374
cpu,DS,524288,32,256,0.01,5243,10,0.011829703000330483,-1,1.0,1.0650271790959374
cpu,SS,524288,32,256,0.01,5243,10,0.0018720900002335839,-1,1.0,1.0650271790959374
cpu,SS,524288,32,256,0.01,5243,11,0.0017047609999281121,-1,1.0,1.0650271790959374
cpu,DS,524288,32,256,0.01,5243,11,0.011994917999800236,-1,1.0,1.0650271790959374
cpu,DS,524288,32,256,0.01,5243,12,0.012638771999718301,-1,1.0,1.0650271790959374
cpu,SS,524288,32,256,0.01,5243,12,0.0017006419998324418,-1,1.0,1.0650271790959374
cpu,SS,524288,32,256,0.01,5243,13,0.001633034999940719,-1,1.0,1.0650271790959374
cpu,DS,524288,32,256,0.01,5243,13,0.012048263999986375,-1,1.0,1.0650271790959374
cpu,DS,524288,32,256,0.01,5243,14,0.012070449000020744,-1,1.0,1.0650271790959374
cpu,SS,524288,32,256,0.01,5243,14,0.0018413500001770444,-1,1.0,1.0650271790959374
gpu,DS,524288,32,256,0.01,5243,0,0.0008910719752311707,1890,1.0,1.0650271790959374
gpu,SS,524288,32,256,0.01,5243,0,0.0001454399973154068,1890,1.0,1.0650271790959374
gpu,SS,524288,32,256,0.01,5243,1,0.00014575999975204468,1890,1.0,1.0650271790959374
gpu,DS,524288,32,256,0.01,5243,1,0.0008642560243606567,1890,1.0,1.0650271790959374
gpu,DS,524288,32,256,0.01,5243,2,0.0009358400106430054,1890,1.0,1.0650271790959374
gpu,SS,524288,32,256,0.01,5243,2,0.00015785600244998932,1890,1.0,1.0650271790959374
gpu,SS,524288,32,256,0.01,5243,3,8.582399785518647e-05,1890,1.0,1.0650271790959374
gpu,DS,524288,32,256,0.01,5243,3,0.0016610239744186401,1890,1.0,1.0650271790959374
gpu,DS,524288,32,256,0.01,5243,4,0.000995967984199524,1890,1.0,1.0650271790959374
gpu,SS,524288,32,256,0.01,5243,4,0.00014950400590896606,1890,1.0,1.0650271790959374
gpu,SS,524288,32,256,0.01,5243,5,0.00015452800691127778,1890,1.0,1.0650271790959374
gpu,DS,524288,32,256,0.01,5243,5,0.0008903359770774842,1890,1.0,1.0650271790959374
gpu,DS,524288,32,256,0.01,5243,6,0.0008530240058898926,1890,1.0,1.0650271790959374
gpu,SS,524288,32,256,0.01,5243,6,0.00014963200688362122,1890,1.0,1.0650271790959374
gpu,SS,524288,32,256,0.01,5243,7,0.00016569599509239197,1890,1.0,1.0650271790959374
gpu,DS,524288,32,256,0.01,5243,7,0.0009131519794464111,1890,1.0,1.0650271790959374
gpu,DS,524288,32,256,0.01,5243,8,0.0008171520233154297,1890,1.0,1.0650271790959374
gpu,SS,524288,32,256,0.01,5243,8,0.000191103994846344,1890,1.0,1.0650271790959374
gpu,SS,524288,32,256,0.01,5243,9,0.0001534080058336258,1890,1.0,1.0650271790959374
gpu,DS,524288,32,256,0.01,5243,9,0.0009024959802627564,1890,1.0,1.0650271790959374
gpu,DS,524288,32,256,0.01,5243,10,0.0009154559969902039,1890,1.0,1.0650271790959374
gpu,SS,524288,32,256,0.01,5243,10,0.00015311999619007112,1890,1.0,1.0650271790959374
gpu,SS,524288,32,256,0.01,5243,11,0.00015360000729560853,1890,1.0,1.0650271790959374
gpu,DS,524288,32,256,0.01,5243,11,0.0008601599931716919,1890,1.0,1.0650271790959374
gpu,DS,524288,32,256,0.01,5243,12,0.000843775987625122,1890,1.0,1.0650271790959374
gpu,SS,524288,32,256,0.01,5243,12,0.00015804800391197205,1890,1.0,1.0650271790959374
gpu,SS,524288,32,256,0.01,5243,13,0.00015513600409030915,1890,1.0,1.0650271790959374
gpu,DS,524288,32,256,0.01,5243,13,0.0009318400025367737,1890,1.0,1.0650271790959374
gpu,DS,524288,32,256,0.01,5243,14,0.0008724480271339416,1890,1.0,1.0650271790959374
gpu,SS,524288,32,256,0.01,5243,14,0.00016227200627326964,1890,1.0,1.0650271790959374
cpu,DS,524288,32,256,0.03,15729,0,0.011565733999759686,-1,1.0,1.0187631127217243
cpu,SS,524288,32,256,0.03,15729,0,0.004499528999986069,-1,1.0,1.0187631127217243
cpu,SS,524288,32,256,0.03,15729,1,0.004651646000183973,-1,1.0,1.0187631127217243
cpu,DS,524288,32,256,0.03,15729,1,0.01317524299975048,-1,1.0,1.0187631127217243
cpu,DS,524288,32,256,0.03,15729,2,0.01182901199990738,-1,1.0,1.0187631127217243
cpu,SS,524288,32,256,0.03,15729,2,0.004793134000010468,-1,1.0,1.0187631127217243
cpu,SS,524288,32,256,0.03,15729,3,0.006575628000064171,-1,1.0,1.0187631127217243
cpu,DS,524288,32,256,0.03,15729,3,0.01166412099973968,-1,1.0,1.0187631127217243
cpu,DS,524288,32,256,0.03,15729,4,0.011959773999933532,-1,1.0,1.0187631127217243
cpu,SS,524288,32,256,0.03,15729,4,0.006120447999819589,-1,1.0,1.0187631127217243
cpu,SS,524288,32,256,0.03,15729,5,0.004430980000051932,-1,1.0,1.0187631127217243
cpu,DS,524288,32,256,0.03,15729,5,0.011613806000241311,-1,1.0,1.0187631127217243
cpu,DS,524288,32,256,0.03,15729,6,0.010994906999712839,-1,1.0,1.0187631127217243
cpu,SS,524288,32,256,0.03,15729,6,0.004473104000226158,-1,1.0,1.0187631127217243
cpu,SS,524288,32,256,0.03,15729,7,0.0042803249998542015,-1,1.0,1.0187631127217243
cpu,DS,524288,32,256,0.03,15729,7,0.010891545000049518,-1,1.0,1.0187631127217243
cpu,DS,524288,32,256,0.03,15729,8,0.010163822999857075,-1,1.0,1.0187631127217243
cpu,SS,524288,32,256,0.03,15729,8,0.004149954000240541,-1,1.0,1.0187631127217243
cpu,SS,524288,32,256,0.03,15729,9,0.004616737000105786,-1,1.0,1.0187631127217243
cpu,DS,524288,32,256,0.03,15729,9,0.011663146000046254,-1,1.0,1.0187631127217243
cpu,DS,524288,32,256,0.03,15729,10,0.010794034000355168,-1,1.0,1.0187631127217243
cpu,SS,524288,32,256,0.03,15729,10,0.004116507000162528,-1,1.0,1.0187631127217243
cpu,SS,524288,32,256,0.03,15729,11,0.004779092000262608,-1,1.0,1.0187631127217243
cpu,DS,524288,32,256,0.03,15729,11,0.010961070000121254,-1,1.0,1.0187631127217243
cpu,DS,524288,32,256,0.03,15729,12,0.0109971490001044,-1,1.0,1.0187631127217243
cpu,SS,524288,32,256,0.03,15729,12,0.004594213000018499,-1,1.0,1.0187631127217243
cpu,SS,524288,32,256,0.03,15729,13,0.005434851000245544,-1,1.0,1.0187631127217243
cpu,DS,524288,32,256,0.03,15729,13,0.011823648999779834,-1,1.0,1.0187631127217243
cpu,DS,524288,32,256,0.03,15729,14,0.011325077000037709,-1,1.0,1.0187631127217243
cpu,SS,524288,32,256,0.03,15729,14,0.005722604999846226,-1,1.0,1.0187631127217243
gpu,DS,524288,32,256,0.03,15729,0,0.0008794559836387634,1890,1.0,1.0187631127217243
gpu,SS,524288,32,256,0.03,15729,0,0.00021062399446964263,1890,1.0,1.0187631127217243
gpu,SS,524288,32,256,0.03,15729,1,0.0002396160066127777,1890,1.0,1.0187631127217243
gpu,DS,524288,32,256,0.03,15729,1,0.0008829759955406189,1890,1.0,1.0187631127217243
gpu,DS,524288,32,256,0.03,15729,2,0.001994879961013794,1890,1.0,1.0187631127217243
gpu,SS,524288,32,256,0.03,15729,2,0.0002542079985141754,1890,1.0,1.0187631127217243
gpu,SS,524288,32,256,0.03,15729,3,0.00020172800123691558,1890,1.0,1.0187631127217243
gpu,DS,524288,32,256,0.03,15729,3,0.0009321920275688171,1890,1.0,1.0187631127217243
gpu,DS,524288,32,256,0.03,15729,4,0.0009115520119667053,1890,1.0,1.0187631127217243
gpu,SS,524288,32,256,0.03,15729,4,0.00024163199961185454,1890,1.0,1.0187631127217243
gpu,SS,524288,32,256,0.03,15729,5,0.00020684799551963807,1890,1.0,1.0187631127217243
gpu,DS,524288,32,256,0.03,15729,5,0.0009093120098114014,1890,1.0,1.0187631127217243
gpu,DS,524288,32,256,0.03,15729,6,0.0009396160244941711,1890,1.0,1.0187631127217243
gpu,SS,524288,32,256,0.03,15729,6,0.00013654400408267975,1890,1.0,1.0187631127217243
gpu,SS,524288,32,256,0.03,15729,7,0.0002348479926586151,1890,1.0,1.0187631127217243
gpu,DS,524288,32,256,0.03,15729,7,0.0008908799886703492,1890,1.0,1.0187631127217243
gpu,DS,524288,32,256,0.03,15729,8,0.0008581119775772094,1890,1.0,1.0187631127217243
gpu,SS,524288,32,256,0.03,15729,8,0.00021225599944591522,1890,1.0,1.0187631127217243
gpu,SS,524288,32,256,0.03,15729,9,0.00020323200523853302,1890,1.0,1.0187631127217243
gpu,DS,524288,32,256,0.03,15729,9,0.0008847360014915466,1890,1.0,1.0187631127217243
gpu,DS,524288,32,256,0.03,15729,10,0.0008806399703025818,1890,1.0,1.0187631127217243
gpu,SS,524288,32,256,0.03,15729,10,0.00020473599433898926,1890,1.0,1.0187631127217243
gpu,SS,524288,32,256,0.03,15729,11,0.00022326399385929108,1890,1.0,1.0187631127217243
gpu,DS,524288,32,256,0.03,15729,11,0.0010531840324401855,1890,1.0,1.0187631127217243
gpu,DS,524288,32,256,0.03,15729,12,0.0009912319779396058,1890,1.0,1.0187631127217243
gpu,SS,524288,32,256,0.03,15729,12,0.00021007999777793884,1890,1.0,1.0187631127217243
gpu,SS,524288,32,256,0.03,15729,13,0.00021296000480651857,1890,1.0,1.0187631127217243
gpu,DS,524288,32,256,0.03,15729,13,0.000865887999534607,1890,1.0,1.0187631127217243
gpu,DS,524288,32,256,0.03,15729,14,0.0008522560000419617,1890,1.0,1.0187631127217243
gpu,SS,524288,32,256,0.03,15729,14,0.00020390400290489196,1890,1.0,1.0187631127217243
cpu,DS,524288,32,256,0.1,52429,0,0.010942933000023913,-1,1.0,1.007727116672071
cpu,SS,524288,32,256,0.1,52429,0,0.012752534999890486,-1,1.0,1.007727116672071
cpu,SS,524288,32,256,0.1,52429,1,0.01185650999968857,-1,1.0,1.007727116672071
cpu,DS,524288,32,256,0.1,52429,1,0.010682287000236101,-1,1.0,1.007727116672071
cpu,DS,524288,32,256,0.1,52429,2,0.009011832999931357,-1,1.0,1.007727116672071
cpu,SS,524288,32,256,0.1,52429,2,0.012685836999935418,-1,1.0,1.007727116672071
cpu,SS,524288,32,256,0.1,52429,3,0.011873671000103059,-1,1.0,1.007727116672071
cpu,DS,524288,32,256,0.1,52429,3,0.011056142999677832,-1,1.0,1.007727116672071
cpu,DS,524288,32,256,0.1,52429,4,0.011010313000042515,-1,1.0,1.007727116672071
cpu,SS,524288,32,256,0.1,52429,4,0.012230658000135008,-1,1.0,1.007727116672071
cpu,SS,524288,32,256,0.1,52429,5,0.011918917000002693,-1,1.0,1.007727116672071
cpu,DS,524288,32,256,0.1,52429,5,0.01056761399968309,-1,1.0,1.007727116672071
cpu,DS,524288,32,256,0.1,52429,6,0.010369668999828718,-1,1.0,1.007727116672071
cpu,SS,524288,32,256,0.1,52429,6,0.011027280000234896,-1,1.0,1.007727116672071
cpu,SS,524288,32,256,0.1,52429,7,0.011465004999990924,-1,1.0,1.007727116672071
cpu,DS,524288,32,256,0.1,52429,7,0.012333434000083798,-1,1.0,1.007727116672071
cpu,DS,524288,32,256,0.1,52429,8,0.010176597000281618,-1,1.0,1.007727116672071
cpu,SS,524288,32,256,0.1,52429,8,0.011484408999876905,-1,1.0,1.007727116672071
cpu,SS,524288,32,256,0.1,52429,9,0.013691757000287907,-1,1.0,1.007727116672071
cpu,DS,524288,32,256,0.1,52429,9,0.010798519999752898,-1,1.0,1.007727116672071
cpu,DS,524288,32,256,0.1,52429,10,0.010538068999721872,-1,1.0,1.007727116672071
cpu,SS,524288,32,256,0.1,52429,10,0.01182082100012849,-1,1.0,1.007727116672071
cpu,SS,524288,32,256,0.1,52429,11,0.01163906199963094,-1,1.0,1.007727116672071
cpu,DS,524288,32,256,0.1,52429,11,0.01030570099965189,-1,1.0,1.007727116672071
cpu,DS,524288,32,256,0.1,52429,12,0.010639966999860917,-1,1.0,1.007727116672071
cpu,SS,524288,32,256,0.1,52429,12,0.012176734999684413,-1,1.0,1.007727116672071
cpu,SS,524288,32,256,0.1,52429,13,0.012636107000162156,-1,1.0,1.007727116672071
cpu,DS,524288,32,256,0.1,52429,13,0.013124830999913684,-1,1.0,1.007727116672071
cpu,DS,524288,32,256,0.1,52429,14,0.010801153000102204,-1,1.0,1.007727116672071
cpu,SS,524288,32,256,0.1,52429,14,0.013141115000053105,-1,1.0,1.007727116672071
gpu,DS,524288,32,256,0.1,52429,0,0.0008930559754371643,1890,1.0,1.007727116672071
gpu,SS,524288,32,256,0.1,52429,0,0.00025651198625564574,1890,1.0,1.007727116672071
gpu,SS,524288,32,256,0.1,52429,1,0.0002580159902572632,1890,1.0,1.007727116672071
gpu,DS,524288,32,256,0.1,52429,1,0.000987007975578308,1890,1.0,1.007727116672071
gpu,DS,524288,32,256,0.1,52429,2,0.0008709440231323242,1890,1.0,1.007727116672071
gpu,SS,524288,32,256,0.1,52429,2,0.00032099199295043944,1890,1.0,1.007727116672071
gpu,SS,524288,32,256,0.1,52429,3,0.0003311040103435516,1890,1.0,1.007727116672071
gpu,DS,524288,32,256,0.1,52429,3,0.0008824639916419983,1890,1.0,1.007727116672071
gpu,DS,524288,32,256,0.1,52429,4,0.000865887999534607,1890,1.0,1.007727116672071
gpu,SS,524288,32,256,0.1,52429,4,0.0004331519901752472,1890,1.0,1.007727116672071
gpu,SS,524288,32,256,0.1,52429,5,0.00026044800877571104,1890,1.0,1.007727116672071
gpu,DS,524288,32,256,0.1,52429,5,0.0008929280042648315,1890,1.0,1.007727116672071
gpu,DS,524288,32,256,0.1,52429,6,0.0008648639917373657,1890,1.0,1.007727116672071
gpu,SS,524288,32,256,0.1,52429,6,0.0003356480002403259,1890,1.0,1.007727116672071
gpu,SS,524288,32,256,0.1,52429,7,0.00037254399061203004,1890,1.0,1.007727116672071
gpu,DS,524288,32,256,0.1,52429,7,0.0008620479702949524,1890,1.0,1.007727116672071
gpu,DS,524288,32,256,0.1,52429,8,0.000843775987625122,1890,1.0,1.007727116672071
gpu,SS,524288,32,256,0.1,52429,8,0.00035020801424980166,1890,1.0,1.007727116672071
gpu,SS,524288,32,256,0.1,52429,9,0.0002560000121593475,1890,1.0,1.007727116672071
gpu,DS,524288,32,256,0.1,52429,9,0.0008136640191078186,1890,1.0,1.007727116672071
gpu,DS,524288,32,256,0.1,52429,10,0.000908128023147583,1890,1.0,1.007727116672071
gpu,SS,524288,32,256,0.1,52429,10,0.0003347519934177399,1890,1.0,1.007727116672071
gpu,SS,524288,32,256,0.1,52429,11,0.0003356800079345703,1890,1.0,1.007727116672071
gpu,DS,524288,32,256,0.1,52429,11,0.0008724480271339416,1890,1.0,1.007727116672071
gpu,DS,524288,32,256,0.1,52429,12,0.0008664320111274719,1890,1.0,1.007727116672071
gpu,SS,524288,32,256,0.1,52429,12,0.0003604480028152466,1890,1.0,1.007727116672071
gpu,SS,524288,32,256,0.1,52429,13,0.00025699201226234435,1890,1.0,1.007727116672071
gpu,DS,524288,32,256,0.1,52429,13,0.0008766720294952393,1890,1.0,1.007727116672071
gpu,DS,524288,32,256,0.1,52429,14,0.000843775987625122,1890,1.0,1.007727116672071
gpu,SS,524288,32,256,0.1,52429,14,0.00032767999172210693,1890,1.0,1.007727116672071
cpu,DS,524288,32,256,0.2,104858,0,0.00926360499988732,-1,1.0,1.0124066594823475
cpu,SS,524288,32,256,0.2,104858,0,0.01978178299987121,-1,1.0,1.0124066594823475
cpu,SS,524288,32,256,0.2,104858,1,0.021187592999922344,-1,1.0,1.0124066594823475
cpu,DS,524288,32,256,0.2,104858,1,0.010733286000231601,-1,1.0,1.0124066594823475
cpu,DS,524288,32,256,0.2,104858,2,0.011086663999776647,-1,1.0,1.0124066594823475
cpu,SS,524288,32,256,0.2,104858,2,0.018963180999890028,-1,1.0,1.0124066594823475
cpu,SS,524288,32,256,0.2,104858,3,0.0220363250000446,-1,1.0,1.0124066594823475
cpu,DS,524288,32,256,0.2,104858,3,0.010471663999851444,-1,1.0,1.0124066594823475
cpu,DS,524288,32,256,0.2,104858,4,0.009955345999969722,-1,1.0,1.0124066594823475
cpu,SS,524288,32,256,0.2,104858,4,0.01849961500010977,-1,1.0,1.0124066594823475
cpu,SS,524288,32,256,0.2,104858,5,0.020731925000291085,-1,1.0,1.0124066594823475
cpu,DS,524288,32,256,0.2,104858,5,0.010660834999725921,-1,1.0,1.0124066594823475
cpu,DS,524288,32,256,0.2,104858,6,0.010114287999840599,-1,1.0,1.0124066594823475
cpu,SS,524288,32,256,0.2,104858,6,0.020849814999564842,-1,1.0,1.0124066594823475
cpu,SS,524288,32,256,0.2,104858,7,0.018737346000307298,-1,1.0,1.0124066594823475
cpu,DS,524288,32,256,0.2,104858,7,0.010112045999903785,-1,1.0,1.0124066594823475
cpu,DS,524288,32,256,0.2,104858,8,0.009996105000027455,-1,1.0,1.0124066594823475
cpu,SS,524288,32,256,0.2,104858,8,0.02028074400004698,-1,1.0,1.0124066594823475
cpu,SS,524288,32,256,0.2,104858,9,0.018808041000283993,-1,1.0,1.0124066594823475
cpu,DS,524288,32,256,0.2,104858,9,0.011114259000351012,-1,1.0,1.0124066594823475
cpu,DS,524288,32,256,0.2,104858,10,0.011416152000037982,-1,1.0,1.0124066594823475
cpu,SS,524288,32,256,0.2,104858,10,0.0200964489999933,-1,1.0,1.0124066594823475
cpu,SS,524288,32,256,0.2,104858,11,0.019704163999904267,-1,1.0,1.0124066594823475
cpu,DS,524288,32,256,0.2,104858,11,0.010103172000071936,-1,1.0,1.0124066594823475
cpu,DS,524288,32,256,0.2,104858,12,0.010962629999994533,-1,1.0,1.0124066594823475
cpu,SS,524288,32,256,0.2,104858,12,0.018166810999900918,-1,1.0,1.0124066594823475
cpu,SS,524288,32,256,0.2,104858,13,0.019937507000122423,-1,1.0,1.0124066594823475
cpu,DS,524288,32,256,0.2,104858,13,0.01120582099974854,-1,1.0,1.0124066594823475
cpu,DS,524288,32,256,0.2,104858,14,0.00966778699967108,-1,1.0,1.0124066594823475
cpu,SS,524288,32,256,0.2,104858,14,0.018374508999841055,-1,1.0,1.0124066594823475
gpu,DS,524288,32,256,0.2,104858,0,0.000843775987625122,1890,1.0,1.0124066594823475
gpu,SS,524288,32,256,0.2,104858,0,0.00047516798973083497,1890,1.0,1.0124066594823475
gpu,SS,524288,32,256,0.2,104858,1,0.0004761919975280762,1890,1.0,1.0124066594823475
gpu,DS,524288,32,256,0.2,104858,1,0.0009098560214042664,1890,1.0,1.0124066594823475
gpu,DS,524288,32,256,0.2,104858,2,0.0010421760082244874,1890,1.0,1.0124066594823475
gpu,SS,524288,32,256,0.2,104858,2,0.0004833280146121979,1890,1.0,1.0124066594823475
gpu,SS,524288,32,256,0.2,104858,3,0.0004082239866256714,1890,1.0,1.0124066594823475
gpu,DS,524288,32,256,0.2,104858,3,0.0008931840062141418,1890,1.0,1.0124066594823475
gpu,DS,524288,32,256,0.2,104858,4,0.0008523520231246948,1890,1.0,1.0124066594823475
gpu,SS,524288,32,256,0.2,104858,4,0.0004915199875831604,1890,1.0,1.0124066594823475
gpu,SS,524288,32,256,0.2,104858,5,0.0004095999896526337,1890,1.0,1.0124066594823475
gpu,DS,524288,32,256,0.2,104858,5,0.0008600000143051148,1890,1.0,1.0124066594823475
gpu,DS,524288,32,256,0.2,104858,6,0.0008540800213813781,1890,1.0,1.0124066594823475
gpu,SS,524288,32,256,0.2,104858,6,0.0004699200093746185,1890,1.0,1.0124066594823475
gpu,SS,524288,32,256,0.2,104858,7,0.0004745280146598816,1890,1.0,1.0124066594823475
gpu,DS,524288,32,256,0.2,104858,7,0.0008481600284576416,1890,1.0,1.0124066594823475
gpu,DS,524288,32,256,0.2,104858,8,0.0008376320004463196,1890,1.0,1.0124066594823475
gpu,SS,524288,32,256,0.2,104858,8,0.00048252800107002257,1890,1.0,1.0124066594823475
gpu,SS,524288,32,256,0.2,104858,9,0.00047859200835227966,1890,1.0,1.0124066594823475
gpu,DS,524288,32,256,0.2,104858,9,0.0008622400164604187,1890,1.0,1.0124066594823475
gpu,DS,524288,32,256,0.2,104858,10,0.0008565120100975037,1890,1.0,1.0124066594823475
gpu,SS,524288,32,256,0.2,104858,10,0.0005115839838981628,1890,1.0,1.0124066594823475
gpu,SS,524288,32,256,0.2,104858,11,0.0004082559943199158,1890,1.0,1.0124066594823475
gpu,DS,524288,32,256,0.2,104858,11,0.0009523199796676636,1890,1.0,1.0124066594823475
gpu,DS,524288,32,256,0.2,104858,12,0.0008808320164680481,1890,1.0,1.0124066594823475
gpu,SS,524288,32,256,0.2,104858,12,0.0004789760112762451,1890,1.0,1.0124066594823475
gpu,SS,524288,32,256,0.2,104858,13,0.00047331199049949646,1890,1.0,1.0124066594823475
gpu,DS,524288,32,256,0.2,104858,13,0.0008781120181083679,1890,1.0,1.0124066594823475
gpu,DS,524288,32,256,0.2,104858,14,0.0008461440205574036,1890,1.0,1.0124066594823475
gpu,SS,524288,32,256,0.2,104858,14,0.0004830079972743988,1890,1.0,1.0124066594823475
cpu,DS,524288,32,256,0.3,157286,0,0.014845600000171544,-1,1.0,1.0046030797400913
cpu,SS,524288,32,256,0.3,157286,0,0.026994056000148703,-1,1.0,1.0046030797400913
cpu,SS,524288,32,256,0.3,157286,1,0.03200278700023773,-1,1.0,1.0046030797400913
cpu,DS,524288,32,256,0.3,157286,1,0.011222203000215814,-1,1.0,1.0046030797400913
cpu,DS,524288,32,256,0.3,157286,2,0.010760393000055046,-1,1.0,1.0046030797400913
cpu,SS,524288,32,256,0.3,157286,2,0.02860600500025612,-1,1.0,1.0046030797400913
cpu,SS,524288,32,256,0.3,157286,3,0.02652044799970099,-1,1.0,1.0046030797400913
cpu,DS,524288,32,256,0.3,157286,3,0.010033062000275095,-1,1.0,1.0046030797400913
cpu,DS,524288,32,256,0.3,157286,4,0.009264483000151813,-1,1.0,1.0046030797400913
cpu,SS,524288,32,256,0.3,157286,4,0.02825233300018226,-1,1.0,1.0046030797400913
cpu,SS,524288,32,256,0.3,157286,5,0.027823189000173443,-1,1.0,1.0046030797400913
cpu,DS,524288,32,256,0.3,157286,5,0.010841717999937828,-1,1.0,1.0046030797400913
cpu,DS,524288,32,256,0.3,157286,6,0.010659763000148814,-1,1.0,1.0046030797400913
cpu,SS,524288,32,256,0.3,157286,6,0.024986897999951907,-1,1.0,1.0046030797400913
cpu,SS,524288,32,256,0.3,157286,7,0.02786073100014619,-1,1.0,1.0046030797400913
cpu,DS,524288,32,256,0.3,157286,7,0.010208384999714326,-1,1.0,1.0046030797400913
cpu,DS,524288,32,256,0.3,157286,8,0.010799202999805857,-1,1.0,1.0046030797400913
cpu,SS,524288,32,256,0.3,157286,8,0.025413604999812378,-1,1.0,1.0046030797400913
cpu,SS,524288,32,256,0.3,157286,9,0.027749568999752228,-1,1.0,1.0046030797400913
cpu,DS,524288,32,256,0.3,157286,9,0.00981561300022804,-1,1.0,1.0046030797400913
cpu,DS,524288,32,256,0.3,157286,10,0.01097199100013313,-1,1.0,1.0046030797400913
cpu,SS,524288,32,256,0.3,157286,10,0.025104301000283158,-1,1.0,1.0046030797400913
cpu,SS,524288,32,256,0.3,157286,11,0.026872364000155358,-1,1.0,1.0046030797400913
cpu,DS,524288,32,256,0.3,157286,11,0.010017361999871355,-1,1.0,1.0046030797400913
cpu,DS,524288,32,256,0.3,157286,12,0.010197660000358155,-1,1.0,1.0046030797400913
cpu,SS,524288,32,256,0.3,157286,12,0.027717390999896452,-1,1.0,1.0046030797400913
cpu,SS,524288,32,256,0.3,157286,13,0.025152861999686138,-1,1.0,1.0046030797400913
cpu,DS,524288,32,256,0.3,157286,13,0.012406176999775198,-1,1.0,1.0046030797400913
cpu,DS,524288,32,256,0.3,157286,14,0.010645330999977887,-1,1.0,1.0046030797400913
cpu,SS,524288,32,256,0.3,157286,14,0.02697211700024127,-1,1.0,1.0046030797400913
gpu,DS,524288,32,256,0.3,157286,0,0.0009039040207862854,1890,1.0,1.0046030797400913
gpu,SS,524288,32,256,0.3,157286,0,0.0006635519862174988,1890,1.0,1.0046030797400913
gpu,SS,524288,32,256,0.3,157286,1,0.0006716160178184509,1890,1.0,1.0046030797400913
gpu,DS,524288,32,256,0.3,157286,1,0.000983456015586853,1890,1.0,1.0046030797400913
gpu,DS,524288,32,256,0.3,157286,2,0.0009072639942169189,1890,1.0,1.0046030797400913
gpu,SS,524288,32,256,0.3,157286,2,0.0006737920045852661,1890,1.0,1.0046030797400913
gpu,SS,524288,32,256,0.3,157286,3,0.0006821119785308838,1890,1.0,1.0046030797400913
gpu,DS,524288,32,256,0.3,157286,3,0.0009336000084877015,1890,1.0,1.0046030797400913
gpu,DS,524288,32,256,0.3,157286,4,0.000877951979637146,1890,1.0,1.0046030797400913
gpu,SS,524288,32,256,0.3,157286,4,0.0006574079990386963,1890,1.0,1.0046030797400913
gpu,SS,524288,32,256,0.3,157286,5,0.0006525760293006897,1890,1.0,1.0046030797400913
gpu,DS,524288,32,256,0.3,157286,5,0.000839680016040802,1890,1.0,1.0046030797400913
gpu,DS,524288,32,256,0.3,157286,6,0.0008888319730758667,1890,1.0,1.0046030797400913
gpu,SS,524288,32,256,0.3,157286,6,0.0006492800116539002,1890,1.0,1.0046030797400913
gpu,SS,524288,32,256,0.3,157286,7,0.0009236479997634888,1890,1.0,1.0046030797400913
gpu,DS,524288,32,256,0.3,157286,7,0.0008464319705963135,1890,1.0,1.0046030797400913
gpu,DS,524288,32,256,0.3,157286,8,0.0008759679794311523,1890,1.0,1.0046030797400913
gpu,SS,524288,32,256,0.3,157286,8,0.0006984320282936097,1890,1.0,1.0046030797400913
gpu,SS,524288,32,256,0.3,157286,9,0.0006615039706230163,1890,1.0,1.0046030797400913
gpu,DS,524288,32,256,0.3,157286,9,0.0009354879856109619,1890,1.0,1.0046030797400913
gpu,DS,524288,32,256,0.3,157286,10,0.0008658559918403626,1890,1.0,1.0046030797400913
gpu,SS,524288,32,256,0.3,157286,10,0.0006680639982223511,1890,1.0,1.0046030797400913
gpu,SS,524288,32,256,0.3,157286,11,0.0006792320013046264,1890,1.0,1.0046030797400913
gpu,DS,524288,32,256,0.3,157286,11,0.0011595840454101563,1890,1.0,1.0046030797400913
gpu,DS,524288,32,256,0.3,157286,12,0.0009559680223464966,1890,1.0,1.0046030797400913
gpu,SS,524288,32,256,0.3,157286,12,0.0005865920186042785,1890,1.0,1.0046030797400913
gpu,SS,524288,32,256,0.3,157286,13,0.0006637120246887207,1890,1.0,1.0046030797400913
gpu,DS,524288,32,256,0.3,157286,13,0.0009071999788284302,1890,1.0,1.0046030797400913
gpu,DS,524288,32,256,0.3,157286,14,0.0009502720236778259,1890,1.0,1.0046030797400913
gpu,SS,524288,32,256,0.3,157286,14,0.00065939199924469,1890,1.0,1.0046030797400913
cpu,DS,524288,32,256,0.5,262144,0,0.011746127999685996,-1,1.0,1.0025739669799805
cpu,SS,524288,32,256,0.5,262144,0,0.041258590999859734,-1,1.0,1.0025739669799805
cpu,SS,524288,32,256,0.5,262144,1,0.04308671999979197,-1,1.0,1.0025739669799805
cpu,DS,524288,32,256,0.5,262144,1,0.011058190999847284,-1,1.0,1.0025739669799805
cpu,DS,524288,32,256,0.5,262144,2,0.010702862000016466,-1,1.0,1.0025739669799805
cpu,SS,524288,32,256,0.5,262144,2,0.04202404999978171,-1,1.0,1.0025739669799805
cpu,SS,524288,32,256,0.5,262144,3,0.042472305999581295,-1,1.0,1.0025739669799805
cpu,DS,524288,32,256,0.5,262144,3,0.011068623999562988,-1,1.0,1.0025739669799805
cpu,DS,524288,32,256,0.5,262144,4,0.010988567999902443,-1,1.0,1.0025739669799805
cpu,SS,524288,32,256,0.5,262144,4,0.04390688200010118,-1,1.0,1.0025739669799805
cpu,SS,524288,32,256,0.5,262144,5,0.04683522300001641,-1,1.0,1.0025739669799805
cpu,DS,524288,32,256,0.5,262144,5,0.009673247000137053,-1,1.0,1.0025739669799805
cpu,DS,524288,32,256,0.5,262144,6,0.012355470999864338,-1,1.0,1.0025739669799805
cpu,SS,524288,32,256,0.5,262144,6,0.04209640199997011,-1,1.0,1.0025739669799805
cpu,SS,524288,32,256,0.5,262144,7,0.037959807999868644,-1,1.0,1.0025739669799805
cpu,DS,524288,32,256,0.5,262144,7,0.010456941000029474,-1,1.0,1.0025739669799805
cpu,DS,524288,32,256,0.5,262144,8,0.01076604900026723,-1,1.0,1.0025739669799805
cpu,SS,524288,32,256,0.5,262144,8,0.04202882699973998,-1,1.0,1.0025739669799805
cpu,SS,524288,32,256,0.5,262144,9,0.03825097399976585,-1,1.0,1.0025739669799805
cpu,DS,524288,32,256,0.5,262144,9,0.011104508000244095,-1,1.0,1.0025739669799805
cpu,DS,524288,32,256,0.5,262144,10,0.01057921899973735,-1,1.0,1.0025739669799805
cpu,SS,524288,32,256,0.5,262144,10,0.03682624700013548,-1,1.0,1.0025739669799805
cpu,SS,524288,32,256,0.5,262144,11,0.040227027000128146,-1,1.0,1.0025739669799805
cpu,DS,524288,32,256,0.5,262144,11,0.009913610999774392,-1,1.0,1.0025739669799805
cpu,DS,524288,32,256,0.5,262144,12,0.010391802999947686,-1,1.0,1.0025739669799805
cpu,SS,524288,32,256,0.5,262144,12,0.04106386300009035,-1,1.0,1.0025739669799805
cpu,SS,524288,32,256,0.5,262144,13,0.04294406200006051,-1,1.0,1.0025739669799805
cpu,DS,524288,32,256,0.5,262144,13,0.011729356000159896,-1,1.0,1.0025739669799805
cpu,DS,524288,32,256,0.5,262144,14,0.0115338470000097,-1,1.0,1.0025739669799805
cpu,SS,524288,32,256,0.5,262144,14,0.04157179599997107,-1,1.0,1.0025739669799805
gpu,DS,524288,32,256,0.5,262144,0,0.0009052159786224366,1890,1.0,1.0025739669799805
gpu,SS,524288,32,256,0.5,262144,0,0.0011182080507278443,1890,1.0,1.0025739669799805
gpu,SS,524288,32,256,0.5,262144,1,0.0011030720472335815,1890,1.0,1.0025739669799805
gpu,DS,524288,32,256,0.5,262144,1,0.0008614720106124878,1890,1.0,1.0025739669799805
gpu,DS,524288,32,256,0.5,262144,2,0.0008344320058822632,1890,1.0,1.0025739669799805
gpu,SS,524288,32,256,0.5,262144,2,0.0010448640584945679,1890,1.0,1.0025739669799805
gpu,SS,524288,32,256,0.5,262144,3,0.0010896320343017577,1890,1.0,1.0025739669799805
gpu,DS,524288,32,256,0.5,262144,3,0.0009767040014266968,1890,1.0,1.0025739669799805
gpu,DS,524288,32,256,0.5,262144,4,0.0008549439907073975,1890,1.0,1.0025739669799805
gpu,SS,524288,32,256,0.5,262144,4,0.0010864319801330566,1890,1.0,1.0025739669799805
gpu,SS,524288,32,256,0.5,262144,5,0.0010876799821853637,1890,1.0,1.0025739669799805
gpu,DS,524288,32,256,0.5,262144,5,0.0008808959722518921,1890,1.0,1.0025739669799805
gpu,DS,524288,32,256,0.5,262144,6,0.0014818559885025025,1890,1.0,1.0025739669799805
gpu,SS,524288,32,256,0.5,262144,6,0.0010978560447692872,1890,1.0,1.0025739669799805
gpu,SS,524288,32,256,0.5,262144,7,0.0010906239748001098,1890,1.0,1.0025739669799805
gpu,DS,524288,32,256,0.5,262144,7,0.0009448000192642212,1890,1.0,1.0025739669799805
gpu,DS,524288,32,256,0.5,262144,8,0.0008743039965629578,1890,1.0,1.0025739669799805
gpu,SS,524288,32,256,0.5,262144,8,0.0010886720418930053,1890,1.0,1.0025739669799805
gpu,SS,524288,32,256,0.5,262144,9,0.0010914560556411744,1890,1.0,1.0025739669799805
gpu,DS,524288,32,256,0.5,262144,9,0.0013126720190048218,1890,1.0,1.0025739669799805
gpu,DS,524288,32,256,0.5,262144,10,0.0009386240243911743,1890,1.0,1.0025739669799805
gpu,SS,524288,32,256,0.5,262144,10,0.0010977280139923096,1890,1.0,1.0025739669799805
gpu,SS,524288,32,256,0.5,262144,11,0.0010929280519485474,1890,1.0,1.0025739669799805
gpu,DS,524288,32,256,0.5,262144,11,0.0008746560215950012,1890,1.0,1.0025739669799805
gpu,DS,524288,32,256,0.5,262144,12,0.0008655359745025635,1890,1.0,1.0025739669799805
gpu,SS,524288,32,256,0.5,262144,12,0.0010964479446411133,1890,1.0,1.0025739669799805
gpu,SS,524288,32,256,0.5,262144,13,0.0011654080152511596,1890,1.0,1.0025739669799805
gpu,DS,524288,32,256,0.5,262144,13,0.0010180799961090087,1890,1.0,1.0025739669799805
gpu,DS,524288,32,256,0.5,262144,14,0.000941536009311676,1890,1.0,1.0025739669799805
gpu,SS,524288,32,256,0.5,262144,14,0.0010970239639282228,1890,1.0,1.0025739669799805
cpu,DS,524288,32,256,0.7,367002,0,0.00979496999980256,-1,1.0,1.0025013487664918
cpu,SS,524288,32,256,0.7,367002,0,0.04520286000024498,-1,1.0,1.0025013487664918
cpu,SS,524288,32,256,0.7,367002,1,0.05249681999976019,-1,1.0,1.0025013487664918
cpu,DS,524288,32,256,0.7,367002,1,0.010368270000071789,-1,1.0,1.0025013487664918
cpu,DS,524288,32,256,0.7,367002,2,0.010978829999658046,-1,1.0,1.0025013487664918
cpu,SS,524288,32,256,0.7,367002,2,0.05423705999965023,-1,1.0,1.0025013487664918
cpu,SS,524288,32,256,0.7,367002,3,0.048534120000113035,-1,1.0,1.0025013487664918
cpu,DS,524288,32,256,0.7,367002,3,0.00913823999962915,-1,1.0,1.0025013487664918
cpu,DS,524288,32,256,0.7,367002,4,0.009261719999813067,-1,1.0,1.0025013487664918
cpu,SS,524288,32,256,0.7,367002,4,0.049038390000077925,-1,1.0,1.0025013487664918
cpu,SS,524288,32,256,0.7,367002,5,0.05359976999989158,-1,1.0,1.0025013487664918
cpu,DS,524288,32,256,0.7,367002,5,0.010314269999980752,-1,1.0,1.0025013487664918
cpu,DS,524288,32,256,0.7,367002,6,0.01020500999993601,-1,1.0,1.0025013487664918
cpu,SS,524288,32,256,0.7,367002,6,0.050394240000059654,-1,1.0,1.0025013487664918
cpu,SS,524288,32,256,0.7,367002,7,0.05123394000020198,-1,1.0,1.0025013487664918
cpu,DS,524288,32,256,0.7,367002,7,0.010816020000220306,-1,1.0,1.0025013487664918
cpu,DS,524288,32,256,0.7,367002,8,0.01038834000019051,-1,1.0,1.0025013487664918
cpu,SS,524288,32,256,0.7,367002,8,0.04926357000022108,-1,1.0,1.0025013487664918
cpu,SS,524288,32,256,0.7,367002,9,0.05600447999995595,-1,1.0,1.0025013487664918
cpu,DS,524288,32,256,0.7,367002,9,0.009263429999919026,-1,1.0,1.0025013487664918
cpu,DS,524288,32,256,0.7,367002,10,0.009665640000093845,-1,1.0,1.0025013487664918
cpu,SS,524288,32,256,0.7,367002,10,0.04812974999958897,-1,1.0,1.0025013487664918
cpu,SS,524288,32,256,0.7,367002,11,0.05202693000001091,-1,1.0,1.0025013487664918
cpu,DS,524288,32,256,0.7,367002,11,0.0096715800000311,-1,1.0,1.0025013487664918
cpu,DS,524288,32,256,0.7,367002,12,0.009879029999865452,-1,1.0,1.0025013487664918
cpu,SS,524288,32,256,0.7,367002,12,0.048185820000071544,-1,1.0,1.0025013487664918
cpu,SS,524288,32,256,0.7,367002,13,0.05168447999994896,-1,1.0,1.0025013487664918
cpu,DS,524288,32,256,0.7,367002,13,0.009152009999979782,-1,1.0,1.0025013487664918
cpu,DS,524288,32,256,0.7,367002,14,0.00972927000020718,-1,1.0,1.0025013487664918
cpu,SS,524288,32,256,0.7,367002,14,0.05128856999999698,-1,1.0,1.0025013487664918
gpu,DS,524288,32,256,0.7,367002,0,0.0008836159706115723,1890,1.0,1.0025013487664918
gpu,SS,524288,32,256,0.7,367002,0,0.0016096320152282715,1890,1.0,1.0025013487664918
gpu,SS,524288,32,256,0.7,367002,1,0.0015930559635162355,1890,1.0,1.0025013487664918
gpu,DS,524288,32,256,0.7,367002,1,0.0008298239707946778,1890,1.0,1.0025013487664918
gpu,DS,524288,32,256,0.7,367002,2,0.0008665919899940491,1890,1.0,1.0025013487664918
gpu,SS,524288,32,256,0.7,367002,2,0.0016053119897842408,1890,1.0,1.0025013487664918
gpu,SS,524288,32,256,0.7,367002,3,0.0015238399505615235,1890,1.0,1.0025013487664918
gpu,DS,524288,32,256,0.7,367002,3,0.0008864639997482299,1890,1.0,1.0025013487664918
gpu,DS,524288,32,256,0.7,367002,4,0.0008379200100898743,1890,1.0,1.0025013487664918
gpu,SS,524288,32,256,0.7,367002,4,0.001602463960647583,1890,1.0,1.0025013487664918
gpu,SS,524288,32,256,0.7,367002,5,0.0016078720092773439,1890,1.0,1.0025013487664918
gpu,DS,524288,32,256,0.7,367002,5,0.0008648639917373657,1890,1.0,1.0025013487664918
gpu,DS,524288,32,256,0.7,367002,6,0.0016486400365829468,1890,1.0,1.0025013487664918
gpu,SS,524288,32,256,0.7,367002,6,0.001593824028968811,1890,1.0,1.0025013487664918
gpu,SS,524288,32,256,0.7,367002,7,0.00159225594997406,1890,1.0,1.0025013487664918
gpu,DS,524288,32,256,0.7,367002,7,0.0008811839818954468,1890,1.0,1.0025013487664918
gpu,DS,524288,32,256,0.7,367002,8,0.0008432639837265014,1890,1.0,1.0025013487664918
gpu,SS,524288,32,256,0.7,367002,8,0.0015932159423828124,1890,1.0,1.0025013487664918
gpu,SS,524288,32,256,0.7,367002,9,0.0028779520988464354,1890,1.0,1.0025013487664918
gpu,DS,524288,32,256,0.7,367002,9,0.0009528959989547729,1890,1.0,1.0025013487664918
gpu,DS,524288,32,256,0.7,367002,10,0.0008444799780845642,1890,1.0,1.0025013487664918
gpu,SS,524288,32,256,0.7,367002,10,0.0015892479419708251,1890,1.0,1.0025013487664918
gpu,SS,524288,32,256,0.7,367002,11,0.0015996479988098144,1890,1.0,1.0025013487664918
gpu,DS,524288,32,256,0.7,367002,11,0.0008481600284576416,1890,1.0,1.0025013487664918
gpu,DS,524288,32,256,0.7,367002,12,0.0009465919733047485,1890,1.0,1.0025013487664918
gpu,SS,524288,32,256,0.7,367002,12,0.0016038719415664674,1890,1.0,1.0025013487664918
gpu,SS,524288,32,256,0.7,367002,13,0.001602336049079895,1890,1.0,1.0025013487664918
gpu,DS,524288,32,256,0.7,367002,13,0.0009132159948348999,1890,1.0,1.0025013487664918
gpu,DS,524288,32,256,0.7,367002,14,0.0008560640215873718,1890,1.0,1.0025013487664918
gpu,SS,524288,32,256,0.7,367002,14,0.0015962560176849365,1890,1.0,1.0025013487664918
cpu,DS,524288,32,256,1.0,524288,0,0.010087829999974929,-1,1.0,1.0000240802764893
cpu,SS,524288,32,256,1.0,524288,0,0.06873192000011841,-1,1.0,1.0000240802764893
cpu,SS,524288,32,256,1.0,524288,1,0.06600393000007898,-1,1.0,1.0000240802764893
cpu,DS,524288,32,256,1.0,524288,1,0.00953127000002496,-1,1.0,1.0000240802764893
cpu,DS,524288,32,256,1.0,524288,2,0.010156499999993684,-1,1.0,1.0000240802764893
cpu,SS,524288,32,256,1.0,524288,2,0.06566957999984879,-1,1.0,1.0000240802764893
cpu,SS,524288,32,256,1.0,524288,3,0.07562241000005088,-1,1.0,1.0000240802764893
cpu,DS,524288,32,256,1.0,524288,3,0.01013814000043567,-1,1.0,1.0000240802764893
cpu,DS,524288,32,256,1.0,524288,4,0.00885041999981695,-1,1.0,1.0000240802764893
cpu,SS,524288,32,256,1.0,524288,4,0.06318324000039865,-1,1.0,1.0000240802764893
cpu,SS,524288,32,256,1.0,524288,5,0.06860403000018778,-1,1.0,1.0000240802764893
cpu,DS,524288,32,256,1.0,524288,5,0.009863549999863608,-1,1.0,1.0000240802764893
cpu,DS,524288,32,256,1.0,524288,6,0.010091789999933098,-1,1.0,1.0000240802764893
cpu,SS,524288,32,256,1.0,524288,6,0.06213681000008364,-1,1.0,1.0000240802764893
cpu,SS,524288,32,256,1.0,524288,7,0.0627956099997391,-1,1.0,1.0000240802764893
cpu,DS,524288,32,256,1.0,524288,7,0.00924020999991626,-1,1.0,1.0000240802764893
cpu,DS,524288,32,256,1.0,524288,8,0.010064069999771164,-1,1.0,1.0000240802764893
cpu,SS,524288,32,256,1.0,524288,8,0.06985592999990331,-1,1.0,1.0000240802764893
cpu,SS,524288,32,256,1.0,524288,9,0.06567795000000842,-1,1.0,1.0000240802764893
cpu,DS,524288,32,256,1.0,524288,9,0.009716850000131672,-1,1.0,1.0000240802764893
cpu,DS,524288,32,256,1.0,524288,10,0.009651150000081543,-1,1.0,1.0000240802764893
cpu,SS,524288,32,256,1.0,524288,10,0.07263962999968498,-1,1.0,1.0000240802764893
cpu,SS,524288,32,256,1.0,524288,11,0.0679953599997134,-1,1.0,1.0000240802764893
cpu,DS,524288,32,256,1.0,524288,11,0.009943379999640456,-1,1.0,1.0000240802764893
cpu,DS,524288,32,256,1.0,524288,12,0.00953343000037421,-1,1.0,1.0000240802764893
cpu,SS,524288,32,256,1.0,524288,12,0.07045605000030264,-1,1.0,1.0000240802764893
cpu,SS,524288,32,256,1.0,524288,13,0.0623759400000381,-1,1.0,1.0000240802764893
cpu,DS,524288,32,256,1.0,524288,13,0.009833220000018628,-1,1.0,1.0000240802764893
cpu,DS,524288,32,256,1.0,524288,14,0.010816649999924266,-1,1.0,1.0000240802764893
cpu,SS,524288,32,256,1.0,524288,14,0.06951671999968312,-1,1.0,1.0000240802764893
gpu,DS,524288,32,256,1.0,524288,0,0.0010219520330429076,1320,1.0,1.0000240802764893
gpu,SS,524288,32,256,1.0,524288,0,0.005262527942657471,1320,1.0,1.0000240802764893
gpu,SS,524288,32,256,1.0,524288,1,0.0040570878982543945,1320,1.0,1.0000240802764893
gpu,DS,524288,32,256,1.0,524288,1,0.0010587199926376343,1320,1.0,1.0000240802764893
gpu,DS,524288,32,256,1.0,524288,2,0.000926751971244812,1320,1.0,1.0000240802764893
gpu,SS,524288,32,256,1.0,524288,2,0.004296351909637451,1320,1.0,1.0000240802764893
gpu,SS,524288,32,256,1.0,524288,3,0.004070047855377197,1320,1.0,1.0000240802764893
gpu,DS,524288,32,256,1.0,524288,3,0.0022622079849243166,1320,1.0,1.0000240802764893
gpu,DS,524288,32,256,1.0,524288,4,0.0009051839709281922,1320,1.0,1.0000240802764893
gpu,SS,524288,32,256,1.0,524288,4,0.004034656047821045,1320,1.0,1.0000240802764893
gpu,SS,524288,32,256,1.0,524288,5,0.005470208168029785,1320,1.0,1.0000240802764893
gpu,DS,524288,32,256,1.0,524288,5,0.0008184319734573364,1320,1.0,1.0000240802764893
gpu,DS,524288,32,256,1.0,524288,6,0.0008700159788131714,1320,1.0,1.0000240802764893
gpu,SS,524288,32,256,1.0,524288,6,0.004089888095855713,1320,1.0,1.0000240802764893
gpu,SS,524288,32,256,1.0,524288,7,0.004091904163360595,1320,1.0,1.0000240802764893
gpu,DS,524288,32,256,1.0,524288,7,0.0009967679977416991,1320,1.0,1.0000240802764893
gpu,DS,524288,32,256,1.0,524288,8,0.0009195520281791687,1320,1.0,1.0000240802764893
gpu,SS,524288,32,256,1.0,524288,8,0.004021024227142334,1320,1.0,1.0000240802764893
gpu,SS,524288,32,256,1.0,524288,9,0.005500480175018311,1320,1.0,1.0000240802764893
gpu,DS,524288,32,256,1.0,524288,9,0.0009646080136299133,1320,1.0,1.0000240802764893
gpu,DS,524288,32,256,1.0,524288,10,0.0009052159786224366,1320,1.0,1.0000240802764893
gpu,SS,524288,32,256,1.0,524288,10,0.003997983932495117,1320,1.0,1.0000240802764893
gpu,SS,524288,32,256,1.0,524288,11,0.004034592151641846,1320,1.0,1.0000240802764893
gpu,DS,524288,32,256,1.0,524288,11,0.0009618880152702331,1320,1.0,1.0000240802764893
gpu,DS,524288,32,256,1.0,524288,12,0.0008881919980049133,1320,1.0,1.0000240802764893
gpu,SS,524288,32,256,1.0,524288,12,0.004008255958557129,1320,1.0,1.0000240802764893
gpu,SS,524288,32,256,1.0,524288,13,0.00522873592376709,1320,1.0,1.0000240802764893
gpu,DS,524288,32,256,1.0,524288,13,0.0009834240078926085,1320,1.0,1.0000240802764893
gpu,DS,524288,32,256,1.0,524288,14,0.0008812479972839356,1320,1.0,1.0000240802764893
gpu,SS,524288,32,256,1.0,524288,14,0.004040703773498535,1320,1.0,1.0000240802764893
cpu,DS,524288,32,0,0.0001,52,0,0.01808401700009199,-1,1.0,1.03125
cpu,SS,524288,32,0,0.0001,52,0,0.0015288770000552176,-1,1.0,1.03125
cpu,SS,524288,32,0,0.0001,52,1,0.00021222400027909316,-1,1.0,1.03125
cpu,DS,524288,32,0,0.0001,52,1,0.018767484999898443,-1,1.0,1.03125
cpu,DS,524288,32,0,0.0001,52,2,0.018909353999788436,-1,1.0,1.03125
cpu,SS,524288,32,0,0.0001,52,2,0.0001881390003291017,-1,1.0,1.03125
cpu,SS,524288,32,0,0.0001,52,3,0.0001833840001381759,-1,1.0,1.03125
cpu,DS,524288,32,0,0.0001,52,3,0.01861484000028213,-1,1.0,1.03125
cpu,DS,524288,32,0,0.0001,52,4,0.019285315000161063,-1,1.0,1.03125
cpu,SS,524288,32,0,0.0001,52,4,0.00012517999994088314,-1,1.0,1.03125
cpu,SS,524288,32,0,0.0001,52,5,0.00015644699988115462,-1,1.0,1.03125
cpu,DS,524288,32,0,0.0001,52,5,0.01764097800014497,-1,1.0,1.03125
cpu,DS,524288,32,0,0.0001,52,6,0.018814704000305937,-1,1.0,1.03125
cpu,SS,524288,32,0,0.0001,52,6,0.00013268000020616455,-1,1.0,1.03125
cpu,SS,524288,32,0,0.0001,52,7,0.000125918999856367,-1,1.0,1.03125
cpu,DS,524288,32,0,0.0001,52,7,0.01981402599994908,-1,1.0,1.03125
cpu,DS,524288,32,0,0.0001,52,8,0.022123027999896294,-1,1.0,1.03125
cpu,SS,524288,32,0,0.0001,52,8,0.00012908799999422627,-1,1.0,1.03125
cpu,SS,524288,32,0,0.0001,52,9,7.93330000306014e-05,-1,1.0,1.03125
cpu,DS,524288,32,0,0.0001,52,9,0.018307966999600467,-1,1.0,1.03125
cpu,DS,524288,32,0,0.0001,52,10,0.02102747199978694,-1,1.0,1.03125
cpu,SS,524288,32,0,0.0001,52,10,0.00039349600001514773,-1,1.0,1.03125
cpu,SS,524288,32,0,0.0001,52,11,9.792499986360781e-05,-1,1.0,1.03125
cpu,DS,524288,32,0,0.0001,52,11,0.017259207999813952,-1,1.0,1.03125
cpu,DS,524288,32,0,0.0001,52,12,0.023795994000010978,-1,1.0,1.03125
cpu,SS,524288,32,0,0.0001,52,12,0.00018401800025458215,-1,1.0,1.03125
cpu,SS,524288,32,0,0.0001,52,13,0.00013098899989927304,-1,1.0,1.03125
cpu,DS,524288,32,0,0.0001,52,13,0.026626311999734753,-1,1.0,1.03125
cpu,DS,524288,32,0,0.0001,52,14,0.027763910999965447,-1,1.0,1.03125
cpu,SS,524288,32,0,0.0001,52,14,0.004063941999902454,-1,1.0,1.03125
gpu,DS,524288,32,0,0.0001,52,0,0.0014499839544296264,1890,1.0,1.03125
gpu,SS,524288,32,0,0.0001,52,0,0.0001884160041809082,1890,1.0,1.03125
gpu,SS,524288,32,0,0.0001,52,1,0.00022944000363349915,1890,1.0,1.03125
gpu,DS,524288,32,0,0.0001,52,1,0.0014002560377120972,1890,1.0,1.03125
gpu,DS,524288,32,0,0.0001,52,2,0.0014148160219192504,1890,1.0,1.03125
gpu,SS,524288,32,0,0.0001,52,2,7.468800246715545e-05,1890,1.0,1.03125
gpu,SS,524288,32,0,0.0001,52,3,0.00019564799964427948,1890,1.0,1.03125
gpu,DS,524288,32,0,0.0001,52,3,0.0019401919841766358,1890,1.0,1.03125
gpu,DS,524288,32,0,0.0001,52,4,0.0015539200305938721,1890,1.0,1.03125
gpu,SS,524288,32,0,0.0001,52,4,0.00023904000222682952,1890,1.0,1.03125
gpu,SS,524288,32,0,0.0001,52,5,0.0001579200029373169,1890,1.0,1.03125
gpu,DS,524288,32,0,0.0001,52,5,0.001602687954902649,1890,1.0,1.03125
gpu,DS,524288,32,0,0.0001,52,6,0.0024576001167297364,1890,1.0,1.03125
gpu,SS,524288,32,0,0.0001,52,6,0.00020102399587631226,1890,1.0,1.03125
gpu,SS,524288,32,0,0.0001,52,7,0.00017203199863433837,1890,1.0,1.03125
gpu,DS,524288,32,0,0.0001,52,7,0.0014338239431381226,1890,1.0,1.03125
gpu,DS,524288,32,0,0.0001,52,8,0.0013844799995422364,1890,1.0,1.03125
gpu,SS,524288,32,0,0.0001,52,8,0.00017375999689102172,1890,1.0,1.03125
gpu,SS,524288,32,0,0.0001,52,9,9.804800152778626e-05,1890,1.0,1.03125
gpu,DS,524288,32,0,0.0001,52,9,0.0014376959800720215,1890,1.0,1.03125
gpu,DS,524288,32,0,0.0001,52,10,0.0013944000005722047,1890,1.0,1.03125
gpu,SS,524288,32,0,0.0001,52,10,0.00018467199802398683,1890,1.0,1.03125
gpu,SS,524288,32,0,0.0001,52,11,0.00015360000729560853,1890,1.0,1.03125
gpu,DS,524288,32,0,0.0001,52,11,0.0014012800455093385,1890,1.0,1.03125
gpu,DS,524288,32,0,0.0001,52,12,0.0013605760335922241,1890,1.0,1.03125
gpu,SS,524288,32,0,0.0001,52,12,1.63199994713068e-05,1890,1.0,1.03125
gpu,SS,524288,32,0,0.0001,52,13,1.0688000358641148e-05,1890,1.0,1.03125
gpu,DS,524288,32,0,0.0001,52,13,0.0013864959478378297,1890,1.0,1.03125
gpu,DS,524288,32,0,0.0001,52,14,0.001474176049232483,1890,1.0,1.03125
gpu,SS,524288,32,0,0.0001,52,14,0.0002314240038394928,1890,1.0,1.03125
cpu,DS,524288,32,0,0.0003,157,0,0.017925245999776962,-1,1.0,1.0246815286624202
cpu,SS,524288,32,0,0.0003,157,0,0.00017514499995741062,-1,1.0,1.0246815286624202
cpu,SS,524288,32,0,0.0003,157,1,0.00012792500001523877,-1,1.0,1.0246815286624202
cpu,DS,524288,32,0,0.0003,157,1,0.01855156400006308,-1,1.0,1.0246815286624202
cpu,DS,524288,32,0,0.0003,157,2,0.020066709000275296,-1,1.0,1.0246815286624202
cpu,SS,524288,32,0,0.0003,157,2,0.00026123900033780956,-1,1.0,1.0246815286624202
cpu,SS,524288,32,0,0.0003,157,3,0.0007104060000528989,-1,1.0,1.0246815286624202
cpu,DS,524288,32,0,0.0003,157,3,0.022761811999771453,-1,1.0,1.0246815286624202
cpu,DS,524288,32,0,0.0003,157,4,0.022177853000357572,-1,1.0,1.0246815286624202
cpu,SS,524288,32,0,0.0003,157,4,0.002262944999984029,-1,1.0,1.0246815286624202
cpu,SS,524288,32,0,0.0003,157,5,0.00017514499995741062,-1,1.0,1.0246815286624202
cpu,DS,524288,32,0,0.0003,157,5,0.0283549480000147,-1,1.0,1.0246815286624202
cpu,DS,524288,32,0,0.0003,157,6,0.01935144399976707,-1,1.0,1.0246815286624202
cpu,SS,524288,32,0,0.0003,157,6,0.0001740890002110973,-1,1.0,1.0246815286624202
cpu,SS,524288,32,0,0.0003,157,7,0.00017440600004192675,-1,1.0,1.0246815286624202
cpu,DS,524288,32,0,0.0003,157,7,0.018915059999926598,-1,1.0,1.0246815286624202
cpu,DS,524288,32,0,0.0003,157,8,0.030596765999689524,-1,1.0,1.0246815286624202
cpu,SS,524288,32,0,0.0003,157,8,0.0002860640001927095,-1,1.0,1.0246815286624202
cpu,SS,524288,32,0,0.0003,157,9,0.00014947499994377722,-1,1.0,1.0246815286624202
cpu,DS,524288,32,0,0.0003,157,9,0.022837025000171707,-1,1.0,1.0246815286624202
cpu,DS,524288,32,0,0.0003,157,10,0.02189263500031302,-1,1.0,1.0246815286624202
cpu,SS,524288,32,0,0.0003,157,10,0.00018602599993755575,-1,1.0,1.0246815286624202
cpu,SS,524288,32,0,0.0003,157,11,0.00014598999996451312,-1,1.0,1.0246815286624202
cpu,DS,524288,32,0,0.0003,157,11,0.01848406299995986,-1,1.0,1.0246815286624202
cpu,DS,524288,32,0,0.0003,157,12,0.021244132999981957,-1,1.0,1.0246815286624202
cpu,SS,524288,32,0,0.0003,157,12,0.00019320900037200772,-1,1.0,1.0246815286624202
cpu,SS,524288,32,0,0.0003,157,13,0.00015222199999698205,-1,1.0,1.0246815286624202
cpu,DS,524288,32,0,0.0003,157,13,0.021343219999835128,-1,1.0,1.0246815286624202
cpu,DS,524288,32,0,0.0003,157,14,0.019551518999833206,-1,1.0,1.0246815286624202
cpu,SS,524288,32,0,0.0003,157,14,0.0002365199998166645,-1,1.0,1.0246815286624202
gpu,DS,524288,32,0,0.0003,157,0,0.0013607360124588013,1890,1.0,1.0246815286624202
gpu,SS,524288,32,0,0.0003,157,0,0.00023292799293994903,1890,1.0,1.0246815286624202
gpu,SS,524288,32,0,0.0003,157,1,0.00013596799969673156,1890,1.0,1.0246815286624202
gpu,DS,524288,32,0,0.0003,157,1,0.0015215040445327758,1890,1.0,1.0246815286624202
gpu,DS,524288,32,0,0.0003,157,2,0.00145360004901886,1890,1.0,1.0246815286624202
gpu,SS,524288,32,0,0.0003,157,2,0.00021315200626850127,1890,1.0,1.0246815286624202
gpu,SS,524288,32,0,0.0003,157,3,2.6752000674605368e-05,1890,1.0,1.0246815286624202
gpu,DS,524288,32,0,0.0003,157,3,0.003967616081237793,1890,1.0,1.0246815286624202
gpu,DS,524288,32,0,0.0003,157,4,0.001565119981765747,1890,1.0,1.0246815286624202
gpu,SS,524288,32,0,0.0003,157,4,0.00021264000236988068,1890,1.0,1.0246815286624202
gpu,SS,524288,32,0,0.0003,157,5,0.00020889599621295928,1890,1.0,1.0246815286624202
gpu,DS,524288,32,0,0.0003,157,5,0.0015011839866638183,1890,1.0,1.0246815286624202
gpu,DS,524288,32,0,0.0003,157,6,0.0014766080379486084,1890,1.0,1.0246815286624202
gpu,SS,524288,32,0,0.0003,157,6,0.0003440319895744324,1890,1.0,1.0246815286624202
gpu,SS,524288,32,0,0.0003,157,7,0.00017049600183963775,1890,1.0,1.0246815286624202
gpu,DS,524288,32,0,0.0003,157,7,0.0016045119762420654,1890,1.0,1.0246815286624202
gpu,DS,524288,32,0,0.0003,157,8,0.0020684161186218263,1890,1.0,1.0246815286624202
gpu,SS,524288,32,0,0.0003,157,8,0.0002252800017595291,1890,1.0,1.0246815286624202
gpu,SS,524288,32,0,0.0003,157,9,0.00030720001459121706,1890,1.0,1.0246815286624202
gpu,DS,524288,32,0,0.0003,157,9,0.001456447958946228,1890,1.0,1.0246815286624202
gpu,DS,524288,32,0,0.0003,157,10,0.0029968318939208984,1890,1.0,1.0246815286624202
gpu,SS,524288,32,0,0.0003,157,10,0.00010649599879980087,1890,1.0,1.0246815286624202
gpu,SS,524288,32,0,0.0003,157,11,0.0003022400140762329,1890,1.0,1.0246815286624202
gpu,DS,524288,32,0,0.0003,157,11,0.0018267840147018432,1890,1.0,1.0246815286624202
gpu,DS,524288,32,0,0.0003,157,12,0.002265343904495239,1890,1.0,1.0246815286624202
gpu,SS,524288,32,0,0.0003,157,12,0.0001245120018720627,1890,1.0,1.0246815286624202
gpu,SS,524288,32,0,0.0003,157,13,0.00023238399624824524,1890,1.0,1.0246815286624202
gpu,DS,524288,32,0,0.0003,157,13,0.003188159942626953,1890,1.0,1.0246815286624202
gpu,DS,524288,32,0,0.0003,157,14,0.0021948480606079103,1890,1.0,1.0246815286624202
gpu,SS,524288,32,0,0.0003,157,14,0.0002279359996318817,1890,1.0,1.0246815286624202
cpu,DS,524288,32,0,0.001,524,0,0.038463060000140104,-1,1.0,1.0387643129770994
cpu,SS,524288,32,0,0.001,524,0,0.0003410920003261708,-1,1.0,1.0387643129770994
cpu,SS,524288,32,0,0.001,524,1,0.00033524099990245304,-1,1.0,1.0387643129770994
cpu,DS,524288,32,0,0.001,524,1,0.020012979000057385,-1,1.0,1.0387643129770994
cpu,DS,524288,32,0,0.001,524,2,0.01827378099960697,-1,1.0,1.0387643129770994
cpu,SS,524288,32,0,0.001,524,2,0.00033329100006085355,-1,1.0,1.0387643129770994
cpu,SS,524288,32,0,0.001,524,3,0.0003343640000821324,-1,1.0,1.0387643129770994
cpu,DS,524288,32,0,0.001,524,3,0.01769398199985517,-1,1.0,1.0387643129770994
cpu,DS,524288,32,0,0.001,524,4,0.021096225999826856,-1,1.0,1.0387643129770994
cpu,SS,524288,32,0,0.001,524,4,0.00046356600023500505,-1,1.0,1.0387643129770994
cpu,SS,524288,32,0,0.001,524,5,0.0002842430003511254,-1,1.0,1.0387643129770994
cpu,DS,524288,32,0,0.001,524,5,0.020600189000106184,-1,1.0,1.0387643129770994
cpu,DS,524288,32,0,0.001,524,6,0.02209717100004127,-1,1.0,1.0387643129770994
cpu,SS,524288,32,0,0.001,524,6,0.001251255999704881,-1,1.0,1.0387643129770994
cpu,SS,524288,32,0,0.001,524,7,0.00031232699984684587,-1,1.0,1.0387643129770994
cpu,DS,524288,32,0,0.001,524,7,0.017340603999855375,-1,1.0,1.0387643129770994
cpu,DS,524288,32,0,0.001,524,8,0.018312785000034637,-1,1.0,1.0387643129770994
cpu,SS,524288,32,0,0.001,524,8,0.00038253399998211535,-1,1.0,1.0387643129770994
cpu,SS,524288,32,0,0.001,524,9,0.0002562579998084402,-1,1.0,1.0387643129770994
cpu,DS,524288,32,0,0.001,524,9,0.01856387400039239,-1,1.0,1.0387643129770994
cpu,DS,524288,32,0,0.001,524,10,0.06301116099984938,-1,1.0,1.0387643129770994
cpu,SS,524288,32,0,0.001,524,10,0.030787512000188144,-1,1.0,1.0387643129770994
cpu,SS,524288,32,0,0.001,524,11,0.0003081340000790078,-1,1.0,1.0387643129770994
cpu,DS,524288,32,0,0.001,524,11,0.03504560500005027,-1,1.0,1.0387643129770994
cpu,DS,524288,32,0,0.001,524,12,0.02035953199992946,-1,1.0,1.0387643129770994
cpu,SS,524288,32,0,0.001,524,12,0.00033563199986019754,-1,1.0,1.0387643129770994
cpu,SS,524288,32,0,0.001,524,13,0.00033787500024118344,-1,1.0,1.0387643129770994
cpu,DS,524288,32,0,0.001,524,13,0.021996345999923506,-1,1.0,1.0387643129770994
cpu,DS,524288,32,0,0.001,524,14,0.020808373999898322,-1,1.0,1.0387643129770994
cpu,SS,524288,32,0,0.001,524,14,0.0006428869996852882,-1,1.0,1.0387643129770994
gpu,DS,524288,32,0,0.001,524,0,0.0013436160087585448,1890,1.0,1.0387643129770994
gpu,SS,524288,32,0,0.001,524,0,0.0001953279972076416,1890,1.0,1.0387643129770994
gpu,SS,524288,32,0,0.001,524,1,0.00014156800508499147,1890,1.0,1.0387643129770994
gpu,DS,524288,32,0,0.001,524,1,0.0014069759845733642,1890,1.0,1.0387643129770994
gpu,DS,524288,32,0,0.001,524,2,0.0013721280097961426,1890,1.0,1.0387643129770994
gpu,SS,524288,32,0,0.001,524,2,0.00015427200496196747,1890,1.0,1.0387643129770994
gpu,SS,524288,32,0,0.001,524,3,0.00047443199157714845,1890,1.0,1.0387643129770994
gpu,DS,524288,32,0,0.001,524,3,0.0013792959451675415,1890,1.0,1.0387643129770994
gpu,DS,524288,32,0,0.001,524,4,0.0014318720102310181,1890,1.0,1.0387643129770994
gpu,SS,524288,32,0,0.001,524,4,0.0001619199961423874,1890,1.0,1.0387643129770994
gpu,SS,524288,32,0,0.001,524,5,0.00010809600353240967,1890,1.0,1.0387643129770994
gpu,DS,524288,32,0,0.001,524,5,0.0013332480192184447,1890,1.0,1.0387643129770994
gpu,DS,524288,32,0,0.001,524,6,0.0013144320249557494,1890,1.0,1.0387643129770994
gpu,SS,524288,32,0,0.001,524,6,0.00013683199882507323,1890,1.0,1.0387643129770994
gpu,SS,524288,32,0,0.001,524,7,0.00011423999816179275,1890,1.0,1.0387643129770994
gpu,DS,524288,32,0,0.001,524,7,0.002633631944656372,1890,1.0,1.0387643129770994
gpu,DS,524288,32,0,0.001,524,8,0.001485535979270935,1890,1.0,1.0387643129770994
gpu,SS,524288,32,0,0.001,524,8,0.00011673600226640701,1890,1.0,1.0387643129770994
gpu,SS,524288,32,0,0.001,524,9,0.00010444799810647964,1890,1.0,1.0387643129770994
gpu,DS,524288,32,0,0.001,524,9,0.001318176031112671,1890,1.0,1.0387643129770994
gpu,DS,524288,32,0,0.001,524,10,0.0012906880378723143,1890,1.0,1.0387643129770994
gpu,SS,524288,32,0,0.001,524,10,0.00010486400127410889,1890,1.0,1.0387643129770994
gpu,SS,524288,32,0,0.001,524,11,0.0002738560140132904,1890,1.0,1.0387643129770994
gpu,DS,524288,32,0,0.001,524,11,0.0013931519985198974,1890,1.0,1.0387643129770994
gpu,DS,524288,32,0,0.001,524,12,0.0013907519578933716,1890,1.0,1.0387643129770994
gpu,SS,524288,32,0,0.001,524,12,0.0001417279988527298,1890,1.0,1.0387643129770994
gpu,SS,524288,32,0,0.001,524,13,0.00010425599664449692,1890,1.0,1.0387643129770994
gpu,DS,524288,32,0,0.001,524,13,0.001388543963432312,1890,1.0,1.0387643129770994
gpu,DS,524288,32,0,0.001,524,14,0.0012881920337677003,1890,1.0,1.0387643129770994
gpu,SS,524288,32,0,0.001,524,14,0.00025167998671531675,1890,1.0,1.0387643129770994
cpu,DS,524288,32,0,0.003,1573,0,0.016914775999794074,-1,1.0,1.0128337571519388
cpu,SS,524288,32,0,0.003,1573,0,0.0008726229998501367,-1,1.0,1.0128337571519388
cpu,SS,524288,32,0,0.003,1573,1,0.0006278700002440019,-1,1.0,1.0128337571519388
cpu,DS,524288,32,0,0.003,1573,1,0.017354938000153197,-1,1.0,1.0128337571519388
cpu,DS,524288,32,0,0.003,1573,2,0.02032676899989383,-1,1.0,1.0128337571519388
cpu,SS,524288,32,0,0.003,1573,2,0.0016069749999587657,-1,1.0,1.0128337571519388
cpu,SS,524288,32,0,0.003,1573,3,0.0006916419997651246,-1,1.0,1.0128337571519388
cpu,DS,524288,32,0,0.003,1573,3,0.023173591000158922,-1,1.0,1.0128337571519388
cpu,DS,524288,32,0,0.003,1573,4,0.017808070000228327,-1,1.0,1.0128337571519388
cpu,SS,524288,32,0,0.003,1573,4,0.000873694999881991,-1,1.0,1.0128337571519388
cpu,SS,524288,32,0,0.003,1573,5,0.0009888550002870033,-1,1.0,1.0128337571519388
cpu,DS,524288,32,0,0.003,1573,5,0.016300847999900725,-1,1.0,1.0128337571519388
cpu,DS,524288,32,0,0.003,1573,6,0.015765709999868704,-1,1.0,1.0128337571519388
cpu,SS,524288,32,0,0.003,1573,6,0.0007460540000465699,-1,1.0,1.0128337571519388
cpu,SS,524288,32,0,0.003,1573,7,0.0006070039999030996,-1,1.0,1.0128337571519388
cpu,DS,524288,32,0,0.003,1573,7,0.016826820999995107,-1,1.0,1.0128337571519388
cpu,DS,524288,32,0,0.003,1573,8,0.01696197100000063,-1,1.0,1.0128337571519388
cpu,SS,524288,32,0,0.003,1573,8,0.0007558050001534866,-1,1.0,1.0128337571519388
cpu,SS,524288,32,0,0.003,1573,9,0.0005385509998632187,-1,1.0,1.0128337571519388
cpu,DS,524288,32,0,0.003,1573,9,0.01799879999998666,-1,1.0,1.0128337571519388
cpu,DS,524288,32,0,0.003,1573,10,0.01740369400022246,-1,1.0,1.0128337571519388
cpu,SS,524288,32,0,0.003,1573,10,0.000688229999923351,-1,1.0,1.0128337571519388
cpu,SS,524288,32,0,0.003,1573,11,0.0006116849999671103,-1,1.0,1.0128337571519388
cpu,DS,524288,32,0,0.003,1573,11,0.017556395000156044,-1,1.0,1.0128337571519388
cpu,DS,524288,32,0,0.003,1573,12,0.01633868299995811,-1,1.0,1.0128337571519388
cpu,SS,524288,32,0,0.003,1573,12,0.0006703859999106498,-1,1.0,1.0128337571519388
cpu,SS,524288,32,0,0.003,1573,13,0.000524217000020144,-1,1.0,1.0128337571519388
cpu,DS,524288,32,0,0.003,1573,13,0.017697785000109434,-1,1.0,1.0128337571519388
cpu,DS,524288,32,0,0.003,1573,14,0.02075396300006105,-1,1.0,1.0128337571519388
cpu,SS,524288,32,0,0.003,1573,14,0.0007469309998668905,-1,1.0,1.0128337571519388
gpu,DS,524288,32,0,0.003,1573,0,0.0013255360126495361,1875,1.0,1.0128337571519388
gpu,SS,524288,32,0,0.003,1573,0,0.00019974400103092195,1875,1.0,1.0128337571519388
gpu,SS,524288,32,0,0.003,1573,1,0.00021596799790859223,1875,1.0,1.0128337571519388
gpu,DS,524288,32,0,0.003,1573,1,0.0013450560569763183,1875,1.0,1.0128337571519388
gpu,DS,524288,32,0,0.003,1573,2,0.0013431359529495238,1875,1.0,1.0128337571519388
gpu,SS,524288,32,0,0.003,1573,2,0.00019657599925994873,1875,1.0,1.0128337571519388
gpu,SS,524288,32,0,0.003,1573,3,0.00012041600048542022,1875,1.0,1.0128337571519388
gpu,DS,524288,32,0,0.003,1573,3,0.0013818880319595337,1875,1.0,1.0128337571519388
gpu,DS,524288,32,0,0.003,1573,4,0.0012622400522232056,1875,1.0,1.0128337571519388
gpu,SS,524288,32,0,0.003,1573,4,0.00018329599499702454,1875,1.0,1.0128337571519388
gpu,SS,524288,32,0,0.003,1573,5,0.00011878400295972824,1875,1.0,1.0128337571519388
gpu,DS,524288,32,0,0.003,1573,5,0.0013126399517059326,1875,1.0,1.0128337571519388
gpu,DS,524288,32,0,0.003,1573,6,0.0012747199535369873,1875,1.0,1.0128337571519388
gpu,SS,524288,32,0,0.003,1573,6,0.00012073600292205811,1875,1.0,1.0128337571519388
gpu,SS,524288,32,0,0.003,1573,7,0.00020745599269866944,1875,1.0,1.0128337571519388
gpu,DS,524288,32,0,0.003,1573,7,0.0013352960348129272,1875,1.0,1.0128337571519388
gpu,DS,524288,32,0,0.003,1573,8,0.0013061120510101318,1875,1.0,1.0128337571519388
gpu,SS,524288,32,0,0.003,1573,8,0.0001822720021009445,1875,1.0,1.0128337571519388
gpu,SS,524288,32,0,0.003,1573,9,0.00017852799594402313,1875,1.0,1.0128337571519388
gpu,DS,524288,32,0,0.003,1573,9,0.0012859519720077514,1875,1.0,1.0128337571519388
gpu,DS,524288,32,0,0.003,1573,10,0.0012763839960098266,1875,1.0,1.0128337571519388
gpu,SS,524288,32,0,0.003,1573,10,0.00021372799575328826,1875,1.0,1.0128337571519388
gpu,SS,524288,32,0,0.003,1573,11,0.0001804479956626892,1875,1.0,1.0128337571519388
gpu,DS,524288,32,0,0.003,1573,11,0.0013332480192184447,1875,1.0,1.0128337571519388
gpu,DS,524288,32,0,0.003,1573,12,0.001307968020439148,1875,1.0,1.0128337571519388
gpu,SS,524288,32,0,0.003,1573,12,0.00018348799645900727,1875,1.0,1.0128337571519388
gpu,SS,524288,32,0,0.003,1573,13,0.00018137599527835846,1875,1.0,1.0128337571519388
gpu,DS,524288,32,0,0.003,1573,13,0.0012692480087280274,1875,1.0,1.0128337571519388
gpu,DS,524288,32,0,0.003,1573,14,0.0012766400575637818,1875,1.0,1.0128337571519388
gpu,SS,524288,32,0,0.003,1573,14,0.00018223999440670013,1875,1.0,1.0128337571519388
cpu,DS,524288,32,0,0.01,5243,0,0.016694499000095675,-1,1.0,1.0078080297539576
cpu,SS,524288,32,0,0.01,5243,0,0.0021184180000091146,-1,1.0,1.0078080297539576
cpu,SS,524288,32,0,0.01,5243,1,0.0018295909999324067,-1,1.0,1.0078080297539576
cpu,DS,524288,32,0,0.01,5243,1,0.01780806999977358,-1,1.0,1.0078080297539576
cpu,DS,524288,32,0,0.01,5243,2,0.01814360400021542,-1,1.0,1.0078080297539576
cpu,SS,524288,32,0,0.01,5243,2,0.0025398589996257215,-1,1.0,1.0078080297539576
cpu,SS,524288,32,0,0.01,5243,3,0.0019245670000600512,-1,1.0,1.0078080297539576
cpu,DS,524288,32,0,0.01,5243,3,0.017918061999807833,-1,1.0,1.0078080297539576
cpu,DS,524288,32,0,0.01,5243,4,0.0168989789999614,-1,1.0,1.0078080297539576
cpu,SS,524288,32,0,0.01,5243,4,0.0020366060002743325,-1,1.0,1.0078080297539576
cpu,SS,524288,32,0,0.01,5243,5,0.0017423199997210759,-1,1.0,1.0078080297539576
cpu,DS,524288,32,0,0.01,5243,5,0.017040563999671576,-1,1.0,1.0078080297539576
cpu,DS,524288,32,0,0.01,5243,6,0.01698595799962277,-1,1.0,1.0078080297539576
cpu,SS,524288,32,0,0.01,5243,6,0.0019629859998531174,-1,1.0,1.0078080297539576
cpu,SS,524288,32,0,0.01,5243,7,0.0024155319997589686,-1,1.0,1.0078080297539576
cpu,DS,524288,32,0,0.01,5243,7,0.014922047999789356,-1,1.0,1.0078080297539576
cpu,DS,524288,32,0,0.01,5243,8,0.017322467000212782,-1,1.0,1.0078080297539576
cpu,SS,524288,32,0,0.01,5243,8,0.002135773999725643,-1,1.0,1.0078080297539576
cpu,SS,524288,32,0,0.01,5243,9,0.0019044799996663642,-1,1.0,1.0078080297539576
cpu,DS,524288,32,0,0.01,5243,9,0.016982253000151104,-1,1.0,1.0078080297539576
cpu,DS,524288,32,0,0.01,5243,10,0.016887278000012884,-1,1.0,1.0078080297539576
cpu,SS,524288,32,0,0.01,5243,10,0.0020668350002779334,-1,1.0,1.0078080297539576
cpu,SS,524288,32,0,0.01,5243,11,0.0018047270000352,-1,1.0,1.0078080297539576
cpu,DS,524288,32,0,0.01,5243,11,0.015279912000096374,-1,1.0,1.0078080297539576
cpu,DS,524288,32,0,0.01,5243,12,0.016438532999927702,-1,1.0,1.0078080297539576
cpu,SS,524288,32,0,0.01,5243,12,0.0022894519997862517,-1,1.0,1.0078080297539576
cpu,SS,524288,32,0,0.01,5243,13,0.0027300050001031195,-1,1.0,1.0078080297539576
cpu,DS,524288,32,0,0.01,5243,13,0.02303912399975161,-1,1.0,1.0078080297539576
cpu,DS,524288,32,0,0.01,5243,14,0.017660243999671366,-1,1.0,1.0078080297539576
cpu,SS,524288,32,0,0.01,5243,14,0.002139967999937653,-1,1.0,1.0078080297539576
gpu,DS,524288,32,0,0.01,5243,0,0.0013169280290603637,1875,1.0,1.0078080297539576
gpu,SS,524288,32,0,0.01,5243,0,0.0004469119906425476,1875,1.0,1.0078080297539576
gpu,SS,524288,32,0,0.01,5243,1,0.00045385599136352537,1875,1.0,1.0078080297539576
gpu,DS,524288,32,0,0.01,5243,1,0.001316864013671875,1875,1.0,1.0078080297539576
gpu,DS,524288,32,0,0.01,5243,2,0.00132915198802948,1875,1.0,1.0078080297539576
gpu,SS,524288,32,0,0.01,5243,2,0.0004465920031070709,1875,1.0,1.0078080297539576
gpu,SS,524288,32,0,0.01,5243,3,0.0004546560049057007,1875,1.0,1.0078080297539576
gpu,DS,524288,32,0,0.01,5243,3,0.001265663981437683,1875,1.0,1.0078080297539576
gpu,DS,524288,32,0,0.01,5243,4,0.001350335955619812,1875,1.0,1.0078080297539576
gpu,SS,524288,32,0,0.01,5243,4,0.00038092800974845887,1875,1.0,1.0078080297539576
gpu,SS,524288,32,0,0.01,5243,5,0.00045734399557113646,1875,1.0,1.0078080297539576
gpu,DS,524288,32,0,0.01,5243,5,0.0013250559568405151,1875,1.0,1.0078080297539576
gpu,DS,524288,32,0,0.01,5243,6,0.0013174400329589843,1875,1.0,1.0078080297539576
gpu,SS,524288,32,0,0.01,5243,6,0.0004505600035190582,1875,1.0,1.0078080297539576
gpu,SS,524288,32,0,0.01,5243,7,0.0005028480291366577,1875,1.0,1.0078080297539576
gpu,DS,524288,32,0,0.01,5243,7,0.001439743995666504,1875,1.0,1.0078080297539576
gpu,DS,524288,32,0,0.01,5243,8,0.0013780479431152344,1875,1.0,1.0078080297539576
gpu,SS,524288,32,0,0.01,5243,8,0.0005287680029869079,1875,1.0,1.0078080297539576
gpu,SS,524288,32,0,0.01,5243,9,0.0004567039906978607,1875,1.0,1.0078080297539576
gpu,DS,524288,32,0,0.01,5243,9,0.001458176016807556,1875,1.0,1.0078080297539576
gpu,DS,524288,32,0,0.01,5243,10,0.0014173439741134643,1875,1.0,1.0078080297539576
gpu,SS,524288,32,0,0.01,5243,10,0.0003789120018482208,1875,1.0,1.0078080297539576
gpu,SS,524288,32,0,0.01,5243,11,0.00038147199153900144,1875,1.0,1.0078080297539576
gpu,DS,524288,32,0,0.01,5243,11,0.0014201600551605224,1875,1.0,1.0078080297539576
gpu,DS,524288,32,0,0.01,5243,12,0.0014995839595794678,1875,1.0,1.0078080297539576
gpu,SS,524288,32,0,0.01,5243,12,0.000509119987487793,1890,1.0,1.0078080297539576
gpu,SS,524288,32,0,0.01,5243,13,0.0004572800099849701,1890,1.0,1.0078080297539576
gpu,DS,524288,32,0,0.01,5243,13,0.0013555519580841064,1890,1.0,1.0078080297539576
gpu,DS,524288,32,0,0.01,5243,14,0.0013625919818878174,1890,1.0,1.0078080297539576
gpu,SS,524288,32,0,0.01,5243,14,0.0004959039986133575,1890,1.0,1.0078080297539576
cpu,DS,524288,32,0,0.03,15729,0,0.015846839000005275,-1,1.0,1.0032185771504865
cpu,SS,524288,32,0,0.03,15729,0,0.0060283009997874615,-1,1.0,1.0032185771504865
cpu,SS,524288,32,0,0.03,15729,1,0.00530623500026195,-1,1.0,1.0032185771504865
cpu,DS,524288,32,0,0.03,15729,1,0.015023751999706292,-1,1.0,1.0032185771504865
cpu,DS,524288,32,0,0.03,15729,2,0.01765917200009426,-1,1.0,1.0032185771504865
cpu,SS,524288,32,0,0.03,15729,2,0.005438849999791273,-1,1.0,1.0032185771504865
cpu,SS,524288,32,0,0.03,15729,3,0.005814557000121567,-1,1.0,1.0032185771504865
cpu,DS,524288,32,0,0.03,15729,3,0.0171628419998342,-1,1.0,1.0032185771504865
cpu,DS,524288,32,0,0.03,15729,4,0.019148938999933307,-1,1.0,1.0032185771504865
cpu,SS,524288,32,0,0.03,15729,4,0.005308965000040189,-1,1.0,1.0032185771504865
cpu,SS,524288,32,0,0.03,15729,5,0.005279322000205866,-1,1.0,1.0032185771504865
cpu,DS,524288,32,0,0.03,15729,5,0.017733180999584874,-1,1.0,1.0032185771504865
cpu,DS,524288,32,0,0.03,15729,6,0.017086102000121173,-1,1.0,1.0032185771504865
cpu,SS,524288,32,0,0.03,15729,6,0.005212819999997009,-1,1.0,1.0032185771504865
cpu,SS,524288,32,0,0.03,15729,7,0.00528692800025965,-1,1.0,1.0032185771504865
cpu,DS,524288,32,0,0.03,15729,7,0.018305374999727064,-1,1.0,1.0032185771504865
cpu,DS,524288,32,0,0.03,15729,8,0.01772265099998549,-1,1.0,1.0032185771504865
cpu,SS,524288,32,0,0.03,15729,8,0.00530750200005059,-1,1.0,1.0032185771504865
cpu,SS,524288,32,0,0.03,15729,9,0.0050791319999916595,-1,1.0,1.0032185771504865
cpu,DS,524288,32,0,0.03,15729,9,0.018283531999713887,-1,1.0,1.0032185771504865
cpu,DS,524288,32,0,0.03,15729,10,0.01611031299989918,-1,1.0,1.0032185771504865
cpu,SS,524288,32,0,0.03,15729,10,0.005482826999923418,-1,1.0,1.0032185771504865
cpu,SS,524288,32,0,0.03,15729,11,0.0050377880002088204,-1,1.0,1.0032185771504865
cpu,DS,524288,32,0,0.03,15729,11,0.018019180999999662,-1,1.0,1.0032185771504865
cpu,DS,524288,32,0,0.03,15729,12,0.01703646900023159,-1,1.0,1.0032185771504865
cpu,SS,524288,32,0,0.03,15729,12,0.005385900999954174,-1,1.0,1.0032185771504865
cpu,SS,524288,32,0,0.03,15729,13,0.005193025000153284,-1,1.0,1.0032185771504865
cpu,DS,524288,32,0,0.03,15729,13,0.01694978200021069,-1,1.0,1.0032185771504865
cpu,DS,524288,32,0,0.03,15729,14,0.01680293100025665,-1,1.0,1.0032185771504865
cpu,SS,524288,32,0,0.03,15729,14,0.0053503100002672,-1,1.0,1.0032185771504865
gpu,DS,524288,32,0,0.03,15729,0,0.0013013440370559693,1875,1.0,1.0032185771504865
gpu,SS,524288,32,0,0.03,15729,0,0.0011407359838485718,1875,1.0,1.0032185771504865
gpu,SS,524288,32,0,0.03,15729,1,0.001990656018257141,1875,1.0,1.0032185771504865
gpu,DS,524288,32,0,0.03,15729,1,0.001259328007698059,1875,1.0,1.0032185771504865
gpu,DS,524288,32,0,0.03,15729,2,0.0013087040185928345,1875,1.0,1.0032185771504865
gpu,SS,524288,32,0,0.03,15729,2,0.0011295360326766968,1875,1.0,1.0032185771504865
gpu,SS,524288,32,0,0.03,15729,3,0.0011263999938964844,1875,1.0,1.0032185771504865
gpu,DS,524288,32,0,0.03,15729,3,0.0012999999523162842,1875,1.0,1.0032185771504865
gpu,DS,524288,32,0,0.03,15729,4,0.0013880640268325805,1875,1.0,1.0032185771504865
gpu,SS,524288,32,0,0.03,15729,4,0.00114300799369812,1875,1.0,1.0032185771504865
gpu,SS,524288,32,0,0.03,15729,5,0.001154047966003418,1875,1.0,1.0032185771504865
gpu,DS,524288,32,0,0.03,15729,5,0.0013458240032196045,1875,1.0,1.0032185771504865
gpu,DS,524288,32,0,0.03,15729,6,0.0013537280559539795,1875,1.0,1.0032185771504865
gpu,SS,524288,32,0,0.03,15729,6,0.0011832959651947022,1875,1.0,1.0032185771504865
gpu,SS,524288,32,0,0.03,15729,7,0.001720639944076538,1875,1.0,1.0032185771504865
gpu,DS,524288,32,0,0.03,15729,7,0.0014624320268630982,1875,1.0,1.0032185771504865
gpu,DS,524288,32,0,0.03,15729,8,0.001341439962387085,1875,1.0,1.0032185771504865
gpu,SS,524288,32,0,0.03,15729,8,0.0011468800306320191,1875,1.0,1.0032185771504865
gpu,SS,524288,32,0,0.03,15729,9,0.001132383942604065,1875,1.0,1.0032185771504865
gpu,DS,524288,32,0,0.03,15729,9,0.0019190080165863038,1875,1.0,1.0032185771504865
gpu,DS,524288,32,0,0.03,15729,10,0.0014970879554748536,1875,1.0,1.0032185771504865
gpu,SS,524288,32,0,0.03,15729,10,0.0012007999420166017,1875,1.0,1.0032185771504865
gpu,SS,524288,32,0,0.03,15729,11,0.0011530239582061767,1875,1.0,1.0032185771504865
gpu,DS,524288,32,0,0.03,15729,11,0.001380959987640381,1875,1.0,1.0032185771504865
gpu,DS,524288,32,0,0.03,15729,12,0.0013434879779815675,1875,1.0,1.0032185771504865
gpu,SS,524288,32,0,0.03,15729,12,0.001130560040473938,1875,1.0,1.0032185771504865
gpu,SS,524288,32,0,0.03,15729,13,0.0010807360410690307,1875,1.0,1.0032185771504865
gpu,DS,524288,32,0,0.03,15729,13,0.0014179199934005737,1890,1.0,1.0032185771504865
gpu,DS,524288,32,0,0.03,15729,14,0.0013209600448608398,1890,1.0,1.0032185771504865
gpu,SS,524288,32,0,0.03,15729,14,0.0011346240043640136,1890,1.0,1.0032185771504865
cpu,DS,524288,32,0,0.1,52429,0,0.01669917999970494,-1,1.0,1.001085992485075
cpu,SS,524288,32,0,0.1,52429,0,0.013983020999603468,-1,1.0,1.001085992485075
cpu,SS,524288,32,0,0.1,52429,1,0.014170242000091093,-1,1.0,1.001085992485075
cpu,DS,524288,32,0,0.1,52429,1,0.01697650000005524,-1,1.0,1.001085992485075
cpu,DS,524288,32,0,0.1,52429,2,0.016580704000261903,-1,1.0,1.001085992485075
cpu,SS,524288,32,0,0.1,52429,2,0.014462773999639467,-1,1.0,1.001085992485075
cpu,SS,524288,32,0,0.1,52429,3,0.0130786109998553,-1,1.0,1.001085992485075
cpu,DS,524288,32,0,0.1,52429,3,0.015787358000125096,-1,1.0,1.001085992485075
cpu,DS,524288,32,0,0.1,52429,4,0.016450526999960857,-1,1.0,1.001085992485075
cpu,SS,524288,32,0,0.1,52429,4,0.013790633000098751,-1,1.0,1.001085992485075
cpu,SS,524288,32,0,0.1,52429,5,0.013438131999919278,-1,1.0,1.001085992485075
cpu,DS,524288,32,0,0.1,52429,5,0.016889324999738164,-1,1.0,1.001085992485075
cpu,DS,524288,32,0,0.1,52429,6,0.01736566399995354,-1,1.0,1.001085992485075
cpu,SS,524288,32,0,0.1,52429,6,0.014604650999899604,-1,1.0,1.001085992485075
cpu,SS,524288,32,0,0.1,52429,7,0.016281639000226278,-1,1.0,1.001085992485075
cpu,DS,524288,32,0,0.1,52429,7,0.017664632000105485,-1,1.0,1.001085992485075
cpu,DS,524288,32,0,0.1,52429,8,0.014560772000095312,-1,1.0,1.001085992485075
cpu,SS,524288,32,0,0.1,52429,8,0.014532103999954415,-1,1.0,1.001085992485075
cpu,SS,524288,32,0,0.1,52429,9,0.015209314999992785,-1,1.0,1.001085992485075
cpu,DS,524288,32,0,0.1,52429,9,0.016658713000197167,-1,1.0,1.001085992485075
cpu,DS,524288,32,0,0.1,52429,10,0.017324514999927487,-1,1.0,1.001085992485075
cpu,SS,524288,32,0,0.1,52429,10,0.013828565000039816,-1,1.0,1.001085992485075
cpu,SS,524288,32,0,0.1,52429,11,0.014316605999738385,-1,1.0,1.001085992485075
cpu,DS,524288,32,0,0.1,52429,11,0.017214815999977873,-1,1.0,1.001085992485075
cpu,DS,524288,32,0,0.1,52429,12,0.017303745000390336,-1,1.0,1.001085992485075
cpu,SS,524288,32,0,0.1,52429,12,0.015976235999914934,-1,1.0,1.001085992485075
cpu,SS,524288,32,0,0.1,52429,13,0.014772564999930182,-1,1.0,1.001085992485075
cpu,DS,524288,32,0,0.1,52429,13,0.017588963999969565,-1,1.0,1.001085992485075
cpu,DS,524288,32,0,0.1,52429,14,0.015319013999942399,-1,1.0,1.001085992485075
cpu,SS,524288,32,0,0.1,52429,14,0.014229918999717484,-1,1.0,1.001085992485075
gpu,DS,524288,32,0,0.1,52429,0,0.0013600959777832031,1875,1.0,1.001085992485075
gpu,SS,524288,32,0,0.1,52429,0,0.003266655921936035,1875,1.0,1.001085992485075
gpu,SS,524288,32,0,0.1,52429,1,0.003262847900390625,1875,1.0,1.001085992485075
gpu,DS,524288,32,0,0.1,52429,1,0.0013813120126724243,1875,1.0,1.001085992485075
gpu,DS,524288,32,0,0.1,52429,2,0.0019397120475769043,1875,1.0,1.001085992485075
gpu,SS,524288,32,0,0.1,52429,2,0.003311392068862915,1875,1.0,1.001085992485075
gpu,SS,524288,32,0,0.1,52429,3,0.00327507209777832,1875,1.0,1.001085992485075
gpu,DS,524288,32,0,0.1,52429,3,0.0014213119745254516,1875,1.0,1.001085992485075
gpu,DS,524288,32,0,0.1,52429,4,0.0014131200313568116,1875,1.0,1.001085992485075
gpu,SS,524288,32,0,0.1,52429,4,0.003338239908218384,1875,1.0,1.001085992485075
gpu,SS,524288,32,0,0.1,52429,5,0.0033361918926239015,1875,1.0,1.001085992485075
gpu,DS,524288,32,0,0.1,52429,5,0.00138156795501709,1875,1.0,1.001085992485075
gpu,DS,524288,32,0,0.1,52429,6,0.0015441919565200805,1875,1.0,1.001085992485075
gpu,SS,524288,32,0,0.1,52429,6,0.003309727907180786,1875,1.0,1.001085992485075
gpu,SS,524288,32,0,0.1,52429,7,0.0032810239791870115,1875,1.0,1.001085992485075
gpu,DS,524288,32,0,0.1,52429,7,0.0013670400381088257,1875,1.0,1.001085992485075
gpu,DS,524288,32,0,0.1,52429,8,0.0013530559539794921,1875,1.0,1.001085992485075
gpu,SS,524288,32,0,0.1,52429,8,0.00436956787109375,1875,1.0,1.001085992485075
gpu,SS,524288,32,0,0.1,52429,9,0.0032972800731658936,1875,1.0,1.001085992485075
gpu,DS,524288,32,0,0.1,52429,9,0.0013565759658813476,1890,1.0,1.001085992485075
gpu,DS,524288,32,0,0.1,52429,10,0.0013558399677276612,1890,1.0,1.001085992485075
gpu,SS,524288,32,0,0.1,52429,10,0.003266592025756836,1890,1.0,1.001085992485075
gpu,SS,524288,32,0,0.1,52429,11,0.003282943964004517,1890,1.0,1.001085992485075
gpu,DS,524288,32,0,0.1,52429,11,0.0013496320247650146,1890,1.0,1.001085992485075
gpu,DS,524288,32,0,0.1,52429,12,0.0013135039806365966,1890,1.0,1.001085992485075
gpu,SS,524288,32,0,0.1,52429,12,0.004495327949523926,1890,1.0,1.001085992485075
gpu,SS,524288,32,0,0.1,52429,13,0.0032706561088562012,1890,1.0,1.001085992485075
gpu,DS,524288,32,0,0.1,52429,13,0.0013635519742965698,1890,1.0,1.001085992485075
gpu,DS,524288,32,0,0.1,52429,14,0.0013660160303115845,1890,1.0,1.001085992485075
gpu,SS,524288,32,0,0.1,52429,14,0.0033278400897979736,1890,1.0,1.001085992485075
cpu,DS,524288,32,0,0.2,104858,0,0.018175181000060547,-1,1.0,1.0032549972343552
cpu,SS,524288,32,0,0.2,104858,0,0.02703628699964611,-1,1.0,1.0032549972343552
cpu,SS,524288,32,0,0.2,104858,1,0.027632394000193017,-1,1.0,1.0032549972343552
cpu,DS,524288,32,0,0.2,104858,1,0.019349859000158176,-1,1.0,1.0032549972343552
cpu,DS,524288,32,0,0.2,104858,2,0.01934436600004119,-1,1.0,1.0032549972343552
cpu,SS,524288,32,0,0.2,104858,2,0.030810046000169677,-1,1.0,1.0032549972343552
cpu,SS,524288,32,0,0.2,104858,3,0.027962612999999692,-1,1.0,1.0032549972343552
cpu,DS,524288,32,0,0.2,104858,3,0.0167048270000123,-1,1.0,1.0032549972343552
cpu,DS,524288,32,0,0.2,104858,4,0.016485102999922674,-1,1.0,1.0032549972343552
cpu,SS,524288,32,0,0.2,104858,4,0.026781808999658097,-1,1.0,1.0032549972343552
cpu,SS,524288,32,0,0.2,104858,5,0.026707019000241417,-1,1.0,1.0032549972343552
cpu,DS,524288,32,0,0.2,104858,5,0.01725413700023637,-1,1.0,1.0032549972343552
cpu,DS,524288,32,0,0.2,104858,6,0.017019622999669082,-1,1.0,1.0032549972343552
cpu,SS,524288,32,0,0.2,104858,6,0.025884427000164578,-1,1.0,1.0032549972343552
cpu,SS,524288,32,0,0.2,104858,7,0.027751657999942836,-1,1.0,1.0032549972343552
cpu,DS,524288,32,0,0.2,104858,7,0.01616428499983158,-1,1.0,1.0032549972343552
cpu,DS,524288,32,0,0.2,104858,8,0.017861019000065426,-1,1.0,1.0032549972343552
cpu,SS,524288,32,0,0.2,104858,8,0.024782849999610335,-1,1.0,1.0032549972343552
cpu,SS,524288,32,0,0.2,104858,9,0.028373961999932362,-1,1.0,1.0032549972343552
cpu,DS,524288,32,0,0.2,104858,9,0.01781538300019747,-1,1.0,1.0032549972343552
cpu,DS,524288,32,0,0.2,104858,10,0.017463191999922856,-1,1.0,1.0032549972343552
cpu,SS,524288,32,0,0.2,104858,10,0.025857489999907557,-1,1.0,1.0032549972343552
cpu,SS,524288,32,0,0.2,104858,11,0.027712255000096775,-1,1.0,1.0032549972343552
cpu,DS,524288,32,0,0.2,104858,11,0.018488604999674862,-1,1.0,1.0032549972343552
cpu,DS,524288,32,0,0.2,104858,12,0.01869681500011211,-1,1.0,1.0032549972343552
cpu,SS,524288,32,0,0.2,104858,12,0.02538349799988282,-1,1.0,1.0032549972343552
cpu,SS,524288,32,0,0.2,104858,13,0.02922179999995933,-1,1.0,1.0032549972343552
cpu,DS,524288,32,0,0.2,104858,13,0.01776267099967299,-1,1.0,1.0032549972343552
cpu,DS,524288,32,0,0.2,104858,14,0.01784358799977781,-1,1.0,1.0032549972343552
cpu,SS,524288,32,0,0.2,104858,14,0.027343583999936527,-1,1.0,1.0032549972343552
gpu,DS,524288,32,0,0.2,104858,0,0.0013066240549087524,1860,1.0,1.0032549972343552
gpu,SS,524288,32,0,0.2,104858,0,0.006152031898498535,1860,1.0,1.0032549972343552
gpu,SS,524288,32,0,0.2,104858,1,0.007401631832122803,1875,1.0,1.0032549972343552
gpu,DS,524288,32,0,0.2,104858,1,0.0015253119468688966,1875,1.0,1.0032549972343552
gpu,DS,524288,32,0,0.2,104858,2,0.0013004800081253052,1875,1.0,1.0032549972343552
gpu,SS,524288,32,0,0.2,104858,2,0.00625055980682373,1875,1.0,1.0032549972343552
gpu,SS,524288,32,0,0.2,104858,3,0.006189631938934326,1875,1.0,1.0032549972343552
gpu,DS,524288,32,0,0.2,104858,3,0.0013720320463180542,1875,1.0,1.0032549972343552
gpu,DS,524288,32,0,0.2,104858,4,0.0020008959770202637,1875,1.0,1.0032549972343552
gpu,SS,524288,32,0,0.2,104858,4,0.006080480098724366,1875,1.0,1.0032549972343552
gpu,SS,524288,32,0,0.2,104858,5,0.006227776050567627,1875,1.0,1.0032549972343552
gpu,DS,524288,32,0,0.2,104858,5,0.0015172159671783447,1875,1.0,1.0032549972343552
gpu,DS,524288,32,0,0.2,104858,6,0.0015343999862670898,1875,1.0,1.0032549972343552
gpu,SS,524288,32,0,0.2,104858,6,0.006214655876159668,1875,1.0,1.0032549972343552
gpu,SS,524288,32,0,0.2,104858,7,0.006091360092163086,1875,1.0,1.0032549972343552
gpu,DS,524288,32,0,0.2,104858,7,0.0015499199628829956,1890,1.0,1.0032549972343552
gpu,DS,524288,32,0,0.2,104858,8,0.001368064045906067,1890,1.0,1.0032549972343552
gpu,SS,524288,32,0,0.2,104858,8,0.006210783958435059,1890,1.0,1.0032549972343552
gpu,SS,524288,32,0,0.2,104858,9,0.006176767826080322,1890,1.0,1.0032549972343552
gpu,DS,524288,32,0,0.2,104858,9,0.0015748800039291381,1890,1.0,1.0032549972343552
gpu,DS,524288,32,0,0.2,104858,10,0.0014664640426635743,1890,1.0,1.0032549972343552
gpu,SS,524288,32,0,0.2,104858,10,0.00617244815826416,1890,1.0,1.0032549972343552
gpu,SS,524288,32,0,0.2,104858,11,0.007399807929992676,1890,1.0,1.0032549972343552
gpu,DS,524288,32,0,0.2,104858,11,0.0015237120389938355,1890,1.0,1.0032549972343552
gpu,DS,524288,32,0,0.2,104858,12,0.0015397119522094728,1890,1.0,1.0032549972343552
gpu,SS,524288,32,0,0.2,104858,12,0.006207488059997559,1890,1.0,1.0032549972343552
gpu,SS,524288,32,0,0.2,104858,13,0.006453887939453125,1890,1.0,1.0032549972343552
gpu,DS,524288,32,0,0.2,104858,13,0.0014502079486846925,1890,1.0,1.0032549972343552
gpu,DS,524288,32,0,0.2,104858,14,0.0013355200290679932,1890,1.0,1.0032549972343552
gpu,SS,524288,32,0,0.2,104858,14,0.006161888122558593,1890,1.0,1.0032549972343552
cpu,DS,524288,32,0,0.3,157286,0,0.018324234000374418,-1,1.0,1.0015334327276426
cpu,SS,524288,32,0,0.3,157286,0,0.03859503200010295,-1,1.0,1.0015334327276426
cpu,SS,524288,32,0,0.3,157286,1,0.035521644999789714,-1,1.0,1.0015334327276426
cpu,DS,524288,32,0,0.3,157286,1,0.014095710999754374,-1,1.0,1.0015334327276426
cpu,DS,524288,32,0,0.3,157286,2,0.017327871000361483,-1,1.0,1.0015334327276426
cpu,SS,524288,32,0,0.3,157286,2,0.0381651980001152,-1,1.0,1.0015334327276426
cpu,SS,524288,32,0,0.3,157286,3,0.037041118999695755,-1,1.0,1.0015334327276426
cpu,DS,524288,32,0,0.3,157286,3,0.019152108000071166,-1,1.0,1.0015334327276426
cpu,DS,524288,32,0,0.3,157286,4,0.020919828999922174,-1,1.0,1.0015334327276426
cpu,SS,524288,32,0,0.3,157286,4,0.03610127100000682,-1,1.0,1.0015334327276426
cpu,SS,524288,32,0,0.3,157286,5,0.03602785499970196,-1,1.0,1.0015334327276426
cpu,DS,524288,32,0,0.3,157286,5,0.018905446999724518,-1,1.0,1.0015334327276426
cpu,DS,524288,32,0,0.3,157286,6,0.018516916000407946,-1,1.0,1.0015334327276426
cpu,SS,524288,32,0,0.3,157286,6,0.04058216000021275,-1,1.0,1.0015334327276426
cpu,SS,524288,32,0,0.3,157286,7,0.03629247399976521,-1,1.0,1.0015334327276426
cpu,DS,524288,32,0,0.3,157286,7,0.021919255000284465,-1,1.0,1.0015334327276426
cpu,DS,524288,32,0,0.3,157286,8,0.019456341000022803,-1,1.0,1.0015334327276426
cpu,SS,524288,32,0,0.3,157286,8,0.03769680499999595,-1,1.0,1.0015334327276426
cpu,SS,524288,32,0,0.3,157286,9,0.03898493699989558,-1,1.0,1.0015334327276426
cpu,DS,524288,32,0,0.3,157286,9,0.01875037199988583,-1,1.0,1.0015334327276426
cpu,DS,524288,32,0,0.3,157286,10,0.017730352000398852,-1,1.0,1.0015334327276426
cpu,SS,524288,32,0,0.3,157286,10,0.036468355000124575,-1,1.0,1.0015334327276426
cpu,SS,524288,32,0,0.3,157286,11,0.03375093199974799,-1,1.0,1.0015334327276426
cpu,DS,524288,32,0,0.3,157286,11,0.01656079900021723,-1,1.0,1.0015334327276426
cpu,DS,524288,32,0,0.3,157286,12,0.015057284999784315,-1,1.0,1.0015334327276426
cpu,SS,524288,32,0,0.3,157286,12,0.03575379800031442,-1,1.0,1.0015334327276426
cpu,SS,524288,32,0,0.3,157286,13,0.0336401599997771,-1,1.0,1.0015334327276426
cpu,DS,524288,32,0,0.3,157286,13,0.01723752299994885,-1,1.0,1.0015334327276426
cpu,DS,524288,32,0,0.3,157286,14,0.018097858000146516,-1,1.0,1.0015334327276426
cpu,SS,524288,32,0,0.3,157286,14,0.03734702300016579,-1,1.0,1.0015334327276426
gpu,DS,524288,32,0,0.3,157286,0,0.0012459839582443237,1875,1.0,1.0015334327276426
gpu,SS,524288,32,0,0.3,157286,0,0.008986623764038085,1875,1.0,1.0015334327276426
gpu,SS,524288,32,0,0.3,157286,1,0.009065919876098633,1875,1.0,1.0015334327276426
gpu,DS,524288,32,0,0.3,157286,1,0.0013530880212783813,1875,1.0,1.0015334327276426
gpu,DS,524288,32,0,0.3,157286,2,0.001264896035194397,1875,1.0,1.0015334327276426
gpu,SS,524288,32,0,0.3,157286,2,0.010213824272155761,1875,1.0,1.0015334327276426
gpu,SS,524288,32,0,0.3,157286,3,0.009081279754638672,1875,1.0,1.0015334327276426
gpu,DS,524288,32,0,0.3,157286,3,0.0014868160486221312,1890,1.0,1.0015334327276426
gpu,DS,524288,32,0,0.3,157286,4,0.0013289599418640136,1890,1.0,1.0015334327276426
gpu,SS,524288,32,0,0.3,157286,4,0.009095135688781739,1890,1.0,1.0015334327276426
gpu,SS,524288,32,0,0.3,157286,5,0.009045536041259766,1890,1.0,1.0015334327276426
gpu,DS,524288,32,0,0.3,157286,5,0.0014630399942398072,1890,1.0,1.0015334327276426
gpu,DS,524288,32,0,0.3,157286,6,0.0012829439640045166,1890,1.0,1.0015334327276426
gpu,SS,524288,32,0,0.3,157286,6,0.008996288299560546,1890,1.0,1.0015334327276426
gpu,SS,524288,32,0,0.3,157286,7,0.009078368186950684,1890,1.0,1.0015334327276426
gpu,DS,524288,32,0,0.3,157286,7,0.0013352960348129272,1890,1.0,1.0015334327276426
gpu,DS,524288,32,0,0.3,157286,8,0.0012554240226745606,1890,1.0,1.0015334327276426
gpu,SS,524288,32,0,0.3,157286,8,0.010208512306213379,1890,1.0,1.0015334327276426
gpu,SS,524288,32,0,0.3,157286,9,0.009082880020141602,1890,1.0,1.0015334327276426
gpu,DS,524288,32,0,0.3,157286,9,0.0014805120229721069,1890,1.0,1.0015334327276426
gpu,DS,524288,32,0,0.3,157286,10,0.001284608006477356,1890,1.0,1.0015334327276426
gpu,SS,524288,32,0,0.3,157286,10,0.00901478385925293,1890,1.0,1.0015334327276426
gpu,SS,524288,32,0,0.3,157286,11,0.008950016021728516,1890,1.0,1.0015334327276426
gpu,DS,524288,32,0,0.3,157286,11,0.0014213119745254516,1890,1.0,1.0015334327276426
gpu,DS,524288,32,0,0.3,157286,12,0.001397536039352417,1890,1.0,1.0015334327276426
gpu,SS,524288,32,0,0.3,157286,12,0.008957216262817383,1890,1.0,1.0015334327276426
gpu,SS,524288,32,0,0.3,157286,13,0.009058303833007812,1890,1.0,1.0015334327276426
gpu,DS,524288,32,0,0.3,157286,13,0.0013864959478378297,1890,1.0,1.0015334327276426
gpu,DS,524288,32,0,0.3,157286,14,0.00132915198802948,1890,1.0,1.0015334327276426
gpu,SS,524288,32,0,0.3,157286,14,0.010225215911865234,1890,1.0,1.0015334327276426
cpu,DS,524288,32,0,0.5,262144,0,0.015915181999844208,-1,1.0,1.0006213188171387
cpu,SS,524288,32,0,0.5,262144,0,0.054998281999814935,-1,1.0,1.0006213188171387
cpu,SS,524288,32,0,0.5,262144,1,0.05540412100026515,-1,1.0,1.0006213188171387
cpu,DS,524288,32,0,0.5,262144,1,0.01874415800011775,-1,1.0,1.0006213188171387
cpu,DS,524288,32,0,0.5,262144,2,0.0179514950000339,-1,1.0,1.0006213188171387
cpu,SS,524288,32,0,0.5,262144,2,0.05193879200032825,-1,1.0,1.0006213188171387
cpu,SS,524288,32,0,0.5,262144,3,0.053614998000284686,-1,1.0,1.0006213188171387
cpu,DS,524288,32,0,0.5,262144,3,0.017997909000314394,-1,1.0,1.0006213188171387
cpu,DS,524288,32,0,0.5,262144,4,0.01799839700015582,-1,1.0,1.0006213188171387
cpu,SS,524288,32,0,0.5,262144,4,0.053989437999916845,-1,1.0,1.0006213188171387
cpu,SS,524288,32,0,0.5,262144,5,0.059906572999807395,-1,1.0,1.0006213188171387
cpu,DS,524288,32,0,0.5,262144,5,0.018141250000098808,-1,1.0,1.0006213188171387
cpu,DS,524288,32,0,0.5,262144,6,0.018408428999919124,-1,1.0,1.0006213188171387
cpu,SS,524288,32,0,0.5,262144,6,0.05719139199982237,-1,1.0,1.0006213188171387
cpu,SS,524288,32,0,0.5,262144,7,0.05383166599995093,-1,1.0,1.0006213188171387
cpu,DS,524288,32,0,0.5,262144,7,0.017341664000014134,-1,1.0,1.0006213188171387
cpu,DS,524288,32,0,0.5,262144,8,0.016321898000114743,-1,1.0,1.0006213188171387
cpu,SS,524288,32,0,0.5,262144,8,0.05482822500016482,-1,1.0,1.0006213188171387
cpu,SS,524288,32,0,0.5,262144,9,0.07326814899988676,-1,1.0,1.0006213188171387
cpu,DS,524288,32,0,0.5,262144,9,0.016083680999599892,-1,1.0,1.0006213188171387
cpu,DS,524288,32,0,0.5,262144,10,0.01607675700006439,-1,1.0,1.0006213188171387
cpu,SS,524288,32,0,0.5,262144,10,0.05057900799965864,-1,1.0,1.0006213188171387
cpu,SS,524288,32,0,0.5,262144,11,0.057296605999908934,-1,1.0,1.0006213188171387
cpu,DS,524288,32,0,0.5,262144,11,0.016999890000079176,-1,1.0,1.0006213188171387
cpu,DS,524288,32,0,0.5,262144,12,0.01663822299997264,-1,1.0,1.0006213188171387
cpu,SS,524288,32,0,0.5,262144,12,0.054352762999769766,-1,1.0,1.0006213188171387
cpu,SS,524288,32,0,0.5,262144,13,0.05156620399975509,-1,1.0,1.0006213188171387
cpu,DS,524288,32,0,0.5,262144,13,0.01597368800003096,-1,1.0,1.0006213188171387
cpu,DS,524288,32,0,0.5,262144,14,0.016324628999882407,-1,1.0,1.0006213188171387
cpu,SS,524288,32,0,0.5,262144,14,0.05477898199978881,-1,1.0,1.0006213188171387
gpu,DS,524288,32,0,0.5,262144,0,0.001628640055656433,1875,1.0,1.0006213188171387
gpu,SS,524288,32,0,0.5,262144,0,0.015625951766967773,1875,1.0,1.0006213188171387
gpu,SS,524288,32,0,0.5,262144,1,0.014751232147216797,1875,1.0,1.0006213188171387
gpu,DS,524288,32,0,0.5,262144,1,0.0015136640071868896,1875,1.0,1.0006213188171387
gpu,DS,524288,32,0,0.5,262144,2,0.0013571200370788574,1875,1.0,1.0006213188171387
gpu,SS,524288,32,0,0.5,262144,2,0.015973952293395995,1875,1.0,1.0006213188171387
gpu,SS,524288,32,0,0.5,262144,3,0.014786239624023437,1875,1.0,1.0006213188171387
gpu,DS,524288,32,0,0.5,262144,3,0.0019386240243911743,1890,1.0,1.0006213188171387
gpu,DS,524288,32,0,0.5,262144,4,0.0013990720510482788,1890,1.0,1.0006213188171387
gpu,SS,524288,32,0,0.5,262144,4,0.014776000022888184,1890,1.0,1.0006213188171387
gpu,SS,524288,32,0,0.5,262144,5,0.01603152084350586,1890,1.0,1.0006213188171387
gpu,DS,524288,32,0,0.5,262144,5,0.0014118399620056152,1890,1.0,1.0006213188171387
gpu,DS,524288,32,0,0.5,262144,6,0.0013784960508346558,1890,1.0,1.0006213188171387
gpu,SS,524288,32,0,0.5,262144,6,0.01592127990722656,1890,1.0,1.0006213188171387
gpu,SS,524288,32,0,0.5,262144,7,0.014772192001342773,1890,1.0,1.0006213188171387
gpu,DS,524288,32,0,0.5,262144,7,0.001423359990119934,1890,1.0,1.0006213188171387
gpu,DS,524288,32,0,0.5,262144,8,0.0013099199533462525,1890,1.0,1.0006213188171387
gpu,SS,524288,32,0,0.5,262144,8,0.01594777584075928,1890,1.0,1.0006213188171387
gpu,SS,524288,32,0,0.5,262144,9,0.01534217643737793,1890,1.0,1.0006213188171387
gpu,DS,524288,32,0,0.5,262144,9,0.0013926399946212768,1890,1.0,1.0006213188171387
gpu,DS,524288,32,0,0.5,262144,10,0.00132915198802948,1890,1.0,1.0006213188171387
gpu,SS,524288,32,0,0.5,262144,10,0.01474508762359619,1890,1.0,1.0006213188171387
gpu,SS,524288,32,0,0.5,262144,11,0.015966048240661623,1890,1.0,1.0006213188171387
gpu,DS,524288,32,0,0.5,262144,11,0.001462272047996521,1890,1.0,1.0006213188171387
gpu,DS,524288,32,0,0.5,262144,12,0.0016588799953460693,1890,1.0,1.0006213188171387
gpu,SS,524288,32,0,0.5,262144,12,0.015948415756225586,1890,1.0,1.0006213188171387
gpu,SS,524288,32,0,0.5,262144,13,0.014981087684631347,1890,1.0,1.0006213188171387
gpu,DS,524288,32,0,0.5,262144,13,0.0014069759845733642,1890,1.0,1.0006213188171387
gpu,DS,524288,32,0,0.5,262144,14,0.0013537919521331787,1890,1.0,1.0006213188171387
gpu,SS,524288,32,0,0.5,262144,14,0.014745599746704101,1890,1.0,1.0006213188171387
cpu,DS,524288,32,0,0.7,367002,0,0.016881414000181394,-1,1.0,1.0010616427158434
cpu,SS,524288,32,0,0.7,367002,0,0.07111355600000024,-1,1.0,1.0010616427158434
cpu,SS,524288,32,0,0.7,367002,1,0.07783115399979579,-1,1.0,1.0010616427158434
cpu,DS,524288,32,0,0.7,367002,1,0.0124878820001868,-1,1.0,1.0010616427158434
cpu,DS,524288,32,0,0.7,367002,2,0.016515456999968592,-1,1.0,1.0010616427158434
cpu,SS,524288,32,0,0.7,367002,2,0.07264807999990808,-1,1.0,1.0010616427158434
cpu,SS,524288,32,0,0.7,367002,3,0.07403380200003085,-1,1.0,1.0010616427158434
cpu,DS,524288,32,0,0.7,367002,3,0.016357393000362208,-1,1.0,1.0010616427158434
cpu,DS,524288,32,0,0.7,367002,4,0.01733249800008707,-1,1.0,1.0010616427158434
cpu,SS,524288,32,0,0.7,367002,4,0.0781750739997733,-1,1.0,1.0010616427158434
cpu,SS,524288,32,0,0.7,367002,5,0.0718973470002311,-1,1.0,1.0010616427158434
cpu,DS,524288,32,0,0.7,367002,5,0.015586278999762726,-1,1.0,1.0010616427158434
cpu,DS,524288,32,0,0.7,367002,6,0.014277784999649157,-1,1.0,1.0010616427158434
cpu,SS,524288,32,0,0.7,367002,6,0.07845327199993335,-1,1.0,1.0010616427158434
cpu,SS,524288,32,0,0.7,367002,7,0.07274949099974037,-1,1.0,1.0010616427158434
cpu,DS,524288,32,0,0.7,367002,7,0.014947487999961595,-1,1.0,1.0010616427158434
cpu,DS,524288,32,0,0.7,367002,8,0.016617550999853847,-1,1.0,1.0010616427158434
cpu,SS,524288,32,0,0.7,367002,8,0.08044180400020196,-1,1.0,1.0010616427158434
cpu,SS,524288,32,0,0.7,367002,9,0.07174834999977975,-1,1.0,1.0010616427158434
cpu,DS,524288,32,0,0.7,367002,9,0.018270256000050722,-1,1.0,1.0010616427158434
cpu,DS,524288,32,0,0.7,367002,10,0.01275710900017657,-1,1.0,1.0010616427158434
cpu,SS,524288,32,0,0.7,367002,10,0.07610668100005569,-1,1.0,1.0010616427158434
cpu,SS,524288,32,0,0.7,367002,11,0.07508213800019803,-1,1.0,1.0010616427158434
cpu,DS,524288,32,0,0.7,367002,11,0.016672351000124763,-1,1.0,1.0010616427158434
cpu,DS,524288,32,0,0.7,367002,12,0.01718281900002694,-1,1.0,1.0010616427158434
cpu,SS,524288,32,0,0.7,367002,12,0.07704053899988139,-1,1.0,1.0010616427158434
cpu,SS,524288,32,0,0.7,367002,13,0.07294802199976402,-1,1.0,1.0010616427158434
cpu,DS,524288,32,0,0.7,367002,13,0.01722143300003154,-1,1.0,1.0010616427158434
cpu,DS,524288,32,0,0.7,367002,14,0.016968002999874443,-1,1.0,1.0010616427158434
cpu,SS,524288,32,0,0.7,367002,14,0.08017306500005361,-1,1.0,1.0010616427158434
gpu,DS,524288,32,0,0.7,367002,0,0.0037139201164245604,1125,1.0,1.0010616427158434
gpu,SS,524288,32,0,0.7,367002,0,0.021119199752807617,1125,1.0,1.0010616427158434
gpu,SS,524288,32,0,0.7,367002,1,0.0204583683013916,1875,1.0,1.0010616427158434
gpu,DS,524288,32,0,0.7,367002,1,0.002897567987442017,1875,1.0,1.0010616427158434
gpu,DS,524288,32,0,0.7,367002,2,0.001428928017616272,1875,1.0,1.0010616427158434
gpu,SS,524288,32,0,0.7,367002,2,0.02052943992614746,1875,1.0,1.0010616427158434
gpu,SS,524288,32,0,0.7,367002,3,0.02168422317504883,1875,1.0,1.0010616427158434
gpu,DS,524288,32,0,0.7,367002,3,0.0014422399997711182,1890,1.0,1.0010616427158434
gpu,DS,524288,32,0,0.7,367002,4,0.0013053439855575562,1890,1.0,1.0010616427158434
gpu,SS,524288,32,0,0.7,367002,4,0.02164121627807617,1890,1.0,1.0010616427158434
gpu,SS,524288,32,0,0.7,367002,5,0.020531200408935548,1890,1.0,1.0010616427158434
gpu,DS,524288,32,0,0.7,367002,5,0.0015011839866638183,1890,1.0,1.0010616427158434
gpu,DS,524288,32,0,0.7,367002,6,0.001425279974937439,1890,1.0,1.0010616427158434
gpu,SS,524288,32,0,0.7,367002,6,0.021679807662963867,1890,1.0,1.0010616427158434
gpu,SS,524288,32,0,0.7,367002,7,0.021766912460327147,1890,1.0,1.0010616427158434
gpu,DS,524288,32,0,0.7,367002,7,0.0014684159755706788,1890,1.0,1.0010616427158434
gpu,DS,524288,32,0,0.7,367002,8,0.0014428800344467162,1890,1.0,1.0010616427158434
gpu,SS,524288,32,0,0.7,367002,8,0.020909120559692383,1890,1.0,1.0010616427158434
gpu,SS,524288,32,0,0.7,367002,9,0.021751424789428712,1890,1.0,1.0010616427158434
gpu,DS,524288,32,0,0.7,367002,9,0.0014404799938201904,1890,1.0,1.0010616427158434
gpu,DS,524288,32,0,0.7,367002,10,0.001301408052444458,1890,1.0,1.0010616427158434
gpu,SS,524288,32,0,0.7,367002,10,0.021672447204589843,1890,1.0,1.0010616427158434
gpu,SS,524288,32,0,0.7,367002,11,0.020510047912597657,1890,1.0,1.0010616427158434
gpu,DS,524288,32,0,0.7,367002,11,0.0014064639806747436,1890,1.0,1.0010616427158434
gpu,DS,524288,32,0,0.7,367002,12,0.001316864013671875,1890,1.0,1.0010616427158434
gpu,SS,524288,32,0,0.7,367002,12,0.02169375991821289,1890,1.0,1.0010616427158434
gpu,SS,524288,32,0,0.7,367002,13,0.020499904632568358,1890,1.0,1.0010616427158434
gpu,DS,524288,32,0,0.7,367002,13,0.0015378559827804565,1890,1.0,1.0010616427158434
gpu,DS,524288,32,0,0.7,367002,14,0.0018160959482192993,1890,1.0,1.0010616427158434
gpu,SS,524288,32,0,0.7,367002,14,0.02166988754272461,1890,1.0,1.0010616427158434
cpu,DS,524288,32,0,1.0,524288,0,0.017749994000041625,-1,1.0,1.0006599426269531
cpu,SS,524288,32,0,1.0,524288,0,0.11094990299989149,-1,1.0,1.0006599426269531
cpu,SS,524288,32,0,1.0,524288,1,0.11114047199998822,-1,1.0,1.0006599426269531
cpu,DS,524288,32,0,1.0,524288,1,0.018372615999851405,-1,1.0,1.0006599426269531
cpu,DS,524288,32,0,1.0,524288,2,0.018807204000040656,-1,1.0,1.0006599426269531
cpu,SS,524288,32,0,1.0,524288,2,0.15314302099977795,-1,1.0,1.0006599426269531
cpu,SS,524288,32,0,1.0,524288,3,0.11367426900005739,-1,1.0,1.0006599426269531
cpu,DS,524288,32,0,1.0,524288,3,0.018361313000241353,-1,1.0,1.0006599426269531
cpu,DS,524288,32,0,1.0,524288,4,0.018604699000206892,-1,1.0,1.0006599426269531
cpu,SS,524288,32,0,1.0,524288,4,0.11002378800003498,-1,1.0,1.0006599426269531
cpu,SS,524288,32,0,1.0,524288,5,0.11456658099996275,-1,1.0,1.0006599426269531
cpu,DS,524288,32,0,1.0,524288,5,0.0175032279998959,-1,1.0,1.0006599426269531
cpu,DS,524288,32,0,1.0,524288,6,0.01800616299988178,-1,1.0,1.0006599426269531
cpu,SS,524288,32,0,1.0,524288,6,0.10005254899988358,-1,1.0,1.0006599426269531
cpu,SS,524288,32,0,1.0,524288,7,0.11764007400006449,-1,1.0,1.0006599426269531
cpu,DS,524288,32,0,1.0,524288,7,0.013893945000290842,-1,1.0,1.0006599426269531
cpu,DS,524288,32,0,1.0,524288,8,0.01959282300003906,-1,1.0,1.0006599426269531
cpu,SS,524288,32,0,1.0,524288,8,0.0973070570003074,-1,1.0,1.0006599426269531
cpu,SS,524288,32,0,1.0,524288,9,0.11187802599988572,-1,1.0,1.0006599426269531
cpu,DS,524288,32,0,1.0,524288,9,0.018145074999665667,-1,1.0,1.0006599426269531
cpu,DS,524288,32,0,1.0,524288,10,0.015238698000302975,-1,1.0,1.0006599426269531
cpu,SS,524288,32,0,1.0,524288,10,0.13232206800012136,-1,1.0,1.0006599426269531
cpu,SS,524288,32,0,1.0,524288,11,0.13337325599968608,-1,1.0,1.0006599426269531
cpu,DS,524288,32,0,1.0,524288,11,0.02012871700026153,-1,1.0,1.0006599426269531
cpu,DS,524288,32,0,1.0,524288,12,0.01829180400000041,-1,1.0,1.0006599426269531
cpu,SS,524288,32,0,1.0,524288,12,0.10622552199993152,-1,1.0,1.0006599426269531
cpu,SS,524288,32,0,1.0,524288,13,0.11493894900013402,-1,1.0,1.0006599426269531
cpu,DS,524288,32,0,1.0,524288,13,0.017739008000262402,-1,1.0,1.0006599426269531
cpu,DS,524288,32,0,1.0,524288,14,0.018649806000212266,-1,1.0,1.0006599426269531
cpu,SS,524288,32,0,1.0,524288,14,0.1151251860001139,-1,1.0,1.0006599426269531
gpu,DS,524288,32,0,1.0,524288,0,0.0017212799787521362,1125,1.0,1.0006599426269531
gpu,SS,524288,32,0,1.0,524288,0,0.030810111999511718,1125,1.0,1.0006599426269531
gpu,SS,524288,32,0,1.0,524288,1,0.03246799850463867,1125,1.0,1.0006599426269531
gpu,DS,524288,32,0,1.0,524288,1,0.0016940159797668457,1125,1.0,1.0006599426269531
gpu,DS,524288,32,0,1.0,524288,2,0.002451456069946289,1125,1.0,1.0006599426269531
gpu,SS,524288,32,0,1.0,524288,2,0.030660160064697267,1125,1.0,1.0006599426269531
gpu,SS,524288,32,0,1.0,524288,3,0.030196128845214845,1890,1.0,1.0006599426269531
gpu,DS,524288,32,0,1.0,524288,3,0.0014212160110473632,1890,1.0,1.0006599426269531
gpu,DS,524288,32,0,1.0,524288,4,0.0013392000198364257,1890,1.0,1.0006599426269531
gpu,SS,524288,32,0,1.0,524288,4,0.030167423248291015,1890,1.0,1.0006599426269531
gpu,SS,524288,32,0,1.0,524288,5,0.03019503974914551,1890,1.0,1.0006599426269531
gpu,DS,524288,32,0,1.0,524288,5,0.0015032639503479003,1890,1.0,1.0006599426269531
gpu,DS,524288,32,0,1.0,524288,6,0.0013619199991226196,1890,1.0,1.0006599426269531
gpu,SS,524288,32,0,1.0,524288,6,0.030208703994750976,1890,1.0,1.0006599426269531
gpu,SS,524288,32,0,1.0,524288,7,0.030245439529418945,1890,1.0,1.0006599426269531
gpu,DS,524288,32,0,1.0,524288,7,0.0014636160135269164,1890,1.0,1.0006599426269531
gpu,DS,524288,32,0,1.0,524288,8,0.001400480031967163,1890,1.0,1.0006599426269531
gpu,SS,524288,32,0,1.0,524288,8,0.02901798439025879,1890,1.0,1.0006599426269531
gpu,SS,524288,32,0,1.0,524288,9,0.03010367965698242,1890,1.0,1.0006599426269531
gpu,DS,524288,32,0,1.0,524288,9,0.0014561280012130738,1890,1.0,1.0006599426269531
gpu,DS,524288,32,0,1.0,524288,10,0.0013273600339889526,1890,1.0,1.0006599426269531
gpu,SS,524288,32,0,1.0,524288,10,0.03017286491394043,1890,1.0,1.0006599426269531
gpu,SS,524288,32,0,1.0,524288,11,0.03018137550354004,1890,1.0,1.0006599426269531
gpu,DS,524288,32,0,1.0,524288,11,0.0014505280256271362,1890,1.0,1.0006599426269531
gpu,DS,524288,32,0,1.0,524288,12,0.0014769920110702514,1890,1.0,1.0006599426269531
gpu,SS,524288,32,0,1.0,524288,12,0.03135215950012207,1890,1.0,1.0006599426269531
gpu,SS,524288,32,0,1.0,524288,13,0.02897782325744629,1890,1.0,1.0006599426269531
gpu,DS,524288,32,0,1.0,524288,13,0.0029373440742492675,1890,1.0,1.0006599426269531
gpu,DS,524288,32,0,1.0,524288,14,0.0013332159519195556,1890,1.0,1.0006599426269531
gpu,SS,524288,32,0,1.0,524288,14,0.03019980812072754,1890,1.0,1.0006599426269531
