platform,mode,N,F,window,s,m,rep,time_s,sm_clock_mhz,spread,kappa
cpu,DS,1048576,32,256,0.0001,105,0,0.02068491999989419,-1,1.0,1.2571428571428571
cpu,SS,1048576,32,256,0.0001,105,0,0.00012783600004695472,-1,1.0,1.2571428571428571
cpu,SS,1048576,32,256,0.0001,105,1,8.512700014762231e-05,-1,1.0,1.2571428571428571
cpu,DS,1048576,32,256,0.0001,105,1,0.021442284999920957,-1,1.0,1.2571428571428571
cpu,DS,1048576,32,256,0.0001,105,2,0.02573489599990353,-1,1.0,1.2571428571428571
cpu,SS,1048576,32,256,0.0001,105,2,0.00014070799988985527,-1,1.0,1.2571428571428571
cpu,SS,1048576,32,256,0.0001,105,3,9.965599974748329e-05,-1,1.0,1.2571428571428571
cpu,DS,1048576,32,256,0.0001,105,3,0.021434874000078707,-1,1.0,1.2571428571428571
cpu,DS,1048576,32,256,0.0001,105,4,0.021063065999896935,-1,1.0,1.2571428571428571
cpu,SS,1048576,32,256,0.0001,105,4,0.00013924499990025652,-1,1.0,1.2571428571428571
cpu,SS,1048576,32,256,0.0001,105,5,0.00010969999993903912,-1,1.0,1.2571428571428571
cpu,DS,1048576,32,256,0.0001,105,5,0.02014744200005225,-1,1.0,1.2571428571428571
cpu,DS,1048576,32,256,0.0001,105,6,0.020228764999956184,-1,1.0,1.2571428571428571
cpu,SS,1048576,32,256,0.0001,105,6,0.00013719699973080424,-1,1.0,1.2571428571428571
cpu,SS,1048576,32,256,0.0001,105,7,8.649199980936828e-05,-1,1.0,1.2571428571428571
cpu,DS,1048576,32,256,0.0001,105,7,0.022652684000149748,-1,1.0,1.2571428571428571
cpu,DS,1048576,32,256,0.0001,105,8,0.02178542500041658,-1,1.0,1.2571428571428571
cpu,SS,1048576,32,256,0.0001,105,8,0.00015133600027184002,-1,1.0,1.2571428571428571
cpu,SS,1048576,32,256,0.0001,105,9,0.0001204260001941293,-1,1.0,1.2571428571428571
cpu,DS,1048576,32,256,0.0001,105,9,0.025426956999581307,-1,1.0,1.2571428571428571
cpu,DS,1048576,32,256,0.0001,105,10,0.02356547999988834,-1,1.0,1.2571428571428571
cpu,SS,1048576,32,256,0.0001,105,10,0.00012481399971875362,-1,1.0,1.2571428571428571
cpu,SS,1048576,32,256,0.0001,105,11,7.995899977686349e-05,-1,1.0,1.2571428571428571
cpu,DS,1048576,32,256,0.0001,105,11,0.024513965999631182,-1,1.0,1.2571428571428571
cpu,DS,1048576,32,256,0.0001,105,12,0.02160658999991938,-1,1.0,1.2571428571428571
cpu,SS,1048576,32,256,0.0001,105,12,0.002859790000002249,-1,1.0,1.2571428571428571
cpu,SS,1048576,32,256,0.0001,105,13,0.00010423899993838859,-1,1.0,1.2571428571428571
cpu,DS,1048576,32,256,0.0001,105,13,0.023177875999863318,-1,1.0,1.2571428571428571
cpu,DS,1048576,32,256,0.0001,105,14,0.02021452900044096,-1,1.0,1.2571428571428571
cpu,SS,1048576,32,256,0.0001,105,14,0.00011554999991858494,-1,1.0,1.2571428571428571
gpu,DS,1048576,32,256,0.0001,105,0,0.0017799359560012817,1905,1.0,1.2571428571428571
gpu,SS,1048576,32,256,0.0001,105,0,0.0004130559861660004,1905,1.0,1.2571428571428571
gpu,SS,1048576,32,256,0.0001,105,1,0.00015695999562740325,1905,1.0,1.2571428571428571
gpu,DS,1048576,32,256,0.0001,105,1,0.001597440004348755,1905,1.0,1.2571428571428571
gpu,DS,1048576,32,256,0.0001,105,2,0.0016322879791259765,1905,1.0,1.2571428571428571
gpu,SS,1048576,32,256,0.0001,105,2,1.0239999741315842e-05,1905,1.0,1.2571428571428571
gpu,SS,1048576,32,256,0.0001,105,3,9.833600372076034e-05,1905,1.0,1.2571428571428571
gpu,DS,1048576,32,256,0.0001,105,3,0.0017445759773254395,1905,1.0,1.2571428571428571
gpu,DS,1048576,32,256,0.0001,105,4,0.0016650880575180054,1905,1.0,1.2571428571428571
gpu,SS,1048576,32,256,0.0001,105,4,0.00018723200261592865,1905,1.0,1.2571428571428571
gpu,SS,1048576,32,256,0.0001,105,5,0.0001010880023241043,1905,1.0,1.2571428571428571
gpu,DS,1048576,32,256,0.0001,105,5,0.0025299520492553713,1905,1.0,1.2571428571428571
gpu,DS,1048576,32,256,0.0001,105,6,0.0019578880071640017,1905,1.0,1.2571428571428571
gpu,SS,1048576,32,256,0.0001,105,6,0.00023491199314594268,1905,1.0,1.2571428571428571
gpu,SS,1048576,32,256,0.0001,105,7,0.00013865600526332856,1905,1.0,1.2571428571428571
gpu,DS,1048576,32,256,0.0001,105,7,0.0015836160182952882,1905,1.0,1.2571428571428571
gpu,DS,1048576,32,256,0.0001,105,8,0.0016711679697036742,1905,1.0,1.2571428571428571
gpu,SS,1048576,32,256,0.0001,105,8,8.832000195980072e-06,1905,1.0,1.2571428571428571
gpu,SS,1048576,32,256,0.0001,105,9,0.0001521279960870743,1905,1.0,1.2571428571428571
gpu,DS,1048576,32,256,0.0001,105,9,0.002071295976638794,1905,1.0,1.2571428571428571
gpu,DS,1048576,32,256,0.0001,105,10,0.0017365119457244873,1905,1.0,1.2571428571428571
gpu,SS,1048576,32,256,0.0001,105,10,0.0001966080069541931,1905,1.0,1.2571428571428571
gpu,SS,1048576,32,256,0.0001,105,11,0.00016915200650691986,1905,1.0,1.2571428571428571
gpu,DS,1048576,32,256,0.0001,105,11,0.0015176960229873657,1905,1.0,1.2571428571428571
gpu,DS,1048576,32,256,0.0001,105,12,0.0014213119745254516,1905,1.0,1.2571428571428571
gpu,SS,1048576,32,256,0.0001,105,12,0.00018636800348758697,1905,1.0,1.2571428571428571
gpu,SS,1048576,32,256,0.0001,105,13,9.798400104045868e-05,1905,1.0,1.2571428571428571
gpu,DS,1048576,32,256,0.0001,105,13,0.0015217599868774414,1905,1.0,1.2571428571428571
gpu,DS,1048576,32,256,0.0001,105,14,0.0017084159851074219,1905,1.0,1.2571428571428571
gpu,SS,1048576,32,256,0.0001,105,14,0.00016793599724769593,1905,1.0,1.2571428571428571
cpu,DS,1048576,32,256,0.0003,315,0,0.02321337000012136,-1,1.0,1.2190476190476192
cpu,SS,1048576,32,256,0.0003,315,0,0.00025147899987132405,-1,1.0,1.2190476190476192
cpu,SS,1048576,32,256,0.0003,315,1,0.0001695709997875383,-1,1.0,1.2190476190476192
cpu,DS,1048576,32,256,0.0003,315,1,0.02202198499981023,-1,1.0,1.2190476190476192
cpu,DS,1048576,32,256,0.0003,315,2,0.020553475000269827,-1,1.0,1.2190476190476192
cpu,SS,1048576,32,256,0.0003,315,2,0.00019151100013914402,-1,1.0,1.2190476190476192
cpu,SS,1048576,32,256,0.0003,315,3,0.00015708899991295766,-1,1.0,1.2190476190476192
cpu,DS,1048576,32,256,0.0003,315,3,0.024685487000169815,-1,1.0,1.2190476190476192
cpu,DS,1048576,32,256,0.0003,315,4,0.020157094999831315,-1,1.0,1.2190476190476192
cpu,SS,1048576,32,256,0.0003,315,4,0.0002613290002955182,-1,1.0,1.2190476190476192
cpu,SS,1048576,32,256,0.0003,315,5,0.00017395899976690998,-1,1.0,1.2190476190476192
cpu,DS,1048576,32,256,0.0003,315,5,0.017306372999883024,-1,1.0,1.2190476190476192
cpu,DS,1048576,32,256,0.0003,315,6,0.01983472600022651,-1,1.0,1.2190476190476192
cpu,SS,1048576,32,256,0.0003,315,6,0.00020282200011934037,-1,1.0,1.2190476190476192
cpu,SS,1048576,32,256,0.0003,315,7,0.00015874700011409004,-1,1.0,1.2190476190476192
cpu,DS,1048576,32,256,0.0003,315,7,0.01877917299998444,-1,1.0,1.2190476190476192
cpu,DS,1048576,32,256,0.0003,315,8,0.019948520000070857,-1,1.0,1.2190476190476192
cpu,SS,1048576,32,256,0.0003,315,8,0.0003880919998664467,-1,1.0,1.2190476190476192
cpu,SS,1048576,32,256,0.0003,315,9,0.0002516750000722823,-1,1.0,1.2190476190476192
cpu,DS,1048576,32,256,0.0003,315,9,0.020548210000015388,-1,1.0,1.2190476190476192
cpu,DS,1048576,32,256,0.0003,315,10,0.019176431000232697,-1,1.0,1.2190476190476192
cpu,SS,1048576,32,256,0.0003,315,10,0.00021696099975088146,-1,1.0,1.2190476190476192
cpu,SS,1048576,32,256,0.0003,315,11,0.00018731699992713402,-1,1.0,1.2190476190476192
cpu,DS,1048576,32,256,0.0003,315,11,0.020164061000286893,-1,1.0,1.2190476190476192
cpu,DS,1048576,32,256,0.0003,315,12,0.021916297000188933,-1,1.0,1.2190476190476192
cpu,SS,1048576,32,256,0.0003,315,12,0.0002996909997818875,-1,1.0,1.2190476190476192
cpu,SS,1048576,32,256,0.0003,315,13,0.0001880330000858521,-1,1.0,1.2190476190476192
cpu,DS,1048576,32,256,0.0003,315,13,0.022637055999894073,-1,1.0,1.2190476190476192
cpu,DS,1048576,32,256,0.0003,315,14,0.021149694000087038,-1,1.0,1.2190476190476192
cpu,SS,1048576,32,256,0.0003,315,14,0.00025141500009340234,-1,1.0,1.2190476190476192
gpu,DS,1048576,32,256,0.0003,315,0,0.0014866559505462647,1890,1.0,1.2190476190476192
gpu,SS,1048576,32,256,0.0003,315,0,0.0001478399932384491,1890,1.0,1.2190476190476192
gpu,SS,1048576,32,256,0.0003,315,1,9.014400094747544e-05,1890,1.0,1.2190476190476192
gpu,DS,1048576,32,256,0.0003,315,1,0.0030781440734863282,1890,1.0,1.2190476190476192
gpu,DS,1048576,32,256,0.0003,315,2,0.0016527680158615113,1890,1.0,1.2190476190476192
gpu,SS,1048576,32,256,0.0003,315,2,0.00014217600226402283,1890,1.0,1.2190476190476192
gpu,SS,1048576,32,256,0.0003,315,3,0.00012537600100040436,1890,1.0,1.2190476190476192
gpu,DS,1048576,32,256,0.0003,315,3,0.0014635839462280274,1890,1.0,1.2190476190476192
gpu,DS,1048576,32,256,0.0003,315,4,0.0014819200038909911,1890,1.0,1.2190476190476192
gpu,SS,1048576,32,256,0.0003,315,4,0.00011542399972677231,1890,1.0,1.2190476190476192
gpu,SS,1048576,32,256,0.0003,315,5,1.8559999763965608e-05,1890,1.0,1.2190476190476192
gpu,DS,1048576,32,256,0.0003,315,5,0.001509376049041748,1890,1.0,1.2190476190476192
gpu,DS,1048576,32,256,0.0003,315,6,0.001469920039176941,1890,1.0,1.2190476190476192
gpu,SS,1048576,32,256,0.0003,315,6,8.684799820184707e-05,1890,1.0,1.2190476190476192
gpu,SS,1048576,32,256,0.0003,315,7,0.0001894720047712326,1890,1.0,1.2190476190476192
gpu,DS,1048576,32,256,0.0003,315,7,0.0025290560722351072,1890,1.0,1.2190476190476192
gpu,DS,1048576,32,256,0.0003,315,8,0.0015027519464492797,1890,1.0,1.2190476190476192
gpu,SS,1048576,32,256,0.0003,315,8,0.00016383999586105347,1890,1.0,1.2190476190476192
gpu,SS,1048576,32,256,0.0003,315,9,9.07839983701706e-05,1890,1.0,1.2190476190476192
gpu,DS,1048576,32,256,0.0003,315,9,0.0015003520250320434,1890,1.0,1.2190476190476192
gpu,DS,1048576,32,256,0.0003,315,10,0.001558303952217102,1890,1.0,1.2190476190476192
gpu,SS,1048576,32,256,0.0003,315,10,0.00023996800184249877,1890,1.0,1.2190476190476192
gpu,SS,1048576,32,256,0.0003,315,11,0.0002192319929599762,1890,1.0,1.2190476190476192
gpu,DS,1048576,32,256,0.0003,315,11,0.0015745919942855835,1890,1.0,1.2190476190476192
gpu,DS,1048576,32,256,0.0003,315,12,0.00154038405418396,1890,1.0,1.2190476190476192
gpu,SS,1048576,32,256,0.0003,315,12,0.00019456000626087187,1890,1.0,1.2190476190476192
gpu,SS,1048576,32,256,0.0003,315,13,0.00014588800072669984,1890,1.0,1.2190476190476192
gpu,DS,1048576,32,256,0.0003,315,13,0.0014991680383682252,1890,1.0,1.2190476190476192
gpu,DS,1048576,32,256,0.0003,315,14,0.0014394880533218383,1890,1.0,1.2190476190476192
gpu,SS,1048576,32,256,0.0003,315,14,9.404800087213516e-05,1890,1.0,1.2190476190476192
cpu,DS,1048576,32,256,0.001,1049,0,0.022433281999838073,-1,1.0,1.0610104861773118
cpu,SS,1048576,32,256,0.001,1049,0,0.000612058000115212,-1,1.0,1.0610104861773118
cpu,SS,1048576,32,256,0.001,1049,1,0.00043891899986192584,-1,1.0,1.0610104861773118
cpu,DS,1048576,32,256,0.001,1049,1,0.023338588000115124,-1,1.0,1.0610104861773118
cpu,DS,1048576,32,256,0.001,1049,2,0.022998332000042865,-1,1.0,1.0610104861773118
cpu,SS,1048576,32,256,0.001,1049,2,0.0008394930000577006,-1,1.0,1.0610104861773118
cpu,SS,1048576,32,256,0.001,1049,3,0.0017168049998872448,-1,1.0,1.0610104861773118
cpu,DS,1048576,32,256,0.001,1049,3,0.0988272709996636,-1,1.0,1.0610104861773118
cpu,DS,1048576,32,256,0.001,1049,4,0.10333414600017932,-1,1.0,1.0610104861773118
cpu,SS,1048576,32,256,0.001,1049,4,0.0006172339999466203,-1,1.0,1.0610104861773118
cpu,SS,1048576,32,256,0.001,1049,5,0.0013764440000159084,-1,1.0,1.0610104861773118
cpu,DS,1048576,32,256,0.001,1049,5,0.02418811600000481,-1,1.0,1.0610104861773118
cpu,DS,1048576,32,256,0.001,1049,6,0.04402791700022135,-1,1.0,1.0610104861773118
cpu,SS,1048576,32,256,0.001,1049,6,0.000994566999906965,-1,1.0,1.0610104861773118
cpu,SS,1048576,32,256,0.001,1049,7,0.0006688909998047166,-1,1.0,1.0610104861773118
cpu,DS,1048576,32,256,0.001,1049,7,0.031725385000299866,-1,1.0,1.0610104861773118
cpu,DS,1048576,32,256,0.001,1049,8,0.02363130599997021,-1,1.0,1.0610104861773118
cpu,SS,1048576,32,256,0.001,1049,8,0.0005000830001335999,-1,1.0,1.0610104861773118
cpu,SS,1048576,32,256,0.001,1049,9,0.00047948399969754973,-1,1.0,1.0610104861773118
cpu,DS,1048576,32,256,0.001,1049,9,0.027949726000315422,-1,1.0,1.0610104861773118
cpu,DS,1048576,32,256,0.001,1049,10,0.022671280999929877,-1,1.0,1.0610104861773118
cpu,SS,1048576,32,256,0.001,1049,10,0.0005167740000615595,-1,1.0,1.0610104861773118
cpu,SS,1048576,32,256,0.001,1049,11,0.00036370600037116674,-1,1.0,1.0610104861773118
cpu,DS,1048576,32,256,0.001,1049,11,0.02370620199963014,-1,1.0,1.0610104861773118
cpu,DS,1048576,32,256,0.001,1049,12,0.023557150000215188,-1,1.0,1.0610104861773118
cpu,SS,1048576,32,256,0.001,1049,12,0.0005190979995859379,-1,1.0,1.0610104861773118
cpu,SS,1048576,32,256,0.001,1049,13,0.0004347999997662555,-1,1.0,1.0610104861773118
cpu,DS,1048576,32,256,0.001,1049,13,0.023829058000046643,-1,1.0,1.0610104861773118
cpu,DS,1048576,32,256,0.001,1049,14,0.022495292000257905,-1,1.0,1.0610104861773118
cpu,SS,1048576,32,256,0.001,1049,14,0.0005407529997683014,-1,1.0,1.0610104861773118
gpu,DS,1048576,32,256,0.001,1049,0,0.001515455961227417,1890,1.0,1.0610104861773118
gpu,SS,1048576,32,256,0.001,1049,0,0.00011846400052309036,1890,1.0,1.0610104861773118
gpu,SS,1048576,32,256,0.001,1049,1,0.0001802240014076233,1890,1.0,1.0610104861773118
gpu,DS,1048576,32,256,0.001,1049,1,0.00303657603263855,1890,1.0,1.0610104861773118
gpu,DS,1048576,32,256,0.001,1049,2,0.0015321279764175415,1890,1.0,1.0610104861773118
gpu,SS,1048576,32,256,0.001,1049,2,9.292799979448318e-05,1890,1.0,1.0610104861773118
gpu,SS,1048576,32,256,0.001,1049,3,7.711999863386154e-05,1890,1.0,1.0610104861773118
gpu,DS,1048576,32,256,0.001,1049,3,0.0015557119846343994,1890,1.0,1.0610104861773118
gpu,DS,1048576,32,256,0.001,1049,4,0.0015427520275115966,1890,1.0,1.0610104861773118
gpu,SS,1048576,32,256,0.001,1049,4,0.00013526399433612824,1890,1.0,1.0610104861773118
gpu,SS,1048576,32,256,0.001,1049,5,0.00014790399372577667,1890,1.0,1.0610104861773118
gpu,DS,1048576,32,256,0.001,1049,5,0.0015289599895477294,1890,1.0,1.0610104861773118
gpu,DS,1048576,32,256,0.001,1049,6,0.0014867839813232423,1890,1.0,1.0610104861773118
gpu,SS,1048576,32,256,0.001,1049,6,0.00010220800340175629,1890,1.0,1.0610104861773118
gpu,SS,1048576,32,256,0.001,1049,7,0.00033667200803756713,1890,1.0,1.0610104861773118
gpu,DS,1048576,32,256,0.001,1049,7,0.0013946880102157593,1890,1.0,1.0610104861773118
gpu,DS,1048576,32,256,0.001,1049,8,0.001947648048400879,1890,1.0,1.0610104861773118
gpu,SS,1048576,32,256,0.001,1049,8,0.0001818239986896515,1890,1.0,1.0610104861773118
gpu,SS,1048576,32,256,0.001,1049,9,0.00015065599977970122,1890,1.0,1.0610104861773118
gpu,DS,1048576,32,256,0.001,1049,9,0.0015482879877090454,1890,1.0,1.0610104861773118
gpu,DS,1048576,32,256,0.001,1049,10,0.0014772800207138062,1890,1.0,1.0610104861773118
gpu,SS,1048576,32,256,0.001,1049,10,0.00021158400177955628,1890,1.0,1.0610104861773118
gpu,SS,1048576,32,256,0.001,1049,11,2.8672000393271447e-05,1890,1.0,1.0610104861773118
gpu,DS,1048576,32,256,0.001,1049,11,0.0016498240232467652,1890,1.0,1.0610104861773118
gpu,DS,1048576,32,256,0.001,1049,12,0.0014719040393829346,1890,1.0,1.0610104861773118
gpu,SS,1048576,32,256,0.001,1049,12,9.775999933481216e-05,1890,1.0,1.0610104861773118
gpu,SS,1048576,32,256,0.001,1049,13,0.00015385599434375764,1890,1.0,1.0610104861773118
gpu,DS,1048576,32,256,0.001,1049,13,0.0014790719747543334,1890,1.0,1.0610104861773118
gpu,DS,1048576,32,256,0.001,1049,14,0.0017562559843063354,1890,1.0,1.0610104861773118
gpu,SS,1048576,32,256,0.001,1049,14,0.00018892799317836762,1890,1.0,1.0610104861773118
cpu,DS,1048576,32,256,0.003,3146,0,0.02411997999979576,-1,1.0,1.0566989828353464
cpu,SS,1048576,32,256,0.003,3146,0,0.0016589159999966796,-1,1.0,1.0566989828353464
cpu,SS,1048576,32,256,0.003,3146,1,0.0012468279996937781,-1,1.0,1.0566989828353464
cpu,DS,1048576,32,256,0.003,3146,1,0.028672808000010264,-1,1.0,1.0566989828353464
cpu,DS,1048576,32,256,0.003,3146,2,0.030162704999838752,-1,1.0,1.0566989828353464
cpu,SS,1048576,32,256,0.003,3146,2,0.006069661000310589,-1,1.0,1.0566989828353464
cpu,SS,1048576,32,256,0.003,3146,3,0.0026583419999042235,-1,1.0,1.0566989828353464
cpu,DS,1048576,32,256,0.003,3146,3,0.02280565099999876,-1,1.0,1.0566989828353464
cpu,DS,1048576,32,256,0.003,3146,4,0.02773908700009997,-1,1.0,1.0566989828353464
cpu,SS,1048576,32,256,0.003,3146,4,0.0017101489997912722,-1,1.0,1.0566989828353464
cpu,SS,1048576,32,256,0.003,3146,5,0.002217520999693079,-1,1.0,1.0566989828353464
cpu,DS,1048576,32,256,0.003,3146,5,0.02538223100009418,-1,1.0,1.0566989828353464
cpu,DS,1048576,32,256,0.003,3146,6,0.02352936699981001,-1,1.0,1.0566989828353464
cpu,SS,1048576,32,256,0.003,3146,6,0.0013844720001543465,-1,1.0,1.0566989828353464
cpu,SS,1048576,32,256,0.003,3146,7,0.0013964090003355523,-1,1.0,1.0566989828353464
cpu,DS,1048576,32,256,0.003,3146,7,0.02626767599986124,-1,1.0,1.0566989828353464
cpu,DS,1048576,32,256,0.003,3146,8,0.02313808999997491,-1,1.0,1.0566989828353464
cpu,SS,1048576,32,256,0.003,3146,8,0.001277989999834972,-1,1.0,1.0566989828353464
cpu,SS,1048576,32,256,0.003,3146,9,0.001066928000000189,-1,1.0,1.0566989828353464
cpu,DS,1048576,32,256,0.003,3146,9,0.024310866000178066,-1,1.0,1.0566989828353464
cpu,DS,1048576,32,256,0.003,3146,10,0.024723692999941704,-1,1.0,1.0566989828353464
cpu,SS,1048576,32,256,0.003,3146,10,0.0014865159996588773,-1,1.0,1.0566989828353464
cpu,SS,1048576,32,256,0.003,3146,11,0.0013742249998358602,-1,1.0,1.0566989828353464
cpu,DS,1048576,32,256,0.003,3146,11,0.025155746000109502,-1,1.0,1.0566989828353464
cpu,DS,1048576,32,256,0.003,3146,12,0.02090229299983548,-1,1.0,1.0566989828353464
cpu,SS,1048576,32,256,0.003,3146,12,0.0014106700000411365,-1,1.0,1.0566989828353464
cpu,SS,1048576,32,256,0.003,3146,13,0.0011464730000625423,-1,1.0,1.0566989828353464
cpu,DS,1048576,32,256,0.003,3146,13,0.021209801000168227,-1,1.0,1.0566989828353464
cpu,DS,1048576,32,256,0.003,3146,14,0.023961419999977807,-1,1.0,1.0566989828353464
cpu,SS,1048576,32,256,0.003,3146,14,0.0017439530001865933,-1,1.0,1.0566989828353464
gpu,DS,1048576,32,256,0.003,3146,0,0.001472000002861023,1890,1.0,1.0566989828353464
gpu,SS,1048576,32,256,0.003,3146,0,0.00015939199924468994,1890,1.0,1.0566989828353464
gpu,SS,1048576,32,256,0.003,3146,1,0.00015065599977970122,1890,1.0,1.0566989828353464
gpu,DS,1048576,32,256,0.003,3146,1,0.0013967360258102417,1890,1.0,1.0566989828353464
gpu,DS,1048576,32,256,0.003,3146,2,0.0029936320781707763,1890,1.0,1.0566989828353464
gpu,SS,1048576,32,256,0.003,3146,2,0.00016201600432395934,1890,1.0,1.0566989828353464
gpu,SS,1048576,32,256,0.003,3146,3,0.00015916800498962403,1890,1.0,1.0566989828353464
gpu,DS,1048576,32,256,0.003,3146,3,0.0014956480264663697,1890,1.0,1.0566989828353464
gpu,DS,1048576,32,256,0.003,3146,4,0.001508031964302063,1890,1.0,1.0566989828353464
gpu,SS,1048576,32,256,0.003,3146,4,7.958400249481202e-05,1890,1.0,1.0566989828353464
gpu,SS,1048576,32,256,0.003,3146,5,0.0001422719955444336,1890,1.0,1.0566989828353464
gpu,DS,1048576,32,256,0.003,3146,5,0.001974239945411682,1890,1.0,1.0566989828353464
gpu,DS,1048576,32,256,0.003,3146,6,0.0014707200527191162,1890,1.0,1.0566989828353464
gpu,SS,1048576,32,256,0.003,3146,6,0.0001900160014629364,1890,1.0,1.0566989828353464
gpu,SS,1048576,32,256,0.003,3146,7,0.00016793599724769593,1890,1.0,1.0566989828353464
gpu,DS,1048576,32,256,0.003,3146,7,0.0015398720502853393,1890,1.0,1.0566989828353464
gpu,DS,1048576,32,256,0.003,3146,8,0.003497760057449341,1890,1.0,1.0566989828353464
gpu,SS,1048576,32,256,0.003,3146,8,0.00013072000443935394,1890,1.0,1.0566989828353464
gpu,SS,1048576,32,256,0.003,3146,9,0.00015225599706172944,1890,1.0,1.0566989828353464
gpu,DS,1048576,32,256,0.003,3146,9,0.0015464320182800293,1890,1.0,1.0566989828353464
gpu,DS,1048576,32,256,0.003,3146,10,0.0015185279846191405,1890,1.0,1.0566989828353464
gpu,SS,1048576,32,256,0.003,3146,10,0.00016201600432395934,1890,1.0,1.0566989828353464
gpu,SS,1048576,32,256,0.003,3146,11,0.00040140798687934875,1890,1.0,1.0566989828353464
gpu,DS,1048576,32,256,0.003,3146,11,0.001975744009017944,1890,1.0,1.0566989828353464
gpu,DS,1048576,32,256,0.003,3146,12,0.0015887680053710937,1890,1.0,1.0566989828353464
gpu,SS,1048576,32,256,0.003,3146,12,0.00014895999431610108,1890,1.0,1.0566989828353464
gpu,SS,1048576,32,256,0.003,3146,13,0.00014908799529075623,1890,1.0,1.0566989828353464
gpu,DS,1048576,32,256,0.003,3146,13,0.001529855966567993,1890,1.0,1.0566989828353464
gpu,DS,1048576,32,256,0.003,3146,14,0.0014996479749679566,1890,1.0,1.0566989828353464
gpu,SS,1048576,32,256,0.003,3146,14,0.000514303982257843,1890,1.0,1.0566989828353464
cpu,DS,1048576,32,256,0.01,10486,0,0.023578804999942804,-1,1.0,1.0150319473583826
cpu,SS,1048576,32,256,0.01,10486,0,0.0033842759999060945,-1,1.0,1.0150319473583826
cpu,SS,1048576,32,256,0.01,10486,1,0.004585892000250169,-1,1.0,1.0150319473583826
cpu,DS,1048576,32,256,0.01,10486,1,0.02261635100012427,-1,1.0,1.0150319473583826
cpu,DS,1048576,32,256,0.01,10486,2,0.0237708519998705,-1,1.0,1.0150319473583826
cpu,SS,1048576,32,256,0.01,10486,2,0.003935911000098713,-1,1.0,1.0150319473583826
cpu,SS,1048576,32,256,0.01,10486,3,0.0036991779998061247,-1,1.0,1.0150319473583826
cpu,DS,1048576,32,256,0.01,10486,3,0.023846381999646837,-1,1.0,1.0150319473583826
cpu,DS,1048576,32,256,0.01,10486,4,0.023880290999841236,-1,1.0,1.0150319473583826
cpu,SS,1048576,32,256,0.01,10486,4,0.0041329229998154915,-1,1.0,1.0150319473583826
cpu,SS,1048576,32,256,0.01,10486,5,0.0036428739999792015,-1,1.0,1.0150319473583826
cpu,DS,1048576,32,256,0.01,10486,5,0.02232099099956031,-1,1.0,1.0150319473583826
cpu,DS,1048576,32,256,0.01,10486,6,0.02435629000001427,-1,1.0,1.0150319473583826
cpu,SS,1048576,32,256,0.01,10486,6,0.004087710000021616,-1,1.0,1.0150319473583826
cpu,SS,1048576,32,256,0.01,10486,7,0.003986510000231647,-1,1.0,1.0150319473583826
cpu,DS,1048576,32,256,0.01,10486,7,0.023036889999730192,-1,1.0,1.0150319473583826
cpu,DS,1048576,32,256,0.01,10486,8,0.024701403000108257,-1,1.0,1.0150319473583826
cpu,SS,1048576,32,256,0.01,10486,8,0.0036987570001656422,-1,1.0,1.0150319473583826
cpu,SS,1048576,32,256,0.01,10486,9,0.003730129999894416,-1,1.0,1.0150319473583826
cpu,DS,1048576,32,256,0.01,10486,9,0.02866984999991473,-1,1.0,1.0150319473583826
cpu,DS,1048576,32,256,0.01,10486,10,0.03050140699997428,-1,1.0,1.0150319473583826
cpu,SS,1048576,32,256,0.01,10486,10,0.00468242300030397,-1,1.0,1.0150319473583826
cpu,SS,1048576,32,256,0.01,10486,11,0.005990322999878117,-1,1.0,1.0150319473583826
cpu,DS,1048576,32,256,0.01,10486,11,0.022124595000150293,-1,1.0,1.0150319473583826
cpu,DS,1048576,32,256,0.01,10486,12,0.027743014999941806,-1,1.0,1.0150319473583826
cpu,SS,1048576,32,256,0.01,10486,12,0.0037326770002437115,-1,1.0,1.0150319473583826
cpu,SS,1048576,32,256,0.01,10486,13,0.003340102000038314,-1,1.0,1.0150319473583826
cpu,DS,1048576,32,256,0.01,10486,13,0.026518682000187255,-1,1.0,1.0150319473583826
cpu,DS,1048576,32,256,0.01,10486,14,0.021604867999940325,-1,1.0,1.0150319473583826
cpu,SS,1048576,32,256,0.01,10486,14,0.004958083000019542,-1,1.0,1.0150319473583826
gpu,DS,1048576,32,256,0.01,10486,0,0.0015437760353088378,1890,1.0,1.0150319473583826
gpu,SS,1048576,32,256,0.01,10486,0,0.00023552000522613525,1890,1.0,1.0150319473583826
gpu,SS,1048576,32,256,0.01,10486,1,0.000226623997092247,1890,1.0,1.0150319473583826
gpu,DS,1048576,32,256,0.01,10486,1,0.0016258879899978638,1890,1.0,1.0150319473583826
gpu,DS,1048576,32,256,0.01,10486,2,0.0030494720935821534,1890,1.0,1.0150319473583826
gpu,SS,1048576,32,256,0.01,10486,2,0.0003258880078792572,1890,1.0,1.0150319473583826
gpu,SS,1048576,32,256,0.01,10486,3,0.0002606399953365326,1890,1.0,1.0150319473583826
gpu,DS,1048576,32,256,0.01,10486,3,0.0016542079448699952,1890,1.0,1.0150319473583826
gpu,DS,1048576,32,256,0.01,10486,4,0.0015708160400390624,1890,1.0,1.0150319473583826
gpu,SS,1048576,32,256,0.01,10486,4,0.0002446399927139282,1890,1.0,1.0150319473583826
gpu,SS,1048576,32,256,0.01,10486,5,0.0006451200246810913,1890,1.0,1.0150319473583826
gpu,DS,1048576,32,256,0.01,10486,5,0.002586335897445679,1890,1.0,1.0150319473583826
gpu,DS,1048576,32,256,0.01,10486,6,0.0015275520086288452,1890,1.0,1.0150319473583826
gpu,SS,1048576,32,256,0.01,10486,6,0.0002194879949092865,1890,1.0,1.0150319473583826
gpu,SS,1048576,32,256,0.01,10486,7,0.0001966080069541931,1890,1.0,1.0150319473583826
gpu,DS,1048576,32,256,0.01,10486,7,0.0015441279411315919,1890,1.0,1.0150319473583826
gpu,DS,1048576,32,256,0.01,10486,8,0.002150399923324585,1890,1.0,1.0150319473583826
gpu,SS,1048576,32,256,0.01,10486,8,0.00046236801147460935,1890,1.0,1.0150319473583826
gpu,SS,1048576,32,256,0.01,10486,9,0.00022947199642658233,1890,1.0,1.0150319473583826
gpu,DS,1048576,32,256,0.01,10486,9,0.0016240639686584473,1890,1.0,1.0150319473583826
gpu,DS,1048576,32,256,0.01,10486,10,0.0015307199954986573,1890,1.0,1.0150319473583826
gpu,SS,1048576,32,256,0.01,10486,10,0.00030316799879074094,1890,1.0,1.0150319473583826
gpu,SS,1048576,32,256,0.01,10486,11,0.0002879360020160675,1890,1.0,1.0150319473583826
gpu,DS,1048576,32,256,0.01,10486,11,0.0016014720201492309,1890,1.0,1.0150319473583826
gpu,DS,1048576,32,256,0.01,10486,12,0.0015229760408401489,1890,1.0,1.0150319473583826
gpu,SS,1048576,32,256,0.01,10486,12,0.00024009600281715393,1890,1.0,1.0150319473583826
gpu,SS,1048576,32,256,0.01,10486,13,0.0002221119999885559,1890,1.0,1.0150319473583826
gpu,DS,1048576,32,256,0.01,10486,13,0.0015747519731521607,1890,1.0,1.0150319473583826
gpu,DS,1048576,32,256,0.01,10486,14,0.0016343040466308594,1890,1.0,1.0150319473583826
gpu,SS,1048576,32,256,0.01,10486,14,0.00030931198596954347,1890,1.0,1.0150319473583826
cpu,DS,1048576,32,256,0.03,31457,0,0.02123920599979101,-1,1.0,1.0181398416886545
cpu,SS,1048576,32,256,0.03,31457,0,0.009005912999782595,-1,1.0,1.0181398416886545
cpu,SS,1048576,32,256,0.03,31457,1,0.009829967999849032,-1,1.0,1.0181398416886545
cpu,DS,1048576,32,256,0.03,31457,1,0.022588157999962277,-1,1.0,1.0181398416886545
cpu,DS,1048576,32,256,0.03,31457,2,0.023103594000076555,-1,1.0,1.0181398416886545
cpu,SS,1048576,32,256,0.03,31457,2,0.00911336899980597,-1,1.0,1.0181398416886545
cpu,SS,1048576,32,256,0.03,31457,3,0.009599259999959031,-1,1.0,1.0181398416886545
cpu,DS,1048576,32,256,0.03,31457,3,0.02095048000001043,-1,1.0,1.0181398416886545
cpu,DS,1048576,32,256,0.03,31457,4,0.02159716500000286,-1,1.0,1.0181398416886545
cpu,SS,1048576,32,256,0.03,31457,4,0.008629036999991513,-1,1.0,1.0181398416886545
cpu,SS,1048576,32,256,0.03,31457,5,0.009008447999804048,-1,1.0,1.0181398416886545
cpu,DS,1048576,32,256,0.03,31457,5,0.021357875999910902,-1,1.0,1.0181398416886545
cpu,DS,1048576,32,256,0.03,31457,6,0.023311680999995588,-1,1.0,1.0181398416886545
cpu,SS,1048576,32,256,0.03,31457,6,0.008528699000180495,-1,1.0,1.0181398416886545
cpu,SS,1048576,32,256,0.03,31457,7,0.009785600999748567,-1,1.0,1.0181398416886545
cpu,DS,1048576,32,256,0.03,31457,7,0.02275090100010857,-1,1.0,1.0181398416886545
cpu,DS,1048576,32,256,0.03,31457,8,0.02352386199981993,-1,1.0,1.0181398416886545
cpu,SS,1048576,32,256,0.03,31457,8,0.008870957999988605,-1,1.0,1.0181398416886545
cpu,SS,1048576,32,256,0.03,31457,9,0.010390356999778305,-1,1.0,1.0181398416886545
cpu,DS,1048576,32,256,0.03,31457,9,0.022291239999958634,-1,1.0,1.0181398416886545
cpu,DS,1048576,32,256,0.03,31457,10,0.025528273999952944,-1,1.0,1.0181398416886545
cpu,SS,1048576,32,256,0.03,31457,10,0.010251601000163646,-1,1.0,1.0181398416886545
cpu,SS,1048576,32,256,0.03,31457,11,0.009733043999858637,-1,1.0,1.0181398416886545
cpu,DS,1048576,32,256,0.03,31457,11,0.02451290399994832,-1,1.0,1.0181398416886545
cpu,DS,1048576,32,256,0.03,31457,12,0.022770792999835976,-1,1.0,1.0181398416886545
cpu,SS,1048576,32,256,0.03,31457,12,0.010058336999918538,-1,1.0,1.0181398416886545
cpu,SS,1048576,32,256,0.03,31457,13,0.008826201999909244,-1,1.0,1.0181398416886545
cpu,DS,1048576,32,256,0.03,31457,13,0.0231049589997383,-1,1.0,1.0181398416886545
cpu,DS,1048576,32,256,0.03,31457,14,0.022083543999997346,-1,1.0,1.0181398416886545
cpu,SS,1048576,32,256,0.03,31457,14,0.012360251999780303,-1,1.0,1.0181398416886545
gpu,DS,1048576,32,256,0.03,31457,0,0.001499135971069336,1890,1.0,1.0181398416886545
gpu,SS,1048576,32,256,0.03,31457,0,0.0003452160060405731,1890,1.0,1.0181398416886545
gpu,SS,1048576,32,256,0.03,31457,1,0.000281792014837265,1890,1.0,1.0181398416886545
gpu,DS,1048576,32,256,0.03,31457,1,0.0015134719610214234,1890,1.0,1.0181398416886545
gpu,DS,1048576,32,256,0.03,31457,2,0.0014591039419174195,1890,1.0,1.0181398416886545
gpu,SS,1048576,32,256,0.03,31457,2,0.0002710080146789551,1890,1.0,1.0181398416886545
gpu,SS,1048576,32,256,0.03,31457,3,0.0003619840145111084,1890,1.0,1.0181398416886545
gpu,DS,1048576,32,256,0.03,31457,3,0.0017709439992904662,1890,1.0,1.0181398416886545
gpu,DS,1048576,32,256,0.03,31457,4,0.001659232020378113,1890,1.0,1.0181398416886545
gpu,SS,1048576,32,256,0.03,31457,4,0.00036022400856018064,1890,1.0,1.0181398416886545
gpu,SS,1048576,32,256,0.03,31457,5,0.0003453119993209839,1890,1.0,1.0181398416886545
gpu,DS,1048576,32,256,0.03,31457,5,0.004567903995513916,1890,1.0,1.0181398416886545
gpu,DS,1048576,32,256,0.03,31457,6,0.0020152320861816404,1890,1.0,1.0181398416886545
gpu,SS,1048576,32,256,0.03,31457,6,0.000467168003320694,1890,1.0,1.0181398416886545
gpu,SS,1048576,32,256,0.03,31457,7,0.00034415999054908755,1890,1.0,1.0181398416886545
gpu,DS,1048576,32,256,0.03,31457,7,0.002613248109817505,1890,1.0,1.0181398416886545
gpu,DS,1048576,32,256,0.03,31457,8,0.0015605759620666503,1890,1.0,1.0181398416886545
gpu,SS,1048576,32,256,0.03,31457,8,0.0003728640079498291,1890,1.0,1.0181398416886545
gpu,SS,1048576,32,256,0.03,31457,9,0.0003523840010166168,1890,1.0,1.0181398416886545
gpu,DS,1048576,32,256,0.03,31457,9,0.0015042879581451416,1890,1.0,1.0181398416886545
gpu,DS,1048576,32,256,0.03,31457,10,0.001667423963546753,1890,1.0,1.0181398416886545
gpu,SS,1048576,32,256,0.03,31457,10,0.000364544004201889,1890,1.0,1.0181398416886545
gpu,SS,1048576,32,256,0.03,31457,11,0.0004912000000476838,1890,1.0,1.0181398416886545
gpu,DS,1048576,32,256,0.03,31457,11,0.0016796159744262695,1890,1.0,1.0181398416886545
gpu,DS,1048576,32,256,0.03,31457,12,0.0017489919662475586,1890,1.0,1.0181398416886545
gpu,SS,1048576,32,256,0.03,31457,12,0.0004976640045642852,1890,1.0,1.0181398416886545
gpu,SS,1048576,32,256,0.03,31457,13,0.000268671989440918,1890,1.0,1.0181398416886545
gpu,DS,1048576,32,256,0.03,31457,13,0.004030464172363281,1890,1.0,1.0181398416886545
gpu,DS,1048576,32,256,0.03,31457,14,0.0016652159690856933,1890,1.0,1.0181398416886545
gpu,SS,1048576,32,256,0.03,31457,14,0.0003672640025615692,1890,1.0,1.0181398416886545
cpu,DS,1048576,32,256,0.1,104858,0,0.02214555999989898,-1,1.0,1.0104182561177975
cpu,SS,1048576,32,256,0.1,104858,0,0.02569872200001555,-1,1.0,1.0104182561177975
cpu,SS,1048576,32,256,0.1,104858,1,0.024781641000117816,-1,1.0,1.0104182561177975
cpu,DS,1048576,32,256,0.1,104858,1,0.021608865999951377,-1,1.0,1.0104182561177975
cpu,DS,1048576,32,256,0.1,104858,2,0.020945702000062738,-1,1.0,1.0104182561177975
cpu,SS,1048576,32,256,0.1,104858,2,0.02604878199963423,-1,1.0,1.0104182561177975
cpu,SS,1048576,32,256,0.1,104858,3,0.02407781600004455,-1,1.0,1.0104182561177975
cpu,DS,1048576,32,256,0.1,104858,3,0.02376802599974326,-1,1.0,1.0104182561177975
cpu,DS,1048576,32,256,0.1,104858,4,0.02257791800002451,-1,1.0,1.0104182561177975
cpu,SS,1048576,32,256,0.1,104858,4,0.023896836999938387,-1,1.0,1.0104182561177975
cpu,SS,1048576,32,256,0.1,104858,5,0.02690940299999056,-1,1.0,1.0104182561177975
cpu,DS,1048576,32,256,0.1,104858,5,0.029926845999852958,-1,1.0,1.0104182561177975
cpu,DS,1048576,32,256,0.1,104858,6,0.02240581400019437,-1,1.0,1.0104182561177975
cpu,SS,1048576,32,256,0.1,104858,6,0.023202275000130612,-1,1.0,1.0104182561177975
cpu,SS,1048576,32,256,0.1,104858,7,0.023672759999953996,-1,1.0,1.0104182561177975
cpu,DS,1048576,32,256,0.1,104858,7,0.021578053000212094,-1,1.0,1.0104182561177975
cpu,DS,1048576,32,256,0.1,104858,8,0.020996796999952494,-1,1.0,1.0104182561177975
cpu,SS,1048576,32,256,0.1,104858,8,0.02415328800043426,-1,1.0,1.0104182561177975
cpu,SS,1048576,32,256,0.1,104858,9,0.023255611999957182,-1,1.0,1.0104182561177975
cpu,DS,1048576,32,256,0.1,104858,9,0.02185546800001248,-1,1.0,1.0104182561177975
cpu,DS,1048576,32,256,0.1,104858,10,0.0200558260003163,-1,1.0,1.0104182561177975
cpu,SS,1048576,32,256,0.1,104858,10,0.02673203399990598,-1,1.0,1.0104182561177975
cpu,SS,1048576,32,256,0.1,104858,11,0.02301417799981209,-1,1.0,1.0104182561177975
cpu,DS,1048576,32,256,0.1,104858,11,0.018775131999973382,-1,1.0,1.0104182561177975
cpu,DS,1048576,32,256,0.1,104858,12,0.022094660000220756,-1,1.0,1.0104182561177975
cpu,SS,1048576,32,256,0.1,104858,12,0.024517390000255546,-1,1.0,1.0104182561177975
cpu,SS,1048576,32,256,0.1,104858,13,0.026813746000243555,-1,1.0,1.0104182561177975
cpu,DS,1048576,32,256,0.1,104858,13,0.026527749999786465,-1,1.0,1.0104182561177975
cpu,DS,1048576,32,256,0.1,104858,14,0.022836611999991874,-1,1.0,1.0104182561177975
cpu,SS,1048576,32,256,0.1,104858,14,0.03036378800015882,-1,1.0,1.0104182561177975
gpu,DS,1048576,32,256,0.1,104858,0,0.0021705920696258544,1890,1.0,1.0104182561177975
gpu,SS,1048576,32,256,0.1,104858,0,0.0005896639823913574,1890,1.0,1.0104182561177975
gpu,SS,1048576,32,256,0.1,104858,1,0.0005959680080413818,1890,1.0,1.0104182561177975
gpu,DS,1048576,32,256,0.1,104858,1,0.00160972797870636,1890,1.0,1.0104182561177975
gpu,DS,1048576,32,256,0.1,104858,2,0.0028792319297790527,1890,1.0,1.0104182561177975
gpu,SS,1048576,32,256,0.1,104858,2,0.0005819519758224487,1890,1.0,1.0104182561177975
gpu,SS,1048576,32,256,0.1,104858,3,0.0005720000267028808,1890,1.0,1.0104182561177975
gpu,DS,1048576,32,256,0.1,104858,3,0.0016174720525741577,1890,1.0,1.0104182561177975
gpu,DS,1048576,32,256,0.1,104858,4,0.001559615969657898,1890,1.0,1.0104182561177975
gpu,SS,1048576,32,256,0.1,104858,4,0.0013275200128555298,1890,1.0,1.0104182561177975
gpu,SS,1048576,32,256,0.1,104858,5,0.0005135679841041565,1890,1.0,1.0104182561177975
gpu,DS,1048576,32,256,0.1,104858,5,0.0015357120037078858,1890,1.0,1.0104182561177975
gpu,DS,1048576,32,256,0.1,104858,6,0.0015817919969558715,1890,1.0,1.0104182561177975
gpu,SS,1048576,32,256,0.1,104858,6,0.0006558399796485901,1890,1.0,1.0104182561177975
gpu,SS,1048576,32,256,0.1,104858,7,0.0006369280219078064,1890,1.0,1.0104182561177975
gpu,DS,1048576,32,256,0.1,104858,7,0.0025379199981689455,1890,1.0,1.0104182561177975
gpu,DS,1048576,32,256,0.1,104858,8,0.0016569600105285644,1890,1.0,1.0104182561177975
gpu,SS,1048576,32,256,0.1,104858,8,0.0006055359840393067,1890,1.0,1.0104182561177975
gpu,SS,1048576,32,256,0.1,104858,9,0.0006021119952201844,1890,1.0,1.0104182561177975
gpu,DS,1048576,32,256,0.1,104858,9,0.0015749119520187377,1890,1.0,1.0104182561177975
gpu,DS,1048576,32,256,0.1,104858,10,0.0016117759943008424,1890,1.0,1.0104182561177975
gpu,SS,1048576,32,256,0.1,104858,10,0.0006430720090866089,1890,1.0,1.0104182561177975
gpu,SS,1048576,32,256,0.1,104858,11,0.000661184012889862,1890,1.0,1.0104182561177975
gpu,DS,1048576,32,256,0.1,104858,11,0.0017258559465408326,1890,1.0,1.0104182561177975
gpu,DS,1048576,32,256,0.1,104858,12,0.0016485439538955688,1890,1.0,1.0104182561177975
gpu,SS,1048576,32,256,0.1,104858,12,0.0005951039791107178,1890,1.0,1.0104182561177975
gpu,SS,1048576,32,256,0.1,104858,13,0.0005816320180892944,1890,1.0,1.0104182561177975
gpu,DS,1048576,32,256,0.1,104858,13,0.002134335994720459,1890,1.0,1.0104182561177975
gpu,DS,1048576,32,256,0.1,104858,14,0.0020848639011383056,1890,1.0,1.0104182561177975
gpu,SS,1048576,32,256,0.1,104858,14,0.0006653760075569152,1890,1.0,1.0104182561177975
cpu,DS,1048576,32,256,0.2,209715,0,0.018401376999918284,-1,1.0,1.0038337744081254
cpu,SS,1048576,32,256,0.2,209715,0,0.05736182900000131,-1,1.0,1.0038337744081254
cpu,SS,1048576,32,256,0.2,209715,1,0.05372051799986366,-1,1.0,1.0038337744081254
cpu,DS,1048576,32,256,0.2,209715,1,0.020237584999904357,-1,1.0,1.0038337744081254
cpu,DS,1048576,32,256,0.2,209715,2,0.02264285999990534,-1,1.0,1.0038337744081254
cpu,SS,1048576,32,256,0.2,209715,2,0.04323225999996794,-1,1.0,1.0038337744081254
cpu,SS,1048576,32,256,0.2,209715,3,0.041975554000146076,-1,1.0,1.0038337744081254
cpu,DS,1048576,32,256,0.2,209715,3,0.020807238000088546,-1,1.0,1.0038337744081254
cpu,DS,1048576,32,256,0.2,209715,4,0.07039148500007286,-1,1.0,1.0038337744081254
cpu,SS,1048576,32,256,0.2,209715,4,0.04504779699982464,-1,1.0,1.0038337744081254
cpu,SS,1048576,32,256,0.2,209715,5,0.03850810299991281,-1,1.0,1.0038337744081254
cpu,DS,1048576,32,256,0.2,209715,5,0.02374881700006881,-1,1.0,1.0038337744081254
cpu,DS,1048576,32,256,0.2,209715,6,0.022441112999786128,-1,1.0,1.0038337744081254
cpu,SS,1048576,32,256,0.2,209715,6,0.04811584699973537,-1,1.0,1.0038337744081254
cpu,SS,1048576,32,256,0.2,209715,7,0.045507945000281325,-1,1.0,1.0038337744081254
cpu,DS,1048576,32,256,0.2,209715,7,0.02057925899998736,-1,1.0,1.0038337744081254
cpu,DS,1048576,32,256,0.2,209715,8,0.02109216100006961,-1,1.0,1.0038337744081254
cpu,SS,1048576,32,256,0.2,209715,8,0.040093223999974725,-1,1.0,1.0038337744081254
cpu,SS,1048576,32,256,0.2,209715,9,0.0361750829997618,-1,1.0,1.0038337744081254
cpu,DS,1048576,32,256,0.2,209715,9,0.022711018999871158,-1,1.0,1.0038337744081254
cpu,DS,1048576,32,256,0.2,209715,10,0.020308182000007946,-1,1.0,1.0038337744081254
cpu,SS,1048576,32,256,0.2,209715,10,0.0395457049999095,-1,1.0,1.0038337744081254
cpu,SS,1048576,32,256,0.2,209715,11,0.04215974999988248,-1,1.0,1.0038337744081254
cpu,DS,1048576,32,256,0.2,209715,11,0.024702659000013227,-1,1.0,1.0038337744081254
cpu,DS,1048576,32,256,0.2,209715,12,0.02009258799989766,-1,1.0,1.0038337744081254
cpu,SS,1048576,32,256,0.2,209715,12,0.047027864000028785,-1,1.0,1.0038337744081254
cpu,SS,1048576,32,256,0.2,209715,13,0.037539180000294436,-1,1.0,1.0038337744081254
cpu,DS,1048576,32,256,0.2,209715,13,0.02026746000001367,-1,1.0,1.0038337744081254
cpu,DS,1048576,32,256,0.2,209715,14,0.0200683799998842,-1,1.0,1.0038337744081254
cpu,SS,1048576,32,256,0.2,209715,14,0.04351185000041369,-1,1.0,1.0038337744081254
gpu,DS,1048576,32,256,0.2,209715,0,0.002145951986312866,1185,1.0,1.0038337744081254
gpu,SS,1048576,32,256,0.2,209715,0,0.0013094719648361207,1185,1.0,1.0038337744081254
gpu,SS,1048576,32,256,0.2,209715,1,0.0012922559976577758,1185,1.0,1.0038337744081254
gpu,DS,1048576,32,256,0.2,209715,1,0.0015872000455856323,1185,1.0,1.0038337744081254
gpu,DS,1048576,32,256,0.2,209715,2,0.0015329279899597168,1185,1.0,1.0038337744081254
gpu,SS,1048576,32,256,0.2,209715,2,0.0013042880296707153,1185,1.0,1.0038337744081254
gpu,SS,1048576,32,256,0.2,209715,3,0.001452031970024109,1185,1.0,1.0038337744081254
gpu,DS,1048576,32,256,0.2,209715,3,0.00159334397315979,1185,1.0,1.0038337744081254
gpu,DS,1048576,32,256,0.2,209715,4,0.0016584320068359375,1185,1.0,1.0038337744081254
gpu,SS,1048576,32,256,0.2,209715,4,0.0012144639492034912,1185,1.0,1.0038337744081254
gpu,SS,1048576,32,256,0.2,209715,5,0.0013844480514526368,1185,1.0,1.0038337744081254
gpu,DS,1048576,32,256,0.2,209715,5,0.0017769279479980468,1185,1.0,1.0038337744081254
gpu,DS,1048576,32,256,0.2,209715,6,0.002292191982269287,1185,1.0,1.0038337744081254
gpu,SS,1048576,32,256,0.2,209715,6,0.0012847039699554444,1185,1.0,1.0038337744081254
gpu,SS,1048576,32,256,0.2,209715,7,0.0012144639492034912,1185,1.0,1.0038337744081254
gpu,DS,1048576,32,256,0.2,209715,7,0.0015866559743881225,1185,1.0,1.0038337744081254
gpu,DS,1048576,32,256,0.2,209715,8,0.0017121280431747436,1185,1.0,1.0038337744081254
gpu,SS,1048576,32,256,0.2,209715,8,0.0012792960405349732,1185,1.0,1.0038337744081254
gpu,SS,1048576,32,256,0.2,209715,9,0.001351680040359497,1185,1.0,1.0038337744081254
gpu,DS,1048576,32,256,0.2,209715,9,0.0013536640405654907,1185,1.0,1.0038337744081254
gpu,DS,1048576,32,256,0.2,209715,10,0.0041799678802490236,1185,1.0,1.0038337744081254
gpu,SS,1048576,32,256,0.2,209715,10,0.0012127679586410522,1185,1.0,1.0038337744081254
gpu,SS,1048576,32,256,0.2,209715,11,0.0013038400411605835,1185,1.0,1.0038337744081254
gpu,DS,1048576,32,256,0.2,209715,11,0.0023105919361114504,1185,1.0,1.0038337744081254
gpu,DS,1048576,32,256,0.2,209715,12,0.0016486400365829468,1185,1.0,1.0038337744081254
gpu,SS,1048576,32,256,0.2,209715,12,0.0013148800134658814,1185,1.0,1.0038337744081254
gpu,SS,1048576,32,256,0.2,209715,13,0.0013169920444488525,1185,1.0,1.0038337744081254
gpu,DS,1048576,32,256,0.2,209715,13,0.0017082560062408447,1530,1.0,1.0038337744081254
gpu,DS,1048576,32,256,0.2,209715,14,0.002235680103302002,1530,1.0,1.0038337744081254
gpu,SS,1048576,32,256,0.2,209715,14,0.0011267839670181274,1530,1.0,1.0038337744081254
cpu,DS,1048576,32,256,0.3,314573,0,0.023136300000260235,-1,1.0,1.005220370152556
cpu,SS,1048576,32,256,0.3,314573,0,0.05150357999991684,-1,1.0,1.005220370152556
cpu,SS,1048576,32,256,0.3,314573,1,0.05477183999983026,-1,1.0,1.005220370152556
cpu,DS,1048576,32,256,0.3,314573,1,0.018963450000228477,-1,1.0,1.005220370152556
cpu,DS,1048576,32,256,0.3,314573,2,0.02007684000000154,-1,1.0,1.005220370152556
cpu,SS,1048576,32,256,0.3,314573,2,0.049922459999834246,-1,1.0,1.005220370152556
cpu,SS,1048576,32,256,0.3,314573,3,0.05965920000016922,-1,1.0,1.005220370152556
cpu,DS,1048576,32,256,0.3,314573,3,0.021411449999959586,-1,1.0,1.005220370152556
cpu,DS,1048576,32,256,0.3,314573,4,0.01972412999975859,-1,1.0,1.005220370152556
cpu,SS,1048576,32,256,0.3,314573,4,0.05165369999986069,-1,1.0,1.005220370152556
cpu,SS,1048576,32,256,0.3,314573,5,0.05135031000008894,-1,1.0,1.005220370152556
cpu,DS,1048576,32,256,0.3,314573,5,0.018932850000055623,-1,1.0,1.005220370152556
cpu,DS,1048576,32,256,0.3,314573,6,0.019456559999980527,-1,1.0,1.005220370152556
cpu,SS,1048576,32,256,0.3,314573,6,0.05428583999992043,-1,1.0,1.005220370152556
cpu,SS,1048576,32,256,0.3,314573,7,0.059100930000113294,-1,1.0,1.005220370152556
cpu,DS,1048576,32,256,0.3,314573,7,0.023770799999965675,-1,1.0,1.005220370152556
cpu,DS,1048576,32,256,0.3,314573,8,0.018844379999791272,-1,1.0,1.005220370152556
cpu,SS,1048576,32,256,0.3,314573,8,0.04717368000001443,-1,1.0,1.005220370152556
cpu,SS,1048576,32,256,0.3,314573,9,0.05468840999992608,-1,1.0,1.005220370152556
cpu,DS,1048576,32,256,0.3,314573,9,0.019763549999879615,-1,1.0,1.005220370152556
cpu,DS,1048576,32,256,0.3,314573,10,0.022295520000170654,-1,1.0,1.005220370152556
cpu,SS,1048576,32,256,0.3,314573,10,0.05037768000011056,-1,1.0,1.005220370152556
cpu,SS,1048576,32,256,0.3,314573,11,0.05608898999980738,-1,1.0,1.005220370152556
cpu,DS,1048576,32,256,0.3,314573,11,0.020786130000033154,-1,1.0,1.005220370152556
cpu,DS,1048576,32,256,0.3,314573,12,0.01997090999975626,-1,1.0,1.005220370152556
cpu,SS,1048576,32,256,0.3,314573,12,0.057031739999729325,-1,1.0,1.005220370152556
cpu,SS,1048576,32,256,0.3,314573,13,0.05510069999991174,-1,1.0,1.005220370152556
cpu,DS,1048576,32,256,0.3,314573,13,0.026054819999899337,-1,1.0,1.005220370152556
cpu,DS,1048576,32,256,0.3,314573,14,0.02122271999996883,-1,1.0,1.005220370152556
cpu,SS,1048576,32,256,0.3,314573,14,0.04723379999995814,-1,1.0,1.005220370152556
gpu,DS,1048576,32,256,0.3,314573,0,0.0014781440496444702,1890,1.0,1.005220370152556
gpu,SS,1048576,32,256,0.3,314573,0,0.0012715519666671752,1890,1.0,1.005220370152556
gpu,SS,1048576,32,256,0.3,314573,1,0.0012820160388946533,1890,1.0,1.005220370152556
gpu,DS,1048576,32,256,0.3,314573,1,0.0015616639852523804,1890,1.0,1.005220370152556
gpu,DS,1048576,32,256,0.3,314573,2,0.0016692479848861694,1890,1.0,1.005220370152556
gpu,SS,1048576,32,256,0.3,314573,2,0.0012760000228881835,1890,1.0,1.005220370152556
gpu,SS,1048576,32,256,0.3,314573,3,0.001255295991897583,1890,1.0,1.005220370152556
gpu,DS,1048576,32,256,0.3,314573,3,0.0015169279575347901,1890,1.0,1.005220370152556
gpu,DS,1048576,32,256,0.3,314573,4,0.0014352320432662964,1890,1.0,1.005220370152556
gpu,SS,1048576,32,256,0.3,314573,4,0.00184716796875,1890,1.0,1.005220370152556
gpu,SS,1048576,32,256,0.3,314573,5,0.001285215973854065,1890,1.0,1.005220370152556
gpu,DS,1048576,32,256,0.3,314573,5,0.0015953919887542725,1890,1.0,1.005220370152556
gpu,DS,1048576,32,256,0.3,314573,6,0.001499135971069336,1890,1.0,1.005220370152556
gpu,SS,1048576,32,256,0.3,314573,6,0.0012787200212478638,1890,1.0,1.005220370152556
gpu,SS,1048576,32,256,0.3,314573,7,0.0012659840583801269,1890,1.0,1.005220370152556
gpu,DS,1048576,32,256,0.3,314573,7,0.0015054080486297608,1890,1.0,1.005220370152556
gpu,DS,1048576,32,256,0.3,314573,8,0.0015846079587936402,1890,1.0,1.005220370152556
gpu,SS,1048576,32,256,0.3,314573,8,0.001269536018371582,1890,1.0,1.005220370152556
gpu,SS,1048576,32,256,0.3,314573,9,0.0012951359748840333,1890,1.0,1.005220370152556
gpu,DS,1048576,32,256,0.3,314573,9,0.0015572160482406616,1890,1.0,1.005220370152556
gpu,DS,1048576,32,256,0.3,314573,10,0.0015348479747772216,1890,1.0,1.005220370152556
gpu,SS,1048576,32,256,0.3,314573,10,0.0013330559730529786,1890,1.0,1.005220370152556
gpu,SS,1048576,32,256,0.3,314573,11,0.0012683520317077637,1890,1.0,1.005220370152556
gpu,DS,1048576,32,256,0.3,314573,11,0.0016707520484924316,1890,1.0,1.005220370152556
gpu,DS,1048576,32,256,0.3,314573,12,0.0015135999917984008,1890,1.0,1.005220370152556
gpu,SS,1048576,32,256,0.3,314573,12,0.001266271948814392,1890,1.0,1.005220370152556
gpu,SS,1048576,32,256,0.3,314573,13,0.00237007999420166,1890,1.0,1.005220370152556
gpu,DS,1048576,32,256,0.3,314573,13,0.0014439040422439574,1890,1.0,1.005220370152556
gpu,DS,1048576,32,256,0.3,314573,14,0.0014827519655227662,1890,1.0,1.005220370152556
gpu,SS,1048576,32,256,0.3,314573,14,0.0012707840204238892,1890,1.0,1.005220370152556
cpu,DS,1048576,32,256,0.5,524288,0,0.017137889999958134,-1,1.0,1.0025725364685059
cpu,SS,1048576,32,256,0.5,524288,0,0.07297064999966096,-1,1.0,1.0025725364685059
cpu,SS,1048576,32,256,0.5,524288,1,0.07574832000000242,-1,1.0,1.0025725364685059
cpu,DS,1048576,32,256,0.5,524288,1,0.020276369999919552,-1,1.0,1.0025725364685059
cpu,DS,1048576,32,256,0.5,524288,2,0.019608569999945757,-1,1.0,1.0025725364685059
cpu,SS,1048576,32,256,0.5,524288,2,0.08536013999992065,-1,1.0,1.0025725364685059
cpu,SS,1048576,32,256,0.5,524288,3,0.0742264199998317,-1,1.0,1.0025725364685059
cpu,DS,1048576,32,256,0.5,524288,3,0.0184695300004023,-1,1.0,1.0025725364685059
cpu,DS,1048576,32,256,0.5,524288,4,0.017702729999655276,-1,1.0,1.0025725364685059
cpu,SS,1048576,32,256,0.5,524288,4,0.07497378000016397,-1,1.0,1.0025725364685059
cpu,SS,1048576,32,256,0.5,524288,5,0.0675564299999678,-1,1.0,1.0025725364685059
cpu,DS,1048576,32,256,0.5,524288,5,0.018436230000133946,-1,1.0,1.0025725364685059
cpu,DS,1048576,32,256,0.5,524288,6,0.017313299999841547,-1,1.0,1.0025725364685059
cpu,SS,1048576,32,256,0.5,524288,6,0.07933419000028152,-1,1.0,1.0025725364685059
cpu,SS,1048576,32,256,0.5,524288,7,0.07586351999998442,-1,1.0,1.0025725364685059
cpu,DS,1048576,32,256,0.5,524288,7,0.021951180000087334,-1,1.0,1.0025725364685059
cpu,DS,1048576,32,256,0.5,524288,8,0.018190079999840236,-1,1.0,1.0025725364685059
cpu,SS,1048576,32,256,0.5,524288,8,0.0896294700000908,-1,1.0,1.0025725364685059
cpu,SS,1048576,32,256,0.5,524288,9,0.07525404000034541,-1,1.0,1.0025725364685059
cpu,DS,1048576,32,256,0.5,524288,9,0.019411830000080954,-1,1.0,1.0025725364685059
cpu,DS,1048576,32,256,0.5,524288,10,0.01913778000016464,-1,1.0,1.0025725364685059
cpu,SS,1048576,32,256,0.5,524288,10,0.07483724999974584,-1,1.0,1.0025725364685059
cpu,SS,1048576,32,256,0.5,524288,11,0.07575165000025663,-1,1.0,1.0025725364685059
cpu,DS,1048576,32,256,0.5,524288,11,0.017564849999871512,-1,1.0,1.0025725364685059
cpu,DS,1048576,32,256,0.5,524288,12,0.020262329999695794,-1,1.0,1.0025725364685059
cpu,SS,1048576,32,256,0.5,524288,12,0.08716716000026281,-1,1.0,1.0025725364685059
cpu,SS,1048576,32,256,0.5,524288,13,0.07232264999993276,-1,1.0,1.0025725364685059
cpu,DS,1048576,32,256,0.5,524288,13,0.019441169999936392,-1,1.0,1.0025725364685059
cpu,DS,1048576,32,256,0.5,524288,14,0.017959049999717536,-1,1.0,1.0025725364685059
cpu,SS,1048576,32,256,0.5,524288,14,0.07618662000004406,-1,1.0,1.0025725364685059
gpu,DS,1048576,32,256,0.5,524288,0,0.0015858880281448364,1845,1.0,1.0025725364685059
gpu,SS,1048576,32,256,0.5,524288,0,0.0023114559650421144,1845,1.0,1.0025725364685059
gpu,SS,1048576,32,256,0.5,524288,1,0.002291775941848755,1845,1.0,1.0025725364685059
gpu,DS,1048576,32,256,0.5,524288,1,0.0026642880439758303,1860,1.0,1.0025725364685059
gpu,DS,1048576,32,256,0.5,524288,2,0.001533951997756958,1860,1.0,1.0025725364685059
gpu,SS,1048576,32,256,0.5,524288,2,0.002288095951080322,1860,1.0,1.0025725364685059
gpu,SS,1048576,32,256,0.5,524288,3,0.002283519983291626,1860,1.0,1.0025725364685059
gpu,DS,1048576,32,256,0.5,524288,3,0.0028023359775543213,1860,1.0,1.0025725364685059
gpu,DS,1048576,32,256,0.5,524288,4,0.00157532799243927,1875,1.0,1.0025725364685059
gpu,SS,1048576,32,256,0.5,524288,4,0.002265120029449463,1875,1.0,1.0025725364685059
gpu,SS,1048576,32,256,0.5,524288,5,0.002258080005645752,1875,1.0,1.0025725364685059
gpu,DS,1048576,32,256,0.5,524288,5,0.0028688321113586428,1875,1.0,1.0025725364685059
gpu,DS,1048576,32,256,0.5,524288,6,0.001507904052734375,1875,1.0,1.0025725364685059
gpu,SS,1048576,32,256,0.5,524288,6,0.0022688961029052736,1875,1.0,1.0025725364685059
gpu,SS,1048576,32,256,0.5,524288,7,0.0022732799053192137,1875,1.0,1.0025725364685059
gpu,DS,1048576,32,256,0.5,524288,7,0.0027115840911865236,1875,1.0,1.0025725364685059
gpu,DS,1048576,32,256,0.5,524288,8,0.0016179200410842895,1875,1.0,1.0025725364685059
gpu,SS,1048576,32,256,0.5,524288,8,0.0022759358882904054,1875,1.0,1.0025725364685059
gpu,SS,1048576,32,256,0.5,524288,9,0.0022830080986022947,1875,1.0,1.0025725364685059
gpu,DS,1048576,32,256,0.5,524288,9,0.0015172799825668335,1875,1.0,1.0025725364685059
gpu,DS,1048576,32,256,0.5,524288,10,0.0028426239490509033,1875,1.0,1.0025725364685059
gpu,SS,1048576,32,256,0.5,524288,10,0.002292383909225464,1875,1.0,1.0025725364685059
gpu,SS,1048576,32,256,0.5,524288,11,0.002276576042175293,1875,1.0,1.0025725364685059
gpu,DS,1048576,32,256,0.5,524288,11,0.0016450560092926025,1875,1.0,1.0025725364685059
gpu,DS,1048576,32,256,0.5,524288,12,0.0026163840293884277,1875,1.0,1.0025725364685059
gpu,SS,1048576,32,256,0.5,524288,12,0.002277152061462402,1875,1.0,1.0025725364685059
gpu,SS,1048576,32,256,0.5,524288,13,0.002272576093673706,1875,1.0,1.0025725364685059
gpu,DS,1048576,32,256,0.5,524288,13,0.0015605759620666503,1875,1.0,1.0025725364685059
gpu,DS,1048576,32,256,0.5,524288,14,0.0015234559774398803,1875,1.0,1.0025725364685059
gpu,SS,1048576,32,256,0.5,524288,14,0.0025489919185638426,1890,1.0,1.0025725364685059
cpu,DS,1048576,32,256,0.7,734003,0,0.021451770000112447,-1,1.0,1.0018464672487715
cpu,SS,1048576,32,256,0.7,734003,0,0.10992572999975891,-1,1.0,1.0018464672487715
cpu,SS,1048576,32,256,0.7,734003,1,0.10522089000005508,-1,1.0,1.0018464672487715
cpu,DS,1048576,32,256,0.7,734003,1,0.02040813000030539,-1,1.0,1.0018464672487715
cpu,DS,1048576,32,256,0.7,734003,2,0.021024629999828903,-1,1.0,1.0018464672487715
cpu,SS,1048576,32,256,0.7,734003,2,0.10309445999973832,-1,1.0,1.0018464672487715
cpu,SS,1048576,32,256,0.7,734003,3,0.11235799399992175,-1,1.0,1.0018464672487715
cpu,DS,1048576,32,256,0.7,734003,3,0.03009040899996762,-1,1.0,1.0018464672487715
cpu,DS,1048576,32,256,0.7,734003,4,0.01970396900014748,-1,1.0,1.0018464672487715
cpu,SS,1048576,32,256,0.7,734003,4,0.11124146900010601,-1,1.0,1.0018464672487715
cpu,SS,1048576,32,256,0.7,734003,5,0.1059939349997876,-1,1.0,1.0018464672487715
cpu,DS,1048576,32,256,0.7,734003,5,0.018666943999960495,-1,1.0,1.0018464672487715
cpu,DS,1048576,32,256,0.7,734003,6,0.021437219999825174,-1,1.0,1.0018464672487715
cpu,SS,1048576,32,256,0.7,734003,6,0.11035158599997885,-1,1.0,1.0018464672487715
cpu,SS,1048576,32,256,0.7,734003,7,0.12502644599999257,-1,1.0,1.0018464672487715
cpu,DS,1048576,32,256,0.7,734003,7,0.023543449999579025,-1,1.0,1.0018464672487715
cpu,DS,1048576,32,256,0.7,734003,8,0.021749155999714276,-1,1.0,1.0018464672487715
cpu,SS,1048576,32,256,0.7,734003,8,0.11614556899985473,-1,1.0,1.0018464672487715
cpu,SS,1048576,32,256,0.7,734003,9,0.12171966599998996,-1,1.0,1.0018464672487715
cpu,DS,1048576,32,256,0.7,734003,9,0.019121928000004118,-1,1.0,1.0018464672487715
cpu,DS,1048576,32,256,0.7,734003,10,0.0182338009999512,-1,1.0,1.0018464672487715
cpu,SS,1048576,32,256,0.7,734003,10,0.15642612999999983,-1,1.0,1.0018464672487715
cpu,SS,1048576,32,256,0.7,734003,11,0.1131079189999582,-1,1.0,1.0018464672487715
cpu,DS,1048576,32,256,0.7,734003,11,0.02062710199970752,-1,1.0,1.0018464672487715
cpu,DS,1048576,32,256,0.7,734003,12,0.021389828999872407,-1,1.0,1.0018464672487715
cpu,SS,1048576,32,256,0.7,734003,12,0.10668314000031387,-1,1.0,1.0018464672487715
cpu,SS,1048576,32,256,0.7,734003,13,0.10568755700023758,-1,1.0,1.0018464672487715
cpu,DS,1048576,32,256,0.7,734003,13,0.0207198339999195,-1,1.0,1.0018464672487715
cpu,DS,1048576,32,256,0.7,734003,14,0.019246058999669913,-1,1.0,1.0018464672487715
cpu,SS,1048576,32,256,0.7,734003,14,0.14578645499977938,-1,1.0,1.0018464672487715
gpu,DS,1048576,32,256,0.7,734003,0,0.0015359679460525512,1005,1.0,1.0018464672487715
gpu,SS,1048576,32,256,0.7,734003,0,0.008126560211181641,1005,1.0,1.0018464672487715
gpu,SS,1048576,32,256,0.7,734003,1,0.006325439929962158,1005,1.0,1.0018464672487715
gpu,DS,1048576,32,256,0.7,734003,1,0.0037148799896240233,1845,1.0,1.0018464672487715
gpu,DS,1048576,32,256,0.7,734003,2,0.0016251840591430663,1860,1.0,1.0018464672487715
gpu,SS,1048576,32,256,0.7,734003,2,0.005107200145721436,1860,1.0,1.0018464672487715
gpu,SS,1048576,32,256,0.7,734003,3,0.0035298240184783937,1860,1.0,1.0018464672487715
gpu,DS,1048576,32,256,0.7,734003,3,0.00316044807434082,1875,1.0,1.0018464672487715
gpu,DS,1048576,32,256,0.7,734003,4,0.0015411200523376466,1875,1.0,1.0018464672487715
gpu,SS,1048576,32,256,0.7,734003,4,0.0034586560726165773,1875,1.0,1.0018464672487715
gpu,SS,1048576,32,256,0.7,734003,5,0.003463167905807495,1875,1.0,1.0018464672487715
gpu,DS,1048576,32,256,0.7,734003,5,0.001431712031364441,1875,1.0,1.0018464672487715
gpu,DS,1048576,32,256,0.7,734003,6,0.0015011839866638183,1875,1.0,1.0018464672487715
gpu,SS,1048576,32,256,0.7,734003,6,0.003480191946029663,1875,1.0,1.0018464672487715
gpu,SS,1048576,32,256,0.7,734003,7,0.003475775957107544,1875,1.0,1.0018464672487715
gpu,DS,1048576,32,256,0.7,734003,7,0.002670111894607544,1875,1.0,1.0018464672487715
gpu,DS,1048576,32,256,0.7,734003,8,0.0015137920379638672,1875,1.0,1.0018464672487715
gpu,SS,1048576,32,256,0.7,734003,8,0.00345088005065918,1875,1.0,1.0018464672487715
gpu,SS,1048576,32,256,0.7,734003,9,0.003455168008804321,1875,1.0,1.0018464672487715
gpu,DS,1048576,32,256,0.7,734003,9,0.0023867518901824953,1875,1.0,1.0018464672487715
gpu,DS,1048576,32,256,0.7,734003,10,0.001580832004547119,1875,1.0,1.0018464672487715
gpu,SS,1048576,32,256,0.7,734003,10,0.003433088064193726,1875,1.0,1.0018464672487715
gpu,SS,1048576,32,256,0.7,734003,11,0.0034270079135894777,1875,1.0,1.0018464672487715
gpu,DS,1048576,32,256,0.7,734003,11,0.0032627201080322266,1875,1.0,1.0018464672487715
gpu,DS,1048576,32,256,0.7,734003,12,0.00150655996799469,1875,1.0,1.0018464672487715
gpu,SS,1048576,32,256,0.7,734003,12,0.0034612159729003906,1875,1.0,1.0018464672487715
gpu,SS,1048576,32,256,0.7,734003,13,0.004185567855834961,1890,1.0,1.0018464672487715
gpu,DS,1048576,32,256,0.7,734003,13,0.0015860480070114136,1890,1.0,1.0018464672487715
gpu,DS,1048576,32,256,0.7,734003,14,0.0014740480184555053,1890,1.0,1.0018464672487715
gpu,SS,1048576,32,256,0.7,734003,14,0.0034457919597625734,1890,1.0,1.0018464672487715
cpu,DS,1048576,32,256,1.0,1048576,0,0.024127586999838968,-1,1.0,1.0000117421150208
cpu,SS,1048576,32,256,1.0,1048576,0,0.15813529600018228,-1,1.0,1.0000117421150208
cpu,SS,1048576,32,256,1.0,1048576,1,0.1435517559998516,-1,1.0,1.0000117421150208
cpu,DS,1048576,32,256,1.0,1048576,1,0.021427622999908635,-1,1.0,1.0000117421150208
cpu,DS,1048576,32,256,1.0,1048576,2,0.02223933400000533,-1,1.0,1.0000117421150208
cpu,SS,1048576,32,256,1.0,1048576,2,0.1550043359998199,-1,1.0,1.0000117421150208
cpu,SS,1048576,32,256,1.0,1048576,3,0.14703976700002386,-1,1.0,1.0000117421150208
cpu,DS,1048576,32,256,1.0,1048576,3,0.023019037000267417,-1,1.0,1.0000117421150208
cpu,DS,1048576,32,256,1.0,1048576,4,0.021747596000295744,-1,1.0,1.0000117421150208
cpu,SS,1048576,32,256,1.0,1048576,4,0.15292223999995258,-1,1.0,1.0000117421150208
cpu,SS,1048576,32,256,1.0,1048576,5,0.15813307700000223,-1,1.0,1.0000117421150208
cpu,DS,1048576,32,256,1.0,1048576,5,0.022924070000044594,-1,1.0,1.0000117421150208
cpu,DS,1048576,32,256,1.0,1048576,6,0.022282644999904733,-1,1.0,1.0000117421150208
cpu,SS,1048576,32,256,1.0,1048576,6,0.16604176500004542,-1,1.0,1.0000117421150208
cpu,SS,1048576,32,256,1.0,1048576,7,0.1543191770001613,-1,1.0,1.0000117421150208
cpu,DS,1048576,32,256,1.0,1048576,7,0.02458457000011549,-1,1.0,1.0000117421150208
cpu,DS,1048576,32,256,1.0,1048576,8,0.02583731300001091,-1,1.0,1.0000117421150208
cpu,SS,1048576,32,256,1.0,1048576,8,0.17517625799973757,-1,1.0,1.0000117421150208
cpu,SS,1048576,32,256,1.0,1048576,9,0.17028391500025464,-1,1.0,1.0000117421150208
cpu,DS,1048576,32,256,1.0,1048576,9,0.02253162999977576,-1,1.0,1.0000117421150208
cpu,DS,1048576,32,256,1.0,1048576,10,0.022519905000081053,-1,1.0,1.0000117421150208
cpu,SS,1048576,32,256,1.0,1048576,10,0.1727131319998989,-1,1.0,1.0000117421150208
cpu,SS,1048576,32,256,1.0,1048576,11,0.1718493429998489,-1,1.0,1.0000117421150208
cpu,DS,1048576,32,256,1.0,1048576,11,0.023651166000036028,-1,1.0,1.0000117421150208
cpu,DS,1048576,32,256,1.0,1048576,12,0.028079342000182805,-1,1.0,1.0000117421150208
cpu,SS,1048576,32,256,1.0,1048576,12,0.1463361520000035,-1,1.0,1.0000117421150208
cpu,SS,1048576,32,256,1.0,1048576,13,0.15173693599990656,-1,1.0,1.0000117421150208
cpu,DS,1048576,32,256,1.0,1048576,13,0.020008982000035758,-1,1.0,1.0000117421150208
cpu,DS,1048576,32,256,1.0,1048576,14,0.020446023999738827,-1,1.0,1.0000117421150208
cpu,SS,1048576,32,256,1.0,1048576,14,0.14832172500018714,-1,1.0,1.0000117421150208
gpu,DS,1048576,32,256,1.0,1048576,0,0.0016506880521774292,1200,1.0,1.0000117421150208
gpu,SS,1048576,32,256,1.0,1048576,0,0.008006655693054199,1200,1.0,1.0000117421150208
gpu,SS,1048576,32,256,1.0,1048576,1,0.00812335968017578,1200,1.0,1.0000117421150208
gpu,DS,1048576,32,256,1.0,1048576,1,0.001692896008491516,1200,1.0,1.0000117421150208
gpu,DS,1048576,32,256,1.0,1048576,2,0.003166208028793335,1200,1.0,1.0000117421150208
gpu,SS,1048576,32,256,1.0,1048576,2,0.007932159900665283,1200,1.0,1.0000117421150208
gpu,SS,1048576,32,256,1.0,1048576,3,0.008523807525634766,1200,1.0,1.0000117421150208
gpu,DS,1048576,32,256,1.0,1048576,3,0.0020096640586853027,1200,1.0,1.0000117421150208
gpu,DS,1048576,32,256,1.0,1048576,4,0.001632256031036377,1200,1.0,1.0000117421150208
gpu,SS,1048576,32,256,1.0,1048576,4,0.009721856117248535,1200,1.0,1.0000117421150208
gpu,SS,1048576,32,256,1.0,1048576,5,0.008087936401367188,1200,1.0,1.0000117421150208
gpu,DS,1048576,32,256,1.0,1048576,5,0.0018988159894943238,1200,1.0,1.0000117421150208
gpu,DS,1048576,32,256,1.0,1048576,6,0.0016531519889831543,1200,1.0,1.0000117421150208
gpu,SS,1048576,32,256,1.0,1048576,6,0.010285823822021485,1200,1.0,1.0000117421150208
gpu,SS,1048576,32,256,1.0,1048576,7,0.008040831565856934,1200,1.0,1.0000117421150208
gpu,DS,1048576,32,256,1.0,1048576,7,0.0017916799783706664,1200,1.0,1.0000117421150208
gpu,DS,1048576,32,256,1.0,1048576,8,0.0016721919775009155,1200,1.0,1.0000117421150208
gpu,SS,1048576,32,256,1.0,1048576,8,0.008072735786437989,1200,1.0,1.0000117421150208
gpu,SS,1048576,32,256,1.0,1048576,9,0.009764767646789551,1200,1.0,1.0000117421150208
gpu,DS,1048576,32,256,1.0,1048576,9,0.001692255973815918,1200,1.0,1.0000117421150208
gpu,DS,1048576,32,256,1.0,1048576,10,0.0015413119792938232,1200,1.0,1.0000117421150208
gpu,SS,1048576,32,256,1.0,1048576,10,0.00800870418548584,1200,1.0,1.0000117421150208
gpu,SS,1048576,32,256,1.0,1048576,11,0.0065168957710266115,1905,1.0,1.0000117421150208
gpu,DS,1048576,32,256,1.0,1048576,11,0.0016343040466308594,1905,1.0,1.0000117421150208
gpu,DS,1048576,32,256,1.0,1048576,12,0.0015669440031051635,1905,1.0,1.0000117421150208
gpu,SS,1048576,32,256,1.0,1048576,12,0.0054860482215881344,1905,1.0,1.0000117421150208
gpu,SS,1048576,32,256,1.0,1048576,13,0.005098720073699951,1905,1.0,1.0000117421150208
gpu,DS,1048576,32,256,1.0,1048576,13,0.0016605119705200195,1905,1.0,1.0000117421150208
gpu,DS,1048576,32,256,1.0,1048576,14,0.0015523840188980103,1905,1.0,1.0000117421150208
gpu,SS,1048576,32,256,1.0,1048576,14,0.006377664089202881,1905,1.0,1.0000117421150208
cpu,DS,1048576,32,256,0.0001,105,0,0.020547336999698018,-1,0.5,2.5142857142857142
cpu,SS,1048576,32,256,0.0001,105,0,0.00018702499983191956,-1,0.5,2.5142857142857142
cpu,SS,1048576,32,256,0.0001,105,1,0.00011613500009843847,-1,0.5,2.5142857142857142
cpu,DS,1048576,32,256,0.0001,105,1,0.021911024000019097,-1,0.5,2.5142857142857142
cpu,DS,1048576,32,256,0.0001,105,2,0.020071290000032604,-1,0.5,2.5142857142857142
cpu,SS,1048576,32,256,0.0001,105,2,0.0001450960003239743,-1,0.5,2.5142857142857142
cpu,SS,1048576,32,256,0.0001,105,3,0.00010501899987502838,-1,0.5,2.5142857142857142
cpu,DS,1048576,32,256,0.0001,105,3,0.019983432999651995,-1,0.5,2.5142857142857142
cpu,DS,1048576,32,256,0.0001,105,4,0.018621112999881007,-1,0.5,2.5142857142857142
cpu,SS,1048576,32,256,0.0001,105,4,0.00012208299995108973,-1,0.5,2.5142857142857142
cpu,SS,1048576,32,256,0.0001,105,5,0.00010326400024496252,-1,0.5,2.5142857142857142
cpu,DS,1048576,32,256,0.0001,105,5,0.018328190999909566,-1,0.5,2.5142857142857142
cpu,DS,1048576,32,256,0.0001,105,6,0.02180181099993206,-1,0.5,2.5142857142857142
cpu,SS,1048576,32,256,0.0001,105,6,0.00016537800001970027,-1,0.5,2.5142857142857142
cpu,SS,1048576,32,256,0.0001,105,7,0.00020019000021420652,-1,0.5,2.5142857142857142
cpu,DS,1048576,32,256,0.0001,105,7,0.021723314999690047,-1,0.5,2.5142857142857142
cpu,DS,1048576,32,256,0.0001,105,8,0.020960976999958802,-1,0.5,2.5142857142857142
cpu,SS,1048576,32,256,0.0001,105,8,0.000129884000216407,-1,0.5,2.5142857142857142
cpu,SS,1048576,32,256,0.0001,105,9,0.00023695100026088767,-1,0.5,2.5142857142857142
cpu,DS,1048576,32,256,0.0001,105,9,0.022024427999895124,-1,0.5,2.5142857142857142
cpu,DS,1048576,32,256,0.0001,105,10,0.01843701300003886,-1,0.5,2.5142857142857142
cpu,SS,1048576,32,256,0.0001,105,10,0.0001386609997098276,-1,0.5,2.5142857142857142
cpu,SS,1048576,32,256,0.0001,105,11,9.712100018077763e-05,-1,0.5,2.5142857142857142
cpu,DS,1048576,32,256,0.0001,105,11,0.019954668000082165,-1,0.5,2.5142857142857142
cpu,DS,1048576,32,256,0.0001,105,12,0.019678224999552185,-1,0.5,2.5142857142857142
cpu,SS,1048576,32,256,0.0001,105,12,0.00015621199963788968,-1,0.5,2.5142857142857142
cpu,SS,1048576,32,256,0.0001,105,13,0.00011574500013011857,-1,0.5,2.5142857142857142
cpu,DS,1048576,32,256,0.0001,105,13,0.01993214200001603,-1,0.5,2.5142857142857142
cpu,DS,1048576,32,256,0.0001,105,14,0.020304828000007547,-1,0.5,2.5142857142857142
cpu,SS,1048576,32,256,0.0001,105,14,0.0001434380001228419,-1,0.5,2.5142857142857142
gpu,DS,1048576,32,256,0.0001,105,0,0.0014618240594863891,1890,0.5,2.5142857142857142
gpu,SS,1048576,32,256,0.0001,105,0,0.00010486400127410889,1890,0.5,2.5142857142857142
gpu,SS,1048576,32,256,0.0001,105,1,0.0001669120043516159,1890,0.5,2.5142857142857142
gpu,DS,1048576,32,256,0.0001,105,1,0.0015255999565124512,1890,0.5,2.5142857142857142
gpu,DS,1048576,32,256,0.0001,105,2,0.0014894399642944335,1890,0.5,2.5142857142857142
gpu,SS,1048576,32,256,0.0001,105,2,0.00021507200598716735,1890,0.5,2.5142857142857142
gpu,SS,1048576,32,256,0.0001,105,3,1.0495999827980996e-05,1890,0.5,2.5142857142857142
gpu,DS,1048576,32,256,0.0001,105,3,0.0014867839813232423,1890,0.5,2.5142857142857142
gpu,DS,1048576,32,256,0.0001,105,4,0.001546239972114563,1890,0.5,2.5142857142857142
gpu,SS,1048576,32,256,0.0001,105,4,0.00012697599828243256,1890,0.5,2.5142857142857142
gpu,SS,1048576,32,256,0.0001,105,5,8.793599903583526e-05,1890,0.5,2.5142857142857142
gpu,DS,1048576,32,256,0.0001,105,5,0.001452831983566284,1890,0.5,2.5142857142857142
gpu,DS,1048576,32,256,0.0001,105,6,0.001469599962234497,1890,0.5,2.5142857142857142
gpu,SS,1048576,32,256,0.0001,105,6,0.00017004799842834471,1890,0.5,2.5142857142857142
gpu,SS,1048576,32,256,0.0001,105,7,0.0001372160017490387,1890,0.5,2.5142857142857142
gpu,DS,1048576,32,256,0.0001,105,7,0.0015082240104675293,1890,0.5,2.5142857142857142
gpu,DS,1048576,32,256,0.0001,105,8,0.0014986879825592042,1890,0.5,2.5142857142857142
gpu,SS,1048576,32,256,0.0001,105,8,0.0001459839940071106,1890,0.5,2.5142857142857142
gpu,SS,1048576,32,256,0.0001,105,9,0.00014076800644397737,1890,0.5,2.5142857142857142
gpu,DS,1048576,32,256,0.0001,105,9,0.0014888960123062133,1890,0.5,2.5142857142857142
gpu,DS,1048576,32,256,0.0001,105,10,0.0014948480129241943,1890,0.5,2.5142857142857142
gpu,SS,1048576,32,256,0.0001,105,10,0.00010035199671983719,1890,0.5,2.5142857142857142
gpu,SS,1048576,32,256,0.0001,105,11,1.1327999643981457e-05,1890,0.5,2.5142857142857142
gpu,DS,1048576,32,256,0.0001,105,11,0.001409664034843445,1890,0.5,2.5142857142857142
gpu,DS,1048576,32,256,0.0001,105,12,0.0014248319864273071,1890,0.5,2.5142857142857142
gpu,SS,1048576,32,256,0.0001,105,12,0.00014895999431610108,1890,0.5,2.5142857142857142
gpu,SS,1048576,32,256,0.0001,105,13,7.599999755620957e-05,1890,0.5,2.5142857142857142
gpu,DS,1048576,32,256,0.0001,105,13,0.001499135971069336,1890,0.5,2.5142857142857142
gpu,DS,1048576,32,256,0.0001,105,14,0.0014765759706497192,1890,0.5,2.5142857142857142
gpu,SS,1048576,32,256,0.0001,105,14,0.00020486399531364442,1890,0.5,2.5142857142857142
cpu,DS,1048576,32,256,0.0003,315,0,0.019919270999707805,-1,0.5,2.1142857142857143
cpu,SS,1048576,32,256,0.0003,315,0,0.0002455320000080974,-1,0.5,2.1142857142857143
cpu,SS,1048576,32,256,0.0003,315,1,0.00027293199991618167,-1,0.5,2.1142857142857143
cpu,DS,1048576,32,256,0.0003,315,1,0.01894397099977141,-1,0.5,2.1142857142857143
cpu,DS,1048576,32,256,0.0003,315,2,0.020068462999915937,-1,0.5,2.1142857142857143
cpu,SS,1048576,32,256,0.0003,315,2,0.00023880300022938172,-1,0.5,2.1142857142857143
cpu,SS,1048576,32,256,0.0003,315,3,0.00019404600016059703,-1,0.5,2.1142857142857143
cpu,DS,1048576,32,256,0.0003,315,3,0.020731534999868018,-1,0.5,2.1142857142857143
cpu,DS,1048576,32,256,0.0003,315,4,0.02159050499994919,-1,0.5,2.1142857142857143
cpu,SS,1048576,32,256,0.0003,315,4,0.00019716699989658082,-1,0.5,2.1142857142857143
cpu,SS,1048576,32,256,0.0003,315,5,0.00014782599964746623,-1,0.5,2.1142857142857143
cpu,DS,1048576,32,256,0.0003,315,5,0.020450995999908628,-1,0.5,2.1142857142857143
cpu,DS,1048576,32,256,0.0003,315,6,0.020330669000031776,-1,0.5,2.1142857142857143
cpu,SS,1048576,32,256,0.0003,315,6,0.0003342669997437042,-1,0.5,2.1142857142857143
cpu,SS,1048576,32,256,0.0003,315,7,0.00018273499972565332,-1,0.5,2.1142857142857143
cpu,DS,1048576,32,256,0.0003,315,7,0.02157939000016995,-1,0.5,2.1142857142857143
cpu,DS,1048576,32,256,0.0003,315,8,0.019960615999934817,-1,0.5,2.1142857142857143
cpu,SS,1048576,32,256,0.0003,315,8,0.00021598600005745539,-1,0.5,2.1142857142857143
cpu,SS,1048576,32,256,0.0003,315,9,0.00017941900023288326,-1,0.5,2.1142857142857143
cpu,DS,1048576,32,256,0.0003,315,9,0.024767011000221828,-1,0.5,2.1142857142857143
cpu,DS,1048576,32,256,0.0003,315,10,0.022701345999848854,-1,0.5,2.1142857142857143
cpu,SS,1048576,32,256,0.0003,315,10,0.00025664800023150747,-1,0.5,2.1142857142857143
cpu,SS,1048576,32,256,0.0003,315,11,0.00019755599987547612,-1,0.5,2.1142857142857143
cpu,DS,1048576,32,256,0.0003,315,11,0.020397659000082058,-1,0.5,2.1142857142857143
cpu,DS,1048576,32,256,0.0003,315,12,0.02010242100004689,-1,0.5,2.1142857142857143
cpu,SS,1048576,32,256,0.0003,315,12,0.00028331700013950467,-1,0.5,2.1142857142857143
cpu,SS,1048576,32,256,0.0003,315,13,0.0002545840002312616,-1,0.5,2.1142857142857143
cpu,DS,1048576,32,256,0.0003,315,13,0.022008095999808575,-1,0.5,2.1142857142857143
cpu,DS,1048576,32,256,0.0003,315,14,0.022439515000314714,-1,0.5,2.1142857142857143
cpu,SS,1048576,32,256,0.0003,315,14,0.00022595700011152076,-1,0.5,2.1142857142857143
gpu,DS,1048576,32,256,0.0003,315,0,0.0014684159755706788,1890,0.5,2.1142857142857143
gpu,SS,1048576,32,256,0.0003,315,0,0.00018998399376869203,1890,0.5,2.1142857142857143
gpu,SS,1048576,32,256,0.0003,315,1,0.00024892799556255343,1890,0.5,2.1142857142857143
gpu,DS,1048576,32,256,0.0003,315,1,0.001552512049674988,1890,0.5,2.1142857142857143
gpu,DS,1048576,32,256,0.0003,315,2,0.0017140799760818482,1890,0.5,2.1142857142857143
gpu,SS,1048576,32,256,0.0003,315,2,0.0005160959959030152,1890,0.5,2.1142857142857143
gpu,SS,1048576,32,256,0.0003,315,3,0.0001887360066175461,1890,0.5,2.1142857142857143
gpu,DS,1048576,32,256,0.0003,315,3,0.0014893120527267455,1890,0.5,2.1142857142857143
gpu,DS,1048576,32,256,0.0003,315,4,0.0018113919496536256,1890,0.5,2.1142857142857143
gpu,SS,1048576,32,256,0.0003,315,4,0.0001844799965620041,1890,0.5,2.1142857142857143
gpu,SS,1048576,32,256,0.0003,315,5,0.00015795199573040008,1890,0.5,2.1142857142857143
gpu,DS,1048576,32,256,0.0003,315,5,0.0015706559419631958,1890,0.5,2.1142857142857143
gpu,DS,1048576,32,256,0.0003,315,6,0.0016299200057983399,1890,0.5,2.1142857142857143
gpu,SS,1048576,32,256,0.0003,315,6,0.0002024960070848465,1890,0.5,2.1142857142857143
gpu,SS,1048576,32,256,0.0003,315,7,0.001382912039756775,1890,0.5,2.1142857142857143
gpu,DS,1048576,32,256,0.0003,315,7,0.0016138240098953246,1890,0.5,2.1142857142857143
gpu,DS,1048576,32,256,0.0003,315,8,0.0015421439409255982,1890,0.5,2.1142857142857143
gpu,SS,1048576,32,256,0.0003,315,8,1.4336000196635724e-05,1890,0.5,2.1142857142857143
gpu,SS,1048576,32,256,0.0003,315,9,0.00017817600071430207,1890,0.5,2.1142857142857143
gpu,DS,1048576,32,256,0.0003,315,9,0.0016563199758529662,1890,0.5,2.1142857142857143
gpu,DS,1048576,32,256,0.0003,315,10,0.001642143964767456,1890,0.5,2.1142857142857143
gpu,SS,1048576,32,256,0.0003,315,10,0.0001664319932460785,1890,0.5,2.1142857142857143
gpu,SS,1048576,32,256,0.0003,315,11,0.0002170879989862442,1890,0.5,2.1142857142857143
gpu,DS,1048576,32,256,0.0003,315,11,0.0020794880390167234,1890,0.5,2.1142857142857143
gpu,DS,1048576,32,256,0.0003,315,12,0.0019763200283050538,1890,0.5,2.1142857142857143
gpu,SS,1048576,32,256,0.0003,315,12,1.4336000196635724e-05,1890,0.5,2.1142857142857143
gpu,SS,1048576,32,256,0.0003,315,13,0.00010444799810647964,1890,0.5,2.1142857142857143
gpu,DS,1048576,32,256,0.0003,315,13,0.001515712022781372,1890,0.5,2.1142857142857143
gpu,DS,1048576,32,256,0.0003,315,14,0.0016822079420089721,1890,0.5,2.1142857142857143
gpu,SS,1048576,32,256,0.0003,315,14,0.00018223999440670013,1890,0.5,2.1142857142857143
cpu,DS,1048576,32,256,0.001,1049,0,0.026578352999877097,-1,0.5,2.0305052430886557
cpu,SS,1048576,32,256,0.001,1049,0,0.000772097000208305,-1,0.5,2.0305052430886557
cpu,SS,1048576,32,256,0.001,1049,1,0.001922900999943522,-1,0.5,2.0305052430886557
cpu,DS,1048576,32,256,0.001,1049,1,0.02309139800036064,-1,0.5,2.0305052430886557
cpu,DS,1048576,32,256,0.001,1049,2,0.02477587700013828,-1,0.5,2.0305052430886557
cpu,SS,1048576,32,256,0.001,1049,2,0.0005838530000801256,-1,0.5,2.0305052430886557
cpu,SS,1048576,32,256,0.001,1049,3,0.0007540330002484552,-1,0.5,2.0305052430886557
cpu,DS,1048576,32,256,0.001,1049,3,0.02189506500008065,-1,0.5,2.0305052430886557
cpu,DS,1048576,32,256,0.001,1049,4,0.02190763499993409,-1,0.5,2.0305052430886557
cpu,SS,1048576,32,256,0.001,1049,4,0.0006568479998350085,-1,0.5,2.0305052430886557
cpu,SS,1048576,32,256,0.001,1049,5,0.0005858599997736746,-1,0.5,2.0305052430886557
cpu,DS,1048576,32,256,0.001,1049,5,0.024983665000036126,-1,0.5,2.0305052430886557
cpu,DS,1048576,32,256,0.001,1049,6,0.02509627300014472,-1,0.5,2.0305052430886557
cpu,SS,1048576,32,256,0.001,1049,6,0.0007154760000958049,-1,0.5,2.0305052430886557
cpu,SS,1048576,32,256,0.001,1049,7,0.0005944170002294413,-1,0.5,2.0305052430886557
cpu,DS,1048576,32,256,0.001,1049,7,0.02556096800026353,-1,0.5,2.0305052430886557
cpu,DS,1048576,32,256,0.001,1049,8,0.023760287999721186,-1,0.5,2.0305052430886557
cpu,SS,1048576,32,256,0.001,1049,8,0.0006311780002761225,-1,0.5,2.0305052430886557
cpu,SS,1048576,32,256,0.001,1049,9,0.0005338870000741736,-1,0.5,2.0305052430886557
cpu,DS,1048576,32,256,0.001,1049,9,0.02651127399985853,-1,0.5,2.0305052430886557
cpu,DS,1048576,32,256,0.001,1049,10,0.02112180599988278,-1,0.5,2.0305052430886557
cpu,SS,1048576,32,256,0.001,1049,10,0.0006676230000266514,-1,0.5,2.0305052430886557
cpu,SS,1048576,32,256,0.001,1049,11,0.0005005050002182543,-1,0.5,2.0305052430886557
cpu,DS,1048576,32,256,0.001,1049,11,0.02120916700005182,-1,0.5,2.0305052430886557
cpu,DS,1048576,32,256,0.001,1049,12,0.023167562000253383,-1,0.5,2.0305052430886557
cpu,SS,1048576,32,256,0.001,1049,12,0.0006186069999785104,-1,0.5,2.0305052430886557
cpu,SS,1048576,32,256,0.001,1049,13,0.0006768130001546524,-1,0.5,2.0305052430886557
cpu,DS,1048576,32,256,0.001,1049,13,0.025181626999710716,-1,0.5,2.0305052430886557
cpu,DS,1048576,32,256,0.001,1049,14,0.02647377299990694,-1,0.5,2.0305052430886557
cpu,SS,1048576,32,256,0.001,1049,14,0.0006714259998261696,-1,0.5,2.0305052430886557
gpu,DS,1048576,32,256,0.001,1049,0,0.0015974719524383546,1890,0.5,2.0305052430886557
gpu,SS,1048576,32,256,0.001,1049,0,0.00018697600066661834,1890,0.5,2.0305052430886557
gpu,SS,1048576,32,256,0.001,1049,1,0.0001528639942407608,1890,0.5,2.0305052430886557
gpu,DS,1048576,32,256,0.001,1049,1,0.0015994880199432372,1890,0.5,2.0305052430886557
gpu,DS,1048576,32,256,0.001,1049,2,0.0016933759450912475,1890,0.5,2.0305052430886557
gpu,SS,1048576,32,256,0.001,1049,2,0.00035132798552513125,1890,0.5,2.0305052430886557
gpu,SS,1048576,32,256,0.001,1049,3,0.00033587199449539186,1890,0.5,2.0305052430886557
gpu,DS,1048576,32,256,0.001,1049,3,0.001912384033203125,1890,0.5,2.0305052430886557
gpu,DS,1048576,32,256,0.001,1049,4,0.0015216000080108642,1890,0.5,2.0305052430886557
gpu,SS,1048576,32,256,0.001,1049,4,0.00018441599607467652,1890,0.5,2.0305052430886557
gpu,SS,1048576,32,256,0.001,1049,5,0.00019782400131225587,1890,0.5,2.0305052430886557
gpu,DS,1048576,32,256,0.001,1049,5,0.0016163519620895385,1890,0.5,2.0305052430886557
gpu,DS,1048576,32,256,0.001,1049,6,0.001958367943763733,1890,0.5,2.0305052430886557
gpu,SS,1048576,32,256,0.001,1049,6,0.00024191999435424806,1890,0.5,2.0305052430886557
gpu,SS,1048576,32,256,0.001,1049,7,0.0002027519941329956,1890,0.5,2.0305052430886557
gpu,DS,1048576,32,256,0.001,1049,7,0.0015872000455856323,1890,0.5,2.0305052430886557
gpu,DS,1048576,32,256,0.001,1049,8,0.0014970879554748536,1890,0.5,2.0305052430886557
gpu,SS,1048576,32,256,0.001,1049,8,0.00012492799758911133,1890,0.5,2.0305052430886557
gpu,SS,1048576,32,256,0.001,1049,9,0.0002027519941329956,1890,0.5,2.0305052430886557
gpu,DS,1048576,32,256,0.001,1049,9,0.0021733119487762453,1890,0.5,2.0305052430886557
gpu,DS,1048576,32,256,0.001,1049,10,0.0015759999752044678,1890,0.5,2.0305052430886557
gpu,SS,1048576,32,256,0.001,1049,10,0.00011878400295972824,1890,0.5,2.0305052430886557
gpu,SS,1048576,32,256,0.001,1049,11,0.00010924799740314484,1890,0.5,2.0305052430886557
gpu,DS,1048576,32,256,0.001,1049,11,0.0015155199766159057,1890,0.5,2.0305052430886557
gpu,DS,1048576,32,256,0.001,1049,12,0.0014970879554748536,1890,0.5,2.0305052430886557
gpu,SS,1048576,32,256,0.001,1049,12,0.0004256319999694824,1890,0.5,2.0305052430886557
gpu,SS,1048576,32,256,0.001,1049,13,2.7775999158620835e-05,1890,0.5,2.0305052430886557
gpu,DS,1048576,32,256,0.001,1049,13,0.0015032320022583007,1890,0.5,2.0305052430886557
gpu,DS,1048576,32,256,0.001,1049,14,0.0014829119443893432,1890,0.5,2.0305052430886557
gpu,SS,1048576,32,256,0.001,1049,14,0.0001268479973077774,1890,0.5,2.0305052430886557
cpu,DS,1048576,32,256,0.003,3146,0,0.02237729499984198,-1,0.5,2.1001668785759695
cpu,SS,1048576,32,256,0.003,3146,0,0.001446480000140582,-1,0.5,2.1001668785759695
cpu,SS,1048576,32,256,0.003,3146,1,0.0013630270000248856,-1,0.5,2.1001668785759695
cpu,DS,1048576,32,256,0.003,3146,1,0.02432892900014849,-1,0.5,2.1001668785759695
cpu,DS,1048576,32,256,0.003,3146,2,0.02833709499964243,-1,0.5,2.1001668785759695
cpu,SS,1048576,32,256,0.003,3146,2,0.0016096889999062114,-1,0.5,2.1001668785759695
cpu,SS,1048576,32,256,0.003,3146,3,0.0016265909998764982,-1,0.5,2.1001668785759695
cpu,DS,1048576,32,256,0.003,3146,3,0.027927437000016653,-1,0.5,2.1001668785759695
cpu,DS,1048576,32,256,0.003,3146,4,0.02240930300013133,-1,0.5,2.1001668785759695
cpu,SS,1048576,32,256,0.003,3146,4,0.0014545090002684447,-1,0.5,2.1001668785759695
cpu,SS,1048576,32,256,0.003,3146,5,0.001336619000085193,-1,0.5,2.1001668785759695
cpu,DS,1048576,32,256,0.003,3146,5,0.02322143599985793,-1,0.5,2.1001668785759695
cpu,DS,1048576,32,256,0.003,3146,6,0.022547159000168904,-1,0.5,2.1001668785759695
cpu,SS,1048576,32,256,0.003,3146,6,0.0015524329996878805,-1,0.5,2.1001668785759695
cpu,SS,1048576,32,256,0.003,3146,7,0.0013070410000182164,-1,0.5,2.1001668785759695
cpu,DS,1048576,32,256,0.003,3146,7,0.023476443000163272,-1,0.5,2.1001668785759695
cpu,DS,1048576,32,256,0.003,3146,8,0.023166928000136977,-1,0.5,2.1001668785759695
cpu,SS,1048576,32,256,0.003,3146,8,0.0014013740001246333,-1,0.5,2.1001668785759695
cpu,SS,1048576,32,256,0.003,3146,9,0.0014036980001037591,-1,0.5,2.1001668785759695
cpu,DS,1048576,32,256,0.003,3146,9,0.024018675000206713,-1,0.5,2.1001668785759695
cpu,DS,1048576,32,256,0.003,3146,10,0.021351247999973566,-1,0.5,2.1001668785759695
cpu,SS,1048576,32,256,0.003,3146,10,0.001586553999914031,-1,0.5,2.1001668785759695
cpu,SS,1048576,32,256,0.003,3146,11,0.001347182000245084,-1,0.5,2.1001668785759695
cpu,DS,1048576,32,256,0.003,3146,11,0.020832890000292537,-1,0.5,2.1001668785759695
cpu,DS,1048576,32,256,0.003,3146,12,0.021314697999969212,-1,0.5,2.1001668785759695
cpu,SS,1048576,32,256,0.003,3146,12,0.0014619030002904765,-1,0.5,2.1001668785759695
cpu,SS,1048576,32,256,0.003,3146,13,0.0012430240003595827,-1,0.5,2.1001668785759695
cpu,DS,1048576,32,256,0.003,3146,13,0.022427894999964337,-1,0.5,2.1001668785759695
cpu,DS,1048576,32,256,0.003,3146,14,0.01951127099982841,-1,0.5,2.1001668785759695
cpu,SS,1048576,32,256,0.003,3146,14,0.0015207430001282773,-1,0.5,2.1001668785759695
gpu,DS,1048576,32,256,0.003,3146,0,0.0014769279956817628,1890,0.5,2.1001668785759695
gpu,SS,1048576,32,256,0.003,3146,0,0.0001308799982070923,1890,0.5,2.1001668785759695
gpu,SS,1048576,32,256,0.003,3146,1,0.00013516800105571746,1890,0.5,2.1001668785759695
gpu,DS,1048576,32,256,0.003,3146,1,0.0014940160512924195,1890,0.5,2.1001668785759695
gpu,DS,1048576,32,256,0.003,3146,2,0.0024528000354766847,1890,0.5,2.1001668785759695
gpu,SS,1048576,32,256,0.003,3146,2,0.00013516800105571746,1890,0.5,2.1001668785759695
gpu,SS,1048576,32,256,0.003,3146,3,0.0001584639996290207,1890,0.5,2.1001668785759695
gpu,DS,1048576,32,256,0.003,3146,3,0.0014764800071716308,1890,0.5,2.1001668785759695
gpu,DS,1048576,32,256,0.003,3146,4,0.0014698560237884522,1890,0.5,2.1001668785759695
gpu,SS,1048576,32,256,0.003,3146,4,0.00012390399724245072,1890,0.5,2.1001668785759695
gpu,SS,1048576,32,256,0.003,3146,5,0.00012585599720478058,1890,0.5,2.1001668785759695
gpu,DS,1048576,32,256,0.003,3146,5,0.0014192639589309692,1890,0.5,2.1001668785759695
gpu,DS,1048576,32,256,0.003,3146,6,0.0014496320486068726,1890,0.5,2.1001668785759695
gpu,SS,1048576,32,256,0.003,3146,6,0.00013068799674510956,1890,0.5,2.1001668785759695
gpu,SS,1048576,32,256,0.003,3146,7,0.0001270720064640045,1890,0.5,2.1001668785759695
gpu,DS,1048576,32,256,0.003,3146,7,0.0014929920434951782,1890,0.5,2.1001668785759695
gpu,DS,1048576,32,256,0.003,3146,8,0.001429311990737915,1890,0.5,2.1001668785759695
gpu,SS,1048576,32,256,0.003,3146,8,0.00013107199966907502,1890,0.5,2.1001668785759695
gpu,SS,1048576,32,256,0.003,3146,9,0.00012246400117874146,1890,0.5,2.1001668785759695
gpu,DS,1048576,32,256,0.003,3146,9,0.0015152959823608399,1890,0.5,2.1001668785759695
gpu,DS,1048576,32,256,0.003,3146,10,0.0027170560359954833,1890,0.5,2.1001668785759695
gpu,SS,1048576,32,256,0.003,3146,10,0.0001409280002117157,1890,0.5,2.1001668785759695
gpu,SS,1048576,32,256,0.003,3146,11,0.00013072000443935394,1890,0.5,2.1001668785759695
gpu,DS,1048576,32,256,0.003,3146,11,0.0015396800041198731,1890,0.5,2.1001668785759695
gpu,DS,1048576,32,256,0.003,3146,12,0.001449728012084961,1890,0.5,2.1001668785759695
gpu,SS,1048576,32,256,0.003,3146,12,0.00016051200032234192,1890,0.5,2.1001668785759695
gpu,SS,1048576,32,256,0.003,3146,13,0.00021558399498462677,1890,0.5,2.1001668785759695
gpu,DS,1048576,32,256,0.003,3146,13,0.001993600010871887,1890,0.5,2.1001668785759695
gpu,DS,1048576,32,256,0.003,3146,14,0.001501855969429016,1890,0.5,2.1001668785759695
gpu,SS,1048576,32,256,0.003,3146,14,0.00012697599828243256,1890,0.5,2.1001668785759695
cpu,DS,1048576,32,256,0.01,10486,0,0.02127381599984801,-1,0.5,2.045280612244898
cpu,SS,1048576,32,256,0.01,10486,0,0.005437322000034328,-1,0.5,2.045280612244898
cpu,SS,1048576,32,256,0.01,10486,1,0.004387083999972674,-1,0.5,2.045280612244898
cpu,DS,1048576,32,256,0.01,10486,1,0.020563516000038362,-1,0.5,2.045280612244898
cpu,DS,1048576,32,256,0.01,10486,2,0.02278315100011241,-1,0.5,2.045280612244898
cpu,SS,1048576,32,256,0.01,10486,2,0.004006687000128295,-1,0.5,2.045280612244898
cpu,SS,1048576,32,256,0.01,10486,3,0.004065631000230496,-1,0.5,2.045280612244898
cpu,DS,1048576,32,256,0.01,10486,3,0.023428168000009464,-1,0.5,2.045280612244898
cpu,DS,1048576,32,256,0.01,10486,4,0.023480033999931038,-1,0.5,2.045280612244898
cpu,SS,1048576,32,256,0.01,10486,4,0.00412746399979369,-1,0.5,2.045280612244898
cpu,SS,1048576,32,256,0.01,10486,5,0.003895248999924661,-1,0.5,2.045280612244898
cpu,DS,1048576,32,256,0.01,10486,5,0.02095625599986306,-1,0.5,2.045280612244898
cpu,DS,1048576,32,256,0.01,10486,6,0.02108506700005819,-1,0.5,2.045280612244898
cpu,SS,1048576,32,256,0.01,10486,6,0.003663466000034532,-1,0.5,2.045280612244898
cpu,SS,1048576,32,256,0.01,10486,7,0.006494778000160295,-1,0.5,2.045280612244898
cpu,DS,1048576,32,256,0.01,10486,7,0.01914022200026011,-1,0.5,2.045280612244898
cpu,DS,1048576,32,256,0.01,10486,8,0.020192261999909533,-1,0.5,2.045280612244898
cpu,SS,1048576,32,256,0.01,10486,8,0.0035193450003134785,-1,0.5,2.045280612244898
cpu,SS,1048576,32,256,0.01,10486,9,0.0035280239999337937,-1,0.5,2.045280612244898
cpu,DS,1048576,32,256,0.01,10486,9,0.02069346600001154,-1,0.5,2.045280612244898
cpu,DS,1048576,32,256,0.01,10486,10,0.021837261999735347,-1,0.5,2.045280612244898
cpu,SS,1048576,32,256,0.01,10486,10,0.004967082999883132,-1,0.5,2.045280612244898
cpu,SS,1048576,32,256,0.01,10486,11,0.0034281729999747768,-1,0.5,2.045280612244898
cpu,DS,1048576,32,256,0.01,10486,11,0.020112011000037455,-1,0.5,2.045280612244898
cpu,DS,1048576,32,256,0.01,10486,12,0.019242119999944407,-1,0.5,2.045280612244898
cpu,SS,1048576,32,256,0.01,10486,12,0.0035171029999219172,-1,0.5,2.045280612244898
cpu,SS,1048576,32,256,0.01,10486,13,0.003586042999813799,-1,0.5,2.045280612244898
cpu,DS,1048576,32,256,0.01,10486,13,0.01864321099992594,-1,0.5,2.045280612244898
cpu,DS,1048576,32,256,0.01,10486,14,0.019757560000016383,-1,0.5,2.045280612244898
cpu,SS,1048576,32,256,0.01,10486,14,0.004739005999908841,-1,0.5,2.045280612244898
gpu,DS,1048576,32,256,0.01,10486,0,0.0015400639772415162,1890,0.5,2.045280612244898
gpu,SS,1048576,32,256,0.01,10486,0,0.0002099200040102005,1890,0.5,2.045280612244898
gpu,SS,1048576,32,256,0.01,10486,1,0.006052224159240722,1890,0.5,2.045280612244898
gpu,DS,1048576,32,256,0.01,10486,1,0.001603775978088379,1890,0.5,2.045280612244898
gpu,DS,1048576,32,256,0.01,10486,2,0.0015155199766159057,1890,0.5,2.045280612244898
gpu,SS,1048576,32,256,0.01,10486,2,0.0003112959861755371,1890,0.5,2.045280612244898
gpu,SS,1048576,32,256,0.01,10486,3,0.00018972800672054292,1890,0.5,2.045280612244898
gpu,DS,1048576,32,256,0.01,10486,3,0.0016004799604415895,1890,0.5,2.045280612244898
gpu,DS,1048576,32,256,0.01,10486,4,0.001528223991394043,1890,0.5,2.045280612244898
gpu,SS,1048576,32,256,0.01,10486,4,0.00021881599724292756,1890,0.5,2.045280612244898
gpu,SS,1048576,32,256,0.01,10486,5,0.00019280000030994415,1890,0.5,2.045280612244898
gpu,DS,1048576,32,256,0.01,10486,5,0.002040191888809204,1890,0.5,2.045280612244898
gpu,DS,1048576,32,256,0.01,10486,6,0.00232857608795166,1890,0.5,2.045280612244898
gpu,SS,1048576,32,256,0.01,10486,6,0.00011414399743080139,1890,0.5,2.045280612244898
gpu,SS,1048576,32,256,0.01,10486,7,0.00011126399785280228,1890,0.5,2.045280612244898
gpu,DS,1048576,32,256,0.01,10486,7,0.0015691839456558228,1890,0.5,2.045280612244898
gpu,DS,1048576,32,256,0.01,10486,8,0.0015011520385742186,1890,0.5,2.045280612244898
gpu,SS,1048576,32,256,0.01,10486,8,0.00018960000574588776,1890,0.5,2.045280612244898
gpu,SS,1048576,32,256,0.01,10486,9,0.00018246400356292724,1890,0.5,2.045280612244898
gpu,DS,1048576,32,256,0.01,10486,9,0.0015055040121078492,1890,0.5,2.045280612244898
gpu,DS,1048576,32,256,0.01,10486,10,0.0016684479713439942,1890,0.5,2.045280612244898
gpu,SS,1048576,32,256,0.01,10486,10,0.00019312000274658204,1890,0.5,2.045280612244898
gpu,SS,1048576,32,256,0.01,10486,11,0.000233024001121521,1890,0.5,2.045280612244898
gpu,DS,1048576,32,256,0.01,10486,11,0.001554527997970581,1890,0.5,2.045280612244898
gpu,DS,1048576,32,256,0.01,10486,12,0.001594208002090454,1890,0.5,2.045280612244898
gpu,SS,1048576,32,256,0.01,10486,12,0.00019295999407768248,1890,0.5,2.045280612244898
gpu,SS,1048576,32,256,0.01,10486,13,0.00018991999328136445,1890,0.5,2.045280612244898
gpu,DS,1048576,32,256,0.01,10486,13,0.0016032960414886475,1890,0.5,2.045280612244898
gpu,DS,1048576,32,256,0.01,10486,14,0.002796544075012207,1890,0.5,2.045280612244898
gpu,SS,1048576,32,256,0.01,10486,14,0.0002030719965696335,1890,0.5,2.045280612244898
cpu,DS,1048576,32,256,0.03,31457,0,0.02147023400038961,-1,0.5,2.018511380614808
cpu,SS,1048576,32,256,0.03,31457,0,0.009851575000084267,-1,0.5,2.018511380614808
cpu,SS,1048576,32,256,0.03,31457,1,0.010341565000089759,-1,0.5,2.018511380614808
cpu,DS,1048576,32,256,0.03,31457,1,0.0211031069998171,-1,0.5,2.018511380614808
cpu,DS,1048576,32,256,0.03,31457,2,0.01930325900002572,-1,0.5,2.018511380614808
cpu,SS,1048576,32,256,0.03,31457,2,0.009099768999931257,-1,0.5,2.018511380614808
cpu,SS,1048576,32,256,0.03,31457,3,0.009484838000389573,-1,0.5,2.018511380614808
cpu,DS,1048576,32,256,0.03,31457,3,0.021863492999727896,-1,0.5,2.018511380614808
cpu,DS,1048576,32,256,0.03,31457,4,0.02153420000013284,-1,0.5,2.018511380614808
cpu,SS,1048576,32,256,0.03,31457,4,0.00963734500010105,-1,0.5,2.018511380614808
cpu,SS,1048576,32,256,0.03,31457,5,0.010058393999770487,-1,0.5,2.018511380614808
cpu,DS,1048576,32,256,0.03,31457,5,0.02099974500015378,-1,0.5,2.018511380614808
cpu,DS,1048576,32,256,0.03,31457,6,0.022451090999766166,-1,0.5,2.018511380614808
cpu,SS,1048576,32,256,0.03,31457,6,0.010224356999970041,-1,0.5,2.018511380614808
cpu,SS,1048576,32,256,0.03,31457,7,0.011898708999979135,-1,0.5,2.018511380614808
cpu,DS,1048576,32,256,0.03,31457,7,0.02147783899999922,-1,0.5,2.018511380614808
cpu,DS,1048576,32,256,0.03,31457,8,0.019820162000087294,-1,0.5,2.018511380614808
cpu,SS,1048576,32,256,0.03,31457,8,0.009150279000095907,-1,0.5,2.018511380614808
cpu,SS,1048576,32,256,0.03,31457,9,0.009203617999901326,-1,0.5,2.018511380614808
cpu,DS,1048576,32,256,0.03,31457,9,0.02264991399988503,-1,0.5,2.018511380614808
cpu,DS,1048576,32,256,0.03,31457,10,0.019571900999835634,-1,0.5,2.018511380614808
cpu,SS,1048576,32,256,0.03,31457,10,0.009074513999621558,-1,0.5,2.018511380614808
cpu,SS,1048576,32,256,0.03,31457,11,0.00928659900000639,-1,0.5,2.018511380614808
cpu,DS,1048576,32,256,0.03,31457,11,0.027757412000028125,-1,0.5,2.018511380614808
cpu,DS,1048576,32,256,0.03,31457,12,0.02204125500020382,-1,0.5,2.018511380614808
cpu,SS,1048576,32,256,0.03,31457,12,0.01052644399987912,-1,0.5,2.018511380614808
cpu,SS,1048576,32,256,0.03,31457,13,0.009994134999942617,-1,0.5,2.018511380614808
cpu,DS,1048576,32,256,0.03,31457,13,0.021426938999866252,-1,0.5,2.018511380614808
cpu,DS,1048576,32,256,0.03,31457,14,0.02250257600007899,-1,0.5,2.018511380614808
cpu,SS,1048576,32,256,0.03,31457,14,0.008924738000132493,-1,0.5,2.018511380614808
gpu,DS,1048576,32,256,0.03,31457,0,0.0015155199766159057,1890,0.5,2.018511380614808
gpu,SS,1048576,32,256,0.03,31457,0,0.0002795200049877167,1890,0.5,2.018511380614808
gpu,SS,1048576,32,256,0.03,31457,1,0.00027737599611282347,1890,0.5,2.018511380614808
gpu,DS,1048576,32,256,0.03,31457,1,0.0015325440168380737,1890,0.5,2.018511380614808
gpu,DS,1048576,32,256,0.03,31457,2,0.0015321600437164307,1890,0.5,2.018511380614808
gpu,SS,1048576,32,256,0.03,31457,2,0.00027344000339508056,1890,0.5,2.018511380614808
gpu,SS,1048576,32,256,0.03,31457,3,0.0003609600067138672,1890,0.5,2.018511380614808
gpu,DS,1048576,32,256,0.03,31457,3,0.0015408960580825806,1890,0.5,2.018511380614808
gpu,DS,1048576,32,256,0.03,31457,4,0.0015344640016555786,1890,0.5,2.018511380614808
gpu,SS,1048576,32,256,0.03,31457,4,0.0002703360021114349,1890,0.5,2.018511380614808
gpu,SS,1048576,32,256,0.03,31457,5,0.0002703360021114349,1890,0.5,2.018511380614808
gpu,DS,1048576,32,256,0.03,31457,5,0.001464128017425537,1890,0.5,2.018511380614808
gpu,DS,1048576,32,256,0.03,31457,6,0.0014376640319824219,1890,0.5,2.018511380614808
gpu,SS,1048576,32,256,0.03,31457,6,0.0002048320025205612,1890,0.5,2.018511380614808
gpu,SS,1048576,32,256,0.03,31457,7,0.00020294399559497834,1890,0.5,2.018511380614808
gpu,DS,1048576,32,256,0.03,31457,7,0.0014472320079803468,1890,0.5,2.018511380614808
gpu,DS,1048576,32,256,0.03,31457,8,0.001441215991973877,1890,0.5,2.018511380614808
gpu,SS,1048576,32,256,0.03,31457,8,0.0002703360021114349,1890,0.5,2.018511380614808
gpu,SS,1048576,32,256,0.03,31457,9,0.0002677440047264099,1890,0.5,2.018511380614808
gpu,DS,1048576,32,256,0.03,31457,9,0.0014376959800720215,1890,0.5,2.018511380614808
gpu,DS,1048576,32,256,0.03,31457,10,0.0015011839866638183,1890,0.5,2.018511380614808
gpu,SS,1048576,32,256,0.03,31457,10,0.00027638399600982664,1890,0.5,2.018511380614808
gpu,SS,1048576,32,256,0.03,31457,11,0.0002826240062713623,1890,0.5,2.018511380614808
gpu,DS,1048576,32,256,0.03,31457,11,0.0017115520238876344,1890,0.5,2.018511380614808
gpu,DS,1048576,32,256,0.03,31457,12,0.0015165120363235473,1890,0.5,2.018511380614808
gpu,SS,1048576,32,256,0.03,31457,12,0.00026905599236488344,1890,0.5,2.018511380614808
gpu,SS,1048576,32,256,0.03,31457,13,0.0002651199996471405,1890,0.5,2.018511380614808
gpu,DS,1048576,32,256,0.03,31457,13,0.001495136022567749,1890,0.5,2.018511380614808
gpu,DS,1048576,32,256,0.03,31457,14,0.001423359990119934,1890,0.5,2.018511380614808
gpu,SS,1048576,32,256,0.03,31457,14,0.0003604480028152466,1890,0.5,2.018511380614808
cpu,DS,1048576,32,256,0.1,104858,0,0.018698596999911388,-1,0.5,2.0042980745389003
cpu,SS,1048576,32,256,0.1,104858,0,0.022602427000038006,-1,0.5,2.0042980745389003
cpu,SS,1048576,32,256,0.1,104858,1,0.02520926999977746,-1,0.5,2.0042980745389003
cpu,DS,1048576,32,256,0.1,104858,1,0.019996753000214085,-1,0.5,2.0042980745389003
cpu,DS,1048576,32,256,0.1,104858,2,0.018758467999759887,-1,0.5,2.0042980745389003
cpu,SS,1048576,32,256,0.1,104858,2,0.02506076200006646,-1,0.5,2.0042980745389003
cpu,SS,1048576,32,256,0.1,104858,3,0.026645891000043775,-1,0.5,2.0042980745389003
cpu,DS,1048576,32,256,0.1,104858,3,0.022256655000091996,-1,0.5,2.0042980745389003
cpu,DS,1048576,32,256,0.1,104858,4,0.01956370900006732,-1,0.5,2.0042980745389003
cpu,SS,1048576,32,256,0.1,104858,4,0.023346333999597846,-1,0.5,2.0042980745389003
cpu,SS,1048576,32,256,0.1,104858,5,0.023394600999836257,-1,0.5,2.0042980745389003
cpu,DS,1048576,32,256,0.1,104858,5,0.0195761909999419,-1,0.5,2.0042980745389003
cpu,DS,1048576,32,256,0.1,104858,6,0.02126877599994259,-1,0.5,2.0042980745389003
cpu,SS,1048576,32,256,0.1,104858,6,0.02350322700021934,-1,0.5,2.0042980745389003
cpu,SS,1048576,32,256,0.1,104858,7,0.025190157999986695,-1,0.5,2.0042980745389003
cpu,DS,1048576,32,256,0.1,104858,7,0.01943509400007315,-1,0.5,2.0042980745389003
cpu,DS,1048576,32,256,0.1,104858,8,0.021229479999874457,-1,0.5,2.0042980745389003
cpu,SS,1048576,32,256,0.1,104858,8,0.022459768999851804,-1,0.5,2.0042980745389003
cpu,SS,1048576,32,256,0.1,104858,9,0.0206956099996205,-1,0.5,2.0042980745389003
cpu,DS,1048576,32,256,0.1,104858,9,0.020610289000160265,-1,0.5,2.0042980745389003
cpu,DS,1048576,32,256,0.1,104858,10,0.01906104299996514,-1,0.5,2.0042980745389003
cpu,SS,1048576,32,256,0.1,104858,10,0.023469196999940323,-1,0.5,2.0042980745389003
cpu,SS,1048576,32,256,0.1,104858,11,0.02268072700007906,-1,0.5,2.0042980745389003
cpu,DS,1048576,32,256,0.1,104858,11,0.02071618500031036,-1,0.5,2.0042980745389003
cpu,DS,1048576,32,256,0.1,104858,12,0.021089162999942346,-1,0.5,2.0042980745389003
cpu,SS,1048576,32,256,0.1,104858,12,0.023332389000188414,-1,0.5,2.0042980745389003
cpu,SS,1048576,32,256,0.1,104858,13,0.018802153000251565,-1,0.5,2.0042980745389003
cpu,DS,1048576,32,256,0.1,104858,13,0.01964113299982273,-1,0.5,2.0042980745389003
cpu,DS,1048576,32,256,0.1,104858,14,0.01671377200000279,-1,0.5,2.0042980745389003
cpu,SS,1048576,32,256,0.1,104858,14,0.02466184599961707,-1,0.5,2.0042980745389003
gpu,DS,1048576,32,256,0.1,104858,0,0.001446176052093506,1875,0.5,2.0042980745389003
gpu,SS,1048576,32,256,0.1,104858,0,0.0004855999946594238,1875,0.5,2.0042980745389003
gpu,SS,1048576,32,256,0.1,104858,1,0.0004877760112285614,1875,0.5,2.0042980745389003
gpu,DS,1048576,32,256,0.1,104858,1,0.0014852479696273804,1875,0.5,2.0042980745389003
gpu,DS,1048576,32,256,0.1,104858,2,0.001589792013168335,1875,0.5,2.0042980745389003
gpu,SS,1048576,32,256,0.1,104858,2,0.0005459840297698975,1875,0.5,2.0042980745389003
gpu,SS,1048576,32,256,0.1,104858,3,0.0004805440008640289,1875,0.5,2.0042980745389003
gpu,DS,1048576,32,256,0.1,104858,3,0.001474560022354126,1875,0.5,2.0042980745389003
gpu,DS,1048576,32,256,0.1,104858,4,0.0014601600170135497,1875,0.5,2.0042980745389003
gpu,SS,1048576,32,256,0.1,104858,4,0.0004752959907054901,1875,0.5,2.0042980745389003
gpu,SS,1048576,32,256,0.1,104858,5,0.00042150399088859556,1875,0.5,2.0042980745389003
gpu,DS,1048576,32,256,0.1,104858,5,0.0014511679410934449,1875,0.5,2.0042980745389003
gpu,DS,1048576,32,256,0.1,104858,6,0.001416800022125244,1875,0.5,2.0042980745389003
gpu,SS,1048576,32,256,0.1,104858,6,0.0004669120013713837,1875,0.5,2.0042980745389003
gpu,SS,1048576,32,256,0.1,104858,7,0.0005189440250396728,1875,0.5,2.0042980745389003
gpu,DS,1048576,32,256,0.1,104858,7,0.0014252159595489501,1875,0.5,2.0042980745389003
gpu,DS,1048576,32,256,0.1,104858,8,0.001472480058670044,1875,0.5,2.0042980745389003
gpu,SS,1048576,32,256,0.1,104858,8,0.0005128639936447144,1875,0.5,2.0042980745389003
gpu,SS,1048576,32,256,0.1,104858,9,0.000497983992099762,1875,0.5,2.0042980745389003
gpu,DS,1048576,32,256,0.1,104858,9,0.001525760054588318,1875,0.5,2.0042980745389003
gpu,DS,1048576,32,256,0.1,104858,10,0.0014320640563964843,1875,0.5,2.0042980745389003
gpu,SS,1048576,32,256,0.1,104858,10,0.00048127999901771543,1875,0.5,2.0042980745389003
gpu,SS,1048576,32,256,0.1,104858,11,0.0005038080215454101,1875,0.5,2.0042980745389003
gpu,DS,1048576,32,256,0.1,104858,11,0.0015421439409255982,1875,0.5,2.0042980745389003
gpu,DS,1048576,32,256,0.1,104858,12,0.0014374079704284669,1875,0.5,2.0042980745389003
gpu,SS,1048576,32,256,0.1,104858,12,0.0005224639773368835,1875,0.5,2.0042980745389003
gpu,SS,1048576,32,256,0.1,104858,13,0.0004239360094070435,1875,0.5,2.0042980745389003
gpu,DS,1048576,32,256,0.1,104858,13,0.001559999942779541,1875,0.5,2.0042980745389003
gpu,DS,1048576,32,256,0.1,104858,14,0.001525760054588318,1875,0.5,2.0042980745389003
gpu,SS,1048576,32,256,0.1,104858,14,0.0004920639991760254,1875,0.5,2.0042980745389003
cpu,DS,1048576,32,256,0.2,209715,0,0.01903793300016332,-1,0.5,2.00266790644446
cpu,SS,1048576,32,256,0.2,209715,0,0.03307455799995296,-1,0.5,2.00266790644446
cpu,SS,1048576,32,256,0.2,209715,1,0.036822468000082154,-1,0.5,2.00266790644446
cpu,DS,1048576,32,256,0.2,209715,1,0.022090497000135656,-1,0.5,2.00266790644446
cpu,DS,1048576,32,256,0.2,209715,2,0.020932561000336136,-1,0.5,2.00266790644446
cpu,SS,1048576,32,256,0.2,209715,2,0.03494958500004941,-1,0.5,2.00266790644446
cpu,SS,1048576,32,256,0.2,209715,3,0.040153423999981896,-1,0.5,2.00266790644446
cpu,DS,1048576,32,256,0.2,209715,3,0.01795702999970672,-1,0.5,2.00266790644446
cpu,DS,1048576,32,256,0.2,209715,4,0.018729118000010203,-1,0.5,2.00266790644446
cpu,SS,1048576,32,256,0.2,209715,4,0.038169769999967684,-1,0.5,2.00266790644446
cpu,SS,1048576,32,256,0.2,209715,5,0.03614993900009722,-1,0.5,2.00266790644446
cpu,DS,1048576,32,256,0.2,209715,5,0.02158724599985362,-1,0.5,2.00266790644446
cpu,DS,1048576,32,256,0.2,209715,6,0.020108792999963043,-1,0.5,2.00266790644446
cpu,SS,1048576,32,256,0.2,209715,6,0.035574821999944106,-1,0.5,2.00266790644446
cpu,SS,1048576,32,256,0.2,209715,7,0.04065043400032664,-1,0.5,2.00266790644446
cpu,DS,1048576,32,256,0.2,209715,7,0.020441693000066152,-1,0.5,2.00266790644446
cpu,DS,1048576,32,256,0.2,209715,8,0.018050933000267833,-1,0.5,2.00266790644446
cpu,SS,1048576,32,256,0.2,209715,8,0.03963622899982511,-1,0.5,2.00266790644446
cpu,SS,1048576,32,256,0.2,209715,9,0.039305279000018345,-1,0.5,2.00266790644446
cpu,DS,1048576,32,256,0.2,209715,9,0.020408150000093883,-1,0.5,2.00266790644446
cpu,DS,1048576,32,256,0.2,209715,10,0.02125083500004621,-1,0.5,2.00266790644446
cpu,SS,1048576,32,256,0.2,209715,10,0.035560097999677964,-1,0.5,2.00266790644446
cpu,SS,1048576,32,256,0.2,209715,11,0.038319350000165286,-1,0.5,2.00266790644446
cpu,DS,1048576,32,256,0.2,209715,11,0.019087662999936583,-1,0.5,2.00266790644446
cpu,DS,1048576,32,256,0.2,209715,12,0.019350453999777528,-1,0.5,2.00266790644446
cpu,SS,1048576,32,256,0.2,209715,12,0.036392154000168375,-1,0.5,2.00266790644446
cpu,SS,1048576,32,256,0.2,209715,13,0.03518321999990803,-1,0.5,2.00266790644446
cpu,DS,1048576,32,256,0.2,209715,13,0.01873730900024384,-1,0.5,2.00266790644446
cpu,DS,1048576,32,256,0.2,209715,14,0.019887249000021257,-1,0.5,2.00266790644446
cpu,SS,1048576,32,256,0.2,209715,14,0.040276384000208054,-1,0.5,2.00266790644446
gpu,DS,1048576,32,256,0.2,209715,0,0.0015543359518051148,1875,0.5,2.00266790644446
gpu,SS,1048576,32,256,0.2,209715,0,0.0009097279906272888,1875,0.5,2.00266790644446
gpu,SS,1048576,32,256,0.2,209715,1,0.0009085760116577149,1875,0.5,2.00266790644446
gpu,DS,1048576,32,256,0.2,209715,1,0.0015132479667663574,1875,0.5,2.00266790644446
gpu,DS,1048576,32,256,0.2,209715,2,0.0015190399885177612,1875,0.5,2.00266790644446
gpu,SS,1048576,32,256,0.2,209715,2,0.0009069759845733642,1875,0.5,2.00266790644446
gpu,SS,1048576,32,256,0.2,209715,3,0.0009022399783134461,1875,0.5,2.00266790644446
gpu,DS,1048576,32,256,0.2,209715,3,0.002127680063247681,1875,0.5,2.00266790644446
gpu,DS,1048576,32,256,0.2,209715,4,0.0014216959476470946,1875,0.5,2.00266790644446
gpu,SS,1048576,32,256,0.2,209715,4,0.0008976320028305053,1875,0.5,2.00266790644446
gpu,SS,1048576,32,256,0.2,209715,5,0.0008979840278625489,1875,0.5,2.00266790644446
gpu,DS,1048576,32,256,0.2,209715,5,0.0014582400321960448,1875,0.5,2.00266790644446
gpu,DS,1048576,32,256,0.2,209715,6,0.0014306240081787109,1875,0.5,2.00266790644446
gpu,SS,1048576,32,256,0.2,209715,6,0.000947264015674591,1875,0.5,2.00266790644446
gpu,SS,1048576,32,256,0.2,209715,7,0.0008357120156288147,1875,0.5,2.00266790644446
gpu,DS,1048576,32,256,0.2,209715,7,0.0014870719909667969,1875,0.5,2.00266790644446
gpu,DS,1048576,32,256,0.2,209715,8,0.0014602240324020385,1875,0.5,2.00266790644446
gpu,SS,1048576,32,256,0.2,209715,8,0.0008991680145263672,1875,0.5,2.00266790644446
gpu,SS,1048576,32,256,0.2,209715,9,0.000879360020160675,1875,0.5,2.00266790644446
gpu,DS,1048576,32,256,0.2,209715,9,0.0015426880121231078,1875,0.5,2.00266790644446
gpu,DS,1048576,32,256,0.2,209715,10,0.0025434880256652833,1875,0.5,2.00266790644446
gpu,SS,1048576,32,256,0.2,209715,10,0.0009176959991455078,1875,0.5,2.00266790644446
gpu,SS,1048576,32,256,0.2,209715,11,0.0009222080111503601,1875,0.5,2.00266790644446
gpu,DS,1048576,32,256,0.2,209715,11,0.0014731839895248413,1875,0.5,2.00266790644446
gpu,DS,1048576,32,256,0.2,209715,12,0.001411136031150818,1875,0.5,2.00266790644446
gpu,SS,1048576,32,256,0.2,209715,12,0.0008339200019836426,1875,0.5,2.00266790644446
gpu,SS,1048576,32,256,0.2,209715,13,0.0008341439962387085,1875,0.5,2.00266790644446
gpu,DS,1048576,32,256,0.2,209715,13,0.0014008640050888063,1875,0.5,2.00266790644446
gpu,DS,1048576,32,256,0.2,209715,14,0.0015121279954910278,1875,0.5,2.00266790644446
gpu,SS,1048576,32,256,0.2,209715,14,0.0008341439962387085,1875,0.5,2.00266790644446
cpu,DS,1048576,32,256,0.3,314573,0,0.019198727999992116,-1,0.5,2.0077013125729164
cpu,SS,1048576,32,256,0.3,314573,0,0.06173238100018352,-1,0.5,2.0077013125729164
cpu,SS,1048576,32,256,0.3,314573,1,0.05474107899999581,-1,0.5,2.0077013125729164
cpu,DS,1048576,32,256,0.3,314573,1,0.02013229300018793,-1,0.5,2.0077013125729164
cpu,DS,1048576,32,256,0.3,314573,2,0.022595795999677648,-1,0.5,2.0077013125729164
cpu,SS,1048576,32,256,0.3,314573,2,0.051156792000256246,-1,0.5,2.0077013125729164
cpu,SS,1048576,32,256,0.3,314573,3,0.05195062399980088,-1,0.5,2.0077013125729164
cpu,DS,1048576,32,256,0.3,314573,3,0.020586983999692166,-1,0.5,2.0077013125729164
cpu,DS,1048576,32,256,0.3,314573,4,0.02488690099971791,-1,0.5,2.0077013125729164
cpu,SS,1048576,32,256,0.3,314573,4,0.056820682999841665,-1,0.5,2.0077013125729164
cpu,SS,1048576,32,256,0.3,314573,5,0.049767560999953275,-1,0.5,2.0077013125729164
cpu,DS,1048576,32,256,0.3,314573,5,0.017257495000194467,-1,0.5,2.0077013125729164
cpu,DS,1048576,32,256,0.3,314573,6,0.020422385999609105,-1,0.5,2.0077013125729164
cpu,SS,1048576,32,256,0.3,314573,6,0.05672521299993605,-1,0.5,2.0077013125729164
cpu,SS,1048576,32,256,0.3,314573,7,0.05319706000000224,-1,0.5,2.0077013125729164
cpu,DS,1048576,32,256,0.3,314573,7,0.022913083999810624,-1,0.5,2.0077013125729164
cpu,DS,1048576,32,256,0.3,314573,8,0.023386335000395775,-1,0.5,2.0077013125729164
cpu,SS,1048576,32,256,0.3,314573,8,0.06520243499971912,-1,0.5,2.0077013125729164
cpu,SS,1048576,32,256,0.3,314573,9,0.05476227500003006,-1,0.5,2.0077013125729164
cpu,DS,1048576,32,256,0.3,314573,9,0.023606059000030655,-1,0.5,2.0077013125729164
cpu,DS,1048576,32,256,0.3,314573,10,0.022923435999928188,-1,0.5,2.0077013125729164
cpu,SS,1048576,32,256,0.3,314573,10,0.057660835000206134,-1,0.5,2.0077013125729164
cpu,SS,1048576,32,256,0.3,314573,11,0.05825567400006548,-1,0.5,2.0077013125729164
cpu,DS,1048576,32,256,0.3,314573,11,0.01929397699996116,-1,0.5,2.0077013125729164
cpu,DS,1048576,32,256,0.3,314573,12,0.02201010299995687,-1,0.5,2.0077013125729164
cpu,SS,1048576,32,256,0.3,314573,12,0.060827500999948825,-1,0.5,2.0077013125729164
cpu,SS,1048576,32,256,0.3,314573,13,0.053613055999903736,-1,0.5,2.0077013125729164
cpu,DS,1048576,32,256,0.3,314573,13,0.021450652000112314,-1,0.5,2.0077013125729164
cpu,DS,1048576,32,256,0.3,314573,14,0.021842457999809994,-1,0.5,2.0077013125729164
cpu,SS,1048576,32,256,0.3,314573,14,0.054280573000141885,-1,0.5,2.0077013125729164
gpu,DS,1048576,32,256,0.3,314573,0,0.0014991680383682252,1875,0.5,2.0077013125729164
gpu,SS,1048576,32,256,0.3,314573,0,0.0014380799531936645,1875,0.5,2.0077013125729164
gpu,SS,1048576,32,256,0.3,314573,1,0.001454367995262146,1875,0.5,2.0077013125729164
gpu,DS,1048576,32,256,0.3,314573,1,0.0017346559762954712,1875,0.5,2.0077013125729164
gpu,DS,1048576,32,256,0.3,314573,2,0.0014333759546279908,1875,0.5,2.0077013125729164
gpu,SS,1048576,32,256,0.3,314573,2,0.0014355839490890502,1875,0.5,2.0077013125729164
gpu,SS,1048576,32,256,0.3,314573,3,0.0014354879856109618,1875,0.5,2.0077013125729164
gpu,DS,1048576,32,256,0.3,314573,3,0.0015185279846191405,1875,0.5,2.0077013125729164
gpu,DS,1048576,32,256,0.3,314573,4,0.0014970879554748536,1875,0.5,2.0077013125729164
gpu,SS,1048576,32,256,0.3,314573,4,0.0019537919759750368,1875,0.5,2.0077013125729164
gpu,SS,1048576,32,256,0.3,314573,5,0.0014351359605789184,1875,0.5,2.0077013125729164
gpu,DS,1048576,32,256,0.3,314573,5,0.0015544320344924928,1875,0.5,2.0077013125729164
gpu,DS,1048576,32,256,0.3,314573,6,0.0014987519979476928,1875,0.5,2.0077013125729164
gpu,SS,1048576,32,256,0.3,314573,6,0.001439743995666504,1875,0.5,2.0077013125729164
gpu,SS,1048576,32,256,0.3,314573,7,0.001467136025428772,1875,0.5,2.0077013125729164
gpu,DS,1048576,32,256,0.3,314573,7,0.001765663981437683,1875,0.5,2.0077013125729164
gpu,DS,1048576,32,256,0.3,314573,8,0.0015091840028762817,1875,0.5,2.0077013125729164
gpu,SS,1048576,32,256,0.3,314573,8,0.0014312959909439087,1875,0.5,2.0077013125729164
gpu,SS,1048576,32,256,0.3,314573,9,0.001435520052909851,1875,0.5,2.0077013125729164
gpu,DS,1048576,32,256,0.3,314573,9,0.0015145599842071532,1875,0.5,2.0077013125729164
gpu,DS,1048576,32,256,0.3,314573,10,0.001518496036529541,1875,0.5,2.0077013125729164
gpu,SS,1048576,32,256,0.3,314573,10,0.0014360640048980712,1875,0.5,2.0077013125729164
gpu,SS,1048576,32,256,0.3,314573,11,0.0014360320568084716,1875,0.5,2.0077013125729164
gpu,DS,1048576,32,256,0.3,314573,11,0.0015153599977493287,1875,0.5,2.0077013125729164
gpu,DS,1048576,32,256,0.3,314573,12,0.0015073280334472656,1875,0.5,2.0077013125729164
gpu,SS,1048576,32,256,0.3,314573,12,0.001429695963859558,1875,0.5,2.0077013125729164
gpu,SS,1048576,32,256,0.3,314573,13,0.0014575680494308472,1875,0.5,2.0077013125729164
gpu,DS,1048576,32,256,0.3,314573,13,0.00254857611656189,1875,0.5,2.0077013125729164
gpu,DS,1048576,32,256,0.3,314573,14,0.0014089599847793579,1875,0.5,2.0077013125729164
gpu,SS,1048576,32,256,0.3,314573,14,0.0014173439741134643,1875,0.5,2.0077013125729164
cpu,DS,1048576,32,256,0.5,524288,0,0.0221370780000143,-1,0.5,2.0000234842300415
cpu,SS,1048576,32,256,0.5,524288,0,0.09126950800009581,-1,0.5,2.0000234842300415
cpu,SS,1048576,32,256,0.5,524288,1,0.08541640100020231,-1,0.5,2.0000234842300415
cpu,DS,1048576,32,256,0.5,524288,1,0.019577083000058337,-1,0.5,2.0000234842300415
cpu,DS,1048576,32,256,0.5,524288,2,0.022385536000001593,-1,0.5,2.0000234842300415
cpu,SS,1048576,32,256,0.5,524288,2,0.09092323100003341,-1,0.5,2.0000234842300415
cpu,SS,1048576,32,256,0.5,524288,3,0.0897319690002405,-1,0.5,2.0000234842300415
cpu,DS,1048576,32,256,0.5,524288,3,0.021711574000164546,-1,0.5,2.0000234842300415
cpu,DS,1048576,32,256,0.5,524288,4,0.021702595000078873,-1,0.5,2.0000234842300415
cpu,SS,1048576,32,256,0.5,524288,4,0.08597521899991989,-1,0.5,2.0000234842300415
cpu,SS,1048576,32,256,0.5,524288,5,0.09939992699992217,-1,0.5,2.0000234842300415
cpu,DS,1048576,32,256,0.5,524288,5,0.019444615000338672,-1,0.5,2.0000234842300415
cpu,DS,1048576,32,256,0.5,524288,6,0.02126790100010112,-1,0.5,2.0000234842300415
cpu,SS,1048576,32,256,0.5,524288,6,0.0894759059997341,-1,0.5,2.0000234842300415
cpu,SS,1048576,32,256,0.5,524288,7,0.08974168799977633,-1,0.5,2.0000234842300415
cpu,DS,1048576,32,256,0.5,524288,7,0.022144049999951676,-1,0.5,2.0000234842300415
cpu,DS,1048576,32,256,0.5,524288,8,0.02289385800031596,-1,0.5,2.0000234842300415
cpu,SS,1048576,32,256,0.5,524288,8,0.08546615600016594,-1,0.5,2.0000234842300415
cpu,SS,1048576,32,256,0.5,524288,9,0.07509780400005184,-1,0.5,2.0000234842300415
cpu,DS,1048576,32,256,0.5,524288,9,0.016651790000196343,-1,0.5,2.0000234842300415
cpu,DS,1048576,32,256,0.5,524288,10,0.02138466199994582,-1,0.5,2.0000234842300415
cpu,SS,1048576,32,256,0.5,524288,10,0.07452862599984655,-1,0.5,2.0000234842300415
cpu,SS,1048576,32,256,0.5,524288,11,0.08170277400040504,-1,0.5,2.0000234842300415
cpu,DS,1048576,32,256,0.5,524288,11,0.02043237299994871,-1,0.5,2.0000234842300415
cpu,DS,1048576,32,256,0.5,524288,12,0.020965659000012238,-1,0.5,2.0000234842300415
cpu,SS,1048576,32,256,0.5,524288,12,0.08803589399985867,-1,0.5,2.0000234842300415
cpu,SS,1048576,32,256,0.5,524288,13,0.07627640700002303,-1,0.5,2.0000234842300415
cpu,DS,1048576,32,256,0.5,524288,13,0.019994940999822575,-1,0.5,2.0000234842300415
cpu,DS,1048576,32,256,0.5,524288,14,0.019552242000372644,-1,0.5,2.0000234842300415
cpu,SS,1048576,32,256,0.5,524288,14,0.08606461899989881,-1,0.5,2.0000234842300415
gpu,DS,1048576,32,256,0.5,524288,0,0.0015014079809188843,1470,0.5,2.0000234842300415
gpu,SS,1048576,32,256,0.5,524288,0,0.003536672115325928,1470,0.5,2.0000234842300415
gpu,SS,1048576,32,256,0.5,524288,1,0.0034024960994720457,1470,0.5,2.0000234842300415
gpu,DS,1048576,32,256,0.5,524288,1,0.0018412480354309082,1470,0.5,2.0000234842300415
gpu,DS,1048576,32,256,0.5,524288,2,0.001521440029144287,1470,0.5,2.0000234842300415
gpu,SS,1048576,32,256,0.5,524288,2,0.0034964480400085447,1470,0.5,2.0000234842300415
gpu,SS,1048576,32,256,0.5,524288,3,0.004209407806396484,1470,0.5,2.0000234842300415
gpu,DS,1048576,32,256,0.5,524288,3,0.0015225919485092163,1470,0.5,2.0000234842300415
gpu,DS,1048576,32,256,0.5,524288,4,0.0015365760326385498,1470,0.5,2.0000234842300415
gpu,SS,1048576,32,256,0.5,524288,4,0.00348524808883667,1470,0.5,2.0000234842300415
gpu,SS,1048576,32,256,0.5,524288,5,0.003490783929824829,1470,0.5,2.0000234842300415
gpu,DS,1048576,32,256,0.5,524288,5,0.0016021759510040283,1470,0.5,2.0000234842300415
gpu,DS,1048576,32,256,0.5,524288,6,0.0015548160076141358,1470,0.5,2.0000234842300415
gpu,SS,1048576,32,256,0.5,524288,6,0.003486207962036133,1470,0.5,2.0000234842300415
gpu,SS,1048576,32,256,0.5,524288,7,0.005212160110473632,1470,0.5,2.0000234842300415
gpu,DS,1048576,32,256,0.5,524288,7,0.0015605759620666503,1470,0.5,2.0000234842300415
gpu,DS,1048576,32,256,0.5,524288,8,0.0015356800556182862,1470,0.5,2.0000234842300415
gpu,SS,1048576,32,256,0.5,524288,8,0.0034916160106658934,1470,0.5,2.0000234842300415
gpu,SS,1048576,32,256,0.5,524288,9,0.0034311680793762205,1470,0.5,2.0000234842300415
gpu,DS,1048576,32,256,0.5,524288,9,0.0015930559635162355,1470,0.5,2.0000234842300415
gpu,DS,1048576,32,256,0.5,524288,10,0.001515936017036438,1470,0.5,2.0000234842300415
gpu,SS,1048576,32,256,0.5,524288,10,0.004326208114624024,1470,0.5,2.0000234842300415
gpu,SS,1048576,32,256,0.5,524288,11,0.0034140160083770753,1470,0.5,2.0000234842300415
gpu,DS,1048576,32,256,0.5,524288,11,0.0015387840270996093,1470,0.5,2.0000234842300415
gpu,DS,1048576,32,256,0.5,524288,12,0.0014839359521865844,1470,0.5,2.0000234842300415
gpu,SS,1048576,32,256,0.5,524288,12,0.003526976108551025,1470,0.5,2.0000234842300415
gpu,SS,1048576,32,256,0.5,524288,13,0.0034774079322814943,1470,0.5,2.0000234842300415
gpu,DS,1048576,32,256,0.5,524288,13,0.0015485440492630006,1470,0.5,2.0000234842300415
gpu,DS,1048576,32,256,0.5,524288,14,0.001448256015777588,1470,0.5,2.0000234842300415
gpu,SS,1048576,32,256,0.5,524288,14,0.00542310380935669,1470,0.5,2.0000234842300415
cpu,DS,1048576,32,256,0.7,734003,0,0.01943318099984026,-1,0.5,1.428588592280958
cpu,SS,1048576,32,256,0.7,734003,0,0.11584504199981893,-1,0.5,1.428588592280958
cpu,SS,1048576,32,256,0.7,734003,1,0.0968653820000327,-1,0.5,1.428588592280958
cpu,DS,1048576,32,256,0.7,734003,1,0.019378478999897197,-1,0.5,1.428588592280958
cpu,DS,1048576,32,256,0.7,734003,2,0.019303589999708493,-1,0.5,1.428588592280958
cpu,SS,1048576,32,256,0.7,734003,2,0.10382208100008938,-1,0.5,1.428588592280958
cpu,SS,1048576,32,256,0.7,734003,3,0.11737693400027638,-1,0.5,1.428588592280958
cpu,DS,1048576,32,256,0.7,734003,3,0.020844940999722894,-1,0.5,1.428588592280958
cpu,DS,1048576,32,256,0.7,734003,4,0.022158701000080328,-1,0.5,1.428588592280958
cpu,SS,1048576,32,256,0.7,734003,4,0.10434483600010935,-1,0.5,1.428588592280958
cpu,SS,1048576,32,256,0.7,734003,5,0.10602669799982323,-1,0.5,1.428588592280958
cpu,DS,1048576,32,256,0.7,734003,5,0.02142103300002418,-1,0.5,1.428588592280958
cpu,DS,1048576,32,256,0.7,734003,6,0.020590437999999267,-1,0.5,1.428588592280958
cpu,SS,1048576,32,256,0.7,734003,6,0.10471459600012167,-1,0.5,1.428588592280958
cpu,SS,1048576,32,256,0.7,734003,7,0.11304834000020492,-1,0.5,1.428588592280958
cpu,DS,1048576,32,256,0.7,734003,7,0.02129982700034816,-1,0.5,1.428588592280958
cpu,DS,1048576,32,256,0.7,734003,8,0.02121869800021159,-1,0.5,1.428588592280958
cpu,SS,1048576,32,256,0.7,734003,8,0.11902691100021912,-1,0.5,1.428588592280958
cpu,SS,1048576,32,256,0.7,734003,9,0.10830045100010466,-1,0.5,1.428588592280958
cpu,DS,1048576,32,256,0.7,734003,9,0.020952591999957804,-1,0.5,1.428588592280958
cpu,DS,1048576,32,256,0.7,734003,10,0.019944040000154928,-1,0.5,1.428588592280958
cpu,SS,1048576,32,256,0.7,734003,10,0.11631143399972643,-1,0.5,1.428588592280958
cpu,SS,1048576,32,256,0.7,734003,11,0.1200758320001114,-1,0.5,1.428588592280958
cpu,DS,1048576,32,256,0.7,734003,11,0.01903777600000467,-1,0.5,1.428588592280958
cpu,DS,1048576,32,256,0.7,734003,12,0.021246293999865884,-1,0.5,1.428588592280958
cpu,SS,1048576,32,256,0.7,734003,12,0.10441465299982156,-1,0.5,1.428588592280958
cpu,SS,1048576,32,256,0.7,734003,13,0.11319762899984198,-1,0.5,1.428588592280958
cpu,DS,1048576,32,256,0.7,734003,13,0.019317827000122634,-1,0.5,1.428588592280958
cpu,DS,1048576,32,256,0.7,734003,14,0.018881759000123566,-1,0.5,1.428588592280958
cpu,SS,1048576,32,256,0.7,734003,14,0.10952723199989123,-1,0.5,1.428588592280958
gpu,DS,1048576,32,256,0.7,734003,0,0.0014792640209197998,1215,0.5,1.428588592280958
gpu,SS,1048576,32,256,0.7,734003,0,0.00592742395401001,1215,0.5,1.428588592280958
gpu,SS,1048576,32,256,0.7,734003,1,0.006397952079772949,1215,0.5,1.428588592280958
gpu,DS,1048576,32,256,0.7,734003,1,0.001544703960418701,1215,0.5,1.428588592280958
gpu,DS,1048576,32,256,0.7,734003,2,0.0014704639911651612,1215,0.5,1.428588592280958
gpu,SS,1048576,32,256,0.7,734003,2,0.006708928108215332,1215,0.5,1.428588592280958
gpu,SS,1048576,32,256,0.7,734003,3,0.005874112129211426,1215,0.5,1.428588592280958
gpu,DS,1048576,32,256,0.7,734003,3,0.0014975039958953858,1215,0.5,1.428588592280958
gpu,DS,1048576,32,256,0.7,734003,4,0.0014439680576324462,1215,0.5,1.428588592280958
gpu,SS,1048576,32,256,0.7,734003,4,0.006656000137329102,1215,0.5,1.428588592280958
gpu,SS,1048576,32,256,0.7,734003,5,0.005938079833984375,1215,0.5,1.428588592280958
gpu,DS,1048576,32,256,0.7,734003,5,0.001552448034286499,1215,0.5,1.428588592280958
gpu,DS,1048576,32,256,0.7,734003,6,0.0016768640279769898,1215,0.5,1.428588592280958
gpu,SS,1048576,32,256,0.7,734003,6,0.005958752155303955,1215,0.5,1.428588592280958
gpu,SS,1048576,32,256,0.7,734003,7,0.0060207037925720215,1215,0.5,1.428588592280958
gpu,DS,1048576,32,256,0.7,734003,7,0.0017080320119857789,1215,0.5,1.428588592280958
gpu,DS,1048576,32,256,0.7,734003,8,0.0015443520545959473,1215,0.5,1.428588592280958
gpu,SS,1048576,32,256,0.7,734003,8,0.007608448028564453,1215,0.5,1.428588592280958
gpu,SS,1048576,32,256,0.7,734003,9,0.005948768138885498,1215,0.5,1.428588592280958
gpu,DS,1048576,32,256,0.7,734003,9,0.0017015039920806885,1215,0.5,1.428588592280958
gpu,DS,1048576,32,256,0.7,734003,10,0.0015064959526062012,1215,0.5,1.428588592280958
gpu,SS,1048576,32,256,0.7,734003,10,0.005926080226898193,1215,0.5,1.428588592280958
gpu,SS,1048576,32,256,0.7,734003,11,0.005956575870513916,1215,0.5,1.428588592280958
gpu,DS,1048576,32,256,0.7,734003,11,0.0019482879638671876,1215,0.5,1.428588592280958
gpu,DS,1048576,32,256,0.7,734003,12,0.0013845440149307252,1215,0.5,1.428588592280958
gpu,SS,1048576,32,256,0.7,734003,12,0.005953184127807617,1215,0.5,1.428588592280958
gpu,SS,1048576,32,256,0.7,734003,13,0.006397183895111084,1215,0.5,1.428588592280958
gpu,DS,1048576,32,256,0.7,734003,13,0.0015765119791030884,1215,0.5,1.428588592280958
gpu,DS,1048576,32,256,0.7,734003,14,0.001518720030784607,1215,0.5,1.428588592280958
gpu,SS,1048576,32,256,0.7,734003,14,0.007630527973175049,1215,0.5,1.428588592280958
cpu,DS,1048576,32,256,1.0,1048576,0,0.02034568599992781,-1,0.5,1.0000117421150208
cpu,SS,1048576,32,256,1.0,1048576,0,0.14404393999984677,-1,0.5,1.0000117421150208
cpu,SS,1048576,32,256,1.0,1048576,1,0.14101487000016277,-1,0.5,1.0000117421150208
cpu,DS,1048576,32,256,1.0,1048576,1,0.018344463000175892,-1,0.5,1.0000117421150208
cpu,DS,1048576,32,256,1.0,1048576,2,0.018768599999930302,-1,0.5,1.0000117421150208
cpu,SS,1048576,32,256,1.0,1048576,2,0.12857058000008692,-1,0.5,1.0000117421150208
cpu,SS,1048576,32,256,1.0,1048576,3,0.13006026000039128,-1,0.5,1.0000117421150208
cpu,DS,1048576,32,256,1.0,1048576,3,0.01980710999987423,-1,0.5,1.0000117421150208
cpu,DS,1048576,32,256,1.0,1048576,4,0.020523059999959514,-1,0.5,1.0000117421150208
cpu,SS,1048576,32,256,1.0,1048576,4,0.13403304000030403,-1,0.5,1.0000117421150208
cpu,SS,1048576,32,256,1.0,1048576,5,0.1336688100000174,-1,0.5,1.0000117421150208
cpu,DS,1048576,32,256,1.0,1048576,5,0.020320109999829583,-1,0.5,1.0000117421150208
cpu,DS,1048576,32,256,1.0,1048576,6,0.01939122000021598,-1,0.5,1.0000117421150208
cpu,SS,1048576,32,256,1.0,1048576,6,0.1471394700001838,-1,0.5,1.0000117421150208
cpu,SS,1048576,32,256,1.0,1048576,7,0.13305420000006052,-1,0.5,1.0000117421150208
cpu,DS,1048576,32,256,1.0,1048576,7,0.018946260000120674,-1,0.5,1.0000117421150208
cpu,DS,1048576,32,256,1.0,1048576,8,0.02081943000030151,-1,0.5,1.0000117421150208
cpu,SS,1048576,32,256,1.0,1048576,8,0.14350203000003603,-1,0.5,1.0000117421150208
cpu,SS,1048576,32,256,1.0,1048576,9,0.1523966400000063,-1,0.5,1.0000117421150208
cpu,DS,1048576,32,256,1.0,1048576,9,0.022411619999729737,-1,0.5,1.0000117421150208
cpu,DS,1048576,32,256,1.0,1048576,10,0.01927133999970465,-1,0.5,1.0000117421150208
cpu,SS,1048576,32,256,1.0,1048576,10,0.14203269000017826,-1,0.5,1.0000117421150208
cpu,SS,1048576,32,256,1.0,1048576,11,0.14506497000002128,-1,0.5,1.0000117421150208
cpu,DS,1048576,32,256,1.0,1048576,11,0.02445434999981444,-1,0.5,1.0000117421150208
cpu,DS,1048576,32,256,1.0,1048576,12,0.020662110000102984,-1,0.5,1.0000117421150208
cpu,SS,1048576,32,256,1.0,1048576,12,0.13980429000002914,-1,0.5,1.0000117421150208
cpu,SS,1048576,32,256,1.0,1048576,13,0.14597675999993953,-1,0.5,1.0000117421150208
cpu,DS,1048576,32,256,1.0,1048576,13,0.0195522300000448,-1,0.5,1.0000117421150208
cpu,DS,1048576,32,256,1.0,1048576,14,0.01768058999959976,-1,0.5,1.0000117421150208
cpu,SS,1048576,32,256,1.0,1048576,14,0.14214950999985376,-1,0.5,1.0000117421150208
gpu,DS,1048576,32,256,1.0,1048576,0,0.00160972797870636,1005,0.5,1.0000117421150208
gpu,SS,1048576,32,256,1.0,1048576,0,0.005763072013854981,1830,0.5,1.0000117421150208
gpu,SS,1048576,32,256,1.0,1048576,1,0.005176896095275879,1860,0.5,1.0000117421150208
gpu,DS,1048576,32,256,1.0,1048576,1,0.0015219520330429076,1875,0.5,1.0000117421150208
gpu,DS,1048576,32,256,1.0,1048576,2,0.0014923839569091796,1875,0.5,1.0000117421150208
gpu,SS,1048576,32,256,1.0,1048576,2,0.005132351875305176,1875,0.5,1.0000117421150208
gpu,SS,1048576,32,256,1.0,1048576,3,0.005134912014007569,1875,0.5,1.0000117421150208
gpu,DS,1048576,32,256,1.0,1048576,3,0.0017018879652023315,1890,0.5,1.0000117421150208
gpu,DS,1048576,32,256,1.0,1048576,4,0.0016240639686584473,1890,0.5,1.0000117421150208
gpu,SS,1048576,32,256,1.0,1048576,4,0.0063472318649291995,1890,0.5,1.0000117421150208
gpu,SS,1048576,32,256,1.0,1048576,5,0.005172863960266113,1890,0.5,1.0000117421150208
gpu,DS,1048576,32,256,1.0,1048576,5,0.001602336049079895,1890,0.5,1.0000117421150208
gpu,DS,1048576,32,256,1.0,1048576,6,0.0015484800338745118,1890,0.5,1.0000117421150208
gpu,SS,1048576,32,256,1.0,1048576,6,0.005115903854370117,1890,0.5,1.0000117421150208
gpu,SS,1048576,32,256,1.0,1048576,7,0.006186592102050781,1890,0.5,1.0000117421150208
gpu,DS,1048576,32,256,1.0,1048576,7,0.0016798720359802247,1890,0.5,1.0000117421150208
gpu,DS,1048576,32,256,1.0,1048576,8,0.0016321920156478881,1890,0.5,1.0000117421150208
gpu,SS,1048576,32,256,1.0,1048576,8,0.005111199855804443,1890,0.5,1.0000117421150208
gpu,SS,1048576,32,256,1.0,1048576,9,0.005103744029998779,1890,0.5,1.0000117421150208
gpu,DS,1048576,32,256,1.0,1048576,9,0.001721343994140625,1890,0.5,1.0000117421150208
gpu,DS,1048576,32,256,1.0,1048576,10,0.001525056004524231,1890,0.5,1.0000117421150208
gpu,SS,1048576,32,256,1.0,1048576,10,0.0063290238380432125,1890,0.5,1.0000117421150208
gpu,SS,1048576,32,256,1.0,1048576,11,0.005154784202575684,1905,0.5,1.0000117421150208
gpu,DS,1048576,32,256,1.0,1048576,11,0.0019660799503326415,1905,0.5,1.0000117421150208
gpu,DS,1048576,32,256,1.0,1048576,12,0.00159334397315979,1905,0.5,1.0000117421150208
gpu,SS,1048576,32,256,1.0,1048576,12,0.005085375785827637,1905,0.5,1.0000117421150208
gpu,SS,1048576,32,256,1.0,1048576,13,0.005287136077880859,1905,0.5,1.0000117421150208
gpu,DS,1048576,32,256,1.0,1048576,13,0.0022077438831329347,1905,0.5,1.0000117421150208
gpu,DS,1048576,32,256,1.0,1048576,14,0.0016220159530639649,1905,0.5,1.0000117421150208
gpu,SS,1048576,32,256,1.0,1048576,14,0.005121471881866455,1905,0.5,1.0000117421150208
cpu,DS,1048576,32,256,0.0001,105,0,0.022505310000269674,-1,0.25,4.285714285714286
cpu,SS,1048576,32,256,0.0001,105,0,0.00018468000007487717,-1,0.25,4.285714285714286
cpu,SS,1048576,32,256,0.0001,105,1,0.0001430100001016399,-1,0.25,4.285714285714286
cpu,DS,1048576,32,256,0.0001,105,1,0.02291687999968417,-1,0.25,4.285714285714286
cpu,DS,1048576,32,256,0.0001,105,2,0.019848239999646466,-1,0.25,4.285714285714286
cpu,SS,1048576,32,256,0.0001,105,2,0.00019952999991801335,-1,0.25,4.285714285714286
cpu,SS,1048576,32,256,0.0001,105,3,0.00015326999982789857,-1,0.25,4.285714285714286
cpu,DS,1048576,32,256,0.0001,105,3,0.020716380000067147,-1,0.25,4.285714285714286
cpu,DS,1048576,32,256,0.0001,105,4,0.020158740000169928,-1,0.25,4.285714285714286
cpu,SS,1048576,32,256,0.0001,105,4,0.00015875999997660983,-1,0.25,4.285714285714286
cpu,SS,1048576,32,256,0.0001,105,5,0.0001048499998432817,-1,0.25,4.285714285714286
cpu,DS,1048576,32,256,0.0001,105,5,0.017465399999764486,-1,0.25,4.285714285714286
cpu,DS,1048576,32,256,0.0001,105,6,0.017094509999878937,-1,0.25,4.285714285714286
cpu,SS,1048576,32,256,0.0001,105,6,0.0001384199999847624,-1,0.25,4.285714285714286
cpu,SS,1048576,32,256,0.0001,105,7,0.00014399999963643495,-1,0.25,4.285714285714286
cpu,DS,1048576,32,256,0.0001,105,7,0.017569170000115264,-1,0.25,4.285714285714286
cpu,DS,1048576,32,256,0.0001,105,8,0.01850723999996262,-1,0.25,4.285714285714286
cpu,SS,1048576,32,256,0.0001,105,8,0.0001461599999856844,-1,0.25,4.285714285714286
cpu,SS,1048576,32,256,0.0001,105,9,0.0001260000003640016,-1,0.25,4.285714285714286
cpu,DS,1048576,32,256,0.0001,105,9,0.01925675999973464,-1,0.25,4.285714285714286
cpu,DS,1048576,32,256,0.0001,105,10,0.017739089999849966,-1,0.25,4.285714285714286
cpu,SS,1048576,32,256,0.0001,105,10,0.000139950000175304,-1,0.25,4.285714285714286
cpu,SS,1048576,32,256,0.0001,105,11,0.00011348999987603747,-1,0.25,4.285714285714286
cpu,DS,1048576,32,256,0.0001,105,11,0.018586080000204674,-1,0.25,4.285714285714286
cpu,DS,1048576,32,256,0.0001,105,12,0.01765809000016816,-1,0.25,4.285714285714286
cpu,SS,1048576,32,256,0.0001,105,12,0.00016019999975469545,-1,0.25,4.285714285714286
cpu,SS,1048576,32,256,0.0001,105,13,0.00010404000022390392,-1,0.25,4.285714285714286
cpu,DS,1048576,32,256,0.0001,105,13,0.0159315300002163,-1,0.25,4.285714285714286
cpu,DS,1048576,32,256,0.0001,105,14,0.018715680000241264,-1,0.25,4.285714285714286
cpu,SS,1048576,32,256,0.0001,105,14,0.00014490000012301607,-1,0.25,4.285714285714286
gpu,DS,1048576,32,256,0.0001,105,0,0.0015941439867019653,1890,0.25,4.285714285714286
gpu,SS,1048576,32,256,0.0001,105,0,9.196799993515015e-05,1890,0.25,4.285714285714286
gpu,SS,1048576,32,256,0.0001,105,1,8.396799862384797e-05,1890,0.25,4.285714285714286
gpu,DS,1048576,32,256,0.0001,105,1,0.0014704639911651612,1890,0.25,4.285714285714286
gpu,DS,1048576,32,256,0.0001,105,2,0.0019522559642791747,1890,0.25,4.285714285714286
gpu,SS,1048576,32,256,0.0001,105,2,0.00014732800424098968,1890,0.25,4.285714285714286
gpu,SS,1048576,32,256,0.0001,105,3,7.897599786520004e-05,1890,0.25,4.285714285714286
gpu,DS,1048576,32,256,0.0001,105,3,0.0015005760192871094,1890,0.25,4.285714285714286
gpu,DS,1048576,32,256,0.0001,105,4,0.0014786560535430908,1890,0.25,4.285714285714286
gpu,SS,1048576,32,256,0.0001,105,4,0.0001422400027513504,1890,0.25,4.285714285714286
gpu,SS,1048576,32,256,0.0001,105,5,0.00015360000729560853,1890,0.25,4.285714285714286
gpu,DS,1048576,32,256,0.0001,105,5,0.0015831040143966676,1890,0.25,4.285714285714286
gpu,DS,1048576,32,256,0.0001,105,6,0.0014647040367126464,1890,0.25,4.285714285714286
gpu,SS,1048576,32,256,0.0001,105,6,0.00010444799810647964,1890,0.25,4.285714285714286
gpu,SS,1048576,32,256,0.0001,105,7,9.587199985980987e-05,1890,0.25,4.285714285714286
gpu,DS,1048576,32,256,0.0001,105,7,0.001488767981529236,1890,0.25,4.285714285714286
gpu,DS,1048576,32,256,0.0001,105,8,0.0014576640129089356,1890,0.25,4.285714285714286
gpu,SS,1048576,32,256,0.0001,105,8,9.257599711418152e-05,1890,0.25,4.285714285714286
gpu,SS,1048576,32,256,0.0001,105,9,0.0001560640037059784,1890,0.25,4.285714285714286
gpu,DS,1048576,32,256,0.0001,105,9,0.0026011199951171877,1890,0.25,4.285714285714286
gpu,DS,1048576,32,256,0.0001,105,10,0.001427456021308899,1890,0.25,4.285714285714286
gpu,SS,1048576,32,256,0.0001,105,10,9.216000139713287e-05,1890,0.25,4.285714285714286
gpu,SS,1048576,32,256,0.0001,105,11,9.030400216579437e-05,1890,0.25,4.285714285714286
gpu,DS,1048576,32,256,0.0001,105,11,0.0014991040229797364,1890,0.25,4.285714285714286
gpu,DS,1048576,32,256,0.0001,105,12,0.0014481279850006104,1890,0.25,4.285714285714286
gpu,SS,1048576,32,256,0.0001,105,12,0.00017638400197029114,1890,0.25,4.285714285714286
gpu,SS,1048576,32,256,0.0001,105,13,0.00022700800001621246,1890,0.25,4.285714285714286
gpu,DS,1048576,32,256,0.0001,105,13,0.0018063360452651978,1890,0.25,4.285714285714286
gpu,DS,1048576,32,256,0.0001,105,14,0.0015168319940567017,1890,0.25,4.285714285714286
gpu,SS,1048576,32,256,0.0001,105,14,0.00021673600375652312,1890,0.25,4.285714285714286
cpu,DS,1048576,32,256,0.0003,315,0,0.018082349999986036,-1,0.25,3.142857142857143
cpu,SS,1048576,32,256,0.0003,315,0,0.00021816000025864923,-1,0.25,3.142857142857143
cpu,SS,1048576,32,256,0.0003,315,1,0.00018189000002166722,-1,0.25,3.142857142857143
cpu,DS,1048576,32,256,0.0003,315,1,0.018804150000050868,-1,0.25,3.142857142857143
cpu,DS,1048576,32,256,0.0003,315,2,0.019530179999946995,-1,0.25,3.142857142857143
cpu,SS,1048576,32,256,0.0003,315,2,0.0002597399998194305,-1,0.25,3.142857142857143
cpu,SS,1048576,32,256,0.0003,315,3,0.0002789999998640269,-1,0.25,3.142857142857143
cpu,DS,1048576,32,256,0.0003,315,3,0.018618210000113322,-1,0.25,3.142857142857143
cpu,DS,1048576,32,256,0.0003,315,4,0.018594000000121014,-1,0.25,3.142857142857143
cpu,SS,1048576,32,256,0.0003,315,4,0.0002163600001949817,-1,0.25,3.142857142857143
cpu,SS,1048576,32,256,0.0003,315,5,0.0002101500003846013,-1,0.25,3.142857142857143
cpu,DS,1048576,32,256,0.0003,315,5,0.020944349999808765,-1,0.25,3.142857142857143
cpu,DS,1048576,32,256,0.0003,315,6,0.01899827999977788,-1,0.25,3.142857142857143
cpu,SS,1048576,32,256,0.0003,315,6,0.0002932200000032026,-1,0.25,3.142857142857143
cpu,SS,1048576,32,256,0.0003,315,7,0.0005295599999044498,-1,0.25,3.142857142857143
cpu,DS,1048576,32,256,0.0003,315,7,0.01915568999993411,-1,0.25,3.142857142857143
cpu,DS,1048576,32,256,0.0003,315,8,0.01947087000007741,-1,0.25,3.142857142857143
cpu,SS,1048576,32,256,0.0003,315,8,0.0003706200000124227,-1,0.25,3.142857142857143
cpu,SS,1048576,32,256,0.0003,315,9,0.0003914099997928133,-1,0.25,3.142857142857143
cpu,DS,1048576,32,256,0.0003,315,9,0.019382670000140934,-1,0.25,3.142857142857143
cpu,DS,1048576,32,256,0.0003,315,10,0.018263609999848995,-1,0.25,3.142857142857143
cpu,SS,1048576,32,256,0.0003,315,10,0.00036206999993737554,-1,0.25,3.142857142857143
cpu,SS,1048576,32,256,0.0003,315,11,0.00021464999963427545,-1,0.25,3.142857142857143
cpu,DS,1048576,32,256,0.0003,315,11,0.02135124000005817,-1,0.25,3.142857142857143
cpu,DS,1048576,32,256,0.0003,315,12,0.01965896999990946,-1,0.25,3.142857142857143
cpu,SS,1048576,32,256,0.0003,315,12,0.000335700000050565,-1,0.25,3.142857142857143
cpu,SS,1048576,32,256,0.0003,315,13,0.0002725200001805206,-1,0.25,3.142857142857143
cpu,DS,1048576,32,256,0.0003,315,13,0.019086390000211395,-1,0.25,3.142857142857143
cpu,DS,1048576,32,256,0.0003,315,14,0.01982051999993928,-1,0.25,3.142857142857143
cpu,SS,1048576,32,256,0.0003,315,14,0.0002627999997457664,-1,0.25,3.142857142857143
gpu,DS,1048576,32,256,0.0003,315,0,0.001965343952178955,1890,0.25,3.142857142857143
gpu,SS,1048576,32,256,0.0003,315,0,0.00021766400337219237,1890,0.25,3.142857142857143
gpu,SS,1048576,32,256,0.0003,315,1,0.00012294399738311767,1890,0.25,3.142857142857143
gpu,DS,1048576,32,256,0.0003,315,1,0.0015442240238189697,1890,0.25,3.142857142857143
gpu,DS,1048576,32,256,0.0003,315,2,0.001533951997756958,1890,0.25,3.142857142857143
gpu,SS,1048576,32,256,0.0003,315,2,0.00014207999408245086,1890,0.25,3.142857142857143
gpu,SS,1048576,32,256,0.0003,315,3,0.00023334400355815886,1890,0.25,3.142857142857143
gpu,DS,1048576,32,256,0.0003,315,3,0.001554527997970581,1890,0.25,3.142857142857143
gpu,DS,1048576,32,256,0.0003,315,4,0.0016225919723510743,1890,0.25,3.142857142857143
gpu,SS,1048576,32,256,0.0003,315,4,6.553599983453751e-05,1890,0.25,3.142857142857143
gpu,SS,1048576,32,256,0.0003,315,5,0.00010239999741315842,1890,0.25,3.142857142857143
gpu,DS,1048576,32,256,0.0003,315,5,0.001518847942352295,1890,0.25,3.142857142857143
gpu,DS,1048576,32,256,0.0003,315,6,0.0015237120389938355,1890,0.25,3.142857142857143
gpu,SS,1048576,32,256,0.0003,315,6,0.00010812799632549286,1890,0.25,3.142857142857143
gpu,SS,1048576,32,256,0.0003,315,7,0.00010537599772214889,1890,0.25,3.142857142857143
gpu,DS,1048576,32,256,0.0003,315,7,0.0015041600465774535,1890,0.25,3.142857142857143
gpu,DS,1048576,32,256,0.0003,315,8,0.0016243200302124023,1890,0.25,3.142857142857143
gpu,SS,1048576,32,256,0.0003,315,8,0.00010918399691581726,1890,0.25,3.142857142857143
gpu,SS,1048576,32,256,0.0003,315,9,0.00010284800082445144,1890,0.25,3.142857142857143
gpu,DS,1048576,32,256,0.0003,315,9,0.0015613759756088258,1890,0.25,3.142857142857143
gpu,DS,1048576,32,256,0.0003,315,10,0.001506432056427002,1890,0.25,3.142857142857143
gpu,SS,1048576,32,256,0.0003,315,10,0.0001740799993276596,1890,0.25,3.142857142857143
gpu,SS,1048576,32,256,0.0003,315,11,0.0001865600049495697,1890,0.25,3.142857142857143
gpu,DS,1048576,32,256,0.0003,315,11,0.0015790079832077026,1890,0.25,3.142857142857143
gpu,DS,1048576,32,256,0.0003,315,12,0.0015041600465774535,1890,0.25,3.142857142857143
gpu,SS,1048576,32,256,0.0003,315,12,0.00017244799435138703,1890,0.25,3.142857142857143
gpu,SS,1048576,32,256,0.0003,315,13,0.0001335040032863617,1890,0.25,3.142857142857143
gpu,DS,1048576,32,256,0.0003,315,13,0.0015646719932556152,1890,0.25,3.142857142857143
gpu,DS,1048576,32,256,0.0003,315,14,0.001982143998146057,1890,0.25,3.142857142857143
gpu,SS,1048576,32,256,0.0003,315,14,0.00022249600291252136,1890,0.25,3.142857142857143
cpu,DS,1048576,32,256,0.001,1049,0,0.023241751000114164,-1,0.25,3.4375595805529073
cpu,SS,1048576,32,256,0.001,1049,0,0.0006489329998657922,-1,0.25,3.4375595805529073
cpu,SS,1048576,32,256,0.001,1049,1,0.0007951990000947262,-1,0.25,3.4375595805529073
cpu,DS,1048576,32,256,0.001,1049,1,0.02126735699994242,-1,0.25,3.4375595805529073
cpu,DS,1048576,32,256,0.001,1049,2,0.02155403800043132,-1,0.25,3.4375595805529073
cpu,SS,1048576,32,256,0.001,1049,2,0.000573363000057725,-1,0.25,3.4375595805529073
cpu,SS,1048576,32,256,0.001,1049,3,0.0007358150000982278,-1,0.25,3.4375595805529073
cpu,DS,1048576,32,256,0.001,1049,3,0.020785849000276357,-1,0.25,3.4375595805529073
cpu,DS,1048576,32,256,0.001,1049,4,0.01989450399969428,-1,0.25,3.4375595805529073
cpu,SS,1048576,32,256,0.001,1049,4,0.0006754559999535559,-1,0.25,3.4375595805529073
cpu,SS,1048576,32,256,0.001,1049,5,0.0005883789999643341,-1,0.25,3.4375595805529073
cpu,DS,1048576,32,256,0.001,1049,5,0.02252212299981693,-1,0.25,3.4375595805529073
cpu,DS,1048576,32,256,0.001,1049,6,0.020002741999633145,-1,0.25,3.4375595805529073
cpu,SS,1048576,32,256,0.001,1049,6,0.0006749680001121305,-1,0.25,3.4375595805529073
cpu,SS,1048576,32,256,0.001,1049,7,0.0006145120000837778,-1,0.25,3.4375595805529073
cpu,DS,1048576,32,256,0.001,1049,7,0.020471865000217804,-1,0.25,3.4375595805529073
cpu,DS,1048576,32,256,0.001,1049,8,0.022201507999852765,-1,0.25,3.4375595805529073
cpu,SS,1048576,32,256,0.001,1049,8,0.0005869159999747353,-1,0.25,3.4375595805529073
cpu,SS,1048576,32,256,0.001,1049,9,0.000499936999858619,-1,0.25,3.4375595805529073
cpu,DS,1048576,32,256,0.001,1049,9,0.023631793999811634,-1,0.25,3.4375595805529073
cpu,DS,1048576,32,256,0.001,1049,10,0.020133015000283194,-1,0.25,3.4375595805529073
cpu,SS,1048576,32,256,0.001,1049,10,0.0006424970001717156,-1,0.25,3.4375595805529073
cpu,SS,1048576,32,256,0.001,1049,11,0.0006276760000218928,-1,0.25,3.4375595805529073
cpu,DS,1048576,32,256,0.001,1049,11,0.01976452300004894,-1,0.25,3.4375595805529073
cpu,DS,1048576,32,256,0.001,1049,12,0.021133766999810177,-1,0.25,3.4375595805529073
cpu,SS,1048576,32,256,0.001,1049,12,0.0005690709999726096,-1,0.25,3.4375595805529073
cpu,SS,1048576,32,256,0.001,1049,13,0.0006627799998568662,-1,0.25,3.4375595805529073
cpu,DS,1048576,32,256,0.001,1049,13,0.02213120299984439,-1,0.25,3.4375595805529073
cpu,DS,1048576,32,256,0.001,1049,14,0.020519938000234106,-1,0.25,3.4375595805529073
cpu,SS,1048576,32,256,0.001,1049,14,0.0007042219999675581,-1,0.25,3.4375595805529073
gpu,DS,1048576,32,256,0.001,1049,0,0.0016793279647827149,1890,0.25,3.4375595805529073
gpu,SS,1048576,32,256,0.001,1049,0,0.00025059199333190917,1890,0.25,3.4375595805529073
gpu,SS,1048576,32,256,0.001,1049,1,0.00010252799838781357,1890,0.25,3.4375595805529073
gpu,DS,1048576,32,256,0.001,1049,1,0.00165065598487854,1890,0.25,3.4375595805529073
gpu,DS,1048576,32,256,0.001,1049,2,0.0015477759838104248,1890,0.25,3.4375595805529073
gpu,SS,1048576,32,256,0.001,1049,2,0.00019046400487422944,1890,0.25,3.4375595805529073
gpu,SS,1048576,32,256,0.001,1049,3,0.00019865599274635314,1890,0.25,3.4375595805529073
gpu,DS,1048576,32,256,0.001,1049,3,0.0016199359893798828,1890,0.25,3.4375595805529073
gpu,DS,1048576,32,256,0.001,1049,4,0.0015812480449676513,1890,0.25,3.4375595805529073
gpu,SS,1048576,32,256,0.001,1049,4,0.00017990399897098542,1890,0.25,3.4375595805529073
gpu,SS,1048576,32,256,0.001,1049,5,0.00023839999735355378,1890,0.25,3.4375595805529073
gpu,DS,1048576,32,256,0.001,1049,5,0.001957856059074402,1890,0.25,3.4375595805529073
gpu,DS,1048576,32,256,0.001,1049,6,0.0015355520248413086,1890,0.25,3.4375595805529073
gpu,SS,1048576,32,256,0.001,1049,6,0.0001749120056629181,1890,0.25,3.4375595805529073
gpu,SS,1048576,32,256,0.001,1049,7,0.00010579200088977814,1890,0.25,3.4375595805529073
gpu,DS,1048576,32,256,0.001,1049,7,0.0014383679628372193,1890,0.25,3.4375595805529073
gpu,DS,1048576,32,256,0.001,1049,8,0.0014530880451202393,1890,0.25,3.4375595805529073
gpu,SS,1048576,32,256,0.001,1049,8,9.5551997423172e-05,1890,0.25,3.4375595805529073
gpu,SS,1048576,32,256,0.001,1049,9,2.3744000121951103e-05,1890,0.25,3.4375595805529073
gpu,DS,1048576,32,256,0.001,1049,9,0.0014969600439071655,1890,0.25,3.4375595805529073
gpu,DS,1048576,32,256,0.001,1049,10,0.001408768057823181,1890,0.25,3.4375595805529073
gpu,SS,1048576,32,256,0.001,1049,10,9.42080020904541e-05,1890,0.25,3.4375595805529073
gpu,SS,1048576,32,256,0.001,1049,11,9.161599725484848e-05,1890,0.25,3.4375595805529073
gpu,DS,1048576,32,256,0.001,1049,11,0.0014218239784240722,1890,0.25,3.4375595805529073
gpu,DS,1048576,32,256,0.001,1049,12,0.0014153599739074707,1890,0.25,3.4375595805529073
gpu,SS,1048576,32,256,0.001,1049,12,2.486399933695793e-05,1890,0.25,3.4375595805529073
gpu,SS,1048576,32,256,0.001,1049,13,2.6623999699950218e-05,1890,0.25,3.4375595805529073
gpu,DS,1048576,32,256,0.001,1049,13,0.0013882559537887573,1890,0.25,3.4375595805529073
gpu,DS,1048576,32,256,0.001,1049,14,0.001411296010017395,1890,0.25,3.4375595805529073
gpu,SS,1048576,32,256,0.001,1049,14,9.884800016880036e-05,1890,0.25,3.4375595805529073
cpu,DS,1048576,32,256,0.003,3146,0,0.021200365999902715,-1,0.25,4.024157660521297
cpu,SS,1048576,32,256,0.003,3146,0,0.001521555999715929,-1,0.25,4.024157660521297
cpu,SS,1048576,32,256,0.003,3146,1,0.001398204999986774,-1,0.25,4.024157660521297
cpu,DS,1048576,32,256,0.003,3146,1,0.021441900999889185,-1,0.25,4.024157660521297
cpu,DS,1048576,32,256,0.003,3146,2,0.021813317999658466,-1,0.25,4.024157660521297
cpu,SS,1048576,32,256,0.003,3146,2,0.001527308999811794,-1,0.25,4.024157660521297
cpu,SS,1048576,32,256,0.003,3146,3,0.001564947000133543,-1,0.25,4.024157660521297
cpu,DS,1048576,32,256,0.003,3146,3,0.020434324000234483,-1,0.25,4.024157660521297
cpu,DS,1048576,32,256,0.003,3146,4,0.021157852000214916,-1,0.25,4.024157660521297
cpu,SS,1048576,32,256,0.003,3146,4,0.0016812779999781924,-1,0.25,4.024157660521297
cpu,SS,1048576,32,256,0.003,3146,5,0.001533354999992298,-1,0.25,4.024157660521297
cpu,DS,1048576,32,256,0.003,3146,5,0.02111650799997733,-1,0.25,4.024157660521297
cpu,DS,1048576,32,256,0.003,3146,6,0.021321377000276698,-1,0.25,4.024157660521297
cpu,SS,1048576,32,256,0.003,3146,6,0.0019893140001840948,-1,0.25,4.024157660521297
cpu,SS,1048576,32,256,0.003,3146,7,0.0018135020000045188,-1,0.25,4.024157660521297
cpu,DS,1048576,32,256,0.003,3146,7,0.020889015000193467,-1,0.25,4.024157660521297
cpu,DS,1048576,32,256,0.003,3146,8,0.02083782199997586,-1,0.25,4.024157660521297
cpu,SS,1048576,32,256,0.003,3146,8,0.0016560229996684939,-1,0.25,4.024157660521297
cpu,SS,1048576,32,256,0.003,3146,9,0.0014945450002414873,-1,0.25,4.024157660521297
cpu,DS,1048576,32,256,0.003,3146,9,0.02064943100003802,-1,0.25,4.024157660521297
cpu,DS,1048576,32,256,0.003,3146,10,0.01986573900012445,-1,0.25,4.024157660521297
cpu,SS,1048576,32,256,0.003,3146,10,0.0015976140002749162,-1,0.25,4.024157660521297
cpu,SS,1048576,32,256,0.003,3146,11,0.0014903520000189019,-1,0.25,4.024157660521297
cpu,DS,1048576,32,256,0.003,3146,11,0.02324067900008231,-1,0.25,4.024157660521297
cpu,DS,1048576,32,256,0.003,3146,12,0.021431077000215737,-1,0.25,4.024157660521297
cpu,SS,1048576,32,256,0.003,3146,12,0.0017288629996983218,-1,0.25,4.024157660521297
cpu,SS,1048576,32,256,0.003,3146,13,0.0018239349997202225,-1,0.25,4.024157660521297
cpu,DS,1048576,32,256,0.003,3146,13,0.021038595999925747,-1,0.25,4.024157660521297
cpu,DS,1048576,32,256,0.003,3146,14,0.020347147999927984,-1,0.25,4.024157660521297
cpu,SS,1048576,32,256,0.003,3146,14,0.0017488520002189034,-1,0.25,4.024157660521297
gpu,DS,1048576,32,256,0.003,3146,0,0.0014704639911651612,1890,0.25,4.024157660521297
gpu,SS,1048576,32,256,0.003,3146,0,0.00010896000266075134,1890,0.25,4.024157660521297
gpu,SS,1048576,32,256,0.003,3146,1,0.00011334399878978729,1890,0.25,4.024157660521297
gpu,DS,1048576,32,256,0.003,3146,1,0.0014889600276947021,1890,0.25,4.024157660521297
gpu,DS,1048576,32,256,0.003,3146,2,0.0014797120094299317,1890,0.25,4.024157660521297
gpu,SS,1048576,32,256,0.003,3146,2,0.00012492799758911133,1890,0.25,4.024157660521297
gpu,SS,1048576,32,256,0.003,3146,3,0.0002109439969062805,1890,0.25,4.024157660521297
gpu,DS,1048576,32,256,0.003,3146,3,0.001458400011062622,1890,0.25,4.024157660521297
gpu,DS,1048576,32,256,0.003,3146,4,0.001533951997756958,1890,0.25,4.024157660521297
gpu,SS,1048576,32,256,0.003,3146,4,0.00011958400160074234,1890,0.25,4.024157660521297
gpu,SS,1048576,32,256,0.003,3146,5,0.00013920000195503235,1890,0.25,4.024157660521297
gpu,DS,1048576,32,256,0.003,3146,5,0.0015073280334472656,1890,0.25,4.024157660521297
gpu,DS,1048576,32,256,0.003,3146,6,0.0014929920434951782,1890,0.25,4.024157660521297
gpu,SS,1048576,32,256,0.003,3146,6,0.0001544319987297058,1890,0.25,4.024157660521297
gpu,SS,1048576,32,256,0.003,3146,7,0.00010707200318574905,1890,0.25,4.024157660521297
gpu,DS,1048576,32,256,0.003,3146,7,0.0015134719610214234,1890,0.25,4.024157660521297
gpu,DS,1048576,32,256,0.003,3146,8,0.0014756799936294555,1890,0.25,4.024157660521297
gpu,SS,1048576,32,256,0.003,3146,8,0.00016729600727558136,1890,0.25,4.024157660521297
gpu,SS,1048576,32,256,0.003,3146,9,0.00011027199774980545,1890,0.25,4.024157660521297
gpu,DS,1048576,32,256,0.003,3146,9,0.001511072039604187,1890,0.25,4.024157660521297
gpu,DS,1048576,32,256,0.003,3146,10,0.0014910399913787842,1890,0.25,4.024157660521297
gpu,SS,1048576,32,256,0.003,3146,10,9.219200164079666e-05,1890,0.25,4.024157660521297
gpu,SS,1048576,32,256,0.003,3146,11,0.00018464000523090362,1890,0.25,4.024157660521297
gpu,DS,1048576,32,256,0.003,3146,11,0.0014752320051193237,1890,0.25,4.024157660521297
gpu,DS,1048576,32,256,0.003,3146,12,0.001488800048828125,1890,0.25,4.024157660521297
gpu,SS,1048576,32,256,0.003,3146,12,0.00012495999783277513,1890,0.25,4.024157660521297
gpu,SS,1048576,32,256,0.003,3146,13,0.00019865599274635314,1890,0.25,4.024157660521297
gpu,DS,1048576,32,256,0.003,3146,13,0.001511520028114319,1890,0.25,4.024157660521297
gpu,DS,1048576,32,256,0.003,3146,14,0.0014727040529251099,1890,0.25,4.024157660521297
gpu,SS,1048576,32,256,0.003,3146,14,0.000159743994474411,1890,0.25,4.024157660521297
cpu,DS,1048576,32,256,0.01,10486,0,0.020936015999723168,-1,0.25,3.994826435246996
cpu,SS,1048576,32,256,0.01,10486,0,0.006064185000013822,-1,0.25,3.994826435246996
cpu,SS,1048576,32,256,0.01,10486,1,0.00550652199990509,-1,0.25,3.994826435246996
cpu,DS,1048576,32,256,0.01,10486,1,0.021053613000276528,-1,0.25,3.994826435246996
cpu,DS,1048576,32,256,0.01,10486,2,0.02079833099969619,-1,0.25,3.994826435246996
cpu,SS,1048576,32,256,0.01,10486,2,0.005743667000388086,-1,0.25,3.994826435246996
cpu,SS,1048576,32,256,0.01,10486,3,0.009295881000070949,-1,0.25,3.994826435246996
cpu,DS,1048576,32,256,0.01,10486,3,0.02262846699977672,-1,0.25,3.994826435246996
cpu,DS,1048576,32,256,0.01,10486,4,0.02464393799982645,-1,0.25,3.994826435246996
cpu,SS,1048576,32,256,0.01,10486,4,0.006308821999937209,-1,0.25,3.994826435246996
cpu,SS,1048576,32,256,0.01,10486,5,0.0070611659998576215,-1,0.25,3.994826435246996
cpu,DS,1048576,32,256,0.01,10486,5,0.023534226000265335,-1,0.25,3.994826435246996
cpu,DS,1048576,32,256,0.01,10486,6,0.025314201000128378,-1,0.25,3.994826435246996
cpu,SS,1048576,32,256,0.01,10486,6,0.006205509999745118,-1,0.25,3.994826435246996
cpu,SS,1048576,32,256,0.01,10486,7,0.00505375600005209,-1,0.25,3.994826435246996
cpu,DS,1048576,32,256,0.01,10486,7,0.024374141999942367,-1,0.25,3.994826435246996
cpu,DS,1048576,32,256,0.01,10486,8,0.021561675999691943,-1,0.25,3.994826435246996
cpu,SS,1048576,32,256,0.01,10486,8,0.005609615000139456,-1,0.25,3.994826435246996
cpu,SS,1048576,32,256,0.01,10486,9,0.006024977000379295,-1,0.25,3.994826435246996
cpu,DS,1048576,32,256,0.01,10486,9,0.023281650000171794,-1,0.25,3.994826435246996
cpu,DS,1048576,32,256,0.01,10486,10,0.022049611000056757,-1,0.25,3.994826435246996
cpu,SS,1048576,32,256,0.01,10486,10,0.005328937999820482,-1,0.25,3.994826435246996
cpu,SS,1048576,32,256,0.01,10486,11,0.005362636999961978,-1,0.25,3.994826435246996
cpu,DS,1048576,32,256,0.01,10486,11,0.024647000999721058,-1,0.25,3.994826435246996
cpu,DS,1048576,32,256,0.01,10486,12,0.02248430500003451,-1,0.25,3.994826435246996
cpu,SS,1048576,32,256,0.01,10486,12,0.00511988400012342,-1,0.25,3.994826435246996
cpu,SS,1048576,32,256,0.01,10486,13,0.004905653000150778,-1,0.25,3.994826435246996
cpu,DS,1048576,32,256,0.01,10486,13,0.024294915000155015,-1,0.25,3.994826435246996
cpu,DS,1048576,32,256,0.01,10486,14,0.02507039200008876,-1,0.25,3.994826435246996
cpu,SS,1048576,32,256,0.01,10486,14,0.005244535000201722,-1,0.25,3.994826435246996
gpu,DS,1048576,32,256,0.01,10486,0,0.0015478719472885132,1890,0.25,3.994826435246996
gpu,SS,1048576,32,256,0.01,10486,0,0.000158720001578331,1890,0.25,3.994826435246996
gpu,SS,1048576,32,256,0.01,10486,1,0.00024617600440979005,1890,0.25,3.994826435246996
gpu,DS,1048576,32,256,0.01,10486,1,0.00161081600189209,1890,0.25,3.994826435246996
gpu,DS,1048576,32,256,0.01,10486,2,0.001535040020942688,1890,0.25,3.994826435246996
gpu,SS,1048576,32,256,0.01,10486,2,0.00017843200266361237,1890,0.25,3.994826435246996
gpu,SS,1048576,32,256,0.01,10486,3,0.0002659519910812378,1890,0.25,3.994826435246996
gpu,DS,1048576,32,256,0.01,10486,3,0.0015032320022583007,1890,0.25,3.994826435246996
gpu,DS,1048576,32,256,0.01,10486,4,0.0014785599708557128,1890,0.25,3.994826435246996
gpu,SS,1048576,32,256,0.01,10486,4,0.00022323200106620788,1890,0.25,3.994826435246996
gpu,SS,1048576,32,256,0.01,10486,5,0.00015827199816703796,1890,0.25,3.994826435246996
gpu,DS,1048576,32,256,0.01,10486,5,0.0015473920106887818,1890,0.25,3.994826435246996
gpu,DS,1048576,32,256,0.01,10486,6,0.0015741440057754517,1890,0.25,3.994826435246996
gpu,SS,1048576,32,256,0.01,10486,6,0.00021459199488162994,1890,0.25,3.994826435246996
gpu,SS,1048576,32,256,0.01,10486,7,0.00014972800016403197,1890,0.25,3.994826435246996
gpu,DS,1048576,32,256,0.01,10486,7,0.0015626239776611328,1890,0.25,3.994826435246996
gpu,DS,1048576,32,256,0.01,10486,8,0.0015282560586929322,1890,0.25,3.994826435246996
gpu,SS,1048576,32,256,0.01,10486,8,0.00015615999698638915,1890,0.25,3.994826435246996
gpu,SS,1048576,32,256,0.01,10486,9,0.0001626880019903183,1890,0.25,3.994826435246996
gpu,DS,1048576,32,256,0.01,10486,9,0.001509376049041748,1890,0.25,3.994826435246996
gpu,DS,1048576,32,256,0.01,10486,10,0.0015073280334472656,1890,0.25,3.994826435246996
gpu,SS,1048576,32,256,0.01,10486,10,0.00010576000064611435,1890,0.25,3.994826435246996
gpu,SS,1048576,32,256,0.01,10486,11,0.00013516800105571746,1890,0.25,3.994826435246996
gpu,DS,1048576,32,256,0.01,10486,11,0.0015380799770355225,1890,0.25,3.994826435246996
gpu,DS,1048576,32,256,0.01,10486,12,0.0014876480102539063,1890,0.25,3.994826435246996
gpu,SS,1048576,32,256,0.01,10486,12,0.000142752006649971,1890,0.25,3.994826435246996
gpu,SS,1048576,32,256,0.01,10486,13,0.0001396480053663254,1890,0.25,3.994826435246996
gpu,DS,1048576,32,256,0.01,10486,13,0.0014950720071792603,1890,0.25,3.994826435246996
gpu,DS,1048576,32,256,0.01,10486,14,0.001477504014968872,1890,0.25,3.994826435246996
gpu,SS,1048576,32,256,0.01,10486,14,0.0001632000058889389,1890,0.25,3.994826435246996
cpu,DS,1048576,32,256,0.03,31457,0,0.023454048000076,-1,0.25,3.5251871602505007
cpu,SS,1048576,32,256,0.03,31457,0,0.014238848999866605,-1,0.25,3.5251871602505007
cpu,SS,1048576,32,256,0.03,31457,1,0.00959971600013887,-1,0.25,3.5251871602505007
cpu,DS,1048576,32,256,0.03,31457,1,0.023523028999989037,-1,0.25,3.5251871602505007
cpu,DS,1048576,32,256,0.03,31457,2,0.021889360999921337,-1,0.25,3.5251871602505007
cpu,SS,1048576,32,256,0.03,31457,2,0.011817554999652202,-1,0.25,3.5251871602505007
cpu,SS,1048576,32,256,0.03,31457,3,0.011822624999695108,-1,0.25,3.5251871602505007
cpu,DS,1048576,32,256,0.03,31457,3,0.021812350999880437,-1,0.25,3.5251871602505007
cpu,DS,1048576,32,256,0.03,31457,4,0.022091654999712773,-1,0.25,3.5251871602505007
cpu,SS,1048576,32,256,0.03,31457,4,0.014777593999951932,-1,0.25,3.5251871602505007
cpu,SS,1048576,32,256,0.03,31457,5,0.012514544000168826,-1,0.25,3.5251871602505007
cpu,DS,1048576,32,256,0.03,31457,5,0.023870890000125655,-1,0.25,3.5251871602505007
cpu,DS,1048576,32,256,0.03,31457,6,0.020134315000177594,-1,0.25,3.5251871602505007
cpu,SS,1048576,32,256,0.03,31457,6,0.010772599000119953,-1,0.25,3.5251871602505007
cpu,SS,1048576,32,256,0.03,31457,7,0.009480875999997807,-1,0.25,3.5251871602505007
cpu,DS,1048576,32,256,0.03,31457,7,0.02752982099991641,-1,0.25,3.5251871602505007
cpu,DS,1048576,32,256,0.03,31457,8,0.023893812999631336,-1,0.25,3.5251871602505007
cpu,SS,1048576,32,256,0.03,31457,8,0.012982513999759249,-1,0.25,3.5251871602505007
cpu,SS,1048576,32,256,0.03,31457,9,0.011109577999832254,-1,0.25,3.5251871602505007
cpu,DS,1048576,32,256,0.03,31457,9,0.02244849399994564,-1,0.25,3.5251871602505007
cpu,DS,1048576,32,256,0.03,31457,10,0.02350655000009283,-1,0.25,3.5251871602505007
cpu,SS,1048576,32,256,0.03,31457,10,0.013744258000315313,-1,0.25,3.5251871602505007
cpu,SS,1048576,32,256,0.03,31457,11,0.011388248000002932,-1,0.25,3.5251871602505007
cpu,DS,1048576,32,256,0.03,31457,11,0.0213407900000675,-1,0.25,3.5251871602505007
cpu,DS,1048576,32,256,0.03,31457,12,0.022390923000330076,-1,0.25,3.5251871602505007
cpu,SS,1048576,32,256,0.03,31457,12,0.011265709999861429,-1,0.25,3.5251871602505007
cpu,SS,1048576,32,256,0.03,31457,13,0.011101339000106236,-1,0.25,3.5251871602505007
cpu,DS,1048576,32,256,0.03,31457,13,0.024385339000218664,-1,0.25,3.5251871602505007
cpu,DS,1048576,32,256,0.03,31457,14,0.021824077000019315,-1,0.25,3.5251871602505007
cpu,SS,1048576,32,256,0.03,31457,14,0.011164299000029132,-1,0.25,3.5251871602505007
gpu,DS,1048576,32,256,0.03,31457,0,0.0015728640556335449,1890,0.25,3.5251871602505007
gpu,SS,1048576,32,256,0.03,31457,0,0.00025561600923538206,1890,0.25,3.5251871602505007
gpu,SS,1048576,32,256,0.03,31457,1,0.00022678400576114655,1890,0.25,3.5251871602505007
gpu,DS,1048576,32,256,0.03,31457,1,0.001546239972114563,1890,0.25,3.5251871602505007
gpu,DS,1048576,32,256,0.03,31457,2,0.0015237120389938355,1890,0.25,3.5251871602505007
gpu,SS,1048576,32,256,0.03,31457,2,0.0002726399898529053,1890,0.25,3.5251871602505007
gpu,SS,1048576,32,256,0.03,31457,3,0.00026214399933815005,1890,0.25,3.5251871602505007
gpu,DS,1048576,32,256,0.03,31457,3,0.0015790079832077026,1890,0.25,3.5251871602505007
gpu,DS,1048576,32,256,0.03,31457,4,0.0028124160766601564,1890,0.25,3.5251871602505007
gpu,SS,1048576,32,256,0.03,31457,4,0.0001515520066022873,1890,0.25,3.5251871602505007
gpu,SS,1048576,32,256,0.03,31457,5,0.0002287680059671402,1890,0.25,3.5251871602505007
gpu,DS,1048576,32,256,0.03,31457,5,0.0014805120229721069,1890,0.25,3.5251871602505007
gpu,DS,1048576,32,256,0.03,31457,6,0.0014329919815063478,1890,0.25,3.5251871602505007
gpu,SS,1048576,32,256,0.03,31457,6,0.00021503999829292298,1890,0.25,3.5251871602505007
gpu,SS,1048576,32,256,0.03,31457,7,0.00024595199525356294,1890,0.25,3.5251871602505007
gpu,DS,1048576,32,256,0.03,31457,7,0.0018973439931869508,1890,0.25,3.5251871602505007
gpu,DS,1048576,32,256,0.03,31457,8,0.0014760960340499877,1890,0.25,3.5251871602505007
gpu,SS,1048576,32,256,0.03,31457,8,0.00021769599616527558,1890,0.25,3.5251871602505007
gpu,SS,1048576,32,256,0.03,31457,9,0.00021184000372886659,1890,0.25,3.5251871602505007
gpu,DS,1048576,32,256,0.03,31457,9,0.0014602240324020385,1890,0.25,3.5251871602505007
gpu,DS,1048576,32,256,0.03,31457,10,0.001579103946685791,1890,0.25,3.5251871602505007
gpu,SS,1048576,32,256,0.03,31457,10,0.0002287359982728958,1890,0.25,3.5251871602505007
gpu,SS,1048576,32,256,0.03,31457,11,0.00023721599578857422,1890,0.25,3.5251871602505007
gpu,DS,1048576,32,256,0.03,31457,11,0.0014977600574493407,1890,0.25,3.5251871602505007
gpu,DS,1048576,32,256,0.03,31457,12,0.0015319039821624755,1890,0.25,3.5251871602505007
gpu,SS,1048576,32,256,0.03,31457,12,0.0002343360036611557,1890,0.25,3.5251871602505007
gpu,SS,1048576,32,256,0.03,31457,13,0.0002826240062713623,1890,0.25,3.5251871602505007
gpu,DS,1048576,32,256,0.03,31457,13,0.001961632013320923,1890,0.25,3.5251871602505007
gpu,DS,1048576,32,256,0.03,31457,14,0.0015343040227890014,1890,0.25,3.5251871602505007
gpu,SS,1048576,32,256,0.03,31457,14,0.00024435199797153475,1890,0.25,3.5251871602505007
cpu,DS,1048576,32,256,0.1,104858,0,0.019514017999881617,-1,0.25,3.622250448225219
cpu,SS,1048576,32,256,0.1,104858,0,0.02292607700019289,-1,0.25,3.622250448225219
cpu,SS,1048576,32,256,0.1,104858,1,0.025349378000100842,-1,0.25,3.622250448225219
cpu,DS,1048576,32,256,0.1,104858,1,0.020928808000007848,-1,0.25,3.622250448225219
cpu,DS,1048576,32,256,0.1,104858,2,0.020444148000024143,-1,0.25,3.622250448225219
cpu,SS,1048576,32,256,0.1,104858,2,0.022948261000237835,-1,0.25,3.622250448225219
cpu,SS,1048576,32,256,0.1,104858,3,0.023391829000047437,-1,0.25,3.622250448225219
cpu,DS,1048576,32,256,0.1,104858,3,0.0214061789997686,-1,0.25,3.622250448225219
cpu,DS,1048576,32,256,0.1,104858,4,0.02208014000007097,-1,0.25,3.622250448225219
cpu,SS,1048576,32,256,0.1,104858,4,0.026026930999705655,-1,0.25,3.622250448225219
cpu,SS,1048576,32,256,0.1,104858,5,0.023031395999623783,-1,0.25,3.622250448225219
cpu,DS,1048576,32,256,0.1,104858,5,0.02395772299996679,-1,0.25,3.622250448225219
cpu,DS,1048576,32,256,0.1,104858,6,0.023238021999986813,-1,0.25,3.622250448225219
cpu,SS,1048576,32,256,0.1,104858,6,0.02212588100019275,-1,0.25,3.622250448225219
cpu,SS,1048576,32,256,0.1,104858,7,0.023948638000092615,-1,0.25,3.622250448225219
cpu,DS,1048576,32,256,0.1,104858,7,0.020038503999785462,-1,0.25,3.622250448225219
cpu,DS,1048576,32,256,0.1,104858,8,0.021291141000347125,-1,0.25,3.622250448225219
cpu,SS,1048576,32,256,0.1,104858,8,0.027130304000365868,-1,0.25,3.622250448225219
cpu,SS,1048576,32,256,0.1,104858,9,0.028707139999823994,-1,0.25,3.622250448225219
cpu,DS,1048576,32,256,0.1,104858,9,0.02150674499989691,-1,0.25,3.622250448225219
cpu,DS,1048576,32,256,0.1,104858,10,0.021240751999812346,-1,0.25,3.622250448225219
cpu,SS,1048576,32,256,0.1,104858,10,0.025709175999963918,-1,0.25,3.622250448225219
cpu,SS,1048576,32,256,0.1,104858,11,0.024377204999836977,-1,0.25,3.622250448225219
cpu,DS,1048576,32,256,0.1,104858,11,0.021663086999978987,-1,0.25,3.622250448225219
cpu,DS,1048576,32,256,0.1,104858,12,0.018575226999928418,-1,0.25,3.622250448225219
cpu,SS,1048576,32,256,0.1,104858,12,0.022772482000164018,-1,0.25,3.622250448225219
cpu,SS,1048576,32,256,0.1,104858,13,0.026093270999808738,-1,0.25,3.622250448225219
cpu,DS,1048576,32,256,0.1,104858,13,0.02136529800009157,-1,0.25,3.622250448225219
cpu,DS,1048576,32,256,0.1,104858,14,0.021306247000211442,-1,0.25,3.622250448225219
cpu,SS,1048576,32,256,0.1,104858,14,0.021562415000062174,-1,0.25,3.622250448225219
gpu,DS,1048576,32,256,0.1,104858,0,0.0015396159887313843,1890,0.25,3.622250448225219
gpu,SS,1048576,32,256,0.1,104858,0,0.0004956159889698029,1890,0.25,3.622250448225219
gpu,SS,1048576,32,256,0.1,104858,1,0.0004998719990253448,1890,0.25,3.622250448225219
gpu,DS,1048576,32,256,0.1,104858,1,0.0014807039499282837,1890,0.25,3.622250448225219
gpu,DS,1048576,32,256,0.1,104858,2,0.0014950400590896607,1890,0.25,3.622250448225219
gpu,SS,1048576,32,256,0.1,104858,2,0.0004894720017910004,1890,0.25,3.622250448225219
gpu,SS,1048576,32,256,0.1,104858,3,0.0005099520087242127,1890,0.25,3.622250448225219
gpu,DS,1048576,32,256,0.1,104858,3,0.0015533759593963623,1890,0.25,3.622250448225219
gpu,DS,1048576,32,256,0.1,104858,4,0.0015544320344924928,1890,0.25,3.622250448225219
gpu,SS,1048576,32,256,0.1,104858,4,0.000530784010887146,1890,0.25,3.622250448225219
gpu,SS,1048576,32,256,0.1,104858,5,0.0004903039932250976,1890,0.25,3.622250448225219
gpu,DS,1048576,32,256,0.1,104858,5,0.001979904055595398,1890,0.25,3.622250448225219
gpu,DS,1048576,32,256,0.1,104858,6,0.0028425281047821044,1890,0.25,3.622250448225219
gpu,SS,1048576,32,256,0.1,104858,6,0.0005167679786682129,1890,0.25,3.622250448225219
gpu,SS,1048576,32,256,0.1,104858,7,0.0004948799908161164,1890,0.25,3.622250448225219
gpu,DS,1048576,32,256,0.1,104858,7,0.0016084799766540527,1890,0.25,3.622250448225219
gpu,DS,1048576,32,256,0.1,104858,8,0.0015152000188827514,1890,0.25,3.622250448225219
gpu,SS,1048576,32,256,0.1,104858,8,0.0004952319860458374,1890,0.25,3.622250448225219
gpu,SS,1048576,32,256,0.1,104858,9,0.0005005760192871094,1890,0.25,3.622250448225219
gpu,DS,1048576,32,256,0.1,104858,9,0.0014162240028381347,1890,0.25,3.622250448225219
gpu,DS,1048576,32,256,0.1,104858,10,0.0014893759489059447,1890,0.25,3.622250448225219
gpu,SS,1048576,32,256,0.1,104858,10,0.0004976640045642852,1890,0.25,3.622250448225219
gpu,SS,1048576,32,256,0.1,104858,11,0.0005090879797935486,1890,0.25,3.622250448225219
gpu,DS,1048576,32,256,0.1,104858,11,0.0015139199495315552,1890,0.25,3.622250448225219
gpu,DS,1048576,32,256,0.1,104858,12,0.0014909119606018066,1890,0.25,3.622250448225219
gpu,SS,1048576,32,256,0.1,104858,12,0.0005614399909973144,1890,0.25,3.622250448225219
gpu,SS,1048576,32,256,0.1,104858,13,0.0004339199960231781,1890,0.25,3.622250448225219
gpu,DS,1048576,32,256,0.1,104858,13,0.0015497280359268188,1890,0.25,3.622250448225219
gpu,DS,1048576,32,256,0.1,104858,14,0.0015667200088500977,1890,0.25,3.622250448225219
gpu,SS,1048576,32,256,0.1,104858,14,0.0004955520033836365,1890,0.25,3.622250448225219
cpu,DS,1048576,32,256,0.2,209715,0,0.02030248900018705,-1,0.25,3.1958819111651526
cpu,SS,1048576,32,256,0.2,209715,0,0.04522142299992993,-1,0.25,3.1958819111651526
cpu,SS,1048576,32,256,0.2,209715,1,0.036253080000278715,-1,0.25,3.1958819111651526
cpu,DS,1048576,32,256,0.2,209715,1,0.02255693400002201,-1,0.25,3.1958819111651526
cpu,DS,1048576,32,256,0.2,209715,2,0.02140903999998045,-1,0.25,3.1958819111651526
cpu,SS,1048576,32,256,0.2,209715,2,0.04440886700012925,-1,0.25,3.1958819111651526
cpu,SS,1048576,32,256,0.2,209715,3,0.04221712099979413,-1,0.25,3.1958819111651526
cpu,DS,1048576,32,256,0.2,209715,3,0.020955321999736043,-1,0.25,3.1958819111651526
cpu,DS,1048576,32,256,0.2,209715,4,0.02254367200021079,-1,0.25,3.1958819111651526
cpu,SS,1048576,32,256,0.2,209715,4,0.04155872999990606,-1,0.25,3.1958819111651526
cpu,SS,1048576,32,256,0.2,209715,5,0.04008193099980417,-1,0.25,3.1958819111651526
cpu,DS,1048576,32,256,0.2,209715,5,0.021083647000068595,-1,0.25,3.1958819111651526
cpu,DS,1048576,32,256,0.2,209715,6,0.022455132999766647,-1,0.25,3.1958819111651526
cpu,SS,1048576,32,256,0.2,209715,6,0.03865028100017298,-1,0.25,3.1958819111651526
cpu,SS,1048576,32,256,0.2,209715,7,0.03919916799986822,-1,0.25,3.1958819111651526
cpu,DS,1048576,32,256,0.2,209715,7,0.02078263200019137,-1,0.25,3.1958819111651526
cpu,DS,1048576,32,256,0.2,209715,8,0.020384690000355477,-1,0.25,3.1958819111651526
cpu,SS,1048576,32,256,0.2,209715,8,0.045147508999889396,-1,0.25,3.1958819111651526
cpu,SS,1048576,32,256,0.2,209715,9,0.03903447199991206,-1,0.25,3.1958819111651526
cpu,DS,1048576,32,256,0.2,209715,9,0.02090481200002614,-1,0.25,3.1958819111651526
cpu,DS,1048576,32,256,0.2,209715,10,0.019323288000123284,-1,0.25,3.1958819111651526
cpu,SS,1048576,32,256,0.2,209715,10,0.043657156999870494,-1,0.25,3.1958819111651526
cpu,SS,1048576,32,256,0.2,209715,11,0.046142019999933837,-1,0.25,3.1958819111651526
cpu,DS,1048576,32,256,0.2,209715,11,0.020345101000202703,-1,0.25,3.1958819111651526
cpu,DS,1048576,32,256,0.2,209715,12,0.019068393999987165,-1,0.25,3.1958819111651526
cpu,SS,1048576,32,256,0.2,209715,12,0.03876514700004918,-1,0.25,3.1958819111651526
cpu,SS,1048576,32,256,0.2,209715,13,0.039100973999666166,-1,0.25,3.1958819111651526
cpu,DS,1048576,32,256,0.2,209715,13,0.01806686300005822,-1,0.25,3.1958819111651526
cpu,DS,1048576,32,256,0.2,209715,14,0.019832585000131076,-1,0.25,3.1958819111651526
cpu,SS,1048576,32,256,0.2,209715,14,0.038607668000167905,-1,0.25,3.1958819111651526
gpu,DS,1048576,32,256,0.2,209715,0,0.0015425599813461304,1890,0.25,3.1958819111651526
gpu,SS,1048576,32,256,0.2,209715,0,0.0010875200033187867,1890,0.25,3.1958819111651526
gpu,SS,1048576,32,256,0.2,209715,1,0.0010626239776611328,1890,0.25,3.1958819111651526
gpu,DS,1048576,32,256,0.2,209715,1,0.0014791680574417114,1890,0.25,3.1958819111651526
gpu,DS,1048576,32,256,0.2,209715,2,0.0014378559589385987,1890,0.25,3.1958819111651526
gpu,SS,1048576,32,256,0.2,209715,2,0.0010517120361328125,1890,0.25,3.1958819111651526
gpu,SS,1048576,32,256,0.2,209715,3,0.0010342400074005128,1890,0.25,3.1958819111651526
gpu,DS,1048576,32,256,0.2,209715,3,0.0014766080379486084,1890,0.25,3.1958819111651526
gpu,DS,1048576,32,256,0.2,209715,4,0.0027574400901794432,1890,0.25,3.1958819111651526
gpu,SS,1048576,32,256,0.2,209715,4,0.0009834880232810973,1890,0.25,3.1958819111651526
gpu,SS,1048576,32,256,0.2,209715,5,0.001059775948524475,1890,0.25,3.1958819111651526
gpu,DS,1048576,32,256,0.2,209715,5,0.0015073280334472656,1890,0.25,3.1958819111651526
gpu,DS,1048576,32,256,0.2,209715,6,0.001433184027671814,1890,0.25,3.1958819111651526
gpu,SS,1048576,32,256,0.2,209715,6,0.0010555839538574218,1890,0.25,3.1958819111651526
gpu,SS,1048576,32,256,0.2,209715,7,0.0015019840002059937,1890,0.25,3.1958819111651526
gpu,DS,1048576,32,256,0.2,209715,7,0.0015405759811401368,1890,0.25,3.1958819111651526
gpu,DS,1048576,32,256,0.2,209715,8,0.0014859520196914672,1890,0.25,3.1958819111651526
gpu,SS,1048576,32,256,0.2,209715,8,0.001056831955909729,1890,0.25,3.1958819111651526
gpu,SS,1048576,32,256,0.2,209715,9,0.0010503679513931274,1890,0.25,3.1958819111651526
gpu,DS,1048576,32,256,0.2,209715,9,0.0014337600469589234,1890,0.25,3.1958819111651526
gpu,DS,1048576,32,256,0.2,209715,10,0.003422976016998291,1890,0.25,3.1958819111651526
gpu,SS,1048576,32,256,0.2,209715,10,0.0010711040496826172,1890,0.25,3.1958819111651526
gpu,SS,1048576,32,256,0.2,209715,11,0.0010953600406646729,1890,0.25,3.1958819111651526
gpu,DS,1048576,32,256,0.2,209715,11,0.0015623680353164674,1890,0.25,3.1958819111651526
gpu,DS,1048576,32,256,0.2,209715,12,0.0014999040365219116,1890,0.25,3.1958819111651526
gpu,SS,1048576,32,256,0.2,209715,12,0.0010588159561157227,1890,0.25,3.1958819111651526
gpu,SS,1048576,32,256,0.2,209715,13,0.0010527360439300537,1890,0.25,3.1958819111651526
gpu,DS,1048576,32,256,0.2,209715,13,0.001422368049621582,1890,0.25,3.1958819111651526
gpu,DS,1048576,32,256,0.2,209715,14,0.0014838720560073852,1890,0.25,3.1958819111651526
gpu,SS,1048576,32,256,0.2,209715,14,0.001060703992843628,1890,0.25,3.1958819111651526
cpu,DS,1048576,32,256,0.3,314573,0,0.02305043599972123,-1,0.25,3.324427875246763
cpu,SS,1048576,32,256,0.3,314573,0,0.059640024000145786,-1,0.25,3.324427875246763
cpu,SS,1048576,32,256,0.3,314573,1,0.062486554000315664,-1,0.25,3.324427875246763
cpu,DS,1048576,32,256,0.3,314573,1,0.021241321000161406,-1,0.25,3.324427875246763
cpu,DS,1048576,32,256,0.3,314573,2,0.019991917999959696,-1,0.25,3.324427875246763
cpu,SS,1048576,32,256,0.3,314573,2,0.05453329499960091,-1,0.25,3.324427875246763
cpu,SS,1048576,32,256,0.3,314573,3,0.06570654899996953,-1,0.25,3.324427875246763
cpu,DS,1048576,32,256,0.3,314573,3,0.018656412999916938,-1,0.25,3.324427875246763
cpu,DS,1048576,32,256,0.3,314573,4,0.020140036000157124,-1,0.25,3.324427875246763
cpu,SS,1048576,32,256,0.3,314573,4,0.06220903800021915,-1,0.25,3.324427875246763
cpu,SS,1048576,32,256,0.3,314573,5,0.05728660500017213,-1,0.25,3.324427875246763
cpu,DS,1048576,32,256,0.3,314573,5,0.018181145999733417,-1,0.25,3.324427875246763
cpu,DS,1048576,32,256,0.3,314573,6,0.018725254999935714,-1,0.25,3.324427875246763
cpu,SS,1048576,32,256,0.3,314573,6,0.05933959300000424,-1,0.25,3.324427875246763
cpu,SS,1048576,32,256,0.3,314573,7,0.05694463600002564,-1,0.25,3.324427875246763
cpu,DS,1048576,32,256,0.3,314573,7,0.020746648999647732,-1,0.25,3.324427875246763
cpu,DS,1048576,32,256,0.3,314573,8,0.018388354999842704,-1,0.25,3.324427875246763
cpu,SS,1048576,32,256,0.3,314573,8,0.05889338499991936,-1,0.25,3.324427875246763
cpu,SS,1048576,32,256,0.3,314573,9,0.05743667400020058,-1,0.25,3.324427875246763
cpu,DS,1048576,32,256,0.3,314573,9,0.021935303999725875,-1,0.25,3.324427875246763
cpu,DS,1048576,32,256,0.3,314573,10,0.021549649000007776,-1,0.25,3.324427875246763
cpu,SS,1048576,32,256,0.3,314573,10,0.05853659400008837,-1,0.25,3.324427875246763
cpu,SS,1048576,32,256,0.3,314573,11,0.05709909200004404,-1,0.25,3.324427875246763
cpu,DS,1048576,32,256,0.3,314573,11,0.02108042800000476,-1,0.25,3.324427875246763
cpu,DS,1048576,32,256,0.3,314573,12,0.021051370999884966,-1,0.25,3.324427875246763
cpu,SS,1048576,32,256,0.3,314573,12,0.06037759400032883,-1,0.25,3.324427875246763
cpu,SS,1048576,32,256,0.3,314573,13,0.05039748099989083,-1,0.25,3.324427875246763
cpu,DS,1048576,32,256,0.3,314573,13,0.01871686899994529,-1,0.25,3.324427875246763
cpu,DS,1048576,32,256,0.3,314573,14,0.017493403000116814,-1,0.25,3.324427875246763
cpu,SS,1048576,32,256,0.3,314573,14,0.06160564299989346,-1,0.25,3.324427875246763
gpu,DS,1048576,32,256,0.3,314573,0,0.0013462719917297363,1890,0.25,3.324427875246763
gpu,SS,1048576,32,256,0.3,314573,0,0.0016864320039749144,1890,0.25,3.324427875246763
gpu,SS,1048576,32,256,0.3,314573,1,0.0017043520212173461,1890,0.25,3.324427875246763
gpu,DS,1048576,32,256,0.3,314573,1,0.0014459840059280395,1890,0.25,3.324427875246763
gpu,DS,1048576,32,256,0.3,314573,2,0.001485535979270935,1890,0.25,3.324427875246763
gpu,SS,1048576,32,256,0.3,314573,2,0.0016955519914627075,1890,0.25,3.324427875246763
gpu,SS,1048576,32,256,0.3,314573,3,0.0017203199863433838,1890,0.25,3.324427875246763
gpu,DS,1048576,32,256,0.3,314573,3,0.0014577280282974242,1890,0.25,3.324427875246763
gpu,DS,1048576,32,256,0.3,314573,4,0.0015084480047225953,1890,0.25,3.324427875246763
gpu,SS,1048576,32,256,0.3,314573,4,0.0016895999908447265,1890,0.25,3.324427875246763
gpu,SS,1048576,32,256,0.3,314573,5,0.0038540799617767336,1890,0.25,3.324427875246763
gpu,DS,1048576,32,256,0.3,314573,5,0.001552351951599121,1890,0.25,3.324427875246763
gpu,DS,1048576,32,256,0.3,314573,6,0.0014418879747390748,1890,0.25,3.324427875246763
gpu,SS,1048576,32,256,0.3,314573,6,0.001691648006439209,1890,0.25,3.324427875246763
gpu,SS,1048576,32,256,0.3,314573,7,0.001695744037628174,1890,0.25,3.324427875246763
gpu,DS,1048576,32,256,0.3,314573,7,0.0012904959917068482,1890,0.25,3.324427875246763
gpu,DS,1048576,32,256,0.3,314573,8,0.001455199956893921,1890,0.25,3.324427875246763
gpu,SS,1048576,32,256,0.3,314573,8,0.001695744037628174,1890,0.25,3.324427875246763
gpu,SS,1048576,32,256,0.3,314573,9,0.001697376012802124,1890,0.25,3.324427875246763
gpu,DS,1048576,32,256,0.3,314573,9,0.0014572160243988036,1890,0.25,3.324427875246763
gpu,DS,1048576,32,256,0.3,314573,10,0.001407904028892517,1890,0.25,3.324427875246763
gpu,SS,1048576,32,256,0.3,314573,10,0.0018458559513092041,1890,0.25,3.324427875246763
gpu,SS,1048576,32,256,0.3,314573,11,0.0016711679697036742,1890,0.25,3.324427875246763
gpu,DS,1048576,32,256,0.3,314573,11,0.0014827519655227662,1890,0.25,3.324427875246763
gpu,DS,1048576,32,256,0.3,314573,12,0.0014089280366897583,1890,0.25,3.324427875246763
gpu,SS,1048576,32,256,0.3,314573,12,0.0016944639682769775,1890,0.25,3.324427875246763
gpu,SS,1048576,32,256,0.3,314573,13,0.0017128959894180298,1890,0.25,3.324427875246763
gpu,DS,1048576,32,256,0.3,314573,13,0.001420415997505188,1890,0.25,3.324427875246763
gpu,DS,1048576,32,256,0.3,314573,14,0.0014563839435577392,1890,0.25,3.324427875246763
gpu,SS,1048576,32,256,0.3,314573,14,0.0016874239444732667,1890,0.25,3.324427875246763
cpu,DS,1048576,32,256,0.5,524288,0,0.018774302999645442,-1,0.25,2.0000091791152954
cpu,SS,1048576,32,256,0.5,524288,0,0.08168804999968415,-1,0.25,2.0000091791152954
cpu,SS,1048576,32,256,0.5,524288,1,0.08661048300018592,-1,0.25,2.0000091791152954
cpu,DS,1048576,32,256,0.5,524288,1,0.02001327300013145,-1,0.25,2.0000091791152954
cpu,DS,1048576,32,256,0.5,524288,2,0.02000820199964437,-1,0.25,2.0000091791152954
cpu,SS,1048576,32,256,0.5,524288,2,0.08488669100006518,-1,0.25,2.0000091791152954
cpu,SS,1048576,32,256,0.5,524288,3,0.09090504599998894,-1,0.25,2.0000091791152954
cpu,DS,1048576,32,256,0.5,524288,3,0.01748453000027439,-1,0.25,2.0000091791152954
cpu,DS,1048576,32,256,0.5,524288,4,0.020965171000170812,-1,0.25,2.0000091791152954
cpu,SS,1048576,32,256,0.5,524288,4,0.07601410300003408,-1,0.25,2.0000091791152954
cpu,SS,1048576,32,256,0.5,524288,5,0.0840085109998654,-1,0.25,2.0000091791152954
cpu,DS,1048576,32,256,0.5,524288,5,0.022101852000105282,-1,0.25,2.0000091791152954
cpu,DS,1048576,32,256,0.5,524288,6,0.019510118000198418,-1,0.25,2.0000091791152954
cpu,SS,1048576,32,256,0.5,524288,6,0.10402352200026144,-1,0.25,2.0000091791152954
cpu,SS,1048576,32,256,0.5,524288,7,0.09531781599980604,-1,0.25,2.0000091791152954
cpu,DS,1048576,32,256,0.5,524288,7,0.021805061999657482,-1,0.25,2.0000091791152954
cpu,DS,1048576,32,256,0.5,524288,8,0.021458574999996927,-1,0.25,2.0000091791152954
cpu,SS,1048576,32,256,0.5,524288,8,0.09480526699962866,-1,0.25,2.0000091791152954
cpu,SS,1048576,32,256,0.5,524288,9,0.0946584320004149,-1,0.25,2.0000091791152954
cpu,DS,1048576,32,256,0.5,524288,9,0.021182335000048624,-1,0.25,2.0000091791152954
cpu,DS,1048576,32,256,0.5,524288,10,0.02285794099998384,-1,0.25,2.0000091791152954
cpu,SS,1048576,32,256,0.5,524288,10,0.10125426900003731,-1,0.25,2.0000091791152954
cpu,SS,1048576,32,256,0.5,524288,11,0.10893837300000087,-1,0.25,2.0000091791152954
cpu,DS,1048576,32,256,0.5,524288,11,0.03128731099968718,-1,0.25,2.0000091791152954
cpu,DS,1048576,32,256,0.5,524288,12,0.029388600999936898,-1,0.25,2.0000091791152954
cpu,SS,1048576,32,256,0.5,524288,12,0.10394483099980789,-1,0.25,2.0000091791152954
cpu,SS,1048576,32,256,0.5,524288,13,0.10076855299985255,-1,0.25,2.0000091791152954
cpu,DS,1048576,32,256,0.5,524288,13,0.042822711000098934,-1,0.25,2.0000091791152954
cpu,DS,1048576,32,256,0.5,524288,14,0.03982654300034483,-1,0.25,2.0000091791152954
cpu,SS,1048576,32,256,0.5,524288,14,0.11004850799963606,-1,0.25,2.0000091791152954
gpu,DS,1048576,32,256,0.5,524288,0,0.003346719980239868,1005,0.25,2.0000091791152954
gpu,SS,1048576,32,256,0.5,524288,0,0.00561740779876709,1005,0.25,2.0000091791152954
gpu,SS,1048576,32,256,0.5,524288,1,0.005155680179595948,1005,0.25,2.0000091791152954
gpu,DS,1048576,32,256,0.5,524288,1,0.0019886080026626585,1005,0.25,2.0000091791152954
gpu,DS,1048576,32,256,0.5,524288,2,0.001622688055038452,1005,0.25,2.0000091791152954
gpu,SS,1048576,32,256,0.5,524288,2,0.005130688190460205,1005,0.25,2.0000091791152954
gpu,SS,1048576,32,256,0.5,524288,3,0.0057712640762329105,1005,0.25,2.0000091791152954
gpu,DS,1048576,32,256,0.5,524288,3,0.0016695040464401246,1005,0.25,2.0000091791152954
gpu,DS,1048576,32,256,0.5,524288,4,0.003297247886657715,1005,0.25,2.0000091791152954
gpu,SS,1048576,32,256,0.5,524288,4,0.005050111770629883,1005,0.25,2.0000091791152954
gpu,SS,1048576,32,256,0.5,524288,5,0.005172927856445312,1005,0.25,2.0000091791152954
gpu,DS,1048576,32,256,0.5,524288,5,0.001494655966758728,1005,0.25,2.0000091791152954
gpu,DS,1048576,32,256,0.5,524288,6,0.0016613759994506835,1005,0.25,2.0000091791152954
gpu,SS,1048576,32,256,0.5,524288,6,0.005117824077606201,1005,0.25,2.0000091791152954
gpu,SS,1048576,32,256,0.5,524288,7,0.005517312049865723,1005,0.25,2.0000091791152954
gpu,DS,1048576,32,256,0.5,524288,7,0.0015606080293655395,1005,0.25,2.0000091791152954
gpu,DS,1048576,32,256,0.5,524288,8,0.0014786239862442016,1005,0.25,2.0000091791152954
gpu,SS,1048576,32,256,0.5,524288,8,0.004510975837707519,1005,0.25,2.0000091791152954
gpu,SS,1048576,32,256,0.5,524288,9,0.003386431932449341,1575,0.25,2.0000091791152954
gpu,DS,1048576,32,256,0.5,524288,9,0.0015953919887542725,1575,0.25,2.0000091791152954
gpu,DS,1048576,32,256,0.5,524288,10,0.0015052800178527832,1575,0.25,2.0000091791152954
gpu,SS,1048576,32,256,0.5,524288,10,0.004697504043579101,1575,0.25,2.0000091791152954
gpu,SS,1048576,32,256,0.5,524288,11,0.003360352039337158,1575,0.25,2.0000091791152954
gpu,DS,1048576,32,256,0.5,524288,11,0.0016195839643478394,1575,0.25,2.0000091791152954
gpu,DS,1048576,32,256,0.5,524288,12,0.0015560319423675536,1575,0.25,2.0000091791152954
gpu,SS,1048576,32,256,0.5,524288,12,0.004018464088439941,1575,0.25,2.0000091791152954
gpu,SS,1048576,32,256,0.5,524288,13,0.003382080078125,1575,0.25,2.0000091791152954
gpu,DS,1048576,32,256,0.5,524288,13,0.0015728640556335449,1575,0.25,2.0000091791152954
gpu,DS,1048576,32,256,0.5,524288,14,0.0015256960391998291,1575,0.25,2.0000091791152954
gpu,SS,1048576,32,256,0.5,524288,14,0.004967775821685791,1575,0.25,2.0000091791152954
cpu,DS,1048576,32,256,0.7,734003,0,0.022771108000142704,-1,0.25,1.428588592280958
cpu,SS,1048576,32,256,0.7,734003,0,0.11432854699978634,-1,0.25,1.428588592280958
cpu,SS,1048576,32,256,0.7,734003,1,0.11185165500000949,-1,0.25,1.428588592280958
cpu,DS,1048576,32,256,0.7,734003,1,0.022195086000010633,-1,0.25,1.428588592280958
cpu,DS,1048576,32,256,0.7,734003,2,0.02177033099997061,-1,0.25,1.428588592280958
cpu,SS,1048576,32,256,0.7,734003,2,0.1133609189996605,-1,0.25,1.428588592280958
cpu,SS,1048576,32,256,0.7,734003,3,0.1160755060000156,-1,0.25,1.428588592280958
cpu,DS,1048576,32,256,0.7,734003,3,0.023217870999815204,-1,0.25,1.428588592280958
cpu,DS,1048576,32,256,0.7,734003,4,0.0230792110000948,-1,0.25,1.428588592280958
cpu,SS,1048576,32,256,0.7,734003,4,0.12145153900019068,-1,0.25,1.428588592280958
cpu,SS,1048576,32,256,0.7,734003,5,0.1255548680001084,-1,0.25,1.428588592280958
cpu,DS,1048576,32,256,0.7,734003,5,0.022018981999735843,-1,0.25,1.428588592280958
cpu,DS,1048576,32,256,0.7,734003,6,0.02804180000021006,-1,0.25,1.428588592280958
cpu,SS,1048576,32,256,0.7,734003,6,0.13037372600001618,-1,0.25,1.428588592280958
cpu,SS,1048576,32,256,0.7,734003,7,0.1441195490001519,-1,0.25,1.428588592280958
cpu,DS,1048576,32,256,0.7,734003,7,0.021942242000022816,-1,0.25,1.428588592280958
cpu,DS,1048576,32,256,0.7,734003,8,0.021486283999820444,-1,0.25,1.428588592280958
cpu,SS,1048576,32,256,0.7,734003,8,0.13054924399966694,-1,0.25,1.428588592280958
cpu,SS,1048576,32,256,0.7,734003,9,0.1262823910001316,-1,0.25,1.428588592280958
cpu,DS,1048576,32,256,0.7,734003,9,0.020329129999936413,-1,0.25,1.428588592280958
cpu,DS,1048576,32,256,0.7,734003,10,0.021496230000138894,-1,0.25,1.428588592280958
cpu,SS,1048576,32,256,0.7,734003,10,0.1195414100002381,-1,0.25,1.428588592280958
cpu,SS,1048576,32,256,0.7,734003,11,0.11939222000000882,-1,0.25,1.428588592280958
cpu,DS,1048576,32,256,0.7,734003,11,0.021489305999693897,-1,0.25,1.428588592280958
cpu,DS,1048576,32,256,0.7,734003,12,0.023683092000283068,-1,0.25,1.428588592280958
cpu,SS,1048576,32,256,0.7,734003,12,0.12444052000000738,-1,0.25,1.428588592280958
cpu,SS,1048576,32,256,0.7,734003,13,0.12018887900012487,-1,0.25,1.428588592280958
cpu,DS,1048576,32,256,0.7,734003,13,0.02053195100006633,-1,0.25,1.428588592280958
cpu,DS,1048576,32,256,0.7,734003,14,0.022329357000216987,-1,0.25,1.428588592280958
cpu,SS,1048576,32,256,0.7,734003,14,0.10319908400015265,-1,0.25,1.428588592280958
gpu,DS,1048576,32,256,0.7,734003,0,0.001546239972114563,1005,0.25,1.428588592280958
gpu,SS,1048576,32,256,0.7,734003,0,0.007055424213409424,1005,0.25,1.428588592280958
gpu,SS,1048576,32,256,0.7,734003,1,0.007604896068572998,1005,0.25,1.428588592280958
gpu,DS,1048576,32,256,0.7,734003,1,0.0015372159481048585,1005,0.25,1.428588592280958
gpu,DS,1048576,32,256,0.7,734003,2,0.0014799040555953978,1005,0.25,1.428588592280958
gpu,SS,1048576,32,256,0.7,734003,2,0.008979455947875976,1005,0.25,1.428588592280958
gpu,SS,1048576,32,256,0.7,734003,3,0.0069996161460876465,1005,0.25,1.428588592280958
gpu,DS,1048576,32,256,0.7,734003,3,0.0027279040813446044,1005,0.25,1.428588592280958
gpu,DS,1048576,32,256,0.7,734003,4,0.0015869439840316773,1005,0.25,1.428588592280958
gpu,SS,1048576,32,256,0.7,734003,4,0.007045184135437012,1005,0.25,1.428588592280958
gpu,SS,1048576,32,256,0.7,734003,5,0.009063872337341308,1005,0.25,1.428588592280958
gpu,DS,1048576,32,256,0.7,734003,5,0.0015828160047531127,1005,0.25,1.428588592280958
gpu,DS,1048576,32,256,0.7,734003,6,0.0015204800367355346,1005,0.25,1.428588592280958
gpu,SS,1048576,32,256,0.7,734003,6,0.007520800113677979,1005,0.25,1.428588592280958
gpu,SS,1048576,32,256,0.7,734003,7,0.00708406400680542,1005,0.25,1.428588592280958
gpu,DS,1048576,32,256,0.7,734003,7,0.0028180480003356934,1875,0.25,1.428588592280958
gpu,DS,1048576,32,256,0.7,734003,8,0.0014862079620361329,1875,0.25,1.428588592280958
gpu,SS,1048576,32,256,0.7,734003,8,0.004206592082977295,1890,0.25,1.428588592280958
gpu,SS,1048576,32,256,0.7,734003,9,0.003850559949874878,1890,0.25,1.428588592280958
gpu,DS,1048576,32,256,0.7,734003,9,0.001572160005569458,1890,0.25,1.428588592280958
gpu,DS,1048576,32,256,0.7,734003,10,0.001615264058113098,1890,0.25,1.428588592280958
gpu,SS,1048576,32,256,0.7,734003,10,0.005168288230895996,1890,0.25,1.428588592280958
gpu,SS,1048576,32,256,0.7,734003,11,0.0038747520446777346,1890,0.25,1.428588592280958
gpu,DS,1048576,32,256,0.7,734003,11,0.0015200639963150024,1890,0.25,1.428588592280958
gpu,DS,1048576,32,256,0.7,734003,12,0.0018698240518569946,1890,0.25,1.428588592280958
gpu,SS,1048576,32,256,0.7,734003,12,0.003845599889755249,1890,0.25,1.428588592280958
gpu,SS,1048576,32,256,0.7,734003,13,0.003849855899810791,1890,0.25,1.428588592280958
gpu,DS,1048576,32,256,0.7,734003,13,0.0015196160078048706,1890,0.25,1.428588592280958
gpu,DS,1048576,32,256,0.7,734003,14,0.0014847999811172486,1890,0.25,1.428588592280958
gpu,SS,1048576,32,256,0.7,734003,14,0.0037751040458679198,1890,0.25,1.428588592280958
cpu,DS,1048576,32,256,1.0,1048576,0,0.02238757099985378,-1,0.25,1.0000117421150208
cpu,SS,1048576,32,256,1.0,1048576,0,0.1527939630000219,-1,0.25,1.0000117421150208
cpu,SS,1048576,32,256,1.0,1048576,1,0.1492298660000415,-1,0.25,1.0000117421150208
cpu,DS,1048576,32,256,1.0,1048576,1,0.02121237699975609,-1,0.25,1.0000117421150208
cpu,DS,1048576,32,256,1.0,1048576,2,0.02212692600005539,-1,0.25,1.0000117421150208
cpu,SS,1048576,32,256,1.0,1048576,2,0.14152646000002278,-1,0.25,1.0000117421150208
cpu,SS,1048576,32,256,1.0,1048576,3,0.14486247900003946,-1,0.25,1.0000117421150208
cpu,DS,1048576,32,256,1.0,1048576,3,0.02117512800032273,-1,0.25,1.0000117421150208
cpu,DS,1048576,32,256,1.0,1048576,4,0.020832673000313662,-1,0.25,1.0000117421150208
cpu,SS,1048576,32,256,1.0,1048576,4,0.14123802399990382,-1,0.25,1.0000117421150208
cpu,SS,1048576,32,256,1.0,1048576,5,0.14331723499981308,-1,0.25,1.0000117421150208
cpu,DS,1048576,32,256,1.0,1048576,5,0.020161217000350007,-1,0.25,1.0000117421150208
cpu,DS,1048576,32,256,1.0,1048576,6,0.01931424300028084,-1,0.25,1.0000117421150208
cpu,SS,1048576,32,256,1.0,1048576,6,0.15346912299992255,-1,0.25,1.0000117421150208
cpu,SS,1048576,32,256,1.0,1048576,7,0.15911467399973844,-1,0.25,1.0000117421150208
cpu,DS,1048576,32,256,1.0,1048576,7,0.020899077000194666,-1,0.25,1.0000117421150208
cpu,DS,1048576,32,256,1.0,1048576,8,0.021878470000046946,-1,0.25,1.0000117421150208
cpu,SS,1048576,32,256,1.0,1048576,8,0.15616840199982107,-1,0.25,1.0000117421150208
cpu,SS,1048576,32,256,1.0,1048576,9,0.21642895000013596,-1,0.25,1.0000117421150208
cpu,DS,1048576,32,256,1.0,1048576,9,0.022584444000131043,-1,0.25,1.0000117421150208
cpu,DS,1048576,32,256,1.0,1048576,10,0.022612234999996872,-1,0.25,1.0000117421150208
cpu,SS,1048576,32,256,1.0,1048576,10,0.15200071600020237,-1,0.25,1.0000117421150208
cpu,SS,1048576,32,256,1.0,1048576,11,0.15141296100000545,-1,0.25,1.0000117421150208
cpu,DS,1048576,32,256,1.0,1048576,11,0.02464288100009071,-1,0.25,1.0000117421150208
cpu,DS,1048576,32,256,1.0,1048576,12,0.023032347000025766,-1,0.25,1.0000117421150208
cpu,SS,1048576,32,256,1.0,1048576,12,0.1681799529997079,-1,0.25,1.0000117421150208
cpu,SS,1048576,32,256,1.0,1048576,13,0.17464321600027688,-1,0.25,1.0000117421150208
cpu,DS,1048576,32,256,1.0,1048576,13,0.02313587099979486,-1,0.25,1.0000117421150208
cpu,DS,1048576,32,256,1.0,1048576,14,0.022812307000094734,-1,0.25,1.0000117421150208
cpu,SS,1048576,32,256,1.0,1048576,14,0.2608688989998882,-1,0.25,1.0000117421150208
gpu,DS,1048576,32,256,1.0,1048576,0,0.0016440000534057616,1170,0.25,1.0000117421150208
gpu,SS,1048576,32,256,1.0,1048576,0,0.008728447914123536,1170,0.25,1.0000117421150208
gpu,SS,1048576,32,256,1.0,1048576,1,0.00990880012512207,1170,0.25,1.0000117421150208
gpu,DS,1048576,32,256,1.0,1048576,1,0.0017040640115737915,1170,0.25,1.0000117421150208
gpu,DS,1048576,32,256,1.0,1048576,2,0.0015965119600296021,1170,0.25,1.0000117421150208
gpu,SS,1048576,32,256,1.0,1048576,2,0.009165375709533692,1170,0.25,1.0000117421150208
gpu,SS,1048576,32,256,1.0,1048576,3,0.008233823776245118,1170,0.25,1.0000117421150208
gpu,DS,1048576,32,256,1.0,1048576,3,0.0018882559537887573,1170,0.25,1.0000117421150208
gpu,DS,1048576,32,256,1.0,1048576,4,0.0016073280572891236,1170,0.25,1.0000117421150208
gpu,SS,1048576,32,256,1.0,1048576,4,0.008177408218383789,1170,0.25,1.0000117421150208
gpu,SS,1048576,32,256,1.0,1048576,5,0.008093312263488769,1170,0.25,1.0000117421150208
gpu,DS,1048576,32,256,1.0,1048576,5,0.002180351972579956,1170,0.25,1.0000117421150208
gpu,DS,1048576,32,256,1.0,1048576,6,0.0016193599700927734,1170,0.25,1.0000117421150208
gpu,SS,1048576,32,256,1.0,1048576,6,0.008245247840881348,1170,0.25,1.0000117421150208
gpu,SS,1048576,32,256,1.0,1048576,7,0.009215807914733887,1170,0.25,1.0000117421150208
gpu,DS,1048576,32,256,1.0,1048576,7,0.001661087989807129,1170,0.25,1.0000117421150208
gpu,DS,1048576,32,256,1.0,1048576,8,0.0016244479417800903,1170,0.25,1.0000117421150208
gpu,SS,1048576,32,256,1.0,1048576,8,0.010016575813293457,1170,0.25,1.0000117421150208
gpu,SS,1048576,32,256,1.0,1048576,9,0.008177887916564942,1170,0.25,1.0000117421150208
gpu,DS,1048576,32,256,1.0,1048576,9,0.002421504020690918,1170,0.25,1.0000117421150208
gpu,DS,1048576,32,256,1.0,1048576,10,0.0016335680484771728,1170,0.25,1.0000117421150208
gpu,SS,1048576,32,256,1.0,1048576,10,0.008171520233154296,1170,0.25,1.0000117421150208
gpu,SS,1048576,32,256,1.0,1048576,11,0.005024288177490234,1890,0.25,1.0000117421150208
gpu,DS,1048576,32,256,1.0,1048576,11,0.001523967981338501,1890,0.25,1.0000117421150208
gpu,DS,1048576,32,256,1.0,1048576,12,0.0014830080270767211,1890,0.25,1.0000117421150208
gpu,SS,1048576,32,256,1.0,1048576,12,0.005787807941436768,1890,0.25,1.0000117421150208
gpu,SS,1048576,32,256,1.0,1048576,13,0.00514412784576416,1890,0.25,1.0000117421150208
gpu,DS,1048576,32,256,1.0,1048576,13,0.0015844160318374634,1890,0.25,1.0000117421150208
gpu,DS,1048576,32,256,1.0,1048576,14,0.0029655039310455323,1890,0.25,1.0000117421150208
gpu,SS,1048576,32,256,1.0,1048576,14,0.005109983921051026,1890,0.25,1.0000117421150208
cpu,DS,1048576,32,256,0.0001,105,0,0.021095336000144016,-1,0.167,4.560714285714286
cpu,SS,1048576,32,256,0.0001,105,0,0.00015611399976478424,-1,0.167,4.560714285714286
cpu,SS,1048576,32,256,0.0001,105,1,0.00021813099965584115,-1,0.167,4.560714285714286
cpu,DS,1048576,32,256,0.0001,105,1,0.01880052300020907,-1,0.167,4.560714285714286
cpu,DS,1048576,32,256,0.0001,105,2,0.02048443200010297,-1,0.167,4.560714285714286
cpu,SS,1048576,32,256,0.0001,105,2,0.0001507510000919865,-1,0.167,4.560714285714286
cpu,SS,1048576,32,256,0.0001,105,3,0.00013641699979416444,-1,0.167,4.560714285714286
cpu,DS,1048576,32,256,0.0001,105,3,0.018606963999900472,-1,0.167,4.560714285714286
cpu,DS,1048576,32,256,0.0001,105,4,0.018355386999701295,-1,0.167,4.560714285714286
cpu,SS,1048576,32,256,0.0001,105,4,0.0001507510000919865,-1,0.167,4.560714285714286
cpu,SS,1048576,32,256,0.0001,105,5,0.00011632999985522474,-1,0.167,4.560714285714286
cpu,DS,1048576,32,256,0.0001,105,5,0.021731007000198588,-1,0.167,4.560714285714286
cpu,DS,1048576,32,256,0.0001,105,6,0.021010988999933033,-1,0.167,4.560714285714286
cpu,SS,1048576,32,256,0.0001,105,6,0.00017347199991490925,-1,0.167,4.560714285714286
cpu,SS,1048576,32,256,0.0001,105,7,0.00014022000004842994,-1,0.167,4.560714285714286
cpu,DS,1048576,32,256,0.0001,105,7,0.0204147119998197,-1,0.167,4.560714285714286
cpu,DS,1048576,32,256,0.0001,105,8,0.019904049999695417,-1,0.167,4.560714285714286
cpu,SS,1048576,32,256,0.0001,105,8,0.00024260600002889987,-1,0.167,4.560714285714286
cpu,SS,1048576,32,256,0.0001,105,9,0.00024835900012476486,-1,0.167,4.560714285714286
cpu,DS,1048576,32,256,0.0001,105,9,0.020155821000116703,-1,0.167,4.560714285714286
cpu,DS,1048576,32,256,0.0001,105,10,0.021587568999621,-1,0.167,4.560714285714286
cpu,SS,1048576,32,256,0.0001,105,10,0.00016791300004115328,-1,0.167,4.560714285714286
cpu,SS,1048576,32,256,0.0001,105,11,0.00011993799989795662,-1,0.167,4.560714285714286
cpu,DS,1048576,32,256,0.0001,105,11,0.02344192699956693,-1,0.167,4.560714285714286
cpu,DS,1048576,32,256,0.0001,105,12,0.025337338000099408,-1,0.167,4.560714285714286
cpu,SS,1048576,32,256,0.0001,105,12,0.00018029699958788115,-1,0.167,4.560714285714286
cpu,SS,1048576,32,256,0.0001,105,13,0.00016489000017827493,-1,0.167,4.560714285714286
cpu,DS,1048576,32,256,0.0001,105,13,0.020200286000090273,-1,0.167,4.560714285714286
cpu,DS,1048576,32,256,0.0001,105,14,0.019674313999985316,-1,0.167,4.560714285714286
cpu,SS,1048576,32,256,0.0001,105,14,0.0001909259999592905,-1,0.167,4.560714285714286
gpu,DS,1048576,32,256,0.0001,105,0,0.0014731839895248413,1890,0.167,4.560714285714286
gpu,SS,1048576,32,256,0.0001,105,0,1.0239999741315842e-05,1890,0.167,4.560714285714286
gpu,SS,1048576,32,256,0.0001,105,1,0.000141184002161026,1890,0.167,4.560714285714286
gpu,DS,1048576,32,256,0.0001,105,1,0.001539039969444275,1890,0.167,4.560714285714286
gpu,DS,1048576,32,256,0.0001,105,2,0.0015276479721069336,1890,0.167,4.560714285714286
gpu,SS,1048576,32,256,0.0001,105,2,0.0001658879965543747,1890,0.167,4.560714285714286
gpu,SS,1048576,32,256,0.0001,105,3,0.00020070399343967437,1890,0.167,4.560714285714286
gpu,DS,1048576,32,256,0.0001,105,3,0.001511423945426941,1890,0.167,4.560714285714286
gpu,DS,1048576,32,256,0.0001,105,4,0.0015754560232162475,1890,0.167,4.560714285714286
gpu,SS,1048576,32,256,0.0001,105,4,9.830400347709655e-05,1890,0.167,4.560714285714286
gpu,SS,1048576,32,256,0.0001,105,5,0.00010239999741315842,1890,0.167,4.560714285714286
gpu,DS,1048576,32,256,0.0001,105,5,0.001568511962890625,1890,0.167,4.560714285714286
gpu,DS,1048576,32,256,0.0001,105,6,0.0015400960445404053,1890,0.167,4.560714285714286
gpu,SS,1048576,32,256,0.0001,105,6,0.00015622399747371673,1890,0.167,4.560714285714286
gpu,SS,1048576,32,256,0.0001,105,7,0.0001822720021009445,1890,0.167,4.560714285714286
gpu,DS,1048576,32,256,0.0001,105,7,0.0015584959983825683,1890,0.167,4.560714285714286
gpu,DS,1048576,32,256,0.0001,105,8,0.0015709120035171508,1890,0.167,4.560714285714286
gpu,SS,1048576,32,256,0.0001,105,8,0.0001626559942960739,1890,0.167,4.560714285714286
gpu,SS,1048576,32,256,0.0001,105,9,9.939199686050415e-05,1890,0.167,4.560714285714286
gpu,DS,1048576,32,256,0.0001,105,9,0.0016159360408782959,1890,0.167,4.560714285714286
gpu,DS,1048576,32,256,0.0001,105,10,0.0015032320022583007,1890,0.167,4.560714285714286
gpu,SS,1048576,32,256,0.0001,105,10,0.00017219200730323792,1890,0.167,4.560714285714286
gpu,SS,1048576,32,256,0.0001,105,11,0.0001229119971394539,1890,0.167,4.560714285714286
gpu,DS,1048576,32,256,0.0001,105,11,0.0016095679998397827,1890,0.167,4.560714285714286
gpu,DS,1048576,32,256,0.0001,105,12,0.0014936000108718873,1890,0.167,4.560714285714286
gpu,SS,1048576,32,256,0.0001,105,12,0.00018582400679588318,1890,0.167,4.560714285714286
gpu,SS,1048576,32,256,0.0001,105,13,9.654399752616882e-05,1890,0.167,4.560714285714286
gpu,DS,1048576,32,256,0.0001,105,13,0.0016185599565505982,1890,0.167,4.560714285714286
gpu,DS,1048576,32,256,0.0001,105,14,0.0015297919511795045,1890,0.167,4.560714285714286
gpu,SS,1048576,32,256,0.0001,105,14,0.00010035199671983719,1890,0.167,4.560714285714286
cpu,DS,1048576,32,256,0.0003,315,0,0.02309235200027615,-1,0.167,4.076190476190476
cpu,SS,1048576,32,256,0.0003,315,0,0.0004837500000576256,-1,0.167,4.076190476190476
cpu,SS,1048576,32,256,0.0003,315,1,0.00025294200031567016,-1,0.167,4.076190476190476
cpu,DS,1048576,32,256,0.0003,315,1,0.02024299599997903,-1,0.167,4.076190476190476
cpu,DS,1048576,32,256,0.0003,315,2,0.019321422999837523,-1,0.167,4.076190476190476
cpu,SS,1048576,32,256,0.0003,315,2,0.0002936040000349749,-1,0.167,4.076190476190476
cpu,SS,1048576,32,256,0.0003,315,3,0.0002683490001800237,-1,0.167,4.076190476190476
cpu,DS,1048576,32,256,0.0003,315,3,0.019351359000211232,-1,0.167,4.076190476190476
cpu,DS,1048576,32,256,0.0003,315,4,0.02325880300031713,-1,0.167,4.076190476190476
cpu,SS,1048576,32,256,0.0003,315,4,0.0002973099999508122,-1,0.167,4.076190476190476
cpu,SS,1048576,32,256,0.0003,315,5,0.0002776129999801924,-1,0.167,4.076190476190476
cpu,DS,1048576,32,256,0.0003,315,5,0.019875674000104482,-1,0.167,4.076190476190476
cpu,DS,1048576,32,256,0.0003,315,6,0.02208038700018733,-1,0.167,4.076190476190476
cpu,SS,1048576,32,256,0.0003,315,6,0.0003219800000806572,-1,0.167,4.076190476190476
cpu,SS,1048576,32,256,0.0003,315,7,0.00032773299972177483,-1,0.167,4.076190476190476
cpu,DS,1048576,32,256,0.0003,315,7,0.021807163000175933,-1,0.167,4.076190476190476
cpu,DS,1048576,32,256,0.0003,315,8,0.020549764000406867,-1,0.167,4.076190476190476
cpu,SS,1048576,32,256,0.0003,315,8,0.00040223099995273515,-1,0.167,4.076190476190476
cpu,SS,1048576,32,256,0.0003,315,9,0.00044084499995733495,-1,0.167,4.076190476190476
cpu,DS,1048576,32,256,0.0003,315,9,0.02062689500007764,-1,0.167,4.076190476190476
cpu,DS,1048576,32,256,0.0003,315,10,0.01960537500008286,-1,0.167,4.076190476190476
cpu,SS,1048576,32,256,0.0003,315,10,0.0003143739995721262,-1,0.167,4.076190476190476
cpu,SS,1048576,32,256,0.0003,315,11,0.0002840479996848444,-1,0.167,4.076190476190476
cpu,DS,1048576,32,256,0.0003,315,11,0.019833256999845617,-1,0.167,4.076190476190476
cpu,DS,1048576,32,256,0.0003,315,12,0.020966524999948888,-1,0.167,4.076190476190476
cpu,SS,1048576,32,256,0.0003,315,12,0.00028307299999141833,-1,0.167,4.076190476190476
cpu,SS,1048576,32,256,0.0003,315,13,0.00021754599993073498,-1,0.167,4.076190476190476
cpu,DS,1048576,32,256,0.0003,315,13,0.022735073000148986,-1,0.167,4.076190476190476
cpu,DS,1048576,32,256,0.0003,315,14,0.021658848999777547,-1,0.167,4.076190476190476
cpu,SS,1048576,32,256,0.0003,315,14,0.00031378899984702,-1,0.167,4.076190476190476
gpu,DS,1048576,32,256,0.0003,315,0,0.0016254719495773316,1890,0.167,4.076190476190476
gpu,SS,1048576,32,256,0.0003,315,0,0.000374783992767334,1890,0.167,4.076190476190476
gpu,SS,1048576,32,256,0.0003,315,1,1.190400030463934e-05,1890,0.167,4.076190476190476
gpu,DS,1048576,32,256,0.0003,315,1,0.0015630079507827758,1890,0.167,4.076190476190476
gpu,DS,1048576,32,256,0.0003,315,2,0.0015373120307922363,1890,0.167,4.076190476190476
gpu,SS,1048576,32,256,0.0003,315,2,0.0001403519958257675,1890,0.167,4.076190476190476
gpu,SS,1048576,32,256,0.0003,315,3,0.0004097599983215332,1890,0.167,4.076190476190476
gpu,DS,1048576,32,256,0.0003,315,3,0.0016594879627227783,1890,0.167,4.076190476190476
gpu,DS,1048576,32,256,0.0003,315,4,0.0023125760555267336,1890,0.167,4.076190476190476
gpu,SS,1048576,32,256,0.0003,315,4,0.0002029760032892227,1890,0.167,4.076190476190476
gpu,SS,1048576,32,256,0.0003,315,5,0.00015555199980735778,1890,0.167,4.076190476190476
gpu,DS,1048576,32,256,0.0003,315,5,0.0015693440437316894,1890,0.167,4.076190476190476
gpu,DS,1048576,32,256,0.0003,315,6,0.0015537279844284057,1890,0.167,4.076190476190476
gpu,SS,1048576,32,256,0.0003,315,6,0.0002544960081577301,1890,0.167,4.076190476190476
gpu,SS,1048576,32,256,0.0003,315,7,8.588799834251403e-05,1890,0.167,4.076190476190476
gpu,DS,1048576,32,256,0.0003,315,7,0.004225024223327637,1890,0.167,4.076190476190476
gpu,DS,1048576,32,256,0.0003,315,8,0.0015189119577407838,1890,0.167,4.076190476190476
gpu,SS,1048576,32,256,0.0003,315,8,0.00015347200632095337,1890,0.167,4.076190476190476
gpu,SS,1048576,32,256,0.0003,315,9,9.625600278377533e-05,1890,0.167,4.076190476190476
gpu,DS,1048576,32,256,0.0003,315,9,0.001630944013595581,1890,0.167,4.076190476190476
gpu,DS,1048576,32,256,0.0003,315,10,0.0015931839942932128,1890,0.167,4.076190476190476
gpu,SS,1048576,32,256,0.0003,315,10,0.00019977599382400512,1890,0.167,4.076190476190476
gpu,SS,1048576,32,256,0.0003,315,11,9.036800265312194e-05,1890,0.167,4.076190476190476
gpu,DS,1048576,32,256,0.0003,315,11,0.0015534720420837403,1890,0.167,4.076190476190476
gpu,DS,1048576,32,256,0.0003,315,12,0.001509343981742859,1890,0.167,4.076190476190476
gpu,SS,1048576,32,256,0.0003,315,12,9.596800059080124e-05,1890,0.167,4.076190476190476
gpu,SS,1048576,32,256,0.0003,315,13,0.0001573760062456131,1890,0.167,4.076190476190476
gpu,DS,1048576,32,256,0.0003,315,13,0.0014891840219497681,1890,0.167,4.076190476190476
gpu,DS,1048576,32,256,0.0003,315,14,0.002693120002746582,1890,0.167,4.076190476190476
gpu,SS,1048576,32,256,0.0003,315,14,0.0001249919980764389,1890,0.167,4.076190476190476
cpu,DS,1048576,32,256,0.001,1049,0,0.019252873999903386,-1,0.167,5.2641205910390845
cpu,SS,1048576,32,256,0.001,1049,0,0.0008043650000217895,-1,0.167,5.2641205910390845
cpu,SS,1048576,32,256,0.001,1049,1,0.0007754039997962536,-1,0.167,5.2641205910390845
cpu,DS,1048576,32,256,0.001,1049,1,0.0196516910000355,-1,0.167,5.2641205910390845
cpu,DS,1048576,32,256,0.001,1049,2,0.021634471000197664,-1,0.167,5.2641205910390845
cpu,SS,1048576,32,256,0.001,1049,2,0.0007041240000944526,-1,0.167,5.2641205910390845
cpu,SS,1048576,32,256,0.001,1049,3,0.000657026000226324,-1,0.167,5.2641205910390845
cpu,DS,1048576,32,256,0.001,1049,3,0.02185308999969493,-1,0.167,5.2641205910390845
cpu,DS,1048576,32,256,0.001,1049,4,0.023819585000182997,-1,0.167,5.2641205910390845
cpu,SS,1048576,32,256,0.001,1049,4,0.0009302509997723973,-1,0.167,5.2641205910390845
cpu,SS,1048576,32,256,0.001,1049,5,0.0008339109999724315,-1,0.167,5.2641205910390845
cpu,DS,1048576,32,256,0.001,1049,5,0.021317952000117657,-1,0.167,5.2641205910390845
cpu,DS,1048576,32,256,0.001,1049,6,0.02143018700007815,-1,0.167,5.2641205910390845
cpu,SS,1048576,32,256,0.001,1049,6,0.0010404380000181845,-1,0.167,5.2641205910390845
cpu,SS,1048576,32,256,0.001,1049,7,0.0008023169998523372,-1,0.167,5.2641205910390845
cpu,DS,1048576,32,256,0.001,1049,7,0.01992442900018432,-1,0.167,5.2641205910390845
cpu,DS,1048576,32,256,0.001,1049,8,0.019238246999975672,-1,0.167,5.2641205910390845
cpu,SS,1048576,32,256,0.001,1049,8,0.000765555999805656,-1,0.167,5.2641205910390845
cpu,SS,1048576,32,256,0.001,1049,9,0.0007199209999271261,-1,0.167,5.2641205910390845
cpu,DS,1048576,32,256,0.001,1049,9,0.020092926999950578,-1,0.167,5.2641205910390845
cpu,DS,1048576,32,256,0.001,1049,10,0.021534425000027113,-1,0.167,5.2641205910390845
cpu,SS,1048576,32,256,0.001,1049,10,0.0008933919998526108,-1,0.167,5.2641205910390845
cpu,SS,1048576,32,256,0.001,1049,11,0.0008552649997000117,-1,0.167,5.2641205910390845
cpu,DS,1048576,32,256,0.001,1049,11,0.020011310999962006,-1,0.167,5.2641205910390845
cpu,DS,1048576,32,256,0.001,1049,12,0.024185543000385223,-1,0.167,5.2641205910390845
cpu,SS,1048576,32,256,0.001,1049,12,0.0007758920000924263,-1,0.167,5.2641205910390845
cpu,SS,1048576,32,256,0.001,1049,13,0.0007511240000894759,-1,0.167,5.2641205910390845
cpu,DS,1048576,32,256,0.001,1049,13,0.02577223500020409,-1,0.167,5.2641205910390845
cpu,DS,1048576,32,256,0.001,1049,14,0.019826235999971686,-1,0.167,5.2641205910390845
cpu,SS,1048576,32,256,0.001,1049,14,0.0006721409999954631,-1,0.167,5.2641205910390845
gpu,DS,1048576,32,256,0.001,1049,0,0.001537376046180725,1890,0.167,5.2641205910390845
gpu,SS,1048576,32,256,0.001,1049,0,0.00016383999586105347,1890,0.167,5.2641205910390845
gpu,SS,1048576,32,256,0.001,1049,1,8.630400151014328e-05,1890,0.167,5.2641205910390845
gpu,DS,1048576,32,256,0.001,1049,1,0.0014748159646987915,1890,0.167,5.2641205910390845
gpu,DS,1048576,32,256,0.001,1049,2,0.0019011199474334717,1890,0.167,5.2641205910390845
gpu,SS,1048576,32,256,0.001,1049,2,0.00011900799721479416,1890,0.167,5.2641205910390845
gpu,SS,1048576,32,256,0.001,1049,3,9.452799707651139e-05,1890,0.167,5.2641205910390845
gpu,DS,1048576,32,256,0.001,1049,3,0.0014990400075912476,1890,0.167,5.2641205910390845
gpu,DS,1048576,32,256,0.001,1049,4,0.001441215991973877,1890,0.167,5.2641205910390845
gpu,SS,1048576,32,256,0.001,1049,4,0.0001573760062456131,1890,0.167,5.2641205910390845
gpu,SS,1048576,32,256,0.001,1049,5,0.00016806399822235109,1890,0.167,5.2641205910390845
gpu,DS,1048576,32,256,0.001,1049,5,0.0014828799962997438,1890,0.167,5.2641205910390845
gpu,DS,1048576,32,256,0.001,1049,6,0.001971743941307068,1890,0.167,5.2641205910390845
gpu,SS,1048576,32,256,0.001,1049,6,0.00010787200182676315,1890,0.167,5.2641205910390845
gpu,SS,1048576,32,256,0.001,1049,7,0.0001010880023241043,1890,0.167,5.2641205910390845
gpu,DS,1048576,32,256,0.001,1049,7,0.0015155199766159057,1890,0.167,5.2641205910390845
gpu,DS,1048576,32,256,0.001,1049,8,0.0014643199443817138,1890,0.167,5.2641205910390845
gpu,SS,1048576,32,256,0.001,1049,8,0.00011299200356006623,1890,0.167,5.2641205910390845
gpu,SS,1048576,32,256,0.001,1049,9,0.00013558399677276613,1890,0.167,5.2641205910390845
gpu,DS,1048576,32,256,0.001,1049,9,0.0015500160455703736,1890,0.167,5.2641205910390845
gpu,DS,1048576,32,256,0.001,1049,10,0.0014049279689788818,1890,0.167,5.2641205910390845
gpu,SS,1048576,32,256,0.001,1049,10,9.42080020904541e-05,1890,0.167,5.2641205910390845
gpu,SS,1048576,32,256,0.001,1049,11,0.00015760000050067902,1890,0.167,5.2641205910390845
gpu,DS,1048576,32,256,0.001,1049,11,0.0014868479967117309,1890,0.167,5.2641205910390845
gpu,DS,1048576,32,256,0.001,1049,12,0.0015442559719085693,1890,0.167,5.2641205910390845
gpu,SS,1048576,32,256,0.001,1049,12,9.02400016784668e-05,1890,0.167,5.2641205910390845
gpu,SS,1048576,32,256,0.001,1049,13,0.00021532799303531646,1890,0.167,5.2641205910390845
gpu,DS,1048576,32,256,0.001,1049,13,0.0014822399616241455,1890,0.167,5.2641205910390845
gpu,DS,1048576,32,256,0.001,1049,14,0.0014720319509506227,1890,0.167,5.2641205910390845
gpu,SS,1048576,32,256,0.001,1049,14,0.0001533759981393814,1890,0.167,5.2641205910390845
cpu,DS,1048576,32,256,0.003,3146,0,0.021508292999897094,-1,0.167,5.351319135410044
cpu,SS,1048576,32,256,0.003,3146,0,0.002287109999997483,-1,0.167,5.351319135410044
cpu,SS,1048576,32,256,0.003,3146,1,0.0022831119999864313,-1,0.167,5.351319135410044
cpu,DS,1048576,32,256,0.003,3146,1,0.021869375000278524,-1,0.167,5.351319135410044
cpu,DS,1048576,32,256,0.003,3146,2,0.020572093999817298,-1,0.167,5.351319135410044
cpu,SS,1048576,32,256,0.003,3146,2,0.0020804850000786246,-1,0.167,5.351319135410044
cpu,SS,1048576,32,256,0.003,3146,3,0.0019908730000679498,-1,0.167,5.351319135410044
cpu,DS,1048576,32,256,0.003,3146,3,0.02099519200010036,-1,0.167,5.351319135410044
cpu,DS,1048576,32,256,0.003,3146,4,0.021285676999923453,-1,0.167,5.351319135410044
cpu,SS,1048576,32,256,0.003,3146,4,0.0022786269996686315,-1,0.167,5.351319135410044
cpu,SS,1048576,32,256,0.003,3146,5,0.00213772400002199,-1,0.167,5.351319135410044
cpu,DS,1048576,32,256,0.003,3146,5,0.020964477000234183,-1,0.167,5.351319135410044
cpu,DS,1048576,32,256,0.003,3146,6,0.02175470200018026,-1,0.167,5.351319135410044
cpu,SS,1048576,32,256,0.003,3146,6,0.0019801469998128596,-1,0.167,5.351319135410044
cpu,SS,1048576,32,256,0.003,3146,7,0.0016705509997336776,-1,0.167,5.351319135410044
cpu,DS,1048576,32,256,0.003,3146,7,0.022453170000062528,-1,0.167,5.351319135410044
cpu,DS,1048576,32,256,0.003,3146,8,0.01968269999997574,-1,0.167,5.351319135410044
cpu,SS,1048576,32,256,0.003,3146,8,0.002003841000259854,-1,0.167,5.351319135410044
cpu,SS,1048576,32,256,0.003,3146,9,0.0017891229999804636,-1,0.167,5.351319135410044
cpu,DS,1048576,32,256,0.003,3146,9,0.02057999299995572,-1,0.167,5.351319135410044
cpu,DS,1048576,32,256,0.003,3146,10,0.02040213300006144,-1,0.167,5.351319135410044
cpu,SS,1048576,32,256,0.003,3146,10,0.002035044999956881,-1,0.167,5.351319135410044
cpu,SS,1048576,32,256,0.003,3146,11,0.002234649999991234,-1,0.167,5.351319135410044
cpu,DS,1048576,32,256,0.003,3146,11,0.023314676000154577,-1,0.167,5.351319135410044
cpu,DS,1048576,32,256,0.003,3146,12,0.020806900000025053,-1,0.167,5.351319135410044
cpu,SS,1048576,32,256,0.003,3146,12,0.0023167530002865533,-1,0.167,5.351319135410044
cpu,SS,1048576,32,256,0.003,3146,13,0.002438348999930895,-1,0.167,5.351319135410044
cpu,DS,1048576,32,256,0.003,3146,13,0.020709876000182703,-1,0.167,5.351319135410044
cpu,DS,1048576,32,256,0.003,3146,14,0.025572728000042844,-1,0.167,5.351319135410044
cpu,SS,1048576,32,256,0.003,3146,14,0.002546194999922591,-1,0.167,5.351319135410044
gpu,DS,1048576,32,256,0.003,3146,0,0.0015032320022583007,1890,0.167,5.351319135410044
gpu,SS,1048576,32,256,0.003,3146,0,3.3792000263929365e-05,1890,0.167,5.351319135410044
gpu,SS,1048576,32,256,0.003,3146,1,0.00012303999811410905,1890,0.167,5.351319135410044
gpu,DS,1048576,32,256,0.003,3146,1,0.001439743995666504,1890,0.167,5.351319135410044
gpu,DS,1048576,32,256,0.003,3146,2,0.001425279974937439,1890,0.167,5.351319135410044
gpu,SS,1048576,32,256,0.003,3146,2,0.00014086399972438812,1890,0.167,5.351319135410044
gpu,SS,1048576,32,256,0.003,3146,3,8.428800106048584e-05,1890,0.167,5.351319135410044
gpu,DS,1048576,32,256,0.003,3146,3,0.0015011839866638183,1890,0.167,5.351319135410044
gpu,DS,1048576,32,256,0.003,3146,4,0.0014834879636764526,1890,0.167,5.351319135410044
gpu,SS,1048576,32,256,0.003,3146,4,0.0001063999980688095,1890,0.167,5.351319135410044
gpu,SS,1048576,32,256,0.003,3146,5,0.00010716799646615982,1890,0.167,5.351319135410044
gpu,DS,1048576,32,256,0.003,3146,5,0.0015441919565200805,1890,0.167,5.351319135410044
gpu,DS,1048576,32,256,0.003,3146,6,0.0014806079864501953,1890,0.167,5.351319135410044
gpu,SS,1048576,32,256,0.003,3146,6,0.00010460799932479858,1890,0.167,5.351319135410044
gpu,SS,1048576,32,256,0.003,3146,7,9.827200323343276e-05,1890,0.167,5.351319135410044
gpu,DS,1048576,32,256,0.003,3146,7,0.0014929920434951782,1890,0.167,5.351319135410044
gpu,DS,1048576,32,256,0.003,3146,8,0.0025323519706726074,1890,0.167,5.351319135410044
gpu,SS,1048576,32,256,0.003,3146,8,0.0001271039992570877,1890,0.167,5.351319135410044
gpu,SS,1048576,32,256,0.003,3146,9,0.00010371199995279312,1890,0.167,5.351319135410044
gpu,DS,1048576,32,256,0.003,3146,9,0.0014827519655227662,1890,0.167,5.351319135410044
gpu,DS,1048576,32,256,0.003,3146,10,0.001507200002670288,1890,0.167,5.351319135410044
gpu,SS,1048576,32,256,0.003,3146,10,0.00010649599879980087,1890,0.167,5.351319135410044
gpu,SS,1048576,32,256,0.003,3146,11,0.00010652799904346466,1890,0.167,5.351319135410044
gpu,DS,1048576,32,256,0.003,3146,11,0.0014576319456100465,1890,0.167,5.351319135410044
gpu,DS,1048576,32,256,0.003,3146,12,0.001507807970046997,1890,0.167,5.351319135410044
gpu,SS,1048576,32,256,0.003,3146,12,0.00015036800503730774,1890,0.167,5.351319135410044
gpu,SS,1048576,32,256,0.003,3146,13,0.00013327999413013459,1890,0.167,5.351319135410044
gpu,DS,1048576,32,256,0.003,3146,13,0.001499135971069336,1890,0.167,5.351319135410044
gpu,DS,1048576,32,256,0.003,3146,14,0.0014760639667510986,1890,0.167,5.351319135410044
gpu,SS,1048576,32,256,0.003,3146,14,0.00010457599908113479,1890,0.167,5.351319135410044
cpu,DS,1048576,32,256,0.01,10486,0,0.022308756999791512,-1,0.167,3.033902345985123
cpu,SS,1048576,32,256,0.01,10486,0,0.004169064000052458,-1,0.167,3.033902345985123
cpu,SS,1048576,32,256,0.01,10486,1,0.00555156900009024,-1,0.167,3.033902345985123
cpu,DS,1048576,32,256,0.01,10486,1,0.020578627999839227,-1,0.167,3.033902345985123
cpu,DS,1048576,32,256,0.01,10486,2,0.021159985000394954,-1,0.167,3.033902345985123
cpu,SS,1048576,32,256,0.01,10486,2,0.00423224999985905,-1,0.167,3.033902345985123
cpu,SS,1048576,32,256,0.01,10486,3,0.0038155880001795595,-1,0.167,3.033902345985123
cpu,DS,1048576,32,256,0.01,10486,3,0.02225795399999697,-1,0.167,3.033902345985123
cpu,DS,1048576,32,256,0.01,10486,4,0.0226441929999055,-1,0.167,3.033902345985123
cpu,SS,1048576,32,256,0.01,10486,4,0.004039276999719732,-1,0.167,3.033902345985123
cpu,SS,1048576,32,256,0.01,10486,5,0.004226789999847824,-1,0.167,3.033902345985123
cpu,DS,1048576,32,256,0.01,10486,5,0.019901124000170967,-1,0.167,3.033902345985123
cpu,DS,1048576,32,256,0.01,10486,6,0.02150487999961115,-1,0.167,3.033902345985123
cpu,SS,1048576,32,256,0.01,10486,6,0.003987693999988551,-1,0.167,3.033902345985123
cpu,SS,1048576,32,256,0.01,10486,7,0.00383655199993882,-1,0.167,3.033902345985123
cpu,DS,1048576,32,256,0.01,10486,7,0.020716507000088313,-1,0.167,3.033902345985123
cpu,DS,1048576,32,256,0.01,10486,8,0.02089095300016197,-1,0.167,3.033902345985123
cpu,SS,1048576,32,256,0.01,10486,8,0.0037869200000386627,-1,0.167,3.033902345985123
cpu,SS,1048576,32,256,0.01,10486,9,0.003503359000205819,-1,0.167,3.033902345985123
cpu,DS,1048576,32,256,0.01,10486,9,0.021917544000189082,-1,0.167,3.033902345985123
cpu,DS,1048576,32,256,0.01,10486,10,0.02057267899999715,-1,0.167,3.033902345985123
cpu,SS,1048576,32,256,0.01,10486,10,0.0040096340003401565,-1,0.167,3.033902345985123
cpu,SS,1048576,32,256,0.01,10486,11,0.004050198999721033,-1,0.167,3.033902345985123
cpu,DS,1048576,32,256,0.01,10486,11,0.02063430599991989,-1,0.167,3.033902345985123
cpu,DS,1048576,32,256,0.01,10486,12,0.020096339999781776,-1,0.167,3.033902345985123
cpu,SS,1048576,32,256,0.01,10486,12,0.003938255999855755,-1,0.167,3.033902345985123
cpu,SS,1048576,32,256,0.01,10486,13,0.004006319000382064,-1,0.167,3.033902345985123
cpu,DS,1048576,32,256,0.01,10486,13,0.019235613999626366,-1,0.167,3.033902345985123
cpu,DS,1048576,32,256,0.01,10486,14,0.01930104399980337,-1,0.167,3.033902345985123
cpu,SS,1048576,32,256,0.01,10486,14,0.003970142000071064,-1,0.167,3.033902345985123
gpu,DS,1048576,32,256,0.01,10486,0,0.0015667200088500977,1890,0.167,3.033902345985123
gpu,SS,1048576,32,256,0.01,10486,0,7.116799801588058e-05,1890,0.167,3.033902345985123
gpu,SS,1048576,32,256,0.01,10486,1,6.963200122117996e-05,1890,0.167,3.033902345985123
gpu,DS,1048576,32,256,0.01,10486,1,0.0015421760082244872,1890,0.167,3.033902345985123
gpu,DS,1048576,32,256,0.01,10486,2,0.0015147520303726196,1890,0.167,3.033902345985123
gpu,SS,1048576,32,256,0.01,10486,2,0.00021235199272632598,1890,0.167,3.033902345985123
gpu,SS,1048576,32,256,0.01,10486,3,0.00017273600399494171,1890,0.167,3.033902345985123
gpu,DS,1048576,32,256,0.01,10486,3,0.0018337600231170654,1890,0.167,3.033902345985123
gpu,DS,1048576,32,256,0.01,10486,4,0.0017346559762954712,1890,0.167,3.033902345985123
gpu,SS,1048576,32,256,0.01,10486,4,0.0001719679981470108,1890,0.167,3.033902345985123
gpu,SS,1048576,32,256,0.01,10486,5,0.00012646399438381194,1890,0.167,3.033902345985123
gpu,DS,1048576,32,256,0.01,10486,5,0.0015689599514007568,1890,0.167,3.033902345985123
gpu,DS,1048576,32,256,0.01,10486,6,0.00158569598197937,1890,0.167,3.033902345985123
gpu,SS,1048576,32,256,0.01,10486,6,0.0001881600022315979,1890,0.167,3.033902345985123
gpu,SS,1048576,32,256,0.01,10486,7,0.00015065599977970122,1890,0.167,3.033902345985123
gpu,DS,1048576,32,256,0.01,10486,7,0.00296345591545105,1890,0.167,3.033902345985123
gpu,DS,1048576,32,256,0.01,10486,8,0.0016098560094833373,1890,0.167,3.033902345985123
gpu,SS,1048576,32,256,0.01,10486,8,0.0001576959937810898,1890,0.167,3.033902345985123
gpu,SS,1048576,32,256,0.01,10486,9,0.00016633599996566774,1890,0.167,3.033902345985123
gpu,DS,1048576,32,256,0.01,10486,9,0.0015621440410614014,1890,0.167,3.033902345985123
gpu,DS,1048576,32,256,0.01,10486,10,0.0015175679922103881,1890,0.167,3.033902345985123
gpu,SS,1048576,32,256,0.01,10486,10,0.0001353919953107834,1890,0.167,3.033902345985123
gpu,SS,1048576,32,256,0.01,10486,11,0.0001584639996290207,1890,0.167,3.033902345985123
gpu,DS,1048576,32,256,0.01,10486,11,0.0017963199615478515,1890,0.167,3.033902345985123
gpu,DS,1048576,32,256,0.01,10486,12,0.0016630079746246338,1890,0.167,3.033902345985123
gpu,SS,1048576,32,256,0.01,10486,12,0.00019251200556755067,1890,0.167,3.033902345985123
gpu,SS,1048576,32,256,0.01,10486,13,0.0001658879965543747,1890,0.167,3.033902345985123
gpu,DS,1048576,32,256,0.01,10486,13,0.002818592071533203,1890,0.167,3.033902345985123
gpu,DS,1048576,32,256,0.01,10486,14,0.0015623040199279786,1890,0.167,3.033902345985123
gpu,SS,1048576,32,256,0.01,10486,14,0.0001658879965543747,1890,0.167,3.033902345985123
cpu,DS,1048576,32,256,0.03,31457,0,0.0229976099999476,-1,0.167,5.658700766125187
cpu,SS,1048576,32,256,0.03,31457,0,0.011095379999915167,-1,0.167,5.658700766125187
cpu,SS,1048576,32,256,0.03,31457,1,0.0134342999999717,-1,0.167,5.658700766125187
cpu,DS,1048576,32,256,0.03,31457,1,0.020179169999664737,-1,0.167,5.658700766125187
cpu,DS,1048576,32,256,0.03,31457,2,0.02022768000006181,-1,0.167,5.658700766125187
cpu,SS,1048576,32,256,0.03,31457,2,0.012393180000344728,-1,0.167,5.658700766125187
cpu,SS,1048576,32,256,0.03,31457,3,0.0116129699999874,-1,0.167,5.658700766125187
cpu,DS,1048576,32,256,0.03,31457,3,0.022712760000104026,-1,0.167,5.658700766125187
cpu,DS,1048576,32,256,0.03,31457,4,0.02327004000017041,-1,0.167,5.658700766125187
cpu,SS,1048576,32,256,0.03,31457,4,0.010618470000281377,-1,0.167,5.658700766125187
cpu,SS,1048576,32,256,0.03,31457,5,0.010934190000170929,-1,0.167,5.658700766125187
cpu,DS,1048576,32,256,0.03,31457,5,0.020098619999771472,-1,0.167,5.658700766125187
cpu,DS,1048576,32,256,0.03,31457,6,0.02009979000013118,-1,0.167,5.658700766125187
cpu,SS,1048576,32,256,0.03,31457,6,0.010896389999743405,-1,0.167,5.658700766125187
cpu,SS,1048576,32,256,0.03,31457,7,0.012856949999786593,-1,0.167,5.658700766125187
cpu,DS,1048576,32,256,0.03,31457,7,0.019514609999987442,-1,0.167,5.658700766125187
cpu,DS,1048576,32,256,0.03,31457,8,0.03082994999977018,-1,0.167,5.658700766125187
cpu,SS,1048576,32,256,0.03,31457,8,0.011380949999875156,-1,0.167,5.658700766125187
cpu,SS,1048576,32,256,0.03,31457,9,0.011428830000113521,-1,0.167,5.658700766125187
cpu,DS,1048576,32,256,0.03,31457,9,0.020410829999946145,-1,0.167,5.658700766125187
cpu,DS,1048576,32,256,0.03,31457,10,0.021422520000214718,-1,0.167,5.658700766125187
cpu,SS,1048576,32,256,0.03,31457,10,0.01008828000021822,-1,0.167,5.658700766125187
cpu,SS,1048576,32,256,0.03,31457,11,0.011005289999957313,-1,0.167,5.658700766125187
cpu,DS,1048576,32,256,0.03,31457,11,0.020488050000039948,-1,0.167,5.658700766125187
cpu,DS,1048576,32,256,0.03,31457,12,0.020500919999904,-1,0.167,5.658700766125187
cpu,SS,1048576,32,256,0.03,31457,12,0.010952550000183692,-1,0.167,5.658700766125187
cpu,SS,1048576,32,256,0.03,31457,13,0.011286630000086006,-1,0.167,5.658700766125187
cpu,DS,1048576,32,256,0.03,31457,13,0.019941839999773947,-1,0.167,5.658700766125187
cpu,DS,1048576,32,256,0.03,31457,14,0.02539323000019067,-1,0.167,5.658700766125187
cpu,SS,1048576,32,256,0.03,31457,14,0.012810690000151226,-1,0.167,5.658700766125187
gpu,DS,1048576,32,256,0.03,31457,0,0.0015623040199279786,1890,0.167,5.658700766125187
gpu,SS,1048576,32,256,0.03,31457,0,0.00023078399896621704,1890,0.167,5.658700766125187
gpu,SS,1048576,32,256,0.03,31457,1,0.00022467200458049774,1890,0.167,5.658700766125187
gpu,DS,1048576,32,256,0.03,31457,1,0.0016220159530639649,1890,0.167,5.658700766125187
gpu,DS,1048576,32,256,0.03,31457,2,0.0015608320236206055,1890,0.167,5.658700766125187
gpu,SS,1048576,32,256,0.03,31457,2,0.00028598400950431826,1890,0.167,5.658700766125187
gpu,SS,1048576,32,256,0.03,31457,3,0.0003153919875621796,1890,0.167,5.658700766125187
gpu,DS,1048576,32,256,0.03,31457,3,0.001527999997138977,1890,0.167,5.658700766125187
gpu,DS,1048576,32,256,0.03,31457,4,0.0015856640338897704,1890,0.167,5.658700766125187
gpu,SS,1048576,32,256,0.03,31457,4,0.0003615680038928986,1890,0.167,5.658700766125187
gpu,SS,1048576,32,256,0.03,31457,5,0.00022659200429916382,1890,0.167,5.658700766125187
gpu,DS,1048576,32,256,0.03,31457,5,0.0015649280548095702,1890,0.167,5.658700766125187
gpu,DS,1048576,32,256,0.03,31457,6,0.001990656018257141,1890,0.167,5.658700766125187
gpu,SS,1048576,32,256,0.03,31457,6,0.0002258560061454773,1890,0.167,5.658700766125187
gpu,SS,1048576,32,256,0.03,31457,7,0.00021884800493717193,1890,0.167,5.658700766125187
gpu,DS,1048576,32,256,0.03,31457,7,0.0015743680000305175,1890,0.167,5.658700766125187
gpu,DS,1048576,32,256,0.03,31457,8,0.0015427199602127074,1890,0.167,5.658700766125187
gpu,SS,1048576,32,256,0.03,31457,8,0.00031615999341011046,1890,0.167,5.658700766125187
gpu,SS,1048576,32,256,0.03,31457,9,0.00013926400244235993,1890,0.167,5.658700766125187
gpu,DS,1048576,32,256,0.03,31457,9,0.0015088000297546387,1890,0.167,5.658700766125187
gpu,DS,1048576,32,256,0.03,31457,10,0.0015391680002212525,1890,0.167,5.658700766125187
gpu,SS,1048576,32,256,0.03,31457,10,0.00023667199909687043,1890,0.167,5.658700766125187
gpu,SS,1048576,32,256,0.03,31457,11,0.00022748799622058867,1890,0.167,5.658700766125187
gpu,DS,1048576,32,256,0.03,31457,11,0.0015790079832077026,1890,0.167,5.658700766125187
gpu,DS,1048576,32,256,0.03,31457,12,0.0016015360355377197,1890,0.167,5.658700766125187
gpu,SS,1048576,32,256,0.03,31457,12,0.00013996799290180207,1890,0.167,5.658700766125187
gpu,SS,1048576,32,256,0.03,31457,13,0.00022326399385929108,1890,0.167,5.658700766125187
gpu,DS,1048576,32,256,0.03,31457,13,0.0015511679649353027,1890,0.167,5.658700766125187
gpu,DS,1048576,32,256,0.03,31457,14,0.0015408960580825806,1890,0.167,5.658700766125187
gpu,SS,1048576,32,256,0.03,31457,14,0.000229312002658844,1890,0.167,5.658700766125187
cpu,DS,1048576,32,256,0.1,104858,0,0.02152286999989883,-1,0.167,4.596437563180682
cpu,SS,1048576,32,256,0.1,104858,0,0.024843329999839625,-1,0.167,4.596437563180682
cpu,SS,1048576,32,256,0.1,104858,1,0.02766159000020707,-1,0.167,4.596437563180682
cpu,DS,1048576,32,256,0.1,104858,1,0.021674609999990935,-1,0.167,4.596437563180682
cpu,DS,1048576,32,256,0.1,104858,2,0.024811920000047394,-1,0.167,4.596437563180682
cpu,SS,1048576,32,256,0.1,104858,2,0.025574220000180503,-1,0.167,4.596437563180682
cpu,SS,1048576,32,256,0.1,104858,3,0.024695369999790273,-1,0.167,4.596437563180682
cpu,DS,1048576,32,256,0.1,104858,3,0.019780019999871,-1,0.167,4.596437563180682
cpu,DS,1048576,32,256,0.1,104858,4,0.02718827999979112,-1,0.167,4.596437563180682
cpu,SS,1048576,32,256,0.1,104858,4,0.035203590000037366,-1,0.167,4.596437563180682
cpu,SS,1048576,32,256,0.1,104858,5,0.028491389999999228,-1,0.167,4.596437563180682
cpu,DS,1048576,32,256,0.1,104858,5,0.02205008999999336,-1,0.167,4.596437563180682
cpu,DS,1048576,32,256,0.1,104858,6,0.02018835000035324,-1,0.167,4.596437563180682
cpu,SS,1048576,32,256,0.1,104858,6,0.026782379999986006,-1,0.167,4.596437563180682
cpu,SS,1048576,32,256,0.1,104858,7,0.026689770000302815,-1,0.167,4.596437563180682
cpu,DS,1048576,32,256,0.1,104858,7,0.020017169999846374,-1,0.167,4.596437563180682
cpu,DS,1048576,32,256,0.1,104858,8,0.019644749999770283,-1,0.167,4.596437563180682
cpu,SS,1048576,32,256,0.1,104858,8,0.021506309999949735,-1,0.167,4.596437563180682
cpu,SS,1048576,32,256,0.1,104858,9,0.020734019999963493,-1,0.167,4.596437563180682
cpu,DS,1048576,32,256,0.1,104858,9,0.018108090000168886,-1,0.167,4.596437563180682
cpu,DS,1048576,32,256,0.1,104858,10,0.018124649999663234,-1,0.167,4.596437563180682
cpu,SS,1048576,32,256,0.1,104858,10,0.0213741000002301,-1,0.167,4.596437563180682
cpu,SS,1048576,32,256,0.1,104858,11,0.024337080000350397,-1,0.167,4.596437563180682
cpu,DS,1048576,32,256,0.1,104858,11,0.02489129999958095,-1,0.167,4.596437563180682
cpu,DS,1048576,32,256,0.1,104858,12,0.021296520000305463,-1,0.167,4.596437563180682
cpu,SS,1048576,32,256,0.1,104858,12,0.024593130000084784,-1,0.167,4.596437563180682
cpu,SS,1048576,32,256,0.1,104858,13,0.02235149999978603,-1,0.167,4.596437563180682
cpu,DS,1048576,32,256,0.1,104858,13,0.01980243000025439,-1,0.167,4.596437563180682
cpu,DS,1048576,32,256,0.1,104858,14,0.020605589999831864,-1,0.167,4.596437563180682
cpu,SS,1048576,32,256,0.1,104858,14,0.021265200000016193,-1,0.167,4.596437563180682
gpu,DS,1048576,32,256,0.1,104858,0,0.0014852800369262696,1890,0.167,4.596437563180682
gpu,SS,1048576,32,256,0.1,104858,0,0.0005423359870910645,1890,0.167,4.596437563180682
gpu,SS,1048576,32,256,0.1,104858,1,0.0005413119792938233,1890,0.167,4.596437563180682
gpu,DS,1048576,32,256,0.1,104858,1,0.0014672000408172607,1890,0.167,4.596437563180682
gpu,DS,1048576,32,256,0.1,104858,2,0.001464095950126648,1890,0.167,4.596437563180682
gpu,SS,1048576,32,256,0.1,104858,2,0.0005971519947052002,1890,0.167,4.596437563180682
gpu,SS,1048576,32,256,0.1,104858,3,0.00048764801025390626,1890,0.167,4.596437563180682
gpu,DS,1048576,32,256,0.1,104858,3,0.0015160319805145263,1890,0.167,4.596437563180682
gpu,DS,1048576,32,256,0.1,104858,4,0.0014347519874572754,1890,0.167,4.596437563180682
gpu,SS,1048576,32,256,0.1,104858,4,0.0005546560287475586,1890,0.167,4.596437563180682
gpu,SS,1048576,32,256,0.1,104858,5,0.0005603200197219849,1890,0.167,4.596437563180682
gpu,DS,1048576,32,256,0.1,104858,5,0.0016117759943008424,1890,0.167,4.596437563180682
gpu,DS,1048576,32,256,0.1,104858,6,0.001501728057861328,1890,0.167,4.596437563180682
gpu,SS,1048576,32,256,0.1,104858,6,0.0005778239965438843,1890,0.167,4.596437563180682
gpu,SS,1048576,32,256,0.1,104858,7,0.0005468159914016723,1890,0.167,4.596437563180682
gpu,DS,1048576,32,256,0.1,104858,7,0.0015007359981536864,1890,0.167,4.596437563180682
gpu,DS,1048576,32,256,0.1,104858,8,0.0014825279712677001,1890,0.167,4.596437563180682
gpu,SS,1048576,32,256,0.1,104858,8,0.0005607360005378723,1890,0.167,4.596437563180682
gpu,SS,1048576,32,256,0.1,104858,9,0.0005550079941749573,1890,0.167,4.596437563180682
gpu,DS,1048576,32,256,0.1,104858,9,0.0014823679924011231,1890,0.167,4.596437563180682
gpu,DS,1048576,32,256,0.1,104858,10,0.0014149119853973388,1890,0.167,4.596437563180682
gpu,SS,1048576,32,256,0.1,104858,10,0.0005218560099601745,1890,0.167,4.596437563180682
gpu,SS,1048576,32,256,0.1,104858,11,0.00048688000440597534,1890,0.167,4.596437563180682
gpu,DS,1048576,32,256,0.1,104858,11,0.0014069759845733642,1890,0.167,4.596437563180682
gpu,DS,1048576,32,256,0.1,104858,12,0.0014533439874649047,1890,0.167,4.596437563180682
gpu,SS,1048576,32,256,0.1,104858,12,0.0005987200140953064,1890,0.167,4.596437563180682
gpu,SS,1048576,32,256,0.1,104858,13,0.0006840320229530335,1890,0.167,4.596437563180682
gpu,DS,1048576,32,256,0.1,104858,13,0.0015319039821624755,1890,0.167,4.596437563180682
gpu,DS,1048576,32,256,0.1,104858,14,0.0014205119609832764,1890,0.167,4.596437563180682
gpu,SS,1048576,32,256,0.1,104858,14,0.0005345919728279114,1890,0.167,4.596437563180682
cpu,DS,1048576,32,256,0.2,209715,0,0.023010299999896233,-1,0.167,3.4893811243830912
cpu,SS,1048576,32,256,0.2,209715,0,0.04113666000012017,-1,0.167,3.4893811243830912
cpu,SS,1048576,32,256,0.2,209715,1,0.04385214000012638,-1,0.167,3.4893811243830912
cpu,DS,1048576,32,256,0.2,209715,1,0.020250990000022284,-1,0.167,3.4893811243830912
cpu,DS,1048576,32,256,0.2,209715,2,0.021325140000044485,-1,0.167,3.4893811243830912
cpu,SS,1048576,32,256,0.2,209715,2,0.042420599999786646,-1,0.167,3.4893811243830912
cpu,SS,1048576,32,256,0.2,209715,3,0.03913722000015696,-1,0.167,3.4893811243830912
cpu,DS,1048576,32,256,0.2,209715,3,0.021341339999707998,-1,0.167,3.4893811243830912
cpu,DS,1048576,32,256,0.2,209715,4,0.020010870000078285,-1,0.167,3.4893811243830912
cpu,SS,1048576,32,256,0.2,209715,4,0.04183290000037232,-1,0.167,3.4893811243830912
cpu,SS,1048576,32,256,0.2,209715,5,0.03895712999974421,-1,0.167,3.4893811243830912
cpu,DS,1048576,32,256,0.2,209715,5,0.020162970000001224,-1,0.167,3.4893811243830912
cpu,DS,1048576,32,256,0.2,209715,6,0.021197520000441727,-1,0.167,3.4893811243830912
cpu,SS,1048576,32,256,0.2,209715,6,0.03620232000002943,-1,0.167,3.4893811243830912
cpu,SS,1048576,32,256,0.2,209715,7,0.04529214000012871,-1,0.167,3.4893811243830912
cpu,DS,1048576,32,256,0.2,209715,7,0.021129750000000058,-1,0.167,3.4893811243830912
cpu,DS,1048576,32,256,0.2,209715,8,0.022114439999768365,-1,0.167,3.4893811243830912
cpu,SS,1048576,32,256,0.2,209715,8,0.045283049999852665,-1,0.167,3.4893811243830912
cpu,SS,1048576,32,256,0.2,209715,9,0.05994638999982271,-1,0.167,3.4893811243830912
cpu,DS,1048576,32,256,0.2,209715,9,0.04192280999996001,-1,0.167,3.4893811243830912
cpu,DS,1048576,32,256,0.2,209715,10,0.02850516000034986,-1,0.167,3.4893811243830912
cpu,SS,1048576,32,256,0.2,209715,10,0.03991446000009091,-1,0.167,3.4893811243830912
cpu,SS,1048576,32,256,0.2,209715,11,0.057840300000407296,-1,0.167,3.4893811243830912
cpu,DS,1048576,32,256,0.2,209715,11,0.02233178999995289,-1,0.167,3.4893811243830912
cpu,DS,1048576,32,256,0.2,209715,12,0.02066066999987015,-1,0.167,3.4893811243830912
cpu,SS,1048576,32,256,0.2,209715,12,0.040875210000194784,-1,0.167,3.4893811243830912
cpu,SS,1048576,32,256,0.2,209715,13,0.038012670000171056,-1,0.167,3.4893811243830912
cpu,DS,1048576,32,256,0.2,209715,13,0.020696219999990717,-1,0.167,3.4893811243830912
cpu,DS,1048576,32,256,0.2,209715,14,0.019462770000245655,-1,0.167,3.4893811243830912
cpu,SS,1048576,32,256,0.2,209715,14,0.049261680000199703,-1,0.167,3.4893811243830912
gpu,DS,1048576,32,256,0.2,209715,0,0.0014153599739074707,1890,0.167,3.4893811243830912
gpu,SS,1048576,32,256,0.2,209715,0,0.0011960639953613281,1890,0.167,3.4893811243830912
gpu,SS,1048576,32,256,0.2,209715,1,0.0011893759965896607,1890,0.167,3.4893811243830912
gpu,DS,1048576,32,256,0.2,209715,1,0.0014481279850006104,1890,0.167,3.4893811243830912
gpu,DS,1048576,32,256,0.2,209715,2,0.001403040051460266,1890,0.167,3.4893811243830912
gpu,SS,1048576,32,256,0.2,209715,2,0.002485152006149292,1890,0.167,3.4893811243830912
gpu,SS,1048576,32,256,0.2,209715,3,0.0011976959705352784,1890,0.167,3.4893811243830912
gpu,DS,1048576,32,256,0.2,209715,3,0.0015762879848480224,1890,0.167,3.4893811243830912
gpu,DS,1048576,32,256,0.2,209715,4,0.0014612799882888793,1890,0.167,3.4893811243830912
gpu,SS,1048576,32,256,0.2,209715,4,0.001199455976486206,1890,0.167,3.4893811243830912
gpu,SS,1048576,32,256,0.2,209715,5,0.001227679967880249,1890,0.167,3.4893811243830912
gpu,DS,1048576,32,256,0.2,209715,5,0.0019027199745178223,1890,0.167,3.4893811243830912
gpu,DS,1048576,32,256,0.2,209715,6,0.0014527679681777953,1890,0.167,3.4893811243830912
gpu,SS,1048576,32,256,0.2,209715,6,0.0012005759477615357,1890,0.167,3.4893811243830912
gpu,SS,1048576,32,256,0.2,209715,7,0.0011906880140304566,1890,0.167,3.4893811243830912
gpu,DS,1048576,32,256,0.2,209715,7,0.0014746240377426147,1890,0.167,3.4893811243830912
gpu,DS,1048576,32,256,0.2,209715,8,0.0014869120121002197,1890,0.167,3.4893811243830912
gpu,SS,1048576,32,256,0.2,209715,8,0.0011955840587615967,1890,0.167,3.4893811243830912
gpu,SS,1048576,32,256,0.2,209715,9,0.0011112639904022217,1890,0.167,3.4893811243830912
gpu,DS,1048576,32,256,0.2,209715,9,0.0016563199758529662,1890,0.167,3.4893811243830912
gpu,DS,1048576,32,256,0.2,209715,10,0.0014848639965057372,1890,0.167,3.4893811243830912
gpu,SS,1048576,32,256,0.2,209715,10,0.001190176010131836,1890,0.167,3.4893811243830912
gpu,SS,1048576,32,256,0.2,209715,11,0.0012064640522003174,1890,0.167,3.4893811243830912
gpu,DS,1048576,32,256,0.2,209715,11,0.0019660799503326415,1890,0.167,3.4893811243830912
gpu,DS,1048576,32,256,0.2,209715,12,0.001877568006515503,1890,0.167,3.4893811243830912
gpu,SS,1048576,32,256,0.2,209715,12,0.0011934720277786254,1890,0.167,3.4893811243830912
gpu,SS,1048576,32,256,0.2,209715,13,0.0012067519426345824,1890,0.167,3.4893811243830912
gpu,DS,1048576,32,256,0.2,209715,13,0.0015483200550079346,1890,0.167,3.4893811243830912
gpu,DS,1048576,32,256,0.2,209715,14,0.0026928319931030275,1890,0.167,3.4893811243830912
gpu,SS,1048576,32,256,0.2,209715,14,0.0011134079694747924,1890,0.167,3.4893811243830912
cpu,DS,1048576,32,256,0.3,314573,0,0.018192329999692447,-1,0.167,3.3333703544169397
cpu,SS,1048576,32,256,0.3,314573,0,0.0510277500002303,-1,0.167,3.3333703544169397
cpu,SS,1048576,32,256,0.3,314573,1,0.052273799999966286,-1,0.167,3.3333703544169397
cpu,DS,1048576,32,256,0.3,314573,1,0.01831158000004507,-1,0.167,3.3333703544169397
cpu,DS,1048576,32,256,0.3,314573,2,0.020059739999851445,-1,0.167,3.3333703544169397
cpu,SS,1048576,32,256,0.3,314573,2,0.06440912999960346,-1,0.167,3.3333703544169397
cpu,SS,1048576,32,256,0.3,314573,3,0.052042949999759,-1,0.167,3.3333703544169397
cpu,DS,1048576,32,256,0.3,314573,3,0.019993590000012773,-1,0.167,3.3333703544169397
cpu,DS,1048576,32,256,0.3,314573,4,0.019212480000078358,-1,0.167,3.3333703544169397
cpu,SS,1048576,32,256,0.3,314573,4,0.05389236000019082,-1,0.167,3.3333703544169397
cpu,SS,1048576,32,256,0.3,314573,5,0.05612706000010803,-1,0.167,3.3333703544169397
cpu,DS,1048576,32,256,0.3,314573,5,0.019109970000044996,-1,0.167,3.3333703544169397
cpu,DS,1048576,32,256,0.3,314573,6,0.018828900000244175,-1,0.167,3.3333703544169397
cpu,SS,1048576,32,256,0.3,314573,6,0.06134939999992639,-1,0.167,3.3333703544169397
cpu,SS,1048576,32,256,0.3,314573,7,0.05839254000011351,-1,0.167,3.3333703544169397
cpu,DS,1048576,32,256,0.3,314573,7,0.01916243999994549,-1,0.167,3.3333703544169397
cpu,DS,1048576,32,256,0.3,314573,8,0.020853810000062367,-1,0.167,3.3333703544169397
cpu,SS,1048576,32,256,0.3,314573,8,0.058857569999872794,-1,0.167,3.3333703544169397
cpu,SS,1048576,32,256,0.3,314573,9,0.05868198000007396,-1,0.167,3.3333703544169397
cpu,DS,1048576,32,256,0.3,314573,9,0.020782080000117276,-1,0.167,3.3333703544169397
cpu,DS,1048576,32,256,0.3,314573,10,0.017598960000213992,-1,0.167,3.3333703544169397
cpu,SS,1048576,32,256,0.3,314573,10,0.05496750000020256,-1,0.167,3.3333703544169397
cpu,SS,1048576,32,256,0.3,314573,11,0.05931531000032919,-1,0.167,3.3333703544169397
cpu,DS,1048576,32,256,0.3,314573,11,0.020830949999890436,-1,0.167,3.3333703544169397
cpu,DS,1048576,32,256,0.3,314573,12,0.022513230000186013,-1,0.167,3.3333703544169397
cpu,SS,1048576,32,256,0.3,314573,12,0.06291179999971064,-1,0.167,3.3333703544169397
cpu,SS,1048576,32,256,0.3,314573,13,0.05950250999967466,-1,0.167,3.3333703544169397
cpu,DS,1048576,32,256,0.3,314573,13,0.020401199999923847,-1,0.167,3.3333703544169397
cpu,DS,1048576,32,256,0.3,314573,14,0.01921139999967636,-1,0.167,3.3333703544169397
cpu,SS,1048576,32,256,0.3,314573,14,0.05879123999966396,-1,0.167,3.3333703544169397
gpu,DS,1048576,32,256,0.3,314573,0,0.0014704639911651612,1875,0.167,3.3333703544169397
gpu,SS,1048576,32,256,0.3,314573,0,0.0016729600429534913,1875,0.167,3.3333703544169397
gpu,SS,1048576,32,256,0.3,314573,1,0.0017184640169143678,1875,0.167,3.3333703544169397
gpu,DS,1048576,32,256,0.3,314573,1,0.001456063985824585,1875,0.167,3.3333703544169397
gpu,DS,1048576,32,256,0.3,314573,2,0.0015862079858779906,1875,0.167,3.3333703544169397
gpu,SS,1048576,32,256,0.3,314573,2,0.001593119978904724,1875,0.167,3.3333703544169397
gpu,SS,1048576,32,256,0.3,314573,3,0.0016753920316696167,1875,0.167,3.3333703544169397
gpu,DS,1048576,32,256,0.3,314573,3,0.0015536320209503173,1875,0.167,3.3333703544169397
gpu,DS,1048576,32,256,0.3,314573,4,0.0014883199930191041,1875,0.167,3.3333703544169397
gpu,SS,1048576,32,256,0.3,314573,4,0.0016648639440536499,1875,0.167,3.3333703544169397
gpu,SS,1048576,32,256,0.3,314573,5,0.0015872639417648315,1875,0.167,3.3333703544169397
gpu,DS,1048576,32,256,0.3,314573,5,0.0015070079565048218,1890,0.167,3.3333703544169397
gpu,DS,1048576,32,256,0.3,314573,6,0.0018881280422210693,1890,0.167,3.3333703544169397
gpu,SS,1048576,32,256,0.3,314573,6,0.0016407040357589722,1890,0.167,3.3333703544169397
gpu,SS,1048576,32,256,0.3,314573,7,0.0016752640008926391,1890,0.167,3.3333703544169397
gpu,DS,1048576,32,256,0.3,314573,7,0.0014918400049209594,1890,0.167,3.3333703544169397
gpu,DS,1048576,32,256,0.3,314573,8,0.0014688639640808106,1890,0.167,3.3333703544169397
gpu,SS,1048576,32,256,0.3,314573,8,0.0016419839859008788,1890,0.167,3.3333703544169397
gpu,SS,1048576,32,256,0.3,314573,9,0.0016908479928970338,1890,0.167,3.3333703544169397
gpu,DS,1048576,32,256,0.3,314573,9,0.0014248319864273071,1890,0.167,3.3333703544169397
gpu,DS,1048576,32,256,0.3,314573,10,0.0014538880586624145,1890,0.167,3.3333703544169397
gpu,SS,1048576,32,256,0.3,314573,10,0.001659327983856201,1890,0.167,3.3333703544169397
gpu,SS,1048576,32,256,0.3,314573,11,0.001649183988571167,1890,0.167,3.3333703544169397
gpu,DS,1048576,32,256,0.3,314573,11,0.0014294400215148927,1890,0.167,3.3333703544169397
gpu,DS,1048576,32,256,0.3,314573,12,0.0014395519495010375,1890,0.167,3.3333703544169397
gpu,SS,1048576,32,256,0.3,314573,12,0.0015850880146026612,1890,0.167,3.3333703544169397
gpu,SS,1048576,32,256,0.3,314573,13,0.001642624020576477,1890,0.167,3.3333703544169397
gpu,DS,1048576,32,256,0.3,314573,13,0.001472864031791687,1890,0.167,3.3333703544169397
gpu,DS,1048576,32,256,0.3,314573,14,0.0014436479806900025,1890,0.167,3.3333703544169397
gpu,SS,1048576,32,256,0.3,314573,14,0.0016588799953460693,1890,0.167,3.3333703544169397
cpu,DS,1048576,32,256,0.5,524288,0,0.020960491000096226,-1,0.167,2.0000091791152954
cpu,SS,1048576,32,256,0.5,524288,0,0.08536556599983669,-1,0.167,2.0000091791152954
cpu,SS,1048576,32,256,0.5,524288,1,0.08446203299990884,-1,0.167,2.0000091791152954
cpu,DS,1048576,32,256,0.5,524288,1,0.024710651000077632,-1,0.167,2.0000091791152954
cpu,DS,1048576,32,256,0.5,524288,2,0.01871716200002993,-1,0.167,2.0000091791152954
cpu,SS,1048576,32,256,0.5,524288,2,0.0885227640001176,-1,0.167,2.0000091791152954
cpu,SS,1048576,32,256,0.5,524288,3,0.0891528769998331,-1,0.167,2.0000091791152954
cpu,DS,1048576,32,256,0.5,524288,3,0.020253830999990896,-1,0.167,2.0000091791152954
cpu,DS,1048576,32,256,0.5,524288,4,0.019481449000068096,-1,0.167,2.0000091791152954
cpu,SS,1048576,32,256,0.5,524288,4,0.08542602200031979,-1,0.167,2.0000091791152954
cpu,SS,1048576,32,256,0.5,524288,5,0.09141746500017689,-1,0.167,2.0000091791152954
cpu,DS,1048576,32,256,0.5,524288,5,0.020004788999813172,-1,0.167,2.0000091791152954
cpu,DS,1048576,32,256,0.5,524288,6,0.02136194200011232,-1,0.167,2.0000091791152954
cpu,SS,1048576,32,256,0.5,524288,6,0.08798431000013807,-1,0.167,2.0000091791152954
cpu,SS,1048576,32,256,0.5,524288,7,0.08732747899966853,-1,0.167,2.0000091791152954
cpu,DS,1048576,32,256,0.5,524288,7,0.021549649000007776,-1,0.167,2.0000091791152954
cpu,DS,1048576,32,256,0.5,524288,8,0.026193494999915856,-1,0.167,2.0000091791152954
cpu,SS,1048576,32,256,0.5,524288,8,0.09600112899988744,-1,0.167,2.0000091791152954
cpu,SS,1048576,32,256,0.5,524288,9,0.08722553200004768,-1,0.167,2.0000091791152954
cpu,DS,1048576,32,256,0.5,524288,9,0.02218133999986094,-1,0.167,2.0000091791152954
cpu,DS,1048576,32,256,0.5,524288,10,0.023539825000170822,-1,0.167,2.0000091791152954
cpu,SS,1048576,32,256,0.5,524288,10,0.09820264200016027,-1,0.167,2.0000091791152954
cpu,SS,1048576,32,256,0.5,524288,11,0.08666914400009773,-1,0.167,2.0000091791152954
cpu,DS,1048576,32,256,0.5,524288,11,0.02214943700028016,-1,0.167,2.0000091791152954
cpu,DS,1048576,32,256,0.5,524288,12,0.024582033999649866,-1,0.167,2.0000091791152954
cpu,SS,1048576,32,256,0.5,524288,12,0.10226753500000996,-1,0.167,2.0000091791152954
cpu,SS,1048576,32,256,0.5,524288,13,0.10631573599994226,-1,0.167,2.0000091791152954
cpu,DS,1048576,32,256,0.5,524288,13,0.023743386999740324,-1,0.167,2.0000091791152954
cpu,DS,1048576,32,256,0.5,524288,14,0.02338263799993001,-1,0.167,2.0000091791152954
cpu,SS,1048576,32,256,0.5,524288,14,0.09283989999994446,-1,0.167,2.0000091791152954
gpu,DS,1048576,32,256,0.5,524288,0,0.0015834879875183106,1860,0.167,2.0000091791152954
gpu,SS,1048576,32,256,0.5,524288,0,0.0029144001007080076,1860,0.167,2.0000091791152954
gpu,SS,1048576,32,256,0.5,524288,1,0.0028606719970703126,1860,0.167,2.0000091791152954
gpu,DS,1048576,32,256,0.5,524288,1,0.0017295999526977539,1875,0.167,2.0000091791152954
gpu,DS,1048576,32,256,0.5,524288,2,0.0016046719551086426,1875,0.167,2.0000091791152954
gpu,SS,1048576,32,256,0.5,524288,2,0.002829535961151123,1875,0.167,2.0000091791152954
gpu,SS,1048576,32,256,0.5,524288,3,0.003419584035873413,1875,0.167,2.0000091791152954
gpu,DS,1048576,32,256,0.5,524288,3,0.001762943983078003,1875,0.167,2.0000091791152954
gpu,DS,1048576,32,256,0.5,524288,4,0.0016069120168685912,1875,0.167,2.0000091791152954
gpu,SS,1048576,32,256,0.5,524288,4,0.0029168319702148437,1875,0.167,2.0000091791152954
gpu,SS,1048576,32,256,0.5,524288,5,0.0028627839088439942,1875,0.167,2.0000091791152954
gpu,DS,1048576,32,256,0.5,524288,5,0.0020500481128692626,1875,0.167,2.0000091791152954
gpu,DS,1048576,32,256,0.5,524288,6,0.0016568319797515868,1875,0.167,2.0000091791152954
gpu,SS,1048576,32,256,0.5,524288,6,0.002826240062713623,1875,0.167,2.0000091791152954
gpu,SS,1048576,32,256,0.5,524288,7,0.0034160959720611573,1875,0.167,2.0000091791152954
gpu,DS,1048576,32,256,0.5,524288,7,0.0016424319744110108,1875,0.167,2.0000091791152954
gpu,DS,1048576,32,256,0.5,524288,8,0.001602911949157715,1875,0.167,2.0000091791152954
gpu,SS,1048576,32,256,0.5,524288,8,0.002905888080596924,1875,0.167,2.0000091791152954
gpu,SS,1048576,32,256,0.5,524288,9,0.0028282880783081056,1875,0.167,2.0000091791152954
gpu,DS,1048576,32,256,0.5,524288,9,0.0016170239448547363,1875,0.167,2.0000091791152954
gpu,DS,1048576,32,256,0.5,524288,10,0.001539903998374939,1875,0.167,2.0000091791152954
gpu,SS,1048576,32,256,0.5,524288,10,0.0028390719890594484,1875,0.167,2.0000091791152954
gpu,SS,1048576,32,256,0.5,524288,11,0.004216832160949707,1890,0.167,2.0000091791152954
gpu,DS,1048576,32,256,0.5,524288,11,0.0017408000230789184,1890,0.167,2.0000091791152954
gpu,DS,1048576,32,256,0.5,524288,12,0.0016547839641571046,1890,0.167,2.0000091791152954
gpu,SS,1048576,32,256,0.5,524288,12,0.0033097920417785643,1890,0.167,2.0000091791152954
gpu,SS,1048576,32,256,0.5,524288,13,0.0028552000522613524,1890,0.167,2.0000091791152954
gpu,DS,1048576,32,256,0.5,524288,13,0.0016000319719314574,1890,0.167,2.0000091791152954
gpu,DS,1048576,32,256,0.5,524288,14,0.0015711359977722168,1890,0.167,2.0000091791152954
gpu,SS,1048576,32,256,0.5,524288,14,0.0028202240467071534,1890,0.167,2.0000091791152954
cpu,DS,1048576,32,256,0.7,734003,0,0.03448672300010003,-1,0.167,1.428588592280958
cpu,SS,1048576,32,256,0.7,734003,0,0.14052674800041132,-1,0.167,1.428588592280958
cpu,SS,1048576,32,256,0.7,734003,1,0.13486505500031853,-1,0.167,1.428588592280958
cpu,DS,1048576,32,256,0.7,734003,1,0.024278223999772308,-1,0.167,1.428588592280958
cpu,DS,1048576,32,256,0.7,734003,2,0.023562852999930328,-1,0.167,1.428588592280958
cpu,SS,1048576,32,256,0.7,734003,2,0.13089713700037464,-1,0.167,1.428588592280958
cpu,SS,1048576,32,256,0.7,734003,3,0.12197814199998902,-1,0.167,1.428588592280958
cpu,DS,1048576,32,256,0.7,734003,3,0.02384553699994285,-1,0.167,1.428588592280958
cpu,DS,1048576,32,256,0.7,734003,4,0.023337953999998717,-1,0.167,1.428588592280958
cpu,SS,1048576,32,256,0.7,734003,4,0.12375019399996745,-1,0.167,1.428588592280958
cpu,SS,1048576,32,256,0.7,734003,5,0.13028867100001662,-1,0.167,1.428588592280958
cpu,DS,1048576,32,256,0.7,734003,5,0.02286544100024912,-1,0.167,1.428588592280958
cpu,DS,1048576,32,256,0.7,734003,6,0.02729678600007901,-1,0.167,1.428588592280958
cpu,SS,1048576,32,256,0.7,734003,6,0.1255702060002477,-1,0.167,1.428588592280958
cpu,SS,1048576,32,256,0.7,734003,7,0.12474043099973642,-1,0.167,1.428588592280958
cpu,DS,1048576,32,256,0.7,734003,7,0.022780931999932363,-1,0.167,1.428588592280958
cpu,DS,1048576,32,256,0.7,734003,8,0.021851647999937995,-1,0.167,1.428588592280958
cpu,SS,1048576,32,256,0.7,734003,8,0.1220484960003887,-1,0.167,1.428588592280958
cpu,SS,1048576,32,256,0.7,734003,9,0.13911195899981976,-1,0.167,1.428588592280958
cpu,DS,1048576,32,256,0.7,734003,9,0.024255300000277202,-1,0.167,1.428588592280958
cpu,DS,1048576,32,256,0.7,734003,10,0.020077059999948688,-1,0.167,1.428588592280958
cpu,SS,1048576,32,256,0.7,734003,10,0.10840730700010681,-1,0.167,1.428588592280958
cpu,SS,1048576,32,256,0.7,734003,11,0.11007152000001952,-1,0.167,1.428588592280958
cpu,DS,1048576,32,256,0.7,734003,11,0.020846400000209542,-1,0.167,1.428588592280958
cpu,DS,1048576,32,256,0.7,734003,12,0.02064143300003707,-1,0.167,1.428588592280958
cpu,SS,1048576,32,256,0.7,734003,12,0.1179822620001687,-1,0.167,1.428588592280958
cpu,SS,1048576,32,256,0.7,734003,13,0.10991248000027554,-1,0.167,1.428588592280958
cpu,DS,1048576,32,256,0.7,734003,13,0.025393124999936845,-1,0.167,1.428588592280958
cpu,DS,1048576,32,256,0.7,734003,14,0.024068540999905963,-1,0.167,1.428588592280958
cpu,SS,1048576,32,256,0.7,734003,14,0.11424780200013629,-1,0.167,1.428588592280958
gpu,DS,1048576,32,256,0.7,734003,0,0.001602015972137451,1005,0.167,1.428588592280958
gpu,SS,1048576,32,256,0.7,734003,0,0.007180480003356934,1005,0.167,1.428588592280958
gpu,SS,1048576,32,256,0.7,734003,1,0.007153664112091064,1005,0.167,1.428588592280958
gpu,DS,1048576,32,256,0.7,734003,1,0.0015400960445404053,1005,0.167,1.428588592280958
gpu,DS,1048576,32,256,0.7,734003,2,0.001493567943572998,1005,0.167,1.428588592280958
gpu,SS,1048576,32,256,0.7,734003,2,0.008997344017028808,1005,0.167,1.428588592280958
gpu,SS,1048576,32,256,0.7,734003,3,0.007207488059997559,1005,0.167,1.428588592280958
gpu,DS,1048576,32,256,0.7,734003,3,0.0014640640020370484,1005,0.167,1.428588592280958
gpu,DS,1048576,32,256,0.7,734003,4,0.0015154240131378175,1005,0.167,1.428588592280958
gpu,SS,1048576,32,256,0.7,734003,4,0.0071571521759033205,1005,0.167,1.428588592280958
gpu,SS,1048576,32,256,0.7,734003,5,0.009244671821594238,1005,0.167,1.428588592280958
gpu,DS,1048576,32,256,0.7,734003,5,0.001603775978088379,1005,0.167,1.428588592280958
gpu,DS,1048576,32,256,0.7,734003,6,0.001511199951171875,1005,0.167,1.428588592280958
gpu,SS,1048576,32,256,0.7,734003,6,0.007185023784637451,1005,0.167,1.428588592280958
gpu,SS,1048576,32,256,0.7,734003,7,0.007147583961486816,1005,0.167,1.428588592280958
gpu,DS,1048576,32,256,0.7,734003,7,0.0038419198989868165,1005,0.167,1.428588592280958
gpu,DS,1048576,32,256,0.7,734003,8,0.0015055359601974488,1005,0.167,1.428588592280958
gpu,SS,1048576,32,256,0.7,734003,8,0.007852223873138428,1005,0.167,1.428588592280958
gpu,SS,1048576,32,256,0.7,734003,9,0.007153759956359864,1005,0.167,1.428588592280958
gpu,DS,1048576,32,256,0.7,734003,9,0.001717087984085083,1005,0.167,1.428588592280958
gpu,DS,1048576,32,256,0.7,734003,10,0.0024588799476623537,1005,0.167,1.428588592280958
gpu,SS,1048576,32,256,0.7,734003,10,0.007081376075744629,1005,0.167,1.428588592280958
gpu,SS,1048576,32,256,0.7,734003,11,0.007161856174468994,1005,0.167,1.428588592280958
gpu,DS,1048576,32,256,0.7,734003,11,0.001527999997138977,1005,0.167,1.428588592280958
gpu,DS,1048576,32,256,0.7,734003,12,0.0014868479967117309,1005,0.167,1.428588592280958
gpu,SS,1048576,32,256,0.7,734003,12,0.006814688205718994,1005,0.167,1.428588592280958
gpu,SS,1048576,32,256,0.7,734003,13,0.00542310380935669,1800,0.167,1.428588592280958
gpu,DS,1048576,32,256,0.7,734003,13,0.0015853439569473266,1800,0.167,1.428588592280958
gpu,DS,1048576,32,256,0.7,734003,14,0.0014887360334396363,1800,0.167,1.428588592280958
gpu,SS,1048576,32,256,0.7,734003,14,0.003963135957717896,1800,0.167,1.428588592280958
cpu,DS,1048576,32,256,1.0,1048576,0,0.02254610699992554,-1,0.167,1.0000117421150208
cpu,SS,1048576,32,256,1.0,1048576,0,0.1375898880000932,-1,0.167,1.0000117421150208
cpu,SS,1048576,32,256,1.0,1048576,1,0.1456864849997146,-1,0.167,1.0000117421150208
cpu,DS,1048576,32,256,1.0,1048576,1,0.020331251999778033,-1,0.167,1.0000117421150208
cpu,DS,1048576,32,256,1.0,1048576,2,0.02163379800003895,-1,0.167,1.0000117421150208
cpu,SS,1048576,32,256,1.0,1048576,2,0.15793800899973576,-1,0.167,1.0000117421150208
cpu,SS,1048576,32,256,1.0,1048576,3,0.1542366049998236,-1,0.167,1.0000117421150208
cpu,DS,1048576,32,256,1.0,1048576,3,0.021757149000222853,-1,0.167,1.0000117421150208
cpu,DS,1048576,32,256,1.0,1048576,4,0.020353874000193173,-1,0.167,1.0000117421150208
cpu,SS,1048576,32,256,1.0,1048576,4,0.18704492200004097,-1,0.167,1.0000117421150208
cpu,SS,1048576,32,256,1.0,1048576,5,0.16892306499994447,-1,0.167,1.0000117421150208
cpu,DS,1048576,32,256,1.0,1048576,5,0.02294044100017345,-1,0.167,1.0000117421150208
cpu,DS,1048576,32,256,1.0,1048576,6,0.02160220500036303,-1,0.167,1.0000117421150208
cpu,SS,1048576,32,256,1.0,1048576,6,0.15651181899966105,-1,0.167,1.0000117421150208
cpu,SS,1048576,32,256,1.0,1048576,7,0.15592646300001434,-1,0.167,1.0000117421150208
cpu,DS,1048576,32,256,1.0,1048576,7,0.02251607399966815,-1,0.167,1.0000117421150208
cpu,DS,1048576,32,256,1.0,1048576,8,0.021402990999831673,-1,0.167,1.0000117421150208
cpu,SS,1048576,32,256,1.0,1048576,8,0.17033306900020762,-1,0.167,1.0000117421150208
cpu,SS,1048576,32,256,1.0,1048576,9,0.1575208589997601,-1,0.167,1.0000117421150208
cpu,DS,1048576,32,256,1.0,1048576,9,0.023199916000066878,-1,0.167,1.0000117421150208
cpu,DS,1048576,32,256,1.0,1048576,10,0.020663276000050246,-1,0.167,1.0000117421150208
cpu,SS,1048576,32,256,1.0,1048576,10,0.15561491599964938,-1,0.167,1.0000117421150208
cpu,SS,1048576,32,256,1.0,1048576,11,0.16052925600024537,-1,0.167,1.0000117421150208
cpu,DS,1048576,32,256,1.0,1048576,11,0.02089437499989799,-1,0.167,1.0000117421150208
cpu,DS,1048576,32,256,1.0,1048576,12,0.02195421800024633,-1,0.167,1.0000117421150208
cpu,SS,1048576,32,256,1.0,1048576,12,0.1657922479998888,-1,0.167,1.0000117421150208
cpu,SS,1048576,32,256,1.0,1048576,13,0.18089689599992198,-1,0.167,1.0000117421150208
cpu,DS,1048576,32,256,1.0,1048576,13,0.02309963700008666,-1,0.167,1.0000117421150208
cpu,DS,1048576,32,256,1.0,1048576,14,0.02260293500012267,-1,0.167,1.0000117421150208
cpu,SS,1048576,32,256,1.0,1048576,14,0.17282320499998605,-1,0.167,1.0000117421150208
gpu,DS,1048576,32,256,1.0,1048576,0,0.001638335943222046,1605,0.167,1.0000117421150208
gpu,SS,1048576,32,256,1.0,1048576,0,0.006000639915466309,1605,0.167,1.0000117421150208
gpu,SS,1048576,32,256,1.0,1048576,1,0.007668928146362304,1605,0.167,1.0000117421150208
gpu,DS,1048576,32,256,1.0,1048576,1,0.0016404479742050172,1605,0.167,1.0000117421150208
gpu,DS,1048576,32,256,1.0,1048576,2,0.0015032320022583007,1605,0.167,1.0000117421150208
gpu,SS,1048576,32,256,1.0,1048576,2,0.00597811222076416,1605,0.167,1.0000117421150208
gpu,SS,1048576,32,256,1.0,1048576,3,0.005974080085754395,1605,0.167,1.0000117421150208
gpu,DS,1048576,32,256,1.0,1048576,3,0.0015506240129470824,1605,0.167,1.0000117421150208
gpu,DS,1048576,32,256,1.0,1048576,4,0.0014254080057144165,1605,0.167,1.0000117421150208
gpu,SS,1048576,32,256,1.0,1048576,4,0.006639488220214844,1605,0.167,1.0000117421150208
gpu,SS,1048576,32,256,1.0,1048576,5,0.005974080085754395,1605,0.167,1.0000117421150208
gpu,DS,1048576,32,256,1.0,1048576,5,0.0022572479248046877,1605,0.167,1.0000117421150208
gpu,DS,1048576,32,256,1.0,1048576,6,0.0015192960500717164,1605,0.167,1.0000117421150208
gpu,SS,1048576,32,256,1.0,1048576,6,0.005907040119171142,1605,0.167,1.0000117421150208
gpu,SS,1048576,32,256,1.0,1048576,7,0.007388800144195557,1605,0.167,1.0000117421150208
gpu,DS,1048576,32,256,1.0,1048576,7,0.0016424959897994994,1605,0.167,1.0000117421150208
gpu,DS,1048576,32,256,1.0,1048576,8,0.001503200054168701,1605,0.167,1.0000117421150208
gpu,SS,1048576,32,256,1.0,1048576,8,0.005945343971252442,1605,0.167,1.0000117421150208
gpu,SS,1048576,32,256,1.0,1048576,9,0.005971968173980713,1605,0.167,1.0000117421150208
gpu,DS,1048576,32,256,1.0,1048576,9,0.0015330239534378052,1605,0.167,1.0000117421150208
gpu,DS,1048576,32,256,1.0,1048576,10,0.0014602880477905273,1605,0.167,1.0000117421150208
gpu,SS,1048576,32,256,1.0,1048576,10,0.007305215835571289,1605,0.167,1.0000117421150208
gpu,SS,1048576,32,256,1.0,1048576,11,0.005932447910308838,1605,0.167,1.0000117421150208
gpu,DS,1048576,32,256,1.0,1048576,11,0.0016257280111312865,1605,0.167,1.0000117421150208
gpu,DS,1048576,32,256,1.0,1048576,12,0.0014628159999847412,1605,0.167,1.0000117421150208
gpu,SS,1048576,32,256,1.0,1048576,12,0.0059268159866333004,1605,0.167,1.0000117421150208
gpu,SS,1048576,32,256,1.0,1048576,13,0.005892064094543457,1605,0.167,1.0000117421150208
gpu,DS,1048576,32,256,1.0,1048576,13,0.001445312023162842,1605,0.167,1.0000117421150208
gpu,DS,1048576,32,256,1.0,1048576,14,0.0014433599710464479,1605,0.167,1.0000117421150208
gpu,SS,1048576,32,256,1.0,1048576,14,0.005898240089416504,1605,0.167,1.0000117421150208
cpu,DS,1048576,32,256,0.0001,105,0,0.019605287000104,-1,0.1,6.0
cpu,SS,1048576,32,256,0.0001,105,0,0.00014948399984859861,-1,0.1,6.0
cpu,SS,1048576,32,256,0.0001,105,1,0.00011340499986545183,-1,0.1,6.0
cpu,DS,1048576,32,256,0.0001,105,1,0.019784608999998454,-1,0.1,6.0
cpu,DS,1048576,32,256,0.0001,105,2,0.02120855599969218,-1,0.1,6.0
cpu,SS,1048576,32,256,0.0001,105,2,0.00017737100006343098,-1,0.1,6.0
cpu,SS,1048576,32,256,0.0001,105,3,0.00014070699990043067,-1,0.1,6.0
cpu,DS,1048576,32,256,0.0001,105,3,0.01923523400000704,-1,0.1,6.0
cpu,DS,1048576,32,256,0.0001,105,4,0.021707614999741054,-1,0.1,6.0
cpu,SS,1048576,32,256,0.0001,105,4,0.00020799000003535184,-1,0.1,6.0
cpu,SS,1048576,32,256,0.0001,105,5,0.00017142400020020432,-1,0.1,6.0
cpu,DS,1048576,32,256,0.0001,105,5,0.023683472000357142,-1,0.1,6.0
cpu,DS,1048576,32,256,0.0001,105,6,0.02212456999995993,-1,0.1,6.0
cpu,SS,1048576,32,256,0.0001,105,6,0.0001470460001655738,-1,0.1,6.0
cpu,SS,1048576,32,256,0.0001,105,7,0.00011896300020453054,-1,0.1,6.0
cpu,DS,1048576,32,256,0.0001,105,7,0.02098155100020449,-1,0.1,6.0
cpu,DS,1048576,32,256,0.0001,105,8,0.022873842000080913,-1,0.1,6.0
cpu,SS,1048576,32,256,0.0001,105,8,0.00018156400028601638,-1,0.1,6.0
cpu,SS,1048576,32,256,0.0001,105,9,0.0001400259998263209,-1,0.1,6.0
cpu,DS,1048576,32,256,0.0001,105,9,0.02047342399964691,-1,0.1,6.0
cpu,DS,1048576,32,256,0.0001,105,10,0.019502120000197465,-1,0.1,6.0
cpu,SS,1048576,32,256,0.0001,105,10,0.0001514339996901981,-1,0.1,6.0
cpu,SS,1048576,32,256,0.0001,105,11,0.0001083339998331212,-1,0.1,6.0
cpu,DS,1048576,32,256,0.0001,105,11,0.01936082800011718,-1,0.1,6.0
cpu,DS,1048576,32,256,0.0001,105,12,0.019709526000042388,-1,0.1,6.0
cpu,SS,1048576,32,256,0.0001,105,12,0.0001926800000546791,-1,0.1,6.0
cpu,SS,1048576,32,256,0.0001,105,13,0.00011116299992863787,-1,0.1,6.0
cpu,DS,1048576,32,256,0.0001,105,13,0.02207971500001804,-1,0.1,6.0
cpu,DS,1048576,32,256,0.0001,105,14,0.020183621999876777,-1,0.1,6.0
cpu,SS,1048576,32,256,0.0001,105,14,0.0003072560002692626,-1,0.1,6.0
gpu,DS,1048576,32,256,0.0001,105,0,0.0015605759620666503,1875,0.1,6.0
gpu,SS,1048576,32,256,0.0001,105,0,8.576000109314918e-06,1875,0.1,6.0
gpu,SS,1048576,32,256,0.0001,105,1,1.0239999741315842e-05,1875,0.1,6.0
gpu,DS,1048576,32,256,0.0001,105,1,0.0014704639911651612,1875,0.1,6.0
gpu,DS,1048576,32,256,0.0001,105,2,0.0015175360441207885,1875,0.1,6.0
gpu,SS,1048576,32,256,0.0001,105,2,8.972799777984619e-05,1875,0.1,6.0
gpu,SS,1048576,32,256,0.0001,105,3,0.00010288000106811523,1875,0.1,6.0
gpu,DS,1048576,32,256,0.0001,105,3,0.0015368640422821044,1875,0.1,6.0
gpu,DS,1048576,32,256,0.0001,105,4,0.001484768033027649,1875,0.1,6.0
gpu,SS,1048576,32,256,0.0001,105,4,0.00014364799857139588,1875,0.1,6.0
gpu,SS,1048576,32,256,0.0001,105,5,0.0006536319851875305,1875,0.1,6.0
gpu,DS,1048576,32,256,0.0001,105,5,0.0016681599617004396,1875,0.1,6.0
gpu,DS,1048576,32,256,0.0001,105,6,0.0016015360355377197,1875,0.1,6.0
gpu,SS,1048576,32,256,0.0001,105,6,0.00018505600094795226,1875,0.1,6.0
gpu,SS,1048576,32,256,0.0001,105,7,0.0001433600038290024,1875,0.1,6.0
gpu,DS,1048576,32,256,0.0001,105,7,0.001609984040260315,1875,0.1,6.0
gpu,DS,1048576,32,256,0.0001,105,8,0.0029859840869903564,1875,0.1,6.0
gpu,SS,1048576,32,256,0.0001,105,8,0.0001788160055875778,1875,0.1,6.0
gpu,SS,1048576,32,256,0.0001,105,9,0.00014694400131702424,1875,0.1,6.0
gpu,DS,1048576,32,256,0.0001,105,9,0.0014868479967117309,1875,0.1,6.0
gpu,DS,1048576,32,256,0.0001,105,10,0.0014766080379486084,1875,0.1,6.0
gpu,SS,1048576,32,256,0.0001,105,10,9.321600198745727e-05,1875,0.1,6.0
gpu,SS,1048576,32,256,0.0001,105,11,8.4927998483181e-05,1875,0.1,6.0
gpu,DS,1048576,32,256,0.0001,105,11,0.0014582719802856445,1875,0.1,6.0
gpu,DS,1048576,32,256,0.0001,105,12,0.0015089600086212159,1875,0.1,6.0
gpu,SS,1048576,32,256,0.0001,105,12,0.00010047999769449234,1875,0.1,6.0
gpu,SS,1048576,32,256,0.0001,105,13,9.216000139713287e-05,1875,0.1,6.0
gpu,DS,1048576,32,256,0.0001,105,13,0.0015807360410690307,1875,0.1,6.0
gpu,DS,1048576,32,256,0.0001,105,14,0.0015563199520111084,1875,0.1,6.0
gpu,SS,1048576,32,256,0.0001,105,14,0.00016383999586105347,1875,0.1,6.0
cpu,DS,1048576,32,256,0.0003,315,0,0.02072870600022725,-1,0.1,6.0
cpu,SS,1048576,32,256,0.0003,315,0,0.0005841859997417487,-1,0.1,6.0
cpu,SS,1048576,32,256,0.0003,315,1,0.00031924999984767055,-1,0.1,6.0
cpu,DS,1048576,32,256,0.0003,315,1,0.02054957900008958,-1,0.1,6.0
cpu,DS,1048576,32,256,0.0003,315,2,0.02007109499982107,-1,0.1,6.0
cpu,SS,1048576,32,256,0.0003,315,2,0.0002822939995894558,-1,0.1,6.0
cpu,SS,1048576,32,256,0.0003,315,3,0.0002328549999219831,-1,0.1,6.0
cpu,DS,1048576,32,256,0.0003,315,3,0.020396390000314568,-1,0.1,6.0
cpu,DS,1048576,32,256,0.0003,315,4,0.02048366300005,-1,0.1,6.0
cpu,SS,1048576,32,256,0.0003,315,4,0.00026961699995808885,-1,0.1,6.0
cpu,SS,1048576,32,256,0.0003,315,5,0.00023012499968899647,-1,0.1,6.0
cpu,DS,1048576,32,256,0.0003,315,5,0.020673417000125482,-1,0.1,6.0
cpu,DS,1048576,32,256,0.0003,315,6,0.022575167000013607,-1,0.1,6.0
cpu,SS,1048576,32,256,0.0003,315,6,0.0003459679996922205,-1,0.1,6.0
cpu,SS,1048576,32,256,0.0003,315,7,0.0003232469998692977,-1,0.1,6.0
cpu,DS,1048576,32,256,0.0003,315,7,0.021563396999681572,-1,0.1,6.0
cpu,DS,1048576,32,256,0.0003,315,8,0.02212018199998056,-1,0.1,6.0
cpu,SS,1048576,32,256,0.0003,315,8,0.0003329989999656391,-1,0.1,6.0
cpu,SS,1048576,32,256,0.0003,315,9,0.0002583059999778925,-1,0.1,6.0
cpu,DS,1048576,32,256,0.0003,315,9,0.02065381799957322,-1,0.1,6.0
cpu,DS,1048576,32,256,0.0003,315,10,0.019310803999815107,-1,0.1,6.0
cpu,SS,1048576,32,256,0.0003,315,10,0.00032763600029284135,-1,0.1,6.0
cpu,SS,1048576,32,256,0.0003,315,11,0.0003193469997313514,-1,0.1,6.0
cpu,DS,1048576,32,256,0.0003,315,11,0.020953371000359766,-1,0.1,6.0
cpu,DS,1048576,32,256,0.0003,315,12,0.02010161499993046,-1,0.1,6.0
cpu,SS,1048576,32,256,0.0003,315,12,0.00036010700023325626,-1,0.1,6.0
cpu,SS,1048576,32,256,0.0003,315,13,0.0003412880000723817,-1,0.1,6.0
cpu,DS,1048576,32,256,0.0003,315,13,0.019479888000205392,-1,0.1,6.0
cpu,DS,1048576,32,256,0.0003,315,14,0.01996919600014735,-1,0.1,6.0
cpu,SS,1048576,32,256,0.0003,315,14,0.0003284159997747338,-1,0.1,6.0
gpu,DS,1048576,32,256,0.0003,315,0,0.0014951679706573487,1875,0.1,6.0
gpu,SS,1048576,32,256,0.0003,315,0,8.601599931716918e-05,1875,0.1,6.0
gpu,SS,1048576,32,256,0.0003,315,1,8.246400207281112e-05,1875,0.1,6.0
gpu,DS,1048576,32,256,0.0003,315,1,0.0014368640184402467,1875,0.1,6.0
gpu,DS,1048576,32,256,0.0003,315,2,0.0014298880100250245,1875,0.1,6.0
gpu,SS,1048576,32,256,0.0003,315,2,8.73280018568039e-05,1875,0.1,6.0
gpu,SS,1048576,32,256,0.0003,315,3,0.00010239999741315842,1875,0.1,6.0
gpu,DS,1048576,32,256,0.0003,315,3,0.002124351978302002,1875,0.1,6.0
gpu,DS,1048576,32,256,0.0003,315,4,0.001435647964477539,1875,0.1,6.0
gpu,SS,1048576,32,256,0.0003,315,4,8.78399983048439e-05,1875,0.1,6.0
gpu,SS,1048576,32,256,0.0003,315,5,8.191999793052673e-05,1875,0.1,6.0
gpu,DS,1048576,32,256,0.0003,315,5,0.0014526079893112183,1875,0.1,6.0
gpu,DS,1048576,32,256,0.0003,315,6,0.0014664640426635743,1875,0.1,6.0
gpu,SS,1048576,32,256,0.0003,315,6,9.430400282144547e-05,1875,0.1,6.0
gpu,SS,1048576,32,256,0.0003,315,7,0.0001356479972600937,1875,0.1,6.0
gpu,DS,1048576,32,256,0.0003,315,7,0.0029481918811798094,1875,0.1,6.0
gpu,DS,1048576,32,256,0.0003,315,8,0.0014766080379486084,1875,0.1,6.0
gpu,SS,1048576,32,256,0.0003,315,8,8.534400165081024e-05,1875,0.1,6.0
gpu,SS,1048576,32,256,0.0003,315,9,8.246400207281112e-05,1875,0.1,6.0
gpu,DS,1048576,32,256,0.0003,315,9,0.001415168046951294,1875,0.1,6.0
gpu,DS,1048576,32,256,0.0003,315,10,0.0014086079597473145,1875,0.1,6.0
gpu,SS,1048576,32,256,0.0003,315,10,0.0001228799968957901,1875,0.1,6.0
gpu,SS,1048576,32,256,0.0003,315,11,8.396799862384797e-05,1875,0.1,6.0
gpu,DS,1048576,32,256,0.0003,315,11,0.0014791359901428222,1875,0.1,6.0
gpu,DS,1048576,32,256,0.0003,315,12,0.002002943992614746,1875,0.1,6.0
gpu,SS,1048576,32,256,0.0003,315,12,9.862399846315384e-05,1875,0.1,6.0
gpu,SS,1048576,32,256,0.0003,315,13,0.00016735999286174774,1875,0.1,6.0
gpu,DS,1048576,32,256,0.0003,315,13,0.0015063680410385132,1875,0.1,6.0
gpu,DS,1048576,32,256,0.0003,315,14,0.0015831040143966676,1875,0.1,6.0
gpu,SS,1048576,32,256,0.0003,315,14,0.00017203199863433837,1875,0.1,6.0
cpu,DS,1048576,32,256,0.001,1049,0,0.02143107499978214,-1,0.1,3.290276453765491
cpu,SS,1048576,32,256,0.001,1049,0,0.0005497649999597343,-1,0.1,3.290276453765491
cpu,SS,1048576,32,256,0.001,1049,1,0.0006292359998951724,-1,0.1,3.290276453765491
cpu,DS,1048576,32,256,0.001,1049,1,0.021457402000123693,-1,0.1,3.290276453765491
cpu,DS,1048576,32,256,0.001,1049,2,0.02129417000014655,-1,0.1,3.290276453765491
cpu,SS,1048576,32,256,0.001,1049,2,0.0005740450001212594,-1,0.1,3.290276453765491
cpu,SS,1048576,32,256,0.001,1049,3,0.0004914539999845147,-1,0.1,3.290276453765491
cpu,DS,1048576,32,256,0.001,1049,3,0.021672121999927185,-1,0.1,3.290276453765491
cpu,DS,1048576,32,256,0.001,1049,4,0.02611372899991693,-1,0.1,3.290276453765491
cpu,SS,1048576,32,256,0.001,1049,4,0.0006563440001627896,-1,0.1,3.290276453765491
cpu,SS,1048576,32,256,0.001,1049,5,0.0005861360000380955,-1,0.1,3.290276453765491
cpu,DS,1048576,32,256,0.001,1049,5,0.02353789000017059,-1,0.1,3.290276453765491
cpu,DS,1048576,32,256,0.001,1049,6,0.02340761499999644,-1,0.1,3.290276453765491
cpu,SS,1048576,32,256,0.001,1049,6,0.0006591720002688817,-1,0.1,3.290276453765491
cpu,SS,1048576,32,256,0.001,1049,7,0.0005948140001237334,-1,0.1,3.290276453765491
cpu,DS,1048576,32,256,0.001,1049,7,0.023314784999911353,-1,0.1,3.290276453765491
cpu,DS,1048576,32,256,0.001,1049,8,0.02612269999963246,-1,0.1,3.290276453765491
cpu,SS,1048576,32,256,0.001,1049,8,0.0006875470003251394,-1,0.1,3.290276453765491
cpu,SS,1048576,32,256,0.001,1049,9,0.0006065160000616743,-1,0.1,3.290276453765491
cpu,DS,1048576,32,256,0.001,1049,9,0.023231315999964863,-1,0.1,3.290276453765491
cpu,DS,1048576,32,256,0.001,1049,10,0.020678390999819385,-1,0.1,3.290276453765491
cpu,SS,1048576,32,256,0.001,1049,10,0.0006531260000883776,-1,0.1,3.290276453765491
cpu,SS,1048576,32,256,0.001,1049,11,0.0005552249999709602,-1,0.1,3.290276453765491
cpu,DS,1048576,32,256,0.001,1049,11,0.02144209400012187,-1,0.1,3.290276453765491
cpu,DS,1048576,32,256,0.001,1049,12,0.02280870499998855,-1,0.1,3.290276453765491
cpu,SS,1048576,32,256,0.001,1049,12,0.0005776530001639912,-1,0.1,3.290276453765491
cpu,SS,1048576,32,256,0.001,1049,13,0.0005005220000384725,-1,0.1,3.290276453765491
cpu,DS,1048576,32,256,0.001,1049,13,0.021702642000036576,-1,0.1,3.290276453765491
cpu,DS,1048576,32,256,0.001,1049,14,0.02204646500013041,-1,0.1,3.290276453765491
cpu,SS,1048576,32,256,0.001,1049,14,0.0005646840004374098,-1,0.1,3.290276453765491
gpu,DS,1048576,32,256,0.001,1049,0,0.0027952001094818115,1875,0.1,3.290276453765491
gpu,SS,1048576,32,256,0.001,1049,0,8.553600311279297e-05,1875,0.1,3.290276453765491
gpu,SS,1048576,32,256,0.001,1049,1,0.0001316799968481064,1875,0.1,3.290276453765491
gpu,DS,1048576,32,256,0.001,1049,1,0.0015626239776611328,1875,0.1,3.290276453765491
gpu,DS,1048576,32,256,0.001,1049,2,0.0015442559719085693,1875,0.1,3.290276453765491
gpu,SS,1048576,32,256,0.001,1049,2,2.0128000527620317e-05,1875,0.1,3.290276453765491
gpu,SS,1048576,32,256,0.001,1049,3,1.9263999536633493e-05,1875,0.1,3.290276453765491
gpu,DS,1048576,32,256,0.001,1049,3,0.0015374399423599243,1875,0.1,3.290276453765491
gpu,DS,1048576,32,256,0.001,1049,4,0.0015575679540634154,1875,0.1,3.290276453765491
gpu,SS,1048576,32,256,0.001,1049,4,0.00016383999586105347,1875,0.1,3.290276453765491
gpu,SS,1048576,32,256,0.001,1049,5,0.00012697599828243256,1875,0.1,3.290276453765491
gpu,DS,1048576,32,256,0.001,1049,5,0.0015080000162124635,1875,0.1,3.290276453765491
gpu,DS,1048576,32,256,0.001,1049,6,0.0014377280473709107,1875,0.1,3.290276453765491
gpu,SS,1048576,32,256,0.001,1049,6,0.0001525759994983673,1875,0.1,3.290276453765491
gpu,SS,1048576,32,256,0.001,1049,7,0.00010672000050544739,1875,0.1,3.290276453765491
gpu,DS,1048576,32,256,0.001,1049,7,0.0015442559719085693,1875,0.1,3.290276453765491
gpu,DS,1048576,32,256,0.001,1049,8,0.0014786880016326904,1875,0.1,3.290276453765491
gpu,SS,1048576,32,256,0.001,1049,8,0.00020895999670028685,1875,0.1,3.290276453765491
gpu,SS,1048576,32,256,0.001,1049,9,0.00011468800157308579,1875,0.1,3.290276453765491
gpu,DS,1048576,32,256,0.001,1049,9,0.001487007975578308,1875,0.1,3.290276453765491
gpu,DS,1048576,32,256,0.001,1049,10,0.0014621119499206544,1875,0.1,3.290276453765491
gpu,SS,1048576,32,256,0.001,1049,10,0.0001658879965543747,1875,0.1,3.290276453765491
gpu,SS,1048576,32,256,0.001,1049,11,0.00012150400131940842,1875,0.1,3.290276453765491
gpu,DS,1048576,32,256,0.001,1049,11,0.0015360000133514404,1875,0.1,3.290276453765491
gpu,DS,1048576,32,256,0.001,1049,12,0.0014807039499282837,1875,0.1,3.290276453765491
gpu,SS,1048576,32,256,0.001,1049,12,0.000169855996966362,1875,0.1,3.290276453765491
gpu,SS,1048576,32,256,0.001,1049,13,8.806400001049042e-05,1875,0.1,3.290276453765491
gpu,DS,1048576,32,256,0.001,1049,13,0.001530176043510437,1875,0.1,3.290276453765491
gpu,DS,1048576,32,256,0.001,1049,14,0.0019618240594863894,1875,0.1,3.290276453765491
gpu,SS,1048576,32,256,0.001,1049,14,0.0001618559956550598,1875,0.1,3.290276453765491
cpu,DS,1048576,32,256,0.003,3146,0,0.026908538000043336,-1,0.1,4.4597107438016526
cpu,SS,1048576,32,256,0.003,3146,0,0.0018325159999221796,-1,0.1,4.4597107438016526
cpu,SS,1048576,32,256,0.003,3146,1,0.0019304180000290216,-1,0.1,4.4597107438016526
cpu,DS,1048576,32,256,0.003,3146,1,0.021873870000035822,-1,0.1,4.4597107438016526
cpu,DS,1048576,32,256,0.003,3146,2,0.019731367000076716,-1,0.1,4.4597107438016526
cpu,SS,1048576,32,256,0.003,3146,2,0.0016318400003001443,-1,0.1,4.4597107438016526
cpu,SS,1048576,32,256,0.003,3146,3,0.0015071239999997488,-1,0.1,4.4597107438016526
cpu,DS,1048576,32,256,0.003,3146,3,0.02043490699998074,-1,0.1,4.4597107438016526
cpu,DS,1048576,32,256,0.003,3146,4,0.02497275800033094,-1,0.1,4.4597107438016526
cpu,SS,1048576,32,256,0.003,3146,4,0.0022903290000613197,-1,0.1,4.4597107438016526
cpu,SS,1048576,32,256,0.003,3146,5,0.0020244170000296435,-1,0.1,4.4597107438016526
cpu,DS,1048576,32,256,0.003,3146,5,0.022528849999616796,-1,0.1,4.4597107438016526
cpu,DS,1048576,32,256,0.003,3146,6,0.022487991999696533,-1,0.1,4.4597107438016526
cpu,SS,1048576,32,256,0.003,3146,6,0.0019034070000998327,-1,0.1,4.4597107438016526
cpu,SS,1048576,32,256,0.003,3146,7,0.0017801530002543586,-1,0.1,4.4597107438016526
cpu,DS,1048576,32,256,0.003,3146,7,0.02267365299985613,-1,0.1,4.4597107438016526
cpu,DS,1048576,32,256,0.003,3146,8,0.018530719999944267,-1,0.1,4.4597107438016526
cpu,SS,1048576,32,256,0.003,3146,8,0.0018239360001643945,-1,0.1,4.4597107438016526
cpu,SS,1048576,32,256,0.003,3146,9,0.0018505559996810916,-1,0.1,4.4597107438016526
cpu,DS,1048576,32,256,0.003,3146,9,0.02204217400003472,-1,0.1,4.4597107438016526
cpu,DS,1048576,32,256,0.003,3146,10,0.021729456999764807,-1,0.1,4.4597107438016526
cpu,SS,1048576,32,256,0.003,3146,10,0.001684301000295818,-1,0.1,4.4597107438016526
cpu,SS,1048576,32,256,0.003,3146,11,0.0014413039998544264,-1,0.1,4.4597107438016526
cpu,DS,1048576,32,256,0.003,3146,11,0.021055952000097022,-1,0.1,4.4597107438016526
cpu,DS,1048576,32,256,0.003,3146,12,0.020678780999787705,-1,0.1,4.4597107438016526
cpu,SS,1048576,32,256,0.003,3146,12,0.001903894999941258,-1,0.1,4.4597107438016526
cpu,SS,1048576,32,256,0.003,3146,13,0.0017835660000855569,-1,0.1,4.4597107438016526
cpu,DS,1048576,32,256,0.003,3146,13,0.020865903999947477,-1,0.1,4.4597107438016526
cpu,DS,1048576,32,256,0.003,3146,14,0.022271811999871716,-1,0.1,4.4597107438016526
cpu,SS,1048576,32,256,0.003,3146,14,0.0016922970003179216,-1,0.1,4.4597107438016526
gpu,DS,1048576,32,256,0.003,3146,0,0.0014929920434951782,1875,0.1,4.4597107438016526
gpu,SS,1048576,32,256,0.003,3146,0,3.084800019860268e-05,1875,0.1,4.4597107438016526
gpu,SS,1048576,32,256,0.003,3146,1,0.00010860799998044968,1875,0.1,4.4597107438016526
gpu,DS,1048576,32,256,0.003,3146,1,0.0015860799551010133,1875,0.1,4.4597107438016526
gpu,DS,1048576,32,256,0.003,3146,2,0.001487104058265686,1875,0.1,4.4597107438016526
gpu,SS,1048576,32,256,0.003,3146,2,0.0001096320003271103,1875,0.1,4.4597107438016526
gpu,SS,1048576,32,256,0.003,3146,3,0.00011804799735546112,1875,0.1,4.4597107438016526
gpu,DS,1048576,32,256,0.003,3146,3,0.0014831680059432984,1875,0.1,4.4597107438016526
gpu,DS,1048576,32,256,0.003,3146,4,0.0015416959524154664,1875,0.1,4.4597107438016526
gpu,SS,1048576,32,256,0.003,3146,4,0.00010527999699115753,1875,0.1,4.4597107438016526
gpu,SS,1048576,32,256,0.003,3146,5,0.00012880000472068786,1875,0.1,4.4597107438016526
gpu,DS,1048576,32,256,0.003,3146,5,0.0015188800096511842,1875,0.1,4.4597107438016526
gpu,DS,1048576,32,256,0.003,3146,6,0.001504096031188965,1875,0.1,4.4597107438016526
gpu,SS,1048576,32,256,0.003,3146,6,0.00015830400586128236,1875,0.1,4.4597107438016526
gpu,SS,1048576,32,256,0.003,3146,7,0.00011264000087976456,1875,0.1,4.4597107438016526
gpu,DS,1048576,32,256,0.003,3146,7,0.0015658880472183227,1875,0.1,4.4597107438016526
gpu,DS,1048576,32,256,0.003,3146,8,0.002775039911270142,1875,0.1,4.4597107438016526
gpu,SS,1048576,32,256,0.003,3146,8,0.0001610559970140457,1875,0.1,4.4597107438016526
gpu,SS,1048576,32,256,0.003,3146,9,0.0001759359985589981,1875,0.1,4.4597107438016526
gpu,DS,1048576,32,256,0.003,3146,9,0.0015712319612503052,1875,0.1,4.4597107438016526
gpu,DS,1048576,32,256,0.003,3146,10,0.0014777599573135376,1875,0.1,4.4597107438016526
gpu,SS,1048576,32,256,0.003,3146,10,0.0002975040078163147,1875,0.1,4.4597107438016526
gpu,SS,1048576,32,256,0.003,3146,11,0.0001544319987297058,1875,0.1,4.4597107438016526
gpu,DS,1048576,32,256,0.003,3146,11,0.0015500160455703736,1875,0.1,4.4597107438016526
gpu,DS,1048576,32,256,0.003,3146,12,0.001494719982147217,1875,0.1,4.4597107438016526
gpu,SS,1048576,32,256,0.003,3146,12,0.00019865599274635314,1875,0.1,4.4597107438016526
gpu,SS,1048576,32,256,0.003,3146,13,0.00016383999586105347,1875,0.1,4.4597107438016526
gpu,DS,1048576,32,256,0.003,3146,13,0.0015615359544754028,1875,0.1,4.4597107438016526
gpu,DS,1048576,32,256,0.003,3146,14,0.001603392004966736,1875,0.1,4.4597107438016526
gpu,SS,1048576,32,256,0.003,3146,14,0.0001488959938287735,1875,0.1,4.4597107438016526
cpu,DS,1048576,32,256,0.01,10486,0,0.019716741000138427,-1,0.1,6.0
cpu,SS,1048576,32,256,0.01,10486,0,0.005688769000244065,-1,0.1,6.0
cpu,SS,1048576,32,256,0.01,10486,1,0.005533531999844854,-1,0.1,6.0
cpu,DS,1048576,32,256,0.01,10486,1,0.022474438000244845,-1,0.1,6.0
cpu,DS,1048576,32,256,0.01,10486,2,0.023702584000147908,-1,0.1,6.0
cpu,SS,1048576,32,256,0.01,10486,2,0.005172839999886492,-1,0.1,6.0
cpu,SS,1048576,32,256,0.01,10486,3,0.00497070099982011,-1,0.1,6.0
cpu,DS,1048576,32,256,0.01,10486,3,0.020467377999921155,-1,0.1,6.0
cpu,DS,1048576,32,256,0.01,10486,4,0.02084025800013478,-1,0.1,6.0
cpu,SS,1048576,32,256,0.01,10486,4,0.005199948000154109,-1,0.1,6.0
cpu,SS,1048576,32,256,0.01,10486,5,0.005500476000179333,-1,0.1,6.0
cpu,DS,1048576,32,256,0.01,10486,5,0.020568204000028345,-1,0.1,6.0
cpu,DS,1048576,32,256,0.01,10486,6,0.022757024000384263,-1,0.1,6.0
cpu,SS,1048576,32,256,0.01,10486,6,0.005193025000153284,-1,0.1,6.0
cpu,SS,1048576,32,256,0.01,10486,7,0.00530672200011395,-1,0.1,6.0
cpu,DS,1048576,32,256,0.01,10486,7,0.043288465999921755,-1,0.1,6.0
cpu,DS,1048576,32,256,0.01,10486,8,0.02287813200018718,-1,0.1,6.0
cpu,SS,1048576,32,256,0.01,10486,8,0.005974084000172297,-1,0.1,6.0
cpu,SS,1048576,32,256,0.01,10486,9,0.0055953529999897,-1,0.1,6.0
cpu,DS,1048576,32,256,0.01,10486,9,0.02222656599997208,-1,0.1,6.0
cpu,DS,1048576,32,256,0.01,10486,10,0.023779520000061893,-1,0.1,6.0
cpu,SS,1048576,32,256,0.01,10486,10,0.005766679999851476,-1,0.1,6.0
cpu,SS,1048576,32,256,0.01,10486,11,0.008048818000133906,-1,0.1,6.0
cpu,DS,1048576,32,256,0.01,10486,11,0.020350072999917757,-1,0.1,6.0
cpu,DS,1048576,32,256,0.01,10486,12,0.02012306799997532,-1,0.1,6.0
cpu,SS,1048576,32,256,0.01,10486,12,0.0051892219998990186,-1,0.1,6.0
cpu,SS,1048576,32,256,0.01,10486,13,0.005270838999877014,-1,0.1,6.0
cpu,DS,1048576,32,256,0.01,10486,13,0.02202208700009578,-1,0.1,6.0
cpu,DS,1048576,32,256,0.01,10486,14,0.020656060999954207,-1,0.1,6.0
cpu,SS,1048576,32,256,0.01,10486,14,0.004996735999611701,-1,0.1,6.0
gpu,DS,1048576,32,256,0.01,10486,0,0.0015529279708862305,1875,0.1,6.0
gpu,SS,1048576,32,256,0.01,10486,0,0.00013523200154304504,1875,0.1,6.0
gpu,SS,1048576,32,256,0.01,10486,1,0.0001409599930047989,1875,0.1,6.0
gpu,DS,1048576,32,256,0.01,10486,1,0.001509152054786682,1875,0.1,6.0
gpu,DS,1048576,32,256,0.01,10486,2,0.001522655963897705,1875,0.1,6.0
gpu,SS,1048576,32,256,0.01,10486,2,0.00013155199587345124,1875,0.1,6.0
gpu,SS,1048576,32,256,0.01,10486,3,0.00013232000172138213,1875,0.1,6.0
gpu,DS,1048576,32,256,0.01,10486,3,0.0015237120389938355,1875,0.1,6.0
gpu,DS,1048576,32,256,0.01,10486,4,0.0014858560562133788,1875,0.1,6.0
gpu,SS,1048576,32,256,0.01,10486,4,0.0001844799965620041,1875,0.1,6.0
gpu,SS,1048576,32,256,0.01,10486,5,0.000167263999581337,1875,0.1,6.0
gpu,DS,1048576,32,256,0.01,10486,5,0.0019271680116653442,1875,0.1,6.0
gpu,DS,1048576,32,256,0.01,10486,6,0.001474560022354126,1875,0.1,6.0
gpu,SS,1048576,32,256,0.01,10486,6,0.00019865599274635314,1875,0.1,6.0
gpu,SS,1048576,32,256,0.01,10486,7,6.150399893522262e-05,1875,0.1,6.0
gpu,DS,1048576,32,256,0.01,10486,7,0.001479423999786377,1875,0.1,6.0
gpu,DS,1048576,32,256,0.01,10486,8,0.0014953919649124145,1875,0.1,6.0
gpu,SS,1048576,32,256,0.01,10486,8,0.0001376959979534149,1875,0.1,6.0
gpu,SS,1048576,32,256,0.01,10486,9,0.0002109439969062805,1875,0.1,6.0
gpu,DS,1048576,32,256,0.01,10486,9,0.001553760051727295,1875,0.1,6.0
gpu,DS,1048576,32,256,0.01,10486,10,0.002095200061798096,1875,0.1,6.0
gpu,SS,1048576,32,256,0.01,10486,10,0.00015724800527095796,1875,0.1,6.0
gpu,SS,1048576,32,256,0.01,10486,11,0.0001576959937810898,1875,0.1,6.0
gpu,DS,1048576,32,256,0.01,10486,11,0.0015098880529403687,1875,0.1,6.0
gpu,DS,1048576,32,256,0.01,10486,12,0.001523327946662903,1875,0.1,6.0
gpu,SS,1048576,32,256,0.01,10486,12,0.00014297600090503693,1875,0.1,6.0
gpu,SS,1048576,32,256,0.01,10486,13,0.0002608000040054321,1875,0.1,6.0
gpu,DS,1048576,32,256,0.01,10486,13,0.002735743999481201,1875,0.1,6.0
gpu,DS,1048576,32,256,0.01,10486,14,0.0014807039499282837,1875,0.1,6.0
gpu,SS,1048576,32,256,0.01,10486,14,0.0002101439982652664,1875,0.1,6.0
cpu,DS,1048576,32,256,0.03,31457,0,0.024282765999942058,-1,0.1,4.877992179800999
cpu,SS,1048576,32,256,0.03,31457,0,0.009719614000005095,-1,0.1,4.877992179800999
cpu,SS,1048576,32,256,0.03,31457,1,0.01087707299984686,-1,0.1,4.877992179800999
cpu,DS,1048576,32,256,0.03,31457,1,0.02304333400024916,-1,0.1,4.877992179800999
cpu,DS,1048576,32,256,0.03,31457,2,0.02482161800026006,-1,0.1,4.877992179800999
cpu,SS,1048576,32,256,0.03,31457,2,0.009920956999849295,-1,0.1,4.877992179800999
cpu,SS,1048576,32,256,0.03,31457,3,0.009753945999818825,-1,0.1,4.877992179800999
cpu,DS,1048576,32,256,0.03,31457,3,0.022718079000242142,-1,0.1,4.877992179800999
cpu,DS,1048576,32,256,0.03,31457,4,0.022405395000077988,-1,0.1,4.877992179800999
cpu,SS,1048576,32,256,0.03,31457,4,0.009724262000418094,-1,0.1,4.877992179800999
cpu,SS,1048576,32,256,0.03,31457,5,0.010480619000190927,-1,0.1,4.877992179800999
cpu,DS,1048576,32,256,0.03,31457,5,0.022066725000058796,-1,0.1,4.877992179800999
cpu,DS,1048576,32,256,0.03,31457,6,0.022551384000053076,-1,0.1,4.877992179800999
cpu,SS,1048576,32,256,0.03,31457,6,0.010804817999996885,-1,0.1,4.877992179800999
cpu,SS,1048576,32,256,0.03,31457,7,0.010686504000204877,-1,0.1,4.877992179800999
cpu,DS,1048576,32,256,0.03,31457,7,0.023089812999842252,-1,0.1,4.877992179800999
cpu,DS,1048576,32,256,0.03,31457,8,0.02200323599981857,-1,0.1,4.877992179800999
cpu,SS,1048576,32,256,0.03,31457,8,0.013171603000046161,-1,0.1,4.877992179800999
cpu,SS,1048576,32,256,0.03,31457,9,0.008631241000330192,-1,0.1,4.877992179800999
cpu,DS,1048576,32,256,0.03,31457,9,0.023188688999653095,-1,0.1,4.877992179800999
cpu,DS,1048576,32,256,0.03,31457,10,0.0224833550000767,-1,0.1,4.877992179800999
cpu,SS,1048576,32,256,0.03,31457,10,0.013213329999871348,-1,0.1,4.877992179800999
cpu,SS,1048576,32,256,0.03,31457,11,0.010893552000197815,-1,0.1,4.877992179800999
cpu,DS,1048576,32,256,0.03,31457,11,0.030914203000065754,-1,0.1,4.877992179800999
cpu,DS,1048576,32,256,0.03,31457,12,0.021445686999868485,-1,0.1,4.877992179800999
cpu,SS,1048576,32,256,0.03,31457,12,0.010807880999891495,-1,0.1,4.877992179800999
cpu,SS,1048576,32,256,0.03,31457,13,0.009786481999981334,-1,0.1,4.877992179800999
cpu,DS,1048576,32,256,0.03,31457,13,0.021835801999714022,-1,0.1,4.877992179800999
cpu,DS,1048576,32,256,0.03,31457,14,0.02459914699966248,-1,0.1,4.877992179800999
cpu,SS,1048576,32,256,0.03,31457,14,0.009852399000010337,-1,0.1,4.877992179800999
gpu,DS,1048576,32,256,0.03,31457,0,0.0016253119707107543,1875,0.1,4.877992179800999
gpu,SS,1048576,32,256,0.03,31457,0,0.00021849599480628967,1875,0.1,4.877992179800999
gpu,SS,1048576,32,256,0.03,31457,1,0.00021055999398231505,1875,0.1,4.877992179800999
gpu,DS,1048576,32,256,0.03,31457,1,0.0021064960956573486,1875,0.1,4.877992179800999
gpu,DS,1048576,32,256,0.03,31457,2,0.0015595840215682983,1875,0.1,4.877992179800999
gpu,SS,1048576,32,256,0.03,31457,2,0.00021503999829292298,1875,0.1,4.877992179800999
gpu,SS,1048576,32,256,0.03,31457,3,0.0001372160017490387,1875,0.1,4.877992179800999
gpu,DS,1048576,32,256,0.03,31457,3,0.0016113920211791991,1875,0.1,4.877992179800999
gpu,DS,1048576,32,256,0.03,31457,4,0.001552351951599121,1875,0.1,4.877992179800999
gpu,SS,1048576,32,256,0.03,31457,4,0.00024636800587177275,1875,0.1,4.877992179800999
gpu,SS,1048576,32,256,0.03,31457,5,0.00025587201118469237,1875,0.1,4.877992179800999
gpu,DS,1048576,32,256,0.03,31457,5,0.0015884159803390503,1875,0.1,4.877992179800999
gpu,DS,1048576,32,256,0.03,31457,6,0.0015843839645385742,1875,0.1,4.877992179800999
gpu,SS,1048576,32,256,0.03,31457,6,0.00025331199169158935,1875,0.1,4.877992179800999
gpu,SS,1048576,32,256,0.03,31457,7,0.00027244800329208373,1875,0.1,4.877992179800999
gpu,DS,1048576,32,256,0.03,31457,7,0.0016179200410842895,1875,0.1,4.877992179800999
gpu,DS,1048576,32,256,0.03,31457,8,0.0015200639963150024,1875,0.1,4.877992179800999
gpu,SS,1048576,32,256,0.03,31457,8,0.00021273599565029144,1875,0.1,4.877992179800999
gpu,SS,1048576,32,256,0.03,31457,9,0.00021382400393486024,1875,0.1,4.877992179800999
gpu,DS,1048576,32,256,0.03,31457,9,0.0031744000911712645,1875,0.1,4.877992179800999
gpu,DS,1048576,32,256,0.03,31457,10,0.0016035840511322021,1875,0.1,4.877992179800999
gpu,SS,1048576,32,256,0.03,31457,10,0.0002704960107803345,1875,0.1,4.877992179800999
gpu,SS,1048576,32,256,0.03,31457,11,0.0002168319970369339,1875,0.1,4.877992179800999
gpu,DS,1048576,32,256,0.03,31457,11,0.0015912959575653076,1875,0.1,4.877992179800999
gpu,DS,1048576,32,256,0.03,31457,12,0.0016632959842681884,1875,0.1,4.877992179800999
gpu,SS,1048576,32,256,0.03,31457,12,0.00026214399933815005,1875,0.1,4.877992179800999
gpu,SS,1048576,32,256,0.03,31457,13,0.00024169600009918212,1875,0.1,4.877992179800999
gpu,DS,1048576,32,256,0.03,31457,13,0.001596127986907959,1875,0.1,4.877992179800999
gpu,DS,1048576,32,256,0.03,31457,14,0.0015235840082168579,1875,0.1,4.877992179800999
gpu,SS,1048576,32,256,0.03,31457,14,0.00025033599138259887,1875,0.1,4.877992179800999
cpu,DS,1048576,32,256,0.1,104858,0,0.023448871999789844,-1,0.1,4.738899869347118
cpu,SS,1048576,32,256,0.1,104858,0,0.026905615000032412,-1,0.1,4.738899869347118
cpu,SS,1048576,32,256,0.1,104858,1,0.027486510000017006,-1,0.1,4.738899869347118
cpu,DS,1048576,32,256,0.1,104858,1,0.021568331000253238,-1,0.1,4.738899869347118
cpu,DS,1048576,32,256,0.1,104858,2,0.023920117000216123,-1,0.1,4.738899869347118
cpu,SS,1048576,32,256,0.1,104858,2,0.028126033999797073,-1,0.1,4.738899869347118
cpu,SS,1048576,32,256,0.1,104858,3,0.027189565999833576,-1,0.1,4.738899869347118
cpu,DS,1048576,32,256,0.1,104858,3,0.02066080799977499,-1,0.1,4.738899869347118
cpu,DS,1048576,32,256,0.1,104858,4,0.022694203999890306,-1,0.1,4.738899869347118
cpu,SS,1048576,32,256,0.1,104858,4,0.02859326299994791,-1,0.1,4.738899869347118
cpu,SS,1048576,32,256,0.1,104858,5,0.03321475500024462,-1,0.1,4.738899869347118
cpu,DS,1048576,32,256,0.1,104858,5,0.02464182499988965,-1,0.1,4.738899869347118
cpu,DS,1048576,32,256,0.1,104858,6,0.024640239999826008,-1,0.1,4.738899869347118
cpu,SS,1048576,32,256,0.1,104858,6,0.02723224300007132,-1,0.1,4.738899869347118
cpu,SS,1048576,32,256,0.1,104858,7,0.023981068000011874,-1,0.1,4.738899869347118
cpu,DS,1048576,32,256,0.1,104858,7,0.024339070999758405,-1,0.1,4.738899869347118
cpu,DS,1048576,32,256,0.1,104858,8,0.02364377100002457,-1,0.1,4.738899869347118
cpu,SS,1048576,32,256,0.1,104858,8,0.029812625999966258,-1,0.1,4.738899869347118
cpu,SS,1048576,32,256,0.1,104858,9,0.028367202000026737,-1,0.1,4.738899869347118
cpu,DS,1048576,32,256,0.1,104858,9,0.022487156999886793,-1,0.1,4.738899869347118
cpu,DS,1048576,32,256,0.1,104858,10,0.022443423999902734,-1,0.1,4.738899869347118
cpu,SS,1048576,32,256,0.1,104858,10,0.028664673999628576,-1,0.1,4.738899869347118
cpu,SS,1048576,32,256,0.1,104858,11,0.02572840199991333,-1,0.1,4.738899869347118
cpu,DS,1048576,32,256,0.1,104858,11,0.021941438999874663,-1,0.1,4.738899869347118
cpu,DS,1048576,32,256,0.1,104858,12,0.02226436899991313,-1,0.1,4.738899869347118
cpu,SS,1048576,32,256,0.1,104858,12,0.025183105999985855,-1,0.1,4.738899869347118
cpu,SS,1048576,32,256,0.1,104858,13,0.02456344300026103,-1,0.1,4.738899869347118
cpu,DS,1048576,32,256,0.1,104858,13,0.021430792000046495,-1,0.1,4.738899869347118
cpu,DS,1048576,32,256,0.1,104858,14,0.022153874000196083,-1,0.1,4.738899869347118
cpu,SS,1048576,32,256,0.1,104858,14,0.028998063000017282,-1,0.1,4.738899869347118
gpu,DS,1048576,32,256,0.1,104858,0,0.001556831955909729,1875,0.1,4.738899869347118
gpu,SS,1048576,32,256,0.1,104858,0,0.0006245120167732239,1875,0.1,4.738899869347118
gpu,SS,1048576,32,256,0.1,104858,1,0.0006159999966621399,1875,0.1,4.738899869347118
gpu,DS,1048576,32,256,0.1,104858,1,0.0014769279956817628,1875,0.1,4.738899869347118
gpu,DS,1048576,32,256,0.1,104858,2,0.001552608013153076,1875,0.1,4.738899869347118
gpu,SS,1048576,32,256,0.1,104858,2,0.0006136000156402588,1875,0.1,4.738899869347118
gpu,SS,1048576,32,256,0.1,104858,3,0.0006310719847679138,1875,0.1,4.738899869347118
gpu,DS,1048576,32,256,0.1,104858,3,0.0016609280109405517,1875,0.1,4.738899869347118
gpu,DS,1048576,32,256,0.1,104858,4,0.001509567975997925,1875,0.1,4.738899869347118
gpu,SS,1048576,32,256,0.1,104858,4,0.0006285439729690552,1875,0.1,4.738899869347118
gpu,SS,1048576,32,256,0.1,104858,5,0.0006270080208778382,1875,0.1,4.738899869347118
gpu,DS,1048576,32,256,0.1,104858,5,0.0015202239751815796,1875,0.1,4.738899869347118
gpu,DS,1048576,32,256,0.1,104858,6,0.0016164159774780273,1875,0.1,4.738899869347118
gpu,SS,1048576,32,256,0.1,104858,6,0.0006186879873275756,1875,0.1,4.738899869347118
gpu,SS,1048576,32,256,0.1,104858,7,0.000625823974609375,1875,0.1,4.738899869347118
gpu,DS,1048576,32,256,0.1,104858,7,0.0014725120067596434,1875,0.1,4.738899869347118
gpu,DS,1048576,32,256,0.1,104858,8,0.0014237120151519775,1875,0.1,4.738899869347118
gpu,SS,1048576,32,256,0.1,104858,8,0.0006246399879455566,1875,0.1,4.738899869347118
gpu,SS,1048576,32,256,0.1,104858,9,0.0006246399879455566,1875,0.1,4.738899869347118
gpu,DS,1048576,32,256,0.1,104858,9,0.0014931199550628662,1875,0.1,4.738899869347118
gpu,DS,1048576,32,256,0.1,104858,10,0.003312448024749756,1875,0.1,4.738899869347118
gpu,SS,1048576,32,256,0.1,104858,10,0.0006451839804649353,1875,0.1,4.738899869347118
gpu,SS,1048576,32,256,0.1,104858,11,0.0005980160236358643,1875,0.1,4.738899869347118
gpu,DS,1048576,32,256,0.1,104858,11,0.0014623359441757202,1875,0.1,4.738899869347118
gpu,DS,1048576,32,256,0.1,104858,12,0.001447551965713501,1875,0.1,4.738899869347118
gpu,SS,1048576,32,256,0.1,104858,12,0.0006616320013999939,1875,0.1,4.738899869347118
gpu,SS,1048576,32,256,0.1,104858,13,0.0006079999804496765,1875,0.1,4.738899869347118
gpu,DS,1048576,32,256,0.1,104858,13,0.001345631957054138,1875,0.1,4.738899869347118
gpu,DS,1048576,32,256,0.1,104858,14,0.0014295040369033815,1875,0.1,4.738899869347118
gpu,SS,1048576,32,256,0.1,104858,14,0.0006168320178985596,1875,0.1,4.738899869347118
cpu,DS,1048576,32,256,0.2,209715,0,0.021347762999994302,-1,0.1,5.000027716186253
cpu,SS,1048576,32,256,0.2,209715,0,0.04733975299996018,-1,0.1,5.000027716186253
cpu,SS,1048576,32,256,0.2,209715,1,0.04449790899980144,-1,0.1,5.000027716186253
cpu,DS,1048576,32,256,0.2,209715,1,0.01997588900030678,-1,0.1,5.000027716186253
cpu,DS,1048576,32,256,0.2,209715,2,0.02223891099993125,-1,0.1,5.000027716186253
cpu,SS,1048576,32,256,0.2,209715,2,0.052216834999853745,-1,0.1,5.000027716186253
cpu,SS,1048576,32,256,0.2,209715,3,0.0547509349999018,-1,0.1,5.000027716186253
cpu,DS,1048576,32,256,0.2,209715,3,0.02123260400003346,-1,0.1,5.000027716186253
cpu,DS,1048576,32,256,0.2,209715,4,0.1150589899998522,-1,0.1,5.000027716186253
cpu,SS,1048576,32,256,0.2,209715,4,0.06583816400006981,-1,0.1,5.000027716186253
cpu,SS,1048576,32,256,0.2,209715,5,0.04427860800024064,-1,0.1,5.000027716186253
cpu,DS,1048576,32,256,0.2,209715,5,0.019560591999834287,-1,0.1,5.000027716186253
cpu,DS,1048576,32,256,0.2,209715,6,0.018900251000104618,-1,0.1,5.000027716186253
cpu,SS,1048576,32,256,0.2,209715,6,0.04029452700024194,-1,0.1,5.000027716186253
cpu,SS,1048576,32,256,0.2,209715,7,0.051885688999846025,-1,0.1,5.000027716186253
cpu,DS,1048576,32,256,0.2,209715,7,0.019464641000013216,-1,0.1,5.000027716186253
cpu,DS,1048576,32,256,0.2,209715,8,0.0209779060000983,-1,0.1,5.000027716186253
cpu,SS,1048576,32,256,0.2,209715,8,0.04878758699987884,-1,0.1,5.000027716186253
cpu,SS,1048576,32,256,0.2,209715,9,0.04988682300017899,-1,0.1,5.000027716186253
cpu,DS,1048576,32,256,0.2,209715,9,0.019216477999634662,-1,0.1,5.000027716186253
cpu,DS,1048576,32,256,0.2,209715,10,0.019593062999774702,-1,0.1,5.000027716186253
cpu,SS,1048576,32,256,0.2,209715,10,0.044908623000083026,-1,0.1,5.000027716186253
cpu,SS,1048576,32,256,0.2,209715,11,0.04667677899988121,-1,0.1,5.000027716186253
cpu,DS,1048576,32,256,0.2,209715,11,0.019549769000150263,-1,0.1,5.000027716186253
cpu,DS,1048576,32,256,0.2,209715,12,0.018248784000206797,-1,0.1,5.000027716186253
cpu,SS,1048576,32,256,0.2,209715,12,0.044897213999774976,-1,0.1,5.000027716186253
cpu,SS,1048576,32,256,0.2,209715,13,0.04868744399982461,-1,0.1,5.000027716186253
cpu,DS,1048576,32,256,0.2,209715,13,0.01961948799998936,-1,0.1,5.000027716186253
cpu,DS,1048576,32,256,0.2,209715,14,0.01627722100010942,-1,0.1,5.000027716186253
cpu,SS,1048576,32,256,0.2,209715,14,0.04217384499997934,-1,0.1,5.000027716186253
gpu,DS,1048576,32,256,0.2,209715,0,0.0015048320293426514,1875,0.1,5.000027716186253
gpu,SS,1048576,32,256,0.2,209715,0,0.0012001279592514038,1875,0.1,5.000027716186253
gpu,SS,1048576,32,256,0.2,209715,1,0.001432703971862793,1875,0.1,5.000027716186253
gpu,DS,1048576,32,256,0.2,209715,1,0.0015221120119094848,1875,0.1,5.000027716186253
gpu,DS,1048576,32,256,0.2,209715,2,0.0014800959825515747,1875,0.1,5.000027716186253
gpu,SS,1048576,32,256,0.2,209715,2,0.0012001279592514038,1875,0.1,5.000027716186253
gpu,SS,1048576,32,256,0.2,209715,3,0.0011898880004882813,1875,0.1,5.000027716186253
gpu,DS,1048576,32,256,0.2,209715,3,0.0015482879877090454,1875,0.1,5.000027716186253
gpu,DS,1048576,32,256,0.2,209715,4,0.0014422080516815186,1875,0.1,5.000027716186253
gpu,SS,1048576,32,256,0.2,209715,4,0.0011929600238800048,1875,0.1,5.000027716186253
gpu,SS,1048576,32,256,0.2,209715,5,0.0012021440267562867,1875,0.1,5.000027716186253
gpu,DS,1048576,32,256,0.2,209715,5,0.001450719952583313,1875,0.1,5.000027716186253
gpu,DS,1048576,32,256,0.2,209715,6,0.0014150079488754273,1875,0.1,5.000027716186253
gpu,SS,1048576,32,256,0.2,209715,6,0.001202399969100952,1875,0.1,5.000027716186253
gpu,SS,1048576,32,256,0.2,209715,7,0.0012042239904403688,1875,0.1,5.000027716186253
gpu,DS,1048576,32,256,0.2,209715,7,0.001450592041015625,1875,0.1,5.000027716186253
gpu,DS,1048576,32,256,0.2,209715,8,0.001435647964477539,1875,0.1,5.000027716186253
gpu,SS,1048576,32,256,0.2,209715,8,0.001207584023475647,1875,0.1,5.000027716186253
gpu,SS,1048576,32,256,0.2,209715,9,0.0011893440485000611,1875,0.1,5.000027716186253
gpu,DS,1048576,32,256,0.2,209715,9,0.001464095950126648,1875,0.1,5.000027716186253
gpu,DS,1048576,32,256,0.2,209715,10,0.0014561280012130738,1875,0.1,5.000027716186253
gpu,SS,1048576,32,256,0.2,209715,10,0.0011283520460128784,1875,0.1,5.000027716186253
gpu,SS,1048576,32,256,0.2,209715,11,0.001216863989830017,1875,0.1,5.000027716186253
gpu,DS,1048576,32,256,0.2,209715,11,0.0015216000080108642,1875,0.1,5.000027716186253
gpu,DS,1048576,32,256,0.2,209715,12,0.0014630719423294068,1875,0.1,5.000027716186253
gpu,SS,1048576,32,256,0.2,209715,12,0.001206272006034851,1875,0.1,5.000027716186253
gpu,SS,1048576,32,256,0.2,209715,13,0.001193984031677246,1875,0.1,5.000027716186253
gpu,DS,1048576,32,256,0.2,209715,13,0.0016764479875564576,1875,0.1,5.000027716186253
gpu,DS,1048576,32,256,0.2,209715,14,0.0014677759408950805,1875,0.1,5.000027716186253
gpu,SS,1048576,32,256,0.2,209715,14,0.001194975972175598,1875,0.1,5.000027716186253
cpu,DS,1048576,32,256,0.3,314573,0,0.021475599000041257,-1,0.1,3.3333703544169397
cpu,SS,1048576,32,256,0.3,314573,0,0.06220989799976451,-1,0.1,3.3333703544169397
cpu,SS,1048576,32,256,0.3,314573,1,0.06460748500012414,-1,0.1,3.3333703544169397
cpu,DS,1048576,32,256,0.3,314573,1,0.019528120999893872,-1,0.1,3.3333703544169397
cpu,DS,1048576,32,256,0.3,314573,2,0.02147969399993599,-1,0.1,3.3333703544169397
cpu,SS,1048576,32,256,0.3,314573,2,0.05673146999970413,-1,0.1,3.3333703544169397
cpu,SS,1048576,32,256,0.3,314573,3,0.05739200500011066,-1,0.1,3.3333703544169397
cpu,DS,1048576,32,256,0.3,314573,3,0.020604635999916354,-1,0.1,3.3333703544169397
cpu,DS,1048576,32,256,0.3,314573,4,0.02311796799995136,-1,0.1,3.3333703544169397
cpu,SS,1048576,32,256,0.3,314573,4,0.05548918700014838,-1,0.1,3.3333703544169397
cpu,SS,1048576,32,256,0.3,314573,5,0.06166354700008014,-1,0.1,3.3333703544169397
cpu,DS,1048576,32,256,0.3,314573,5,0.02030869200007146,-1,0.1,3.3333703544169397
cpu,DS,1048576,32,256,0.3,314573,6,0.018912537999767665,-1,0.1,3.3333703544169397
cpu,SS,1048576,32,256,0.3,314573,6,0.056943262000004324,-1,0.1,3.3333703544169397
cpu,SS,1048576,32,256,0.3,314573,7,0.055056045000128506,-1,0.1,3.3333703544169397
cpu,DS,1048576,32,256,0.3,314573,7,0.019997437999791146,-1,0.1,3.3333703544169397
cpu,DS,1048576,32,256,0.3,314573,8,0.021924733000105334,-1,0.1,3.3333703544169397
cpu,SS,1048576,32,256,0.3,314573,8,0.06205017599995699,-1,0.1,3.3333703544169397
cpu,SS,1048576,32,256,0.3,314573,9,0.05837081500021668,-1,0.1,3.3333703544169397
cpu,DS,1048576,32,256,0.3,314573,9,0.020564852000006795,-1,0.1,3.3333703544169397
cpu,DS,1048576,32,256,0.3,314573,10,0.01905841400002828,-1,0.1,3.3333703544169397
cpu,SS,1048576,32,256,0.3,314573,10,0.058304313000007824,-1,0.1,3.3333703544169397
cpu,SS,1048576,32,256,0.3,314573,11,0.055644423000103416,-1,0.1,3.3333703544169397
cpu,DS,1048576,32,256,0.3,314573,11,0.02062296799977048,-1,0.1,3.3333703544169397
cpu,DS,1048576,32,256,0.3,314573,12,0.021587541000371857,-1,0.1,3.3333703544169397
cpu,SS,1048576,32,256,0.3,314573,12,0.05857227199976478,-1,0.1,3.3333703544169397
cpu,SS,1048576,32,256,0.3,314573,13,0.05805995199989411,-1,0.1,3.3333703544169397
cpu,DS,1048576,32,256,0.3,314573,13,0.015561787000024196,-1,0.1,3.3333703544169397
cpu,DS,1048576,32,256,0.3,314573,14,0.0193370980000509,-1,0.1,3.3333703544169397
cpu,SS,1048576,32,256,0.3,314573,14,0.0606159930002832,-1,0.1,3.3333703544169397
gpu,DS,1048576,32,256,0.3,314573,0,0.0014417599439620972,1875,0.1,3.3333703544169397
gpu,SS,1048576,32,256,0.3,314573,0,0.0016096639633178711,1875,0.1,3.3333703544169397
gpu,SS,1048576,32,256,0.3,314573,1,0.0016773439645767212,1875,0.1,3.3333703544169397
gpu,DS,1048576,32,256,0.3,314573,1,0.0015259840488433837,1875,0.1,3.3333703544169397
gpu,DS,1048576,32,256,0.3,314573,2,0.0014337279796600342,1875,0.1,3.3333703544169397
gpu,SS,1048576,32,256,0.3,314573,2,0.0016785279512405396,1875,0.1,3.3333703544169397
gpu,SS,1048576,32,256,0.3,314573,3,0.002239743947982788,1875,0.1,3.3333703544169397
gpu,DS,1048576,32,256,0.3,314573,3,0.0015728640556335449,1875,0.1,3.3333703544169397
gpu,DS,1048576,32,256,0.3,314573,4,0.0014663679599761963,1875,0.1,3.3333703544169397
gpu,SS,1048576,32,256,0.3,314573,4,0.0017223999500274659,1875,0.1,3.3333703544169397
gpu,SS,1048576,32,256,0.3,314573,5,0.0016783360242843628,1875,0.1,3.3333703544169397
gpu,DS,1048576,32,256,0.3,314573,5,0.0014865920543670654,1875,0.1,3.3333703544169397
gpu,DS,1048576,32,256,0.3,314573,6,0.002922048091888428,1875,0.1,3.3333703544169397
gpu,SS,1048576,32,256,0.3,314573,6,0.0016119680404663086,1875,0.1,3.3333703544169397
gpu,SS,1048576,32,256,0.3,314573,7,0.001669119954109192,1875,0.1,3.3333703544169397
gpu,DS,1048576,32,256,0.3,314573,7,0.0014929920434951782,1875,0.1,3.3333703544169397
gpu,DS,1048576,32,256,0.3,314573,8,0.001539039969444275,1875,0.1,3.3333703544169397
gpu,SS,1048576,32,256,0.3,314573,8,0.0016821119785308837,1875,0.1,3.3333703544169397
gpu,SS,1048576,32,256,0.3,314573,9,0.0016752640008926391,1875,0.1,3.3333703544169397
gpu,DS,1048576,32,256,0.3,314573,9,0.0015482879877090454,1875,0.1,3.3333703544169397
gpu,DS,1048576,32,256,0.3,314573,10,0.001486143946647644,1875,0.1,3.3333703544169397
gpu,SS,1048576,32,256,0.3,314573,10,0.0016755199432373048,1875,0.1,3.3333703544169397
gpu,SS,1048576,32,256,0.3,314573,11,0.0016732159852981567,1875,0.1,3.3333703544169397
gpu,DS,1048576,32,256,0.3,314573,11,0.0019578880071640017,1875,0.1,3.3333703544169397
gpu,DS,1048576,32,256,0.3,314573,12,0.0014379520416259765,1875,0.1,3.3333703544169397
gpu,SS,1048576,32,256,0.3,314573,12,0.0016874879598617553,1875,0.1,3.3333703544169397
gpu,SS,1048576,32,256,0.3,314573,13,0.001696735978126526,1875,0.1,3.3333703544169397
gpu,DS,1048576,32,256,0.3,314573,13,0.001562559962272644,1875,0.1,3.3333703544169397
gpu,DS,1048576,32,256,0.3,314573,14,0.0015620800256729126,1875,0.1,3.3333703544169397
gpu,SS,1048576,32,256,0.3,314573,14,0.0022779200077056886,1875,0.1,3.3333703544169397
cpu,DS,1048576,32,256,0.5,524288,0,0.021843019000243658,-1,0.1,2.0000234842300415
cpu,SS,1048576,32,256,0.5,524288,0,0.0823736900001677,-1,0.1,2.0000234842300415
cpu,SS,1048576,32,256,0.5,524288,1,0.08151150200001211,-1,0.1,2.0000234842300415
cpu,DS,1048576,32,256,0.5,524288,1,0.020776352000211773,-1,0.1,2.0000234842300415
cpu,DS,1048576,32,256,0.5,524288,2,0.020236534000105166,-1,0.1,2.0000234842300415
cpu,SS,1048576,32,256,0.5,524288,2,0.09653308099996138,-1,0.1,2.0000234842300415
cpu,SS,1048576,32,256,0.5,524288,3,0.08183777200019904,-1,0.1,2.0000234842300415
cpu,DS,1048576,32,256,0.5,524288,3,0.020363395000003948,-1,0.1,2.0000234842300415
cpu,DS,1048576,32,256,0.5,524288,4,0.021464190999722632,-1,0.1,2.0000234842300415
cpu,SS,1048576,32,256,0.5,524288,4,0.0776974790001077,-1,0.1,2.0000234842300415
cpu,SS,1048576,32,256,0.5,524288,5,0.08294276099968556,-1,0.1,2.0000234842300415
cpu,DS,1048576,32,256,0.5,524288,5,0.021275702999901114,-1,0.1,2.0000234842300415
cpu,DS,1048576,32,256,0.5,524288,6,0.01924729100028344,-1,0.1,2.0000234842300415
cpu,SS,1048576,32,256,0.5,524288,6,0.09971065400031875,-1,0.1,2.0000234842300415
cpu,SS,1048576,32,256,0.5,524288,7,0.10172726699966006,-1,0.1,2.0000234842300415
cpu,DS,1048576,32,256,0.5,524288,7,0.019973939000010432,-1,0.1,2.0000234842300415
cpu,DS,1048576,32,256,0.5,524288,8,0.02216646099986974,-1,0.1,2.0000234842300415
cpu,SS,1048576,32,256,0.5,524288,8,0.09191332999989754,-1,0.1,2.0000234842300415
cpu,SS,1048576,32,256,0.5,524288,9,0.0936098160000256,-1,0.1,2.0000234842300415
cpu,DS,1048576,32,256,0.5,524288,9,0.021864860999812663,-1,0.1,2.0000234842300415
cpu,DS,1048576,32,256,0.5,524288,10,0.02151928399962344,-1,0.1,2.0000234842300415
cpu,SS,1048576,32,256,0.5,524288,10,0.09625478700036183,-1,0.1,2.0000234842300415
cpu,SS,1048576,32,256,0.5,524288,11,0.1008963809999841,-1,0.1,2.0000234842300415
cpu,DS,1048576,32,256,0.5,524288,11,0.021895577000123012,-1,0.1,2.0000234842300415
cpu,DS,1048576,32,256,0.5,524288,12,0.026149956999688584,-1,0.1,2.0000234842300415
cpu,SS,1048576,32,256,0.5,524288,12,0.0788951019999331,-1,0.1,2.0000234842300415
cpu,SS,1048576,32,256,0.5,524288,13,0.08314685999994254,-1,0.1,2.0000234842300415
cpu,DS,1048576,32,256,0.5,524288,13,0.02055132000032245,-1,0.1,2.0000234842300415
cpu,DS,1048576,32,256,0.5,524288,14,0.018166679999922053,-1,0.1,2.0000234842300415
cpu,SS,1048576,32,256,0.5,524288,14,0.08313156000031086,-1,0.1,2.0000234842300415
gpu,DS,1048576,32,256,0.5,524288,0,0.001341439962387085,1005,0.1,2.0000234842300415
gpu,SS,1048576,32,256,0.5,524288,0,0.005056511878967285,1005,0.1,2.0000234842300415
gpu,SS,1048576,32,256,0.5,524288,1,0.006389664173126221,1005,0.1,2.0000234842300415
gpu,DS,1048576,32,256,0.5,524288,1,0.001425376057624817,1005,0.1,2.0000234842300415
gpu,DS,1048576,32,256,0.5,524288,2,0.0015072959661483764,1005,0.1,2.0000234842300415
gpu,SS,1048576,32,256,0.5,524288,2,0.005033279895782471,1005,0.1,2.0000234842300415
gpu,SS,1048576,32,256,0.5,524288,3,0.004961152076721192,1005,0.1,2.0000234842300415
gpu,DS,1048576,32,256,0.5,524288,3,0.0014602240324020385,1005,0.1,2.0000234842300415
gpu,DS,1048576,32,256,0.5,524288,4,0.001431328058242798,1005,0.1,2.0000234842300415
gpu,SS,1048576,32,256,0.5,524288,4,0.005026847839355469,1005,0.1,2.0000234842300415
gpu,SS,1048576,32,256,0.5,524288,5,0.004975584030151367,1005,0.1,2.0000234842300415
gpu,DS,1048576,32,256,0.5,524288,5,0.001588063955307007,1005,0.1,2.0000234842300415
gpu,DS,1048576,32,256,0.5,524288,6,0.0014704639911651612,1005,0.1,2.0000234842300415
gpu,SS,1048576,32,256,0.5,524288,6,0.005417823791503906,1005,0.1,2.0000234842300415
gpu,SS,1048576,32,256,0.5,524288,7,0.002829279899597168,1845,0.1,2.0000234842300415
gpu,DS,1048576,32,256,0.5,524288,7,0.0015653120279312135,1845,0.1,2.0000234842300415
gpu,DS,1048576,32,256,0.5,524288,8,0.002619391918182373,1860,0.1,2.0000234842300415
gpu,SS,1048576,32,256,0.5,524288,8,0.0027178881168365477,1860,0.1,2.0000234842300415
gpu,SS,1048576,32,256,0.5,524288,9,0.0027890241146087645,1860,0.1,2.0000234842300415
gpu,DS,1048576,32,256,0.5,524288,9,0.0014829119443893432,1860,0.1,2.0000234842300415
gpu,DS,1048576,32,256,0.5,524288,10,0.0014911999702453614,1860,0.1,2.0000234842300415
gpu,SS,1048576,32,256,0.5,524288,10,0.003302272081375122,1860,0.1,2.0000234842300415
gpu,SS,1048576,32,256,0.5,524288,11,0.0027934720516204835,1860,0.1,2.0000234842300415
gpu,DS,1048576,32,256,0.5,524288,11,0.0014748799800872803,1860,0.1,2.0000234842300415
gpu,DS,1048576,32,256,0.5,524288,12,0.0019762879610061646,1860,0.1,2.0000234842300415
gpu,SS,1048576,32,256,0.5,524288,12,0.0027892160415649413,1860,0.1,2.0000234842300415
gpu,SS,1048576,32,256,0.5,524288,13,0.0028260159492492676,1860,0.1,2.0000234842300415
gpu,DS,1048576,32,256,0.5,524288,13,0.0016183040142059325,1860,0.1,2.0000234842300415
gpu,DS,1048576,32,256,0.5,524288,14,0.0015400960445404053,1860,0.1,2.0000234842300415
gpu,SS,1048576,32,256,0.5,524288,14,0.00285699200630188,1860,0.1,2.0000234842300415
cpu,DS,1048576,32,256,0.7,734003,0,0.018486630000097648,-1,0.1,1.428588592280958
cpu,SS,1048576,32,256,0.7,734003,0,0.11758860000009008,-1,0.1,1.428588592280958
cpu,SS,1048576,32,256,0.7,734003,1,0.12792069000033734,-1,0.1,1.428588592280958
cpu,DS,1048576,32,256,0.7,734003,1,0.02192553000031694,-1,0.1,1.428588592280958
cpu,DS,1048576,32,256,0.7,734003,2,0.02452167000001282,-1,0.1,1.428588592280958
cpu,SS,1048576,32,256,0.7,734003,2,0.11217104999968797,-1,0.1,1.428588592280958
cpu,SS,1048576,32,256,0.7,734003,3,0.10270233000028384,-1,0.1,1.428588592280958
cpu,DS,1048576,32,256,0.7,734003,3,0.022237650000079157,-1,0.1,1.428588592280958
cpu,DS,1048576,32,256,0.7,734003,4,0.018990179999946122,-1,0.1,1.428588592280958
cpu,SS,1048576,32,256,0.7,734003,4,0.10647233999998207,-1,0.1,1.428588592280958
cpu,SS,1048576,32,256,0.7,734003,5,0.11802681000017401,-1,0.1,1.428588592280958
cpu,DS,1048576,32,256,0.7,734003,5,0.019925099999909435,-1,0.1,1.428588592280958
cpu,DS,1048576,32,256,0.7,734003,6,0.01981692000026669,-1,0.1,1.428588592280958
cpu,SS,1048576,32,256,0.7,734003,6,0.10888938000016424,-1,0.1,1.428588592280958
cpu,SS,1048576,32,256,0.7,734003,7,0.11140082999963852,-1,0.1,1.428588592280958
cpu,DS,1048576,32,256,0.7,734003,7,0.0189438299998983,-1,0.1,1.428588592280958
cpu,DS,1048576,32,256,0.7,734003,8,0.01955907000001389,-1,0.1,1.428588592280958
cpu,SS,1048576,32,256,0.7,734003,8,0.120114360000116,-1,0.1,1.428588592280958
cpu,SS,1048576,32,256,0.7,734003,9,0.11185344000023179,-1,0.1,1.428588592280958
cpu,DS,1048576,32,256,0.7,734003,9,0.021772709999822837,-1,0.1,1.428588592280958
cpu,DS,1048576,32,256,0.7,734003,10,0.01928592000012941,-1,0.1,1.428588592280958
cpu,SS,1048576,32,256,0.7,734003,10,0.11969873999987612,-1,0.1,1.428588592280958
cpu,SS,1048576,32,256,0.7,734003,11,0.12244526999984373,-1,0.1,1.428588592280958
cpu,DS,1048576,32,256,0.7,734003,11,0.02448459000015646,-1,0.1,1.428588592280958
cpu,DS,1048576,32,256,0.7,734003,12,0.020857140000316576,-1,0.1,1.428588592280958
cpu,SS,1048576,32,256,0.7,734003,12,0.11559501000010641,-1,0.1,1.428588592280958
cpu,SS,1048576,32,256,0.7,734003,13,0.11110706999988906,-1,0.1,1.428588592280958
cpu,DS,1048576,32,256,0.7,734003,13,0.02007963000005475,-1,0.1,1.428588592280958
cpu,DS,1048576,32,256,0.7,734003,14,0.021808169999985694,-1,0.1,1.428588592280958
cpu,SS,1048576,32,256,0.7,734003,14,0.10865303999980824,-1,0.1,1.428588592280958
gpu,DS,1048576,32,256,0.7,734003,0,0.0014786560535430908,1320,0.1,1.428588592280958
gpu,SS,1048576,32,256,0.7,734003,0,0.005412864208221436,1320,0.1,1.428588592280958
gpu,SS,1048576,32,256,0.7,734003,1,0.0054651517868042,1320,0.1,1.428588592280958
gpu,DS,1048576,32,256,0.7,734003,1,0.0018330880403518678,1320,0.1,1.428588592280958
gpu,DS,1048576,32,256,0.7,734003,2,0.0015201280117034912,1320,0.1,1.428588592280958
gpu,SS,1048576,32,256,0.7,734003,2,0.005478911876678467,1320,0.1,1.428588592280958
gpu,SS,1048576,32,256,0.7,734003,3,0.006997056007385254,1320,0.1,1.428588592280958
gpu,DS,1048576,32,256,0.7,734003,3,0.0015702400207519532,1320,0.1,1.428588592280958
gpu,DS,1048576,32,256,0.7,734003,4,0.0014464000463485717,1320,0.1,1.428588592280958
gpu,SS,1048576,32,256,0.7,734003,4,0.005468448162078857,1320,0.1,1.428588592280958
gpu,SS,1048576,32,256,0.7,734003,5,0.005485599994659424,1320,0.1,1.428588592280958
gpu,DS,1048576,32,256,0.7,734003,5,0.0015401599407196046,1320,0.1,1.428588592280958
gpu,DS,1048576,32,256,0.7,734003,6,0.0014833600521087645,1320,0.1,1.428588592280958
gpu,SS,1048576,32,256,0.7,734003,6,0.007571743965148926,1320,0.1,1.428588592280958
gpu,SS,1048576,32,256,0.7,734003,7,0.0054906878471374515,1320,0.1,1.428588592280958
gpu,DS,1048576,32,256,0.7,734003,7,0.002209791898727417,1320,0.1,1.428588592280958
gpu,DS,1048576,32,256,0.7,734003,8,0.001435647964477539,1320,0.1,1.428588592280958
gpu,SS,1048576,32,256,0.7,734003,8,0.0054009599685668945,1320,0.1,1.428588592280958
gpu,SS,1048576,32,256,0.7,734003,9,0.006934783935546875,1320,0.1,1.428588592280958
gpu,DS,1048576,32,256,0.7,734003,9,0.0015479040145874024,1320,0.1,1.428588592280958
gpu,DS,1048576,32,256,0.7,734003,10,0.0014663679599761963,1320,0.1,1.428588592280958
gpu,SS,1048576,32,256,0.7,734003,10,0.0054271998405456545,1320,0.1,1.428588592280958
gpu,SS,1048576,32,256,0.7,734003,11,0.006109951972961426,1320,0.1,1.428588592280958
gpu,DS,1048576,32,256,0.7,734003,11,0.0015607680082321167,1320,0.1,1.428588592280958
gpu,DS,1048576,32,256,0.7,734003,12,0.0014368000030517579,1320,0.1,1.428588592280958
gpu,SS,1048576,32,256,0.7,734003,12,0.00684496021270752,1320,0.1,1.428588592280958
gpu,SS,1048576,32,256,0.7,734003,13,0.0053357439041137695,1320,0.1,1.428588592280958
gpu,DS,1048576,32,256,0.7,734003,13,0.0015688639879226684,1320,0.1,1.428588592280958
gpu,DS,1048576,32,256,0.7,734003,14,0.0014783040285110474,1320,0.1,1.428588592280958
gpu,SS,1048576,32,256,0.7,734003,14,0.005413919925689697,1320,0.1,1.428588592280958
cpu,DS,1048576,32,256,1.0,1048576,0,0.020889899999929185,-1,0.1,1.0000117421150208
cpu,SS,1048576,32,256,1.0,1048576,0,0.1511595900001339,-1,0.1,1.0000117421150208
cpu,SS,1048576,32,256,1.0,1048576,1,0.1410188400000152,-1,0.1,1.0000117421150208
cpu,DS,1048576,32,256,1.0,1048576,1,0.020994120000068506,-1,0.1,1.0000117421150208
cpu,DS,1048576,32,256,1.0,1048576,2,0.020177460000013525,-1,0.1,1.0000117421150208
cpu,SS,1048576,32,256,1.0,1048576,2,0.14839433999986795,-1,0.1,1.0000117421150208
cpu,SS,1048576,32,256,1.0,1048576,3,0.15118712999992567,-1,0.1,1.0000117421150208
cpu,DS,1048576,32,256,1.0,1048576,3,0.018532620000314637,-1,0.1,1.0000117421150208
cpu,DS,1048576,32,256,1.0,1048576,4,0.01914957000008144,-1,0.1,1.0000117421150208
cpu,SS,1048576,32,256,1.0,1048576,4,0.15098570999998628,-1,0.1,1.0000117421150208
cpu,SS,1048576,32,256,1.0,1048576,5,0.14510978999987856,-1,0.1,1.0000117421150208
cpu,DS,1048576,32,256,1.0,1048576,5,0.018842399999812187,-1,0.1,1.0000117421150208
cpu,DS,1048576,32,256,1.0,1048576,6,0.018238950000068144,-1,0.1,1.0000117421150208
cpu,SS,1048576,32,256,1.0,1048576,6,0.1343960099998185,-1,0.1,1.0000117421150208
cpu,SS,1048576,32,256,1.0,1048576,7,0.1382939999998598,-1,0.1,1.0000117421150208
cpu,DS,1048576,32,256,1.0,1048576,7,0.019089809999968566,-1,0.1,1.0000117421150208
cpu,DS,1048576,32,256,1.0,1048576,8,0.020698380000339967,-1,0.1,1.0000117421150208
cpu,SS,1048576,32,256,1.0,1048576,8,0.15440489599996,-1,0.1,1.0000117421150208
cpu,SS,1048576,32,256,1.0,1048576,9,0.14563765399998374,-1,0.1,1.0000117421150208
cpu,DS,1048576,32,256,1.0,1048576,9,0.023436675000084506,-1,0.1,1.0000117421150208
cpu,DS,1048576,32,256,1.0,1048576,10,0.023351644999820564,-1,0.1,1.0000117421150208
cpu,SS,1048576,32,256,1.0,1048576,10,0.18831278200013912,-1,0.1,1.0000117421150208
cpu,SS,1048576,32,256,1.0,1048576,11,0.16911664899998868,-1,0.1,1.0000117421150208
cpu,DS,1048576,32,256,1.0,1048576,11,0.021124406000126328,-1,0.1,1.0000117421150208
cpu,DS,1048576,32,256,1.0,1048576,12,0.019226654000249255,-1,0.1,1.0000117421150208
cpu,SS,1048576,32,256,1.0,1048576,12,0.1550939400003699,-1,0.1,1.0000117421150208
cpu,SS,1048576,32,256,1.0,1048576,13,0.15737549300001774,-1,0.1,1.0000117421150208
cpu,DS,1048576,32,256,1.0,1048576,13,0.021574222999788617,-1,0.1,1.0000117421150208
cpu,DS,1048576,32,256,1.0,1048576,14,0.025177043999974558,-1,0.1,1.0000117421150208
cpu,SS,1048576,32,256,1.0,1048576,14,0.16180315700012216,-1,0.1,1.0000117421150208
gpu,DS,1048576,32,256,1.0,1048576,0,0.0015111680030822753,1095,0.1,1.0000117421150208
gpu,SS,1048576,32,256,1.0,1048576,0,0.008645055770874023,1095,0.1,1.0000117421150208
gpu,SS,1048576,32,256,1.0,1048576,1,0.008640512466430664,1095,0.1,1.0000117421150208
gpu,DS,1048576,32,256,1.0,1048576,1,0.004146783828735351,1095,0.1,1.0000117421150208
gpu,DS,1048576,32,256,1.0,1048576,2,0.0016480000019073486,1095,0.1,1.0000117421150208
gpu,SS,1048576,32,256,1.0,1048576,2,0.009308352470397949,1095,0.1,1.0000117421150208
gpu,SS,1048576,32,256,1.0,1048576,3,0.00870809555053711,1095,0.1,1.0000117421150208
gpu,DS,1048576,32,256,1.0,1048576,3,0.004768223762512207,1095,0.1,1.0000117421150208
gpu,DS,1048576,32,256,1.0,1048576,4,0.0016138240098953246,1095,0.1,1.0000117421150208
gpu,SS,1048576,32,256,1.0,1048576,4,0.009443424224853515,1095,0.1,1.0000117421150208
gpu,SS,1048576,32,256,1.0,1048576,5,0.008659839630126953,1095,0.1,1.0000117421150208
gpu,DS,1048576,32,256,1.0,1048576,5,0.0016834559440612794,1095,0.1,1.0000117421150208
gpu,DS,1048576,32,256,1.0,1048576,6,0.003819519996643066,1095,0.1,1.0000117421150208
gpu,SS,1048576,32,256,1.0,1048576,6,0.008632320404052735,1095,0.1,1.0000117421150208
gpu,SS,1048576,32,256,1.0,1048576,7,0.008662783622741699,1095,0.1,1.0000117421150208
gpu,DS,1048576,32,256,1.0,1048576,7,0.0018165119886398315,1095,0.1,1.0000117421150208
gpu,DS,1048576,32,256,1.0,1048576,8,0.0016305919885635377,1095,0.1,1.0000117421150208
gpu,SS,1048576,32,256,1.0,1048576,8,0.010437024116516114,1095,0.1,1.0000117421150208
gpu,SS,1048576,32,256,1.0,1048576,9,0.008644607543945313,1095,0.1,1.0000117421150208
gpu,DS,1048576,32,256,1.0,1048576,9,0.002111488103866577,1095,0.1,1.0000117421150208
gpu,DS,1048576,32,256,1.0,1048576,10,0.0015436160564422608,1095,0.1,1.0000117421150208
gpu,SS,1048576,32,256,1.0,1048576,10,0.008987872123718262,1095,0.1,1.0000117421150208
gpu,SS,1048576,32,256,1.0,1048576,11,0.005112160205841065,1890,0.1,1.0000117421150208
gpu,DS,1048576,32,256,1.0,1048576,11,0.0016424959897994994,1890,0.1,1.0000117421150208
gpu,DS,1048576,32,256,1.0,1048576,12,0.0021183040142059325,1890,0.1,1.0000117421150208
gpu,SS,1048576,32,256,1.0,1048576,12,0.005120927810668945,1890,0.1,1.0000117421150208
gpu,SS,1048576,32,256,1.0,1048576,13,0.005091008186340332,1890,0.1,1.0000117421150208
gpu,DS,1048576,32,256,1.0,1048576,13,0.002764096021652222,1890,0.1,1.0000117421150208
gpu,DS,1048576,32,256,1.0,1048576,14,0.0015349440574645996,1890,0.1,1.0000117421150208
gpu,SS,1048576,32,256,1.0,1048576,14,0.005112480163574218,1890,0.1,1.0000117421150208
cpu,DS,1048576,32,0,0.0001,105,0,0.03302205999989383,-1,1.0,1.0464285714285715
cpu,SS,1048576,32,0,0.0001,105,0,0.00013446699995256495,-1,1.0,1.0464285714285715
cpu,SS,1048576,32,0,0.0001,105,1,0.00012188899972898071,-1,1.0,1.0464285714285715
cpu,DS,1048576,32,0,0.0001,105,1,0.03454771199994866,-1,1.0,1.0464285714285715
cpu,DS,1048576,32,0,0.0001,105,2,0.034039193999888084,-1,1.0,1.0464285714285715
cpu,SS,1048576,32,0,0.0001,105,2,0.00013739299993176246,-1,1.0,1.0464285714285715
cpu,SS,1048576,32,0,0.0001,105,3,0.00014616900034525315,-1,1.0,1.0464285714285715
cpu,DS,1048576,32,0,0.0001,105,3,0.03302176799979861,-1,1.0,1.0464285714285715
cpu,DS,1048576,32,0,0.0001,105,4,0.03374753900016003,-1,1.0,1.0464285714285715
cpu,SS,1048576,32,0,0.0001,105,4,0.00015718700024081045,-1,1.0,1.0464285714285715
cpu,SS,1048576,32,0,0.0001,105,5,0.0002098429999932705,-1,1.0,1.0464285714285715
cpu,DS,1048576,32,0,0.0001,105,5,0.03725167999982659,-1,1.0,1.0464285714285715
cpu,DS,1048576,32,0,0.0001,105,6,0.04236767199972746,-1,1.0,1.0464285714285715
cpu,SS,1048576,32,0,0.0001,105,6,0.0002600610000627057,-1,1.0,1.0464285714285715
cpu,SS,1048576,32,0,0.0001,105,7,0.00016586500032644835,-1,1.0,1.0464285714285715
cpu,DS,1048576,32,0,0.0001,105,7,0.05097824699987541,-1,1.0,1.0464285714285715
cpu,DS,1048576,32,0,0.0001,105,8,0.04054636799992295,-1,1.0,1.0464285714285715
cpu,SS,1048576,32,0,0.0001,105,8,0.0002177410001422686,-1,1.0,1.0464285714285715
cpu,SS,1048576,32,0,0.0001,105,9,0.00017727400017975015,-1,1.0,1.0464285714285715
cpu,DS,1048576,32,0,0.0001,105,9,0.04602509899996221,-1,1.0,1.0464285714285715
cpu,DS,1048576,32,0,0.0001,105,10,0.026929988999654597,-1,1.0,1.0464285714285715
cpu,SS,1048576,32,0,0.0001,105,10,0.0001646949999667413,-1,1.0,1.0464285714285715
cpu,SS,1048576,32,0,0.0001,105,11,0.00012071899982402101,-1,1.0,1.0464285714285715
cpu,DS,1048576,32,0,0.0001,105,11,0.02806842499967388,-1,1.0,1.0464285714285715
cpu,DS,1048576,32,0,0.0001,105,12,0.03244060499991974,-1,1.0,1.0464285714285715
cpu,SS,1048576,32,0,0.0001,105,12,0.00012978699987797881,-1,1.0,1.0464285714285715
cpu,SS,1048576,32,0,0.0001,105,13,0.0001325169996562181,-1,1.0,1.0464285714285715
cpu,DS,1048576,32,0,0.0001,105,13,0.029413680999823555,-1,1.0,1.0464285714285715
cpu,DS,1048576,32,0,0.0001,105,14,0.032703396000215434,-1,1.0,1.0464285714285715
cpu,SS,1048576,32,0,0.0001,105,14,0.00013290700007928535,-1,1.0,1.0464285714285715
gpu,DS,1048576,32,0,0.0001,105,0,0.00766534423828125,1860,1.0,1.0464285714285715
gpu,SS,1048576,32,0,0.0001,105,0,0.00017705599963665009,1860,1.0,1.0464285714285715
gpu,SS,1048576,32,0,0.0001,105,1,0.0001966080069541931,1860,1.0,1.0464285714285715
gpu,DS,1048576,32,0,0.0001,105,1,0.008357760429382324,1860,1.0,1.0464285714285715
gpu,DS,1048576,32,0,0.0001,105,2,0.007785247802734375,1860,1.0,1.0464285714285715
gpu,SS,1048576,32,0,0.0001,105,2,0.0001752319931983948,1875,1.0,1.0464285714285715
gpu,SS,1048576,32,0,0.0001,105,3,0.00022172799706459046,1875,1.0,1.0464285714285715
gpu,DS,1048576,32,0,0.0001,105,3,0.0077991681098937985,1875,1.0,1.0464285714285715
gpu,DS,1048576,32,0,0.0001,105,4,0.007807807922363281,1875,1.0,1.0464285714285715
gpu,SS,1048576,32,0,0.0001,105,4,0.00022153599560260773,1875,1.0,1.0464285714285715
gpu,SS,1048576,32,0,0.0001,105,5,0.00016444799304008483,1875,1.0,1.0464285714285715
gpu,DS,1048576,32,0,0.0001,105,5,0.009005056381225587,1875,1.0,1.0464285714285715
gpu,DS,1048576,32,0,0.0001,105,6,0.007760128021240234,1875,1.0,1.0464285714285715
gpu,SS,1048576,32,0,0.0001,105,6,0.00019046400487422944,1875,1.0,1.0464285714285715
gpu,SS,1048576,32,0,0.0001,105,7,0.00017507199943065643,1875,1.0,1.0464285714285715
gpu,DS,1048576,32,0,0.0001,105,7,0.007693503856658936,1875,1.0,1.0464285714285715
gpu,DS,1048576,32,0,0.0001,105,8,0.008905471801757813,1875,1.0,1.0464285714285715
gpu,SS,1048576,32,0,0.0001,105,8,0.0001085439994931221,1875,1.0,1.0464285714285715
gpu,SS,1048576,32,0,0.0001,105,9,0.00010598400235176087,1875,1.0,1.0464285714285715
gpu,DS,1048576,32,0,0.0001,105,9,0.00773302412033081,1875,1.0,1.0464285714285715
gpu,DS,1048576,32,0,0.0001,105,10,0.007970848083496095,1875,1.0,1.0464285714285715
gpu,SS,1048576,32,0,0.0001,105,10,0.000289792001247406,1875,1.0,1.0464285714285715
gpu,SS,1048576,32,0,0.0001,105,11,0.00015360000729560853,1875,1.0,1.0464285714285715
gpu,DS,1048576,32,0,0.0001,105,11,0.008974880218505859,1875,1.0,1.0464285714285715
gpu,DS,1048576,32,0,0.0001,105,12,0.007695487976074219,1875,1.0,1.0464285714285715
gpu,SS,1048576,32,0,0.0001,105,12,0.00016249600052833558,1875,1.0,1.0464285714285715
gpu,SS,1048576,32,0,0.0001,105,13,0.0002820799946784973,1875,1.0,1.0464285714285715
gpu,DS,1048576,32,0,0.0001,105,13,0.007696383953094482,1875,1.0,1.0464285714285715
gpu,DS,1048576,32,0,0.0001,105,14,0.009271295547485351,1875,1.0,1.0464285714285715
gpu,SS,1048576,32,0,0.0001,105,14,0.00030028799176216127,1875,1.0,1.0464285714285715
cpu,DS,1048576,32,0,0.0003,315,0,0.038681886000176746,-1,1.0,1.0523809523809524
cpu,SS,1048576,32,0,0.0003,315,0,0.00028933799967489904,-1,1.0,1.0523809523809524
cpu,SS,1048576,32,0,0.0003,315,1,0.0002378929998485546,-1,1.0,1.0523809523809524
cpu,DS,1048576,32,0,0.0003,315,1,0.04216258799988282,-1,1.0,1.0523809523809524
cpu,DS,1048576,32,0,0.0003,315,2,0.039165469000181474,-1,1.0,1.0523809523809524
cpu,SS,1048576,32,0,0.0003,315,2,0.00028035900004397263,-1,1.0,1.0523809523809524
cpu,SS,1048576,32,0,0.0003,315,3,0.0002271179996569117,-1,1.0,1.0523809523809524
cpu,DS,1048576,32,0,0.0003,315,3,0.04237195999985488,-1,1.0,1.0523809523809524
cpu,DS,1048576,32,0,0.0003,315,4,0.04402696699980879,-1,1.0,1.0523809523809524
cpu,SS,1048576,32,0,0.0003,315,4,0.0005833240002175444,-1,1.0,1.0523809523809524
cpu,SS,1048576,32,0,0.0003,315,5,0.00032250799995381385,-1,1.0,1.0523809523809524
cpu,DS,1048576,32,0,0.0003,315,5,0.04798812400031238,-1,1.0,1.0523809523809524
cpu,DS,1048576,32,0,0.0003,315,6,0.04446556899983989,-1,1.0,1.0523809523809524
cpu,SS,1048576,32,0,0.0003,315,6,0.0002902890000768821,-1,1.0,1.0523809523809524
cpu,SS,1048576,32,0,0.0003,315,7,0.0002333510001335526,-1,1.0,1.0523809523809524
cpu,DS,1048576,32,0,0.0003,315,7,0.037273414000082994,-1,1.0,1.0523809523809524
cpu,DS,1048576,32,0,0.0003,315,8,0.041747224999653554,-1,1.0,1.0523809523809524
cpu,SS,1048576,32,0,0.0003,315,8,0.0002718030000323779,-1,1.0,1.0523809523809524
cpu,SS,1048576,32,0,0.0003,315,9,0.00041050300023925956,-1,1.0,1.0523809523809524
cpu,DS,1048576,32,0,0.0003,315,9,0.04299627199998213,-1,1.0,1.0523809523809524
cpu,DS,1048576,32,0,0.0003,315,10,0.04078561599999375,-1,1.0,1.0523809523809524
cpu,SS,1048576,32,0,0.0003,315,10,0.0003217680000489054,-1,1.0,1.0523809523809524
cpu,SS,1048576,32,0,0.0003,315,11,0.0002735989996835997,-1,1.0,1.0523809523809524
cpu,DS,1048576,32,0,0.0003,315,11,0.04047747499998877,-1,1.0,1.0523809523809524
cpu,DS,1048576,32,0,0.0003,315,12,0.03810477299975901,-1,1.0,1.0523809523809524
cpu,SS,1048576,32,0,0.0003,315,12,0.00027951399988523917,-1,1.0,1.0523809523809524
cpu,SS,1048576,32,0,0.0003,315,13,0.0002108509997924557,-1,1.0,1.0523809523809524
cpu,DS,1048576,32,0,0.0003,315,13,0.04023820899965358,-1,1.0,1.0523809523809524
cpu,DS,1048576,32,0,0.0003,315,14,0.04193578600006731,-1,1.0,1.0523809523809524
cpu,SS,1048576,32,0,0.0003,315,14,0.0013248929999463144,-1,1.0,1.0523809523809524
gpu,DS,1048576,32,0,0.0003,315,0,0.009852928161621094,1875,1.0,1.0523809523809524
gpu,SS,1048576,32,0,0.0003,315,0,0.00012540799379348754,1875,1.0,1.0523809523809524
gpu,SS,1048576,32,0,0.0003,315,1,0.00010345599800348282,1875,1.0,1.0523809523809524
gpu,DS,1048576,32,0,0.0003,315,1,0.008238688468933105,1875,1.0,1.0523809523809524
gpu,DS,1048576,32,0,0.0003,315,2,0.007788095951080322,1875,1.0,1.0523809523809524
gpu,SS,1048576,32,0,0.0003,315,2,0.0007710080146789551,1875,1.0,1.0523809523809524
gpu,SS,1048576,32,0,0.0003,315,3,9.011200070381165e-05,1875,1.0,1.0523809523809524
gpu,DS,1048576,32,0,0.0003,315,3,0.007780511856079101,1875,1.0,1.0523809523809524
gpu,DS,1048576,32,0,0.0003,315,4,0.008293727874755859,1875,1.0,1.0523809523809524
gpu,SS,1048576,32,0,0.0003,315,4,0.00019392000138759613,1875,1.0,1.0523809523809524
gpu,SS,1048576,32,0,0.0003,315,5,0.00014108799397945403,1875,1.0,1.0523809523809524
gpu,DS,1048576,32,0,0.0003,315,5,0.007829504013061523,1875,1.0,1.0523809523809524
gpu,DS,1048576,32,0,0.0003,315,6,0.008341504096984862,1875,1.0,1.0523809523809524
gpu,SS,1048576,32,0,0.0003,315,6,0.0001881600022315979,1875,1.0,1.0523809523809524
gpu,SS,1048576,32,0,0.0003,315,7,0.0001120000034570694,1875,1.0,1.0523809523809524
gpu,DS,1048576,32,0,0.0003,315,7,0.008360416412353515,1875,1.0,1.0523809523809524
gpu,DS,1048576,32,0,0.0003,315,8,0.007813119888305664,1875,1.0,1.0523809523809524
gpu,SS,1048576,32,0,0.0003,315,8,2.966400049626827e-05,1875,1.0,1.0523809523809524
gpu,SS,1048576,32,0,0.0003,315,9,0.0002027519941329956,1875,1.0,1.0523809523809524
gpu,DS,1048576,32,0,0.0003,315,9,0.0077844161987304684,1875,1.0,1.0523809523809524
gpu,DS,1048576,32,0,0.0003,315,10,0.007890336036682129,1875,1.0,1.0523809523809524
gpu,SS,1048576,32,0,0.0003,315,10,0.00015635199844837188,1875,1.0,1.0523809523809524
gpu,SS,1048576,32,0,0.0003,315,11,0.00010044799745082855,1875,1.0,1.0523809523809524
gpu,DS,1048576,32,0,0.0003,315,11,0.007847231864929199,1875,1.0,1.0523809523809524
gpu,DS,1048576,32,0,0.0003,315,12,0.007773471832275391,1875,1.0,1.0523809523809524
gpu,SS,1048576,32,0,0.0003,315,12,0.00018425600230693816,1875,1.0,1.0523809523809524
gpu,SS,1048576,32,0,0.0003,315,13,0.00014454400539398192,1875,1.0,1.0523809523809524
gpu,DS,1048576,32,0,0.0003,315,13,0.008379839897155761,1875,1.0,1.0523809523809524
gpu,DS,1048576,32,0,0.0003,315,14,0.007870463848114014,1875,1.0,1.0523809523809524
gpu,SS,1048576,32,0,0.0003,315,14,0.0001391039937734604,1875,1.0,1.0523809523809524
cpu,DS,1048576,32,0,0.001,1049,0,0.04126584000005096,-1,1.0,1.0220448045757864
cpu,SS,1048576,32,0,0.001,1049,0,0.000639946000319469,-1,1.0,1.0220448045757864
cpu,SS,1048576,32,0,0.001,1049,1,0.0006326570000965148,-1,1.0,1.0220448045757864
cpu,DS,1048576,32,0,0.001,1049,1,0.04310402100009014,-1,1.0,1.0220448045757864
cpu,DS,1048576,32,0,0.001,1049,2,0.041955434999636054,-1,1.0,1.0220448045757864
cpu,SS,1048576,32,0,0.001,1049,2,0.0006817780003984808,-1,1.0,1.0220448045757864
cpu,SS,1048576,32,0,0.001,1049,3,0.0005388519998632546,-1,1.0,1.0220448045757864
cpu,DS,1048576,32,0,0.001,1049,3,0.06609348000029058,-1,1.0,1.0220448045757864
cpu,DS,1048576,32,0,0.001,1049,4,0.057089129999894794,-1,1.0,1.0220448045757864
cpu,SS,1048576,32,0,0.001,1049,4,0.0015722940001978714,-1,1.0,1.0220448045757864
cpu,SS,1048576,32,0,0.001,1049,5,0.005412920000253507,-1,1.0,1.0220448045757864
cpu,DS,1048576,32,0,0.001,1049,5,0.04335215999981301,-1,1.0,1.0220448045757864
cpu,DS,1048576,32,0,0.001,1049,6,0.05616143099996407,-1,1.0,1.0220448045757864
cpu,SS,1048576,32,0,0.001,1049,6,0.0008819589997983712,-1,1.0,1.0220448045757864
cpu,SS,1048576,32,0,0.001,1049,7,0.0005896630000279401,-1,1.0,1.0220448045757864
cpu,DS,1048576,32,0,0.001,1049,7,0.04239699599975211,-1,1.0,1.0220448045757864
cpu,DS,1048576,32,0,0.001,1049,8,0.04489677799983838,-1,1.0,1.0220448045757864
cpu,SS,1048576,32,0,0.001,1049,8,0.0006826230001024669,-1,1.0,1.0220448045757864
cpu,SS,1048576,32,0,0.001,1049,9,0.0007616390003022389,-1,1.0,1.0220448045757864
cpu,DS,1048576,32,0,0.001,1049,9,0.04369421199999124,-1,1.0,1.0220448045757864
cpu,DS,1048576,32,0,0.001,1049,10,0.04963732100031848,-1,1.0,1.0220448045757864
cpu,SS,1048576,32,0,0.001,1049,10,0.0012670040000557492,-1,1.0,1.0220448045757864
cpu,SS,1048576,32,0,0.001,1049,11,0.001298484000017197,-1,1.0,1.0220448045757864
cpu,DS,1048576,32,0,0.001,1049,11,0.04304475899971294,-1,1.0,1.0220448045757864
cpu,DS,1048576,32,0,0.001,1049,12,0.04009792299984838,-1,1.0,1.0220448045757864
cpu,SS,1048576,32,0,0.001,1049,12,0.0010485479997441871,-1,1.0,1.0220448045757864
cpu,SS,1048576,32,0,0.001,1049,13,0.0009503060000497499,-1,1.0,1.0220448045757864
cpu,DS,1048576,32,0,0.001,1049,13,0.04465899000024365,-1,1.0,1.0220448045757864
cpu,DS,1048576,32,0,0.001,1049,14,0.046606821000295895,-1,1.0,1.0220448045757864
cpu,SS,1048576,32,0,0.001,1049,14,0.000662657999782823,-1,1.0,1.0220448045757864
gpu,DS,1048576,32,0,0.001,1049,0,0.007907072067260741,1875,1.0,1.0220448045757864
gpu,SS,1048576,32,0,0.001,1049,0,0.00012988799810409547,1875,1.0,1.0220448045757864
gpu,SS,1048576,32,0,0.001,1049,1,0.0001289920061826706,1875,1.0,1.0220448045757864
gpu,DS,1048576,32,0,0.001,1049,1,0.007790048122406006,1875,1.0,1.0220448045757864
gpu,DS,1048576,32,0,0.001,1049,2,0.007912831783294678,1875,1.0,1.0220448045757864
gpu,SS,1048576,32,0,0.001,1049,2,0.0002560319900512695,1875,1.0,1.0220448045757864
gpu,SS,1048576,32,0,0.001,1049,3,0.00020172800123691558,1875,1.0,1.0220448045757864
gpu,DS,1048576,32,0,0.001,1049,3,0.009392671585083008,1875,1.0,1.0220448045757864
gpu,DS,1048576,32,0,0.001,1049,4,0.007900800228118897,1875,1.0,1.0220448045757864
gpu,SS,1048576,32,0,0.001,1049,4,0.0002029760032892227,1875,1.0,1.0220448045757864
gpu,SS,1048576,32,0,0.001,1049,5,0.00021910400688648224,1875,1.0,1.0220448045757864
gpu,DS,1048576,32,0,0.001,1049,5,0.007725247859954834,1875,1.0,1.0220448045757864
gpu,DS,1048576,32,0,0.001,1049,6,0.007880256175994874,1875,1.0,1.0220448045757864
gpu,SS,1048576,32,0,0.001,1049,6,0.00012761600315570833,1875,1.0,1.0220448045757864
gpu,SS,1048576,32,0,0.001,1049,7,0.00020556800067424773,1875,1.0,1.0220448045757864
gpu,DS,1048576,32,0,0.001,1049,7,0.007871039867401123,1875,1.0,1.0220448045757864
gpu,DS,1048576,32,0,0.001,1049,8,0.008442879676818848,1875,1.0,1.0220448045757864
gpu,SS,1048576,32,0,0.001,1049,8,0.000270143985748291,1875,1.0,1.0220448045757864
gpu,SS,1048576,32,0,0.001,1049,9,0.00021804800629615783,1875,1.0,1.0220448045757864
gpu,DS,1048576,32,0,0.001,1049,9,0.00956060791015625,1875,1.0,1.0220448045757864
gpu,DS,1048576,32,0,0.001,1049,10,0.0078820481300354,1875,1.0,1.0220448045757864
gpu,SS,1048576,32,0,0.001,1049,10,0.00021715199947357179,1875,1.0,1.0220448045757864
gpu,SS,1048576,32,0,0.001,1049,11,0.0002032960057258606,1875,1.0,1.0220448045757864
gpu,DS,1048576,32,0,0.001,1049,11,0.007821311950683594,1875,1.0,1.0220448045757864
gpu,DS,1048576,32,0,0.001,1049,12,0.00928767967224121,1875,1.0,1.0220448045757864
gpu,SS,1048576,32,0,0.001,1049,12,0.00024185599386692048,1875,1.0,1.0220448045757864
gpu,SS,1048576,32,0,0.001,1049,13,0.00024166400730609895,1875,1.0,1.0220448045757864
gpu,DS,1048576,32,0,0.001,1049,13,0.00781718397140503,1875,1.0,1.0220448045757864
gpu,DS,1048576,32,0,0.001,1049,14,0.007894559860229492,1875,1.0,1.0220448045757864
gpu,SS,1048576,32,0,0.001,1049,14,0.00022118400037288665,1875,1.0,1.0220448045757864
cpu,DS,1048576,32,0,0.003,3146,0,0.042257279999830644,-1,1.0,1.0065162110616654
cpu,SS,1048576,32,0,0.003,3146,0,0.0024206030002460466,-1,1.0,1.0065162110616654
cpu,SS,1048576,32,0,0.003,3146,1,0.0017164789996968466,-1,1.0,1.0065162110616654
cpu,DS,1048576,32,0,0.003,3146,1,0.03970952400004535,-1,1.0,1.0065162110616654
cpu,DS,1048576,32,0,0.003,3146,2,0.039154394999968645,-1,1.0,1.0065162110616654
cpu,SS,1048576,32,0,0.003,3146,2,0.0028163980000499578,-1,1.0,1.0065162110616654
cpu,SS,1048576,32,0,0.003,3146,3,0.0026293720002286136,-1,1.0,1.0065162110616654
cpu,DS,1048576,32,0,0.003,3146,3,0.03905220400019971,-1,1.0,1.0065162110616654
cpu,DS,1048576,32,0,0.003,3146,4,0.038879805999840755,-1,1.0,1.0065162110616654
cpu,SS,1048576,32,0,0.003,3146,4,0.0015507109997088264,-1,1.0,1.0065162110616654
cpu,SS,1048576,32,0,0.003,3146,5,0.001404639999691426,-1,1.0,1.0065162110616654
cpu,DS,1048576,32,0,0.003,3146,5,0.03764571200008504,-1,1.0,1.0065162110616654
cpu,DS,1048576,32,0,0.003,3146,6,0.04356509199988068,-1,1.0,1.0065162110616654
cpu,SS,1048576,32,0,0.003,3146,6,0.0017216470000676054,-1,1.0,1.0065162110616654
cpu,SS,1048576,32,0,0.003,3146,7,0.0014067850001993065,-1,1.0,1.0065162110616654
cpu,DS,1048576,32,0,0.003,3146,7,0.04341238999995767,-1,1.0,1.0065162110616654
cpu,DS,1048576,32,0,0.003,3146,8,0.04058468100038226,-1,1.0,1.0065162110616654
cpu,SS,1048576,32,0,0.003,3146,8,0.0016675289998602238,-1,1.0,1.0065162110616654
cpu,SS,1048576,32,0,0.003,3146,9,0.001406589999987773,-1,1.0,1.0065162110616654
cpu,DS,1048576,32,0,0.003,3146,9,0.03806881099990278,-1,1.0,1.0065162110616654
cpu,DS,1048576,32,0,0.003,3146,10,0.03617447200031165,-1,1.0,1.0065162110616654
cpu,SS,1048576,32,0,0.003,3146,10,0.0017620160001570184,-1,1.0,1.0065162110616654
cpu,SS,1048576,32,0,0.003,3146,11,0.0012512560001596285,-1,1.0,1.0065162110616654
cpu,DS,1048576,32,0,0.003,3146,11,0.0326461500003461,-1,1.0,1.0065162110616654
cpu,DS,1048576,32,0,0.003,3146,12,0.03501497500019468,-1,1.0,1.0065162110616654
cpu,SS,1048576,32,0,0.003,3146,12,0.00157391800030382,-1,1.0,1.0065162110616654
cpu,SS,1048576,32,0,0.003,3146,13,0.0013371629997891432,-1,1.0,1.0065162110616654
cpu,DS,1048576,32,0,0.003,3146,13,0.03292171500015684,-1,1.0,1.0065162110616654
cpu,DS,1048576,32,0,0.003,3146,14,0.04051144999993994,-1,1.0,1.0065162110616654
cpu,SS,1048576,32,0,0.003,3146,14,0.0017744000001584936,-1,1.0,1.0065162110616654
gpu,DS,1048576,32,0,0.003,3146,0,0.007796288013458252,1875,1.0,1.0065162110616654
gpu,SS,1048576,32,0,0.003,3146,0,0.00048438400030136107,1875,1.0,1.0065162110616654
gpu,SS,1048576,32,0,0.003,3146,1,0.0004535680115222931,1875,1.0,1.0065162110616654
gpu,DS,1048576,32,0,0.003,3146,1,0.007786592006683349,1875,1.0,1.0065162110616654
gpu,DS,1048576,32,0,0.003,3146,2,0.007768511772155762,1875,1.0,1.0065162110616654
gpu,SS,1048576,32,0,0.003,3146,2,0.0003788799941539764,1875,1.0,1.0065162110616654
gpu,SS,1048576,32,0,0.003,3146,3,0.00037593600153923033,1875,1.0,1.0065162110616654
gpu,DS,1048576,32,0,0.003,3146,3,0.008247072219848633,1875,1.0,1.0065162110616654
gpu,DS,1048576,32,0,0.003,3146,4,0.007792799949645996,1875,1.0,1.0065162110616654
gpu,SS,1048576,32,0,0.003,3146,4,0.0005652480125427246,1875,1.0,1.0065162110616654
gpu,SS,1048576,32,0,0.003,3146,5,0.0003788799941539764,1875,1.0,1.0065162110616654
gpu,DS,1048576,32,0,0.003,3146,5,0.007737535953521729,1875,1.0,1.0065162110616654
gpu,DS,1048576,32,0,0.003,3146,6,0.007897632122039795,1875,1.0,1.0065162110616654
gpu,SS,1048576,32,0,0.003,3146,6,0.00047257599234580994,1875,1.0,1.0065162110616654
gpu,SS,1048576,32,0,0.003,3146,7,0.0004429759979248047,1875,1.0,1.0065162110616654
gpu,DS,1048576,32,0,0.003,3146,7,0.009315360069274902,1875,1.0,1.0065162110616654
gpu,DS,1048576,32,0,0.003,3146,8,0.007823967933654785,1875,1.0,1.0065162110616654
gpu,SS,1048576,32,0,0.003,3146,8,0.00045740801095962527,1875,1.0,1.0065162110616654
gpu,SS,1048576,32,0,0.003,3146,9,0.0005831680297851562,1875,1.0,1.0065162110616654
gpu,DS,1048576,32,0,0.003,3146,9,0.007669151782989502,1875,1.0,1.0065162110616654
gpu,DS,1048576,32,0,0.003,3146,10,0.00823977565765381,1875,1.0,1.0065162110616654
gpu,SS,1048576,32,0,0.003,3146,10,0.0003787519931793213,1875,1.0,1.0065162110616654
gpu,SS,1048576,32,0,0.003,3146,11,0.00044515201449394227,1875,1.0,1.0065162110616654
gpu,DS,1048576,32,0,0.003,3146,11,0.007714784145355225,1875,1.0,1.0065162110616654
gpu,DS,1048576,32,0,0.003,3146,12,0.00795414400100708,1875,1.0,1.0065162110616654
gpu,SS,1048576,32,0,0.003,3146,12,0.00044227200746536254,1875,1.0,1.0065162110616654
gpu,SS,1048576,32,0,0.003,3146,13,0.0004403199851512909,1875,1.0,1.0065162110616654
gpu,DS,1048576,32,0,0.003,3146,13,0.009422847747802734,1875,1.0,1.0065162110616654
gpu,DS,1048576,32,0,0.003,3146,14,0.007776544094085693,1875,1.0,1.0065162110616654
gpu,SS,1048576,32,0,0.003,3146,14,0.00045433598756790163,1875,1.0,1.0065162110616654
cpu,DS,1048576,32,0,0.01,10486,0,0.03474955100000443,-1,1.0,1.0056086687011252
cpu,SS,1048576,32,0,0.01,10486,0,0.004111922999982198,-1,1.0,1.0056086687011252
cpu,SS,1048576,32,0,0.01,10486,1,0.003948007999952097,-1,1.0,1.0056086687011252
cpu,DS,1048576,32,0,0.01,10486,1,0.03695065700003397,-1,1.0,1.0056086687011252
cpu,DS,1048576,32,0,0.01,10486,2,0.034101495999948384,-1,1.0,1.0056086687011252
cpu,SS,1048576,32,0,0.01,10486,2,0.004348191999724804,-1,1.0,1.0056086687011252
cpu,SS,1048576,32,0,0.01,10486,3,0.0041974400000981404,-1,1.0,1.0056086687011252
cpu,DS,1048576,32,0,0.01,10486,3,0.03944058999968547,-1,1.0,1.0056086687011252
cpu,DS,1048576,32,0,0.01,10486,4,0.041289974999926926,-1,1.0,1.0056086687011252
cpu,SS,1048576,32,0,0.01,10486,4,0.0043193290002818685,-1,1.0,1.0056086687011252
cpu,SS,1048576,32,0,0.01,10486,5,0.003728219000095123,-1,1.0,1.0056086687011252
cpu,DS,1048576,32,0,0.01,10486,5,0.037571994999780145,-1,1.0,1.0056086687011252
cpu,DS,1048576,32,0,0.01,10486,6,0.03624789800005601,-1,1.0,1.0056086687011252
cpu,SS,1048576,32,0,0.01,10486,6,0.006822131999797421,-1,1.0,1.0056086687011252
cpu,SS,1048576,32,0,0.01,10486,7,0.004225035999752436,-1,1.0,1.0056086687011252
cpu,DS,1048576,32,0,0.01,10486,7,0.041080521999901976,-1,1.0,1.0056086687011252
cpu,DS,1048576,32,0,0.01,10486,8,0.036507373999938864,-1,1.0,1.0056086687011252
cpu,SS,1048576,32,0,0.01,10486,8,0.004629411999758304,-1,1.0,1.0056086687011252
cpu,SS,1048576,32,0,0.01,10486,9,0.005807241999718826,-1,1.0,1.0056086687011252
cpu,DS,1048576,32,0,0.01,10486,9,0.0388193499998124,-1,1.0,1.0056086687011252
cpu,DS,1048576,32,0,0.01,10486,10,0.036269740000079764,-1,1.0,1.0056086687011252
cpu,SS,1048576,32,0,0.01,10486,10,0.00415590099964902,-1,1.0,1.0056086687011252
cpu,SS,1048576,32,0,0.01,10486,11,0.004124210000099993,-1,1.0,1.0056086687011252
cpu,DS,1048576,32,0,0.01,10486,11,0.03705470000022615,-1,1.0,1.0056086687011252
cpu,DS,1048576,32,0,0.01,10486,12,0.03729623500021262,-1,1.0,1.0056086687011252
cpu,SS,1048576,32,0,0.01,10486,12,0.004484413999762182,-1,1.0,1.0056086687011252
cpu,SS,1048576,32,0,0.01,10486,13,0.0038450369997917733,-1,1.0,1.0056086687011252
cpu,DS,1048576,32,0,0.01,10486,13,0.03284682699995756,-1,1.0,1.0056086687011252
cpu,DS,1048576,32,0,0.01,10486,14,0.03364524299968252,-1,1.0,1.0056086687011252
cpu,SS,1048576,32,0,0.01,10486,14,0.0044309780000730825,-1,1.0,1.0056086687011252
gpu,DS,1048576,32,0,0.01,10486,0,0.009877568244934081,1875,1.0,1.0056086687011252
gpu,SS,1048576,32,0,0.01,10486,0,0.0013290560245513916,1875,1.0,1.0056086687011252
gpu,SS,1048576,32,0,0.01,10486,1,0.0012799680233001709,1875,1.0,1.0056086687011252
gpu,DS,1048576,32,0,0.01,10486,1,0.007905280113220215,1875,1.0,1.0056086687011252
gpu,DS,1048576,32,0,0.01,10486,2,0.007689888000488281,1875,1.0,1.0056086687011252
gpu,SS,1048576,32,0,0.01,10486,2,0.0017917439937591552,1875,1.0,1.0056086687011252
gpu,SS,1048576,32,0,0.01,10486,3,0.0012845760583877564,1875,1.0,1.0056086687011252
gpu,DS,1048576,32,0,0.01,10486,3,0.007833792209625243,1875,1.0,1.0056086687011252
gpu,DS,1048576,32,0,0.01,10486,4,0.008405119895935058,1875,1.0,1.0056086687011252
gpu,SS,1048576,32,0,0.01,10486,4,0.0012703039646148682,1875,1.0,1.0056086687011252
gpu,SS,1048576,32,0,0.01,10486,5,0.00129203200340271,1875,1.0,1.0056086687011252
gpu,DS,1048576,32,0,0.01,10486,5,0.009510751724243163,1875,1.0,1.0056086687011252
gpu,DS,1048576,32,0,0.01,10486,6,0.007790592193603516,1875,1.0,1.0056086687011252
gpu,SS,1048576,32,0,0.01,10486,6,0.0012814719676971435,1875,1.0,1.0056086687011252
gpu,SS,1048576,32,0,0.01,10486,7,0.001282047986984253,1875,1.0,1.0056086687011252
gpu,DS,1048576,32,0,0.01,10486,7,0.007747583866119385,1875,1.0,1.0056086687011252
gpu,DS,1048576,32,0,0.01,10486,8,0.009270144462585448,1875,1.0,1.0056086687011252
gpu,SS,1048576,32,0,0.01,10486,8,0.001280895948410034,1875,1.0,1.0056086687011252
gpu,SS,1048576,32,0,0.01,10486,9,0.0013178880214691161,1875,1.0,1.0056086687011252
gpu,DS,1048576,32,0,0.01,10486,9,0.00837769603729248,1875,1.0,1.0056086687011252
gpu,DS,1048576,32,0,0.01,10486,10,0.007753727912902832,1875,1.0,1.0056086687011252
gpu,SS,1048576,32,0,0.01,10486,10,0.0025106561183929443,1875,1.0,1.0056086687011252
gpu,SS,1048576,32,0,0.01,10486,11,0.0012881920337677003,1875,1.0,1.0056086687011252
gpu,DS,1048576,32,0,0.01,10486,11,0.007765215873718262,1875,1.0,1.0056086687011252
gpu,DS,1048576,32,0,0.01,10486,12,0.007778495788574219,1875,1.0,1.0056086687011252
gpu,SS,1048576,32,0,0.01,10486,12,0.0012618240118026734,1875,1.0,1.0056086687011252
gpu,SS,1048576,32,0,0.01,10486,13,0.0012124160528182984,1875,1.0,1.0056086687011252
gpu,DS,1048576,32,0,0.01,10486,13,0.009195136070251466,1875,1.0,1.0056086687011252
gpu,DS,1048576,32,0,0.01,10486,14,0.007763999938964844,1875,1.0,1.0056086687011252
gpu,SS,1048576,32,0,0.01,10486,14,0.0019115840196609498,1875,1.0,1.0056086687011252
cpu,DS,1048576,32,0,0.03,31457,0,0.03420914700018329,-1,1.0,1.0039895730679977
cpu,SS,1048576,32,0,0.03,31457,0,0.010789350000322884,-1,1.0,1.0039895730679977
cpu,SS,1048576,32,0,0.03,31457,1,0.01257116099986888,-1,1.0,1.0039895730679977
cpu,DS,1048576,32,0,0.03,31457,1,0.03886166900019816,-1,1.0,1.0039895730679977
cpu,DS,1048576,32,0,0.03,31457,2,0.03627578700024969,-1,1.0,1.0039895730679977
cpu,SS,1048576,32,0,0.03,31457,2,0.011801217000083852,-1,1.0,1.0039895730679977
cpu,SS,1048576,32,0,0.03,31457,3,0.013813347999985126,-1,1.0,1.0039895730679977
cpu,DS,1048576,32,0,0.03,31457,3,0.04152624299968011,-1,1.0,1.0039895730679977
cpu,DS,1048576,32,0,0.03,31457,4,0.03108617599991703,-1,1.0,1.0039895730679977
cpu,SS,1048576,32,0,0.03,31457,4,0.011074860999997327,-1,1.0,1.0039895730679977
cpu,SS,1048576,32,0,0.03,31457,5,0.010851172000002407,-1,1.0,1.0039895730679977
cpu,DS,1048576,32,0,0.03,31457,5,0.03706796200003737,-1,1.0,1.0039895730679977
cpu,DS,1048576,32,0,0.03,31457,6,0.03282508200027223,-1,1.0,1.0039895730679977
cpu,SS,1048576,32,0,0.03,31457,6,0.011119325999970897,-1,1.0,1.0039895730679977
cpu,SS,1048576,32,0,0.03,31457,7,0.012443422000160353,-1,1.0,1.0039895730679977
cpu,DS,1048576,32,0,0.03,31457,7,0.03367654399971798,-1,1.0,1.0039895730679977
cpu,DS,1048576,32,0,0.03,31457,8,0.04053924099980577,-1,1.0,1.0039895730679977
cpu,SS,1048576,32,0,0.03,31457,8,0.011659144000077504,-1,1.0,1.0039895730679977
cpu,SS,1048576,32,0,0.03,31457,9,0.012524257999757538,-1,1.0,1.0039895730679977
cpu,DS,1048576,32,0,0.03,31457,9,0.04011389999959647,-1,1.0,1.0039895730679977
cpu,DS,1048576,32,0,0.03,31457,10,0.041518929000176286,-1,1.0,1.0039895730679977
cpu,SS,1048576,32,0,0.03,31457,10,0.011238679000143748,-1,1.0,1.0039895730679977
cpu,SS,1048576,32,0,0.03,31457,11,0.011002410999935819,-1,1.0,1.0039895730679977
cpu,DS,1048576,32,0,0.03,31457,11,0.040162752000014734,-1,1.0,1.0039895730679977
cpu,DS,1048576,32,0,0.03,31457,12,0.0353866850000486,-1,1.0,1.0039895730679977
cpu,SS,1048576,32,0,0.03,31457,12,0.011949530000038067,-1,1.0,1.0039895730679977
cpu,SS,1048576,32,0,0.03,31457,13,0.010897293999732938,-1,1.0,1.0039895730679977
cpu,DS,1048576,32,0,0.03,31457,13,0.03893392399959339,-1,1.0,1.0039895730679977
cpu,DS,1048576,32,0,0.03,31457,14,0.03841243799979566,-1,1.0,1.0039895730679977
cpu,SS,1048576,32,0,0.03,31457,14,0.011157452000134072,-1,1.0,1.0039895730679977
gpu,DS,1048576,32,0,0.03,31457,0,0.007739999771118164,1875,1.0,1.0039895730679977
gpu,SS,1048576,32,0,0.03,31457,0,0.004139008045196534,1875,1.0,1.0039895730679977
gpu,SS,1048576,32,0,0.03,31457,1,0.0033749759197235106,1875,1.0,1.0039895730679977
gpu,DS,1048576,32,0,0.03,31457,1,0.007931712150573731,1875,1.0,1.0039895730679977
gpu,DS,1048576,32,0,0.03,31457,2,0.0076943359375,1875,1.0,1.0039895730679977
gpu,SS,1048576,32,0,0.03,31457,2,0.003449631929397583,1875,1.0,1.0039895730679977
gpu,SS,1048576,32,0,0.03,31457,3,0.005198431968688965,1875,1.0,1.0039895730679977
gpu,DS,1048576,32,0,0.03,31457,3,0.007896128177642823,1875,1.0,1.0039895730679977
gpu,DS,1048576,32,0,0.03,31457,4,0.007724639892578125,1875,1.0,1.0039895730679977
gpu,SS,1048576,32,0,0.03,31457,4,0.00343721604347229,1875,1.0,1.0039895730679977
gpu,SS,1048576,32,0,0.03,31457,5,0.0034176959991455078,1875,1.0,1.0039895730679977
gpu,DS,1048576,32,0,0.03,31457,5,0.00930793571472168,1875,1.0,1.0039895730679977
gpu,DS,1048576,32,0,0.03,31457,6,0.008373184204101563,1875,1.0,1.0039895730679977
gpu,SS,1048576,32,0,0.03,31457,6,0.00344268798828125,1875,1.0,1.0039895730679977
gpu,SS,1048576,32,0,0.03,31457,7,0.003444607973098755,1875,1.0,1.0039895730679977
gpu,DS,1048576,32,0,0.03,31457,7,0.009244799613952637,1875,1.0,1.0039895730679977
gpu,DS,1048576,32,0,0.03,31457,8,0.007763040065765381,1875,1.0,1.0039895730679977
gpu,SS,1048576,32,0,0.03,31457,8,0.0035294721126556397,1875,1.0,1.0039895730679977
gpu,SS,1048576,32,0,0.03,31457,9,0.00341539192199707,1875,1.0,1.0039895730679977
gpu,DS,1048576,32,0,0.03,31457,9,0.007764895915985107,1875,1.0,1.0039895730679977
gpu,DS,1048576,32,0,0.03,31457,10,0.007725183963775635,1875,1.0,1.0039895730679977
gpu,SS,1048576,32,0,0.03,31457,10,0.0034371840953826903,1875,1.0,1.0039895730679977
gpu,SS,1048576,32,0,0.03,31457,11,0.004065919876098633,1875,1.0,1.0039895730679977
gpu,DS,1048576,32,0,0.03,31457,11,0.0077742719650268554,1875,1.0,1.0039895730679977
gpu,DS,1048576,32,0,0.03,31457,12,0.009258496284484862,1875,1.0,1.0039895730679977
gpu,SS,1048576,32,0,0.03,31457,12,0.0034305601119995117,1875,1.0,1.0039895730679977
gpu,SS,1048576,32,0,0.03,31457,13,0.003438591957092285,1875,1.0,1.0039895730679977
gpu,DS,1048576,32,0,0.03,31457,13,0.007782368183135986,1875,1.0,1.0039895730679977
gpu,DS,1048576,32,0,0.03,31457,14,0.008775360107421875,1875,1.0,1.0039895730679977
gpu,SS,1048576,32,0,0.03,31457,14,0.0033730559349060057,1875,1.0,1.0039895730679977
cpu,DS,1048576,32,0,0.1,104858,0,0.040769755999917834,-1,1.0,1.0012165261591868
cpu,SS,1048576,32,0,0.1,104858,0,0.029955931000131386,-1,1.0,1.0012165261591868
cpu,SS,1048576,32,0,0.1,104858,1,0.030714076000094792,-1,1.0,1.0012165261591868
cpu,DS,1048576,32,0,0.1,104858,1,0.038163590999829466,-1,1.0,1.0012165261591868
cpu,DS,1048576,32,0,0.1,104858,2,0.03419140000005427,-1,1.0,1.0012165261591868
cpu,SS,1048576,32,0,0.1,104858,2,0.028838751999956003,-1,1.0,1.0012165261591868
cpu,SS,1048576,32,0,0.1,104858,3,0.02975486399964211,-1,1.0,1.0012165261591868
cpu,DS,1048576,32,0,0.1,104858,3,0.033477916000265395,-1,1.0,1.0012165261591868
cpu,DS,1048576,32,0,0.1,104858,4,0.036177593000047636,-1,1.0,1.0012165261591868
cpu,SS,1048576,32,0,0.1,104858,4,0.029527567000059207,-1,1.0,1.0012165261591868
cpu,SS,1048576,32,0,0.1,104858,5,0.029194959000051313,-1,1.0,1.0012165261591868
cpu,DS,1048576,32,0,0.1,104858,5,0.039991231999920274,-1,1.0,1.0012165261591868
cpu,DS,1048576,32,0,0.1,104858,6,0.03552437000007558,-1,1.0,1.0012165261591868
cpu,SS,1048576,32,0,0.1,104858,6,0.02908165100006954,-1,1.0,1.0012165261591868
cpu,SS,1048576,32,0,0.1,104858,7,0.028467725000155042,-1,1.0,1.0012165261591868
cpu,DS,1048576,32,0,0.1,104858,7,0.028119708999838622,-1,1.0,1.0012165261591868
cpu,DS,1048576,32,0,0.1,104858,8,0.03777296399994157,-1,1.0,1.0012165261591868
cpu,SS,1048576,32,0,0.1,104858,8,0.02993009100009658,-1,1.0,1.0012165261591868
cpu,SS,1048576,32,0,0.1,104858,9,0.03220540200027244,-1,1.0,1.0012165261591868
cpu,DS,1048576,32,0,0.1,104858,9,0.03891666500021529,-1,1.0,1.0012165261591868
cpu,DS,1048576,32,0,0.1,104858,10,0.03212251800005106,-1,1.0,1.0012165261591868
cpu,SS,1048576,32,0,0.1,104858,10,0.029765296999812563,-1,1.0,1.0012165261591868
cpu,SS,1048576,32,0,0.1,104858,11,0.02982341400002042,-1,1.0,1.0012165261591868
cpu,DS,1048576,32,0,0.1,104858,11,0.028321752000010747,-1,1.0,1.0012165261591868
cpu,DS,1048576,32,0,0.1,104858,12,0.030822213999726955,-1,1.0,1.0012165261591868
cpu,SS,1048576,32,0,0.1,104858,12,0.027804945000298176,-1,1.0,1.0012165261591868
cpu,SS,1048576,32,0,0.1,104858,13,0.02920002900009422,-1,1.0,1.0012165261591868
cpu,DS,1048576,32,0,0.1,104858,13,0.03987129300003289,-1,1.0,1.0012165261591868
cpu,DS,1048576,32,0,0.1,104858,14,0.03461274300025252,-1,1.0,1.0012165261591868
cpu,SS,1048576,32,0,0.1,104858,14,0.029220408000128373,-1,1.0,1.0012165261591868
gpu,DS,1048576,32,0,0.1,104858,0,0.007815296173095704,1785,1.0,1.0012165261591868
gpu,SS,1048576,32,0,0.1,104858,0,0.010003840446472168,1785,1.0,1.0012165261591868
gpu,SS,1048576,32,0,0.1,104858,1,0.01144217586517334,1785,1.0,1.0012165261591868
gpu,DS,1048576,32,0,0.1,104858,1,0.007809728145599365,1785,1.0,1.0012165261591868
gpu,DS,1048576,32,0,0.1,104858,2,0.0076819839477539065,1785,1.0,1.0012165261591868
gpu,SS,1048576,32,0,0.1,104858,2,0.011311103820800781,1785,1.0,1.0012165261591868
gpu,SS,1048576,32,0,0.1,104858,3,0.010129759788513184,1875,1.0,1.0012165261591868
gpu,DS,1048576,32,0,0.1,104858,3,0.007768064022064209,1875,1.0,1.0012165261591868
gpu,DS,1048576,32,0,0.1,104858,4,0.009328543663024902,1875,1.0,1.0012165261591868
gpu,SS,1048576,32,0,0.1,104858,4,0.010554143905639649,1875,1.0,1.0012165261591868
gpu,SS,1048576,32,0,0.1,104858,5,0.010006655693054199,1875,1.0,1.0012165261591868
gpu,DS,1048576,32,0,0.1,104858,5,0.009294624328613282,1875,1.0,1.0012165261591868
gpu,DS,1048576,32,0,0.1,104858,6,0.007821311950683594,1875,1.0,1.0012165261591868
gpu,SS,1048576,32,0,0.1,104858,6,0.009987648010253907,1875,1.0,1.0012165261591868
gpu,SS,1048576,32,0,0.1,104858,7,0.011321344375610352,1875,1.0,1.0012165261591868
gpu,DS,1048576,32,0,0.1,104858,7,0.007906432151794434,1875,1.0,1.0012165261591868
gpu,DS,1048576,32,0,0.1,104858,8,0.008259743690490722,1875,1.0,1.0012165261591868
gpu,SS,1048576,32,0,0.1,104858,8,0.011689984321594238,1875,1.0,1.0012165261591868
gpu,SS,1048576,32,0,0.1,104858,9,0.010071840286254883,1875,1.0,1.0012165261591868
gpu,DS,1048576,32,0,0.1,104858,9,0.007775263786315918,1875,1.0,1.0012165261591868
gpu,DS,1048576,32,0,0.1,104858,10,0.009154560089111329,1875,1.0,1.0012165261591868
gpu,SS,1048576,32,0,0.1,104858,10,0.010088447570800782,1875,1.0,1.0012165261591868
gpu,SS,1048576,32,0,0.1,104858,11,0.01000483226776123,1875,1.0,1.0012165261591868
gpu,DS,1048576,32,0,0.1,104858,11,0.009408479690551757,1875,1.0,1.0012165261591868
gpu,DS,1048576,32,0,0.1,104858,12,0.009361408233642577,1875,1.0,1.0012165261591868
gpu,SS,1048576,32,0,0.1,104858,12,0.010004768371582031,1875,1.0,1.0012165261591868
gpu,SS,1048576,32,0,0.1,104858,13,0.010409855842590332,1875,1.0,1.0012165261591868
gpu,DS,1048576,32,0,0.1,104858,13,0.009273152351379394,1875,1.0,1.0012165261591868
gpu,DS,1048576,32,0,0.1,104858,14,0.007816927909851074,1875,1.0,1.0012165261591868
gpu,SS,1048576,32,0,0.1,104858,14,0.010088191986083985,1875,1.0,1.0012165261591868
cpu,DS,1048576,32,0,0.2,209715,0,0.03236256000036519,-1,1.0,1.0011032830269653
cpu,SS,1048576,32,0,0.2,209715,0,0.0486366300001464,-1,1.0,1.0011032830269653
cpu,SS,1048576,32,0,0.2,209715,1,0.04917122999995627,-1,1.0,1.0011032830269653
cpu,DS,1048576,32,0,0.2,209715,1,0.02591937000033795,-1,1.0,1.0011032830269653
cpu,DS,1048576,32,0,0.2,209715,2,0.03191687999969872,-1,1.0,1.0011032830269653
cpu,SS,1048576,32,0,0.2,209715,2,0.04617404999999053,-1,1.0,1.0011032830269653
cpu,SS,1048576,32,0,0.2,209715,3,0.045691379999880155,-1,1.0,1.0011032830269653
cpu,DS,1048576,32,0,0.2,209715,3,0.03091833000007682,-1,1.0,1.0011032830269653
cpu,DS,1048576,32,0,0.2,209715,4,0.032430960000056075,-1,1.0,1.0011032830269653
cpu,SS,1048576,32,0,0.2,209715,4,0.047118330000103015,-1,1.0,1.0011032830269653
cpu,SS,1048576,32,0,0.2,209715,5,0.04847831999995833,-1,1.0,1.0011032830269653
cpu,DS,1048576,32,0,0.2,209715,5,0.03402818999984447,-1,1.0,1.0011032830269653
cpu,DS,1048576,32,0,0.2,209715,6,0.034756199999719684,-1,1.0,1.0011032830269653
cpu,SS,1048576,32,0,0.2,209715,6,0.05206391999990956,-1,1.0,1.0011032830269653
cpu,SS,1048576,32,0,0.2,209715,7,0.04548636000026818,-1,1.0,1.0011032830269653
cpu,DS,1048576,32,0,0.2,209715,7,0.03513950999968074,-1,1.0,1.0011032830269653
cpu,DS,1048576,32,0,0.2,209715,8,0.030823290000171255,-1,1.0,1.0011032830269653
cpu,SS,1048576,32,0,0.2,209715,8,0.04547016000014992,-1,1.0,1.0011032830269653
cpu,SS,1048576,32,0,0.2,209715,9,0.04819643999962864,-1,1.0,1.0011032830269653
cpu,DS,1048576,32,0,0.2,209715,9,0.03468797999994422,-1,1.0,1.0011032830269653
cpu,DS,1048576,32,0,0.2,209715,10,0.036005850000037753,-1,1.0,1.0011032830269653
cpu,SS,1048576,32,0,0.2,209715,10,0.04646726999999373,-1,1.0,1.0011032830269653
cpu,SS,1048576,32,0,0.2,209715,11,0.04327740000007907,-1,1.0,1.0011032830269653
cpu,DS,1048576,32,0,0.2,209715,11,0.03979970999989746,-1,1.0,1.0011032830269653
cpu,DS,1048576,32,0,0.2,209715,12,0.03446693999967465,-1,1.0,1.0011032830269653
cpu,SS,1048576,32,0,0.2,209715,12,0.049915080000118905,-1,1.0,1.0011032830269653
cpu,SS,1048576,32,0,0.2,209715,13,0.048488219999853754,-1,1.0,1.0011032830269653
cpu,DS,1048576,32,0,0.2,209715,13,0.033494039999823144,-1,1.0,1.0011032830269653
cpu,DS,1048576,32,0,0.2,209715,14,0.030030659999738418,-1,1.0,1.0011032830269653
cpu,SS,1048576,32,0,0.2,209715,14,0.048978270000134216,-1,1.0,1.0011032830269653
gpu,DS,1048576,32,0,0.2,209715,0,0.007704160213470459,1875,1.0,1.0011032830269653
gpu,SS,1048576,32,0,0.2,209715,0,0.020644832611083984,1875,1.0,1.0011032830269653
gpu,SS,1048576,32,0,0.2,209715,1,0.020506271362304686,1875,1.0,1.0011032830269653
gpu,DS,1048576,32,0,0.2,209715,1,0.007782112121582032,1875,1.0,1.0011032830269653
gpu,DS,1048576,32,0,0.2,209715,2,0.008194623947143554,1875,1.0,1.0011032830269653
gpu,SS,1048576,32,0,0.2,209715,2,0.02003443145751953,1890,1.0,1.0011032830269653
gpu,SS,1048576,32,0,0.2,209715,3,0.019477823257446288,1890,1.0,1.0011032830269653
gpu,DS,1048576,32,0,0.2,209715,3,0.01005782413482666,1890,1.0,1.0011032830269653
gpu,DS,1048576,32,0,0.2,209715,4,0.007832799911499023,1890,1.0,1.0011032830269653
gpu,SS,1048576,32,0,0.2,209715,4,0.020026912689208986,1890,1.0,1.0011032830269653
gpu,SS,1048576,32,0,0.2,209715,5,0.019392160415649413,1890,1.0,1.0011032830269653
gpu,DS,1048576,32,0,0.2,209715,5,0.010090304374694823,1890,1.0,1.0011032830269653
gpu,DS,1048576,32,0,0.2,209715,6,0.007924287796020509,1890,1.0,1.0011032830269653
gpu,SS,1048576,32,0,0.2,209715,6,0.018993215560913088,1890,1.0,1.0011032830269653
gpu,SS,1048576,32,0,0.2,209715,7,0.019262975692749023,1890,1.0,1.0011032830269653
gpu,DS,1048576,32,0,0.2,209715,7,0.008481792449951172,1890,1.0,1.0011032830269653
gpu,DS,1048576,32,0,0.2,209715,8,0.007944384098052978,1890,1.0,1.0011032830269653
gpu,SS,1048576,32,0,0.2,209715,8,0.01879859161376953,1890,1.0,1.0011032830269653
gpu,SS,1048576,32,0,0.2,209715,9,0.020640480041503907,1890,1.0,1.0011032830269653
gpu,DS,1048576,32,0,0.2,209715,9,0.007856959819793702,1890,1.0,1.0011032830269653
gpu,DS,1048576,32,0,0.2,209715,10,0.009292927742004395,1890,1.0,1.0011032830269653
gpu,SS,1048576,32,0,0.2,209715,10,0.018829856872558594,1890,1.0,1.0011032830269653
gpu,SS,1048576,32,0,0.2,209715,11,0.020025247573852538,1890,1.0,1.0011032830269653
gpu,DS,1048576,32,0,0.2,209715,11,0.008567263603210449,1890,1.0,1.0011032830269653
gpu,DS,1048576,32,0,0.2,209715,12,0.009068191528320313,1890,1.0,1.0011032830269653
gpu,SS,1048576,32,0,0.2,209715,12,0.018733440399169923,1890,1.0,1.0011032830269653
gpu,SS,1048576,32,0,0.2,209715,13,0.020076831817626952,1890,1.0,1.0011032830269653
gpu,DS,1048576,32,0,0.2,209715,13,0.008405023574829102,1890,1.0,1.0011032830269653
gpu,DS,1048576,32,0,0.2,209715,14,0.007820864200592042,1890,1.0,1.0011032830269653
gpu,SS,1048576,32,0,0.2,209715,14,0.02022636795043945,1890,1.0,1.0011032830269653
cpu,DS,1048576,32,0,0.3,314573,0,0.03861981000000014,-1,1.0,1.0002672273208444
cpu,SS,1048576,32,0,0.3,314573,0,0.0670836600002076,-1,1.0,1.0002672273208444
cpu,SS,1048576,32,0,0.3,314573,1,0.06804216000000451,-1,1.0,1.0002672273208444
cpu,DS,1048576,32,0,0.3,314573,1,0.029350350000186154,-1,1.0,1.0002672273208444
cpu,DS,1048576,32,0,0.3,314573,2,0.03057957000009992,-1,1.0,1.0002672273208444
cpu,SS,1048576,32,0,0.3,314573,2,0.06999156000028961,-1,1.0,1.0002672273208444
cpu,SS,1048576,32,0,0.3,314573,3,0.06427809000024354,-1,1.0,1.0002672273208444
cpu,DS,1048576,32,0,0.3,314573,3,0.03309651000017766,-1,1.0,1.0002672273208444
cpu,DS,1048576,32,0,0.3,314573,4,0.03340062000006583,-1,1.0,1.0002672273208444
cpu,SS,1048576,32,0,0.3,314573,4,0.07061391000024742,-1,1.0,1.0002672273208444
cpu,SS,1048576,32,0,0.3,314573,5,0.07043724000004659,-1,1.0,1.0002672273208444
cpu,DS,1048576,32,0,0.3,314573,5,0.03673304999983884,-1,1.0,1.0002672273208444
cpu,DS,1048576,32,0,0.3,314573,6,0.03511961999993218,-1,1.0,1.0002672273208444
cpu,SS,1048576,32,0,0.3,314573,6,0.06832260000010137,-1,1.0,1.0002672273208444
cpu,SS,1048576,32,0,0.3,314573,7,0.08888931000001321,-1,1.0,1.0002672273208444
cpu,DS,1048576,32,0,0.3,314573,7,0.038578140000026906,-1,1.0,1.0002672273208444
cpu,DS,1048576,32,0,0.3,314573,8,0.031845240000166086,-1,1.0,1.0002672273208444
cpu,SS,1048576,32,0,0.3,314573,8,0.07275905999995302,-1,1.0,1.0002672273208444
cpu,SS,1048576,32,0,0.3,314573,9,0.07317611999997098,-1,1.0,1.0002672273208444
cpu,DS,1048576,32,0,0.3,314573,9,0.032618879999972705,-1,1.0,1.0002672273208444
cpu,DS,1048576,32,0,0.3,314573,10,0.04054941000003964,-1,1.0,1.0002672273208444
cpu,SS,1048576,32,0,0.3,314573,10,0.07446896999999808,-1,1.0,1.0002672273208444
cpu,SS,1048576,32,0,0.3,314573,11,0.0751241700004357,-1,1.0,1.0002672273208444
cpu,DS,1048576,32,0,0.3,314573,11,0.03454551000004358,-1,1.0,1.0002672273208444
cpu,DS,1048576,32,0,0.3,314573,12,0.03566150999995443,-1,1.0,1.0002672273208444
cpu,SS,1048576,32,0,0.3,314573,12,0.06678431999989698,-1,1.0,1.0002672273208444
cpu,SS,1048576,32,0,0.3,314573,13,0.06775254000012865,-1,1.0,1.0002672273208444
cpu,DS,1048576,32,0,0.3,314573,13,0.036289529999976367,-1,1.0,1.0002672273208444
cpu,DS,1048576,32,0,0.3,314573,14,0.030468779999864637,-1,1.0,1.0002672273208444
cpu,SS,1048576,32,0,0.3,314573,14,0.06938721000005899,-1,1.0,1.0002672273208444
gpu,DS,1048576,32,0,0.3,314573,0,0.007684063911437988,1875,1.0,1.0002672273208444
gpu,SS,1048576,32,0,0.3,314573,0,0.029519744873046875,1875,1.0,1.0002672273208444
gpu,SS,1048576,32,0,0.3,314573,1,0.02888319969177246,1875,1.0,1.0002672273208444
gpu,DS,1048576,32,0,0.3,314573,1,0.007793759822845459,1890,1.0,1.0002672273208444
gpu,DS,1048576,32,0,0.3,314573,2,0.008343551635742187,1890,1.0,1.0002672273208444
gpu,SS,1048576,32,0,0.3,314573,2,0.029130111694335936,1890,1.0,1.0002672273208444
gpu,SS,1048576,32,0,0.3,314573,3,0.02932387161254883,1890,1.0,1.0002672273208444
gpu,DS,1048576,32,0,0.3,314573,3,0.008472576141357421,1890,1.0,1.0002672273208444
gpu,DS,1048576,32,0,0.3,314573,4,0.008382559776306153,1890,1.0,1.0002672273208444
gpu,SS,1048576,32,0,0.3,314573,4,0.02814352035522461,1890,1.0,1.0002672273208444
gpu,SS,1048576,32,0,0.3,314573,5,0.028063840866088867,1890,1.0,1.0002672273208444
gpu,DS,1048576,32,0,0.3,314573,5,0.009083040237426758,1890,1.0,1.0002672273208444
gpu,DS,1048576,32,0,0.3,314573,6,0.008501248359680176,1890,1.0,1.0002672273208444
gpu,SS,1048576,32,0,0.3,314573,6,0.02901580810546875,1890,1.0,1.0002672273208444
gpu,SS,1048576,32,0,0.3,314573,7,0.028956672668457032,1890,1.0,1.0002672273208444
gpu,DS,1048576,32,0,0.3,314573,7,0.007841599941253661,1890,1.0,1.0002672273208444
gpu,DS,1048576,32,0,0.3,314573,8,0.009492992401123047,1890,1.0,1.0002672273208444
gpu,SS,1048576,32,0,0.3,314573,8,0.02811871910095215,1890,1.0,1.0002672273208444
gpu,SS,1048576,32,0,0.3,314573,9,0.02892233657836914,1890,1.0,1.0002672273208444
gpu,DS,1048576,32,0,0.3,314573,9,0.009436863899230957,1890,1.0,1.0002672273208444
gpu,DS,1048576,32,0,0.3,314573,10,0.008576416015625,1890,1.0,1.0002672273208444
gpu,SS,1048576,32,0,0.3,314573,10,0.029222911834716796,1890,1.0,1.0002672273208444
gpu,SS,1048576,32,0,0.3,314573,11,0.0289597110748291,1890,1.0,1.0002672273208444
gpu,DS,1048576,32,0,0.3,314573,11,0.007704576015472412,1890,1.0,1.0002672273208444
gpu,DS,1048576,32,0,0.3,314573,12,0.007802944183349609,1875,1.0,1.0002672273208444
gpu,SS,1048576,32,0,0.3,314573,12,0.02779110336303711,1875,1.0,1.0002672273208444
gpu,SS,1048576,32,0,0.3,314573,13,0.029591552734375,1875,1.0,1.0002672273208444
gpu,DS,1048576,32,0,0.3,314573,13,0.009781248092651367,1875,1.0,1.0002672273208444
gpu,DS,1048576,32,0,0.3,314573,14,0.007964672088623047,1875,1.0,1.0002672273208444
gpu,SS,1048576,32,0,0.3,314573,14,0.02879254341125488,1875,1.0,1.0002672273208444
cpu,DS,1048576,32,0,0.5,524288,0,0.03779043200029264,-1,1.0,1.000869870185852
cpu,SS,1048576,32,0,0.5,524288,0,0.13934461099961482,-1,1.0,1.000869870185852
cpu,SS,1048576,32,0,0.5,524288,1,0.12156156900027781,-1,1.0,1.000869870185852
cpu,DS,1048576,32,0,0.5,524288,1,0.04678988900013792,-1,1.0,1.000869870185852
cpu,DS,1048576,32,0,0.5,524288,2,0.04197550600019895,-1,1.0,1.000869870185852
cpu,SS,1048576,32,0,0.5,524288,2,0.13827658499985773,-1,1.0,1.000869870185852
cpu,SS,1048576,32,0,0.5,524288,3,0.1354642250003053,-1,1.0,1.000869870185852
cpu,DS,1048576,32,0,0.5,524288,3,0.042551118999654136,-1,1.0,1.000869870185852
cpu,DS,1048576,32,0,0.5,524288,4,0.03627874099993278,-1,1.0,1.000869870185852
cpu,SS,1048576,32,0,0.5,524288,4,0.12863862900030654,-1,1.0,1.000869870185852
cpu,SS,1048576,32,0,0.5,524288,5,0.13256883499980177,-1,1.0,1.000869870185852
cpu,DS,1048576,32,0,0.5,524288,5,0.04083093500003088,-1,1.0,1.000869870185852
cpu,DS,1048576,32,0,0.5,524288,6,0.041335665000133304,-1,1.0,1.000869870185852
cpu,SS,1048576,32,0,0.5,524288,6,0.12856542300005458,-1,1.0,1.000869870185852
cpu,SS,1048576,32,0,0.5,524288,7,0.13644970799987277,-1,1.0,1.000869870185852
cpu,DS,1048576,32,0,0.5,524288,7,0.04440007500033971,-1,1.0,1.000869870185852
cpu,DS,1048576,32,0,0.5,524288,8,0.03819319100011853,-1,1.0,1.000869870185852
cpu,SS,1048576,32,0,0.5,524288,8,0.13856138199980705,-1,1.0,1.000869870185852
cpu,SS,1048576,32,0,0.5,524288,9,0.1421937979998802,-1,1.0,1.000869870185852
cpu,DS,1048576,32,0,0.5,524288,9,0.04334085699974821,-1,1.0,1.000869870185852
cpu,DS,1048576,32,0,0.5,524288,10,0.042728482999791595,-1,1.0,1.000869870185852
cpu,SS,1048576,32,0,0.5,524288,10,0.12435665300017718,-1,1.0,1.000869870185852
cpu,SS,1048576,32,0,0.5,524288,11,0.1199744290001945,-1,1.0,1.000869870185852
cpu,DS,1048576,32,0,0.5,524288,11,0.04157556600011958,-1,1.0,1.000869870185852
cpu,DS,1048576,32,0,0.5,524288,12,0.043358392999834905,-1,1.0,1.000869870185852
cpu,SS,1048576,32,0,0.5,524288,12,0.1376973800001906,-1,1.0,1.000869870185852
cpu,SS,1048576,32,0,0.5,524288,13,0.14090228600025512,-1,1.0,1.000869870185852
cpu,DS,1048576,32,0,0.5,524288,13,0.052514646999952674,-1,1.0,1.000869870185852
cpu,DS,1048576,32,0,0.5,524288,14,0.04991007399985392,-1,1.0,1.000869870185852
cpu,SS,1048576,32,0,0.5,524288,14,0.1362590349999664,-1,1.0,1.000869870185852
gpu,DS,1048576,32,0,0.5,524288,0,0.008325823783874512,1005,1.0,1.000869870185852
gpu,SS,1048576,32,0,0.5,524288,0,0.04694220733642578,1005,1.0,1.000869870185852
gpu,SS,1048576,32,0,0.5,524288,1,0.04818262481689453,1875,1.0,1.000869870185852
gpu,DS,1048576,32,0,0.5,524288,1,0.007847616195678711,1890,1.0,1.000869870185852
gpu,DS,1048576,32,0,0.5,524288,2,0.007823359966278077,1890,1.0,1.000869870185852
gpu,SS,1048576,32,0,0.5,524288,2,0.04839424133300781,1890,1.0,1.000869870185852
gpu,SS,1048576,32,0,0.5,524288,3,0.0470316162109375,1890,1.0,1.000869870185852
gpu,DS,1048576,32,0,0.5,524288,3,0.009574624061584472,1890,1.0,1.000869870185852
gpu,DS,1048576,32,0,0.5,524288,4,0.008381024360656738,1890,1.0,1.000869870185852
gpu,SS,1048576,32,0,0.5,524288,4,0.04687603378295899,1890,1.0,1.000869870185852
gpu,SS,1048576,32,0,0.5,524288,5,0.04617567825317383,1890,1.0,1.000869870185852
gpu,DS,1048576,32,0,0.5,524288,5,0.00815827178955078,1890,1.0,1.000869870185852
gpu,DS,1048576,32,0,0.5,524288,6,0.010059583663940429,1890,1.0,1.000869870185852
gpu,SS,1048576,32,0,0.5,524288,6,0.04708560180664063,1890,1.0,1.000869870185852
gpu,SS,1048576,32,0,0.5,524288,7,0.04684326553344727,1890,1.0,1.000869870185852
gpu,DS,1048576,32,0,0.5,524288,7,0.007785247802734375,1890,1.0,1.000869870185852
gpu,DS,1048576,32,0,0.5,524288,8,0.008714240074157715,1890,1.0,1.000869870185852
gpu,SS,1048576,32,0,0.5,524288,8,0.04785379028320313,1890,1.0,1.000869870185852
gpu,SS,1048576,32,0,0.5,524288,9,0.04739891052246094,1890,1.0,1.000869870185852
gpu,DS,1048576,32,0,0.5,524288,9,0.009992192268371582,1875,1.0,1.000869870185852
gpu,DS,1048576,32,0,0.5,524288,10,0.007872416019439697,1875,1.0,1.000869870185852
gpu,SS,1048576,32,0,0.5,524288,10,0.04728083038330078,1875,1.0,1.000869870185852
gpu,SS,1048576,32,0,0.5,524288,11,0.04807632064819336,1875,1.0,1.000869870185852
gpu,DS,1048576,32,0,0.5,524288,11,0.009019968032836913,1875,1.0,1.000869870185852
gpu,DS,1048576,32,0,0.5,524288,12,0.008347552299499511,1875,1.0,1.000869870185852
gpu,SS,1048576,32,0,0.5,524288,12,0.04628665542602539,1875,1.0,1.000869870185852
gpu,SS,1048576,32,0,0.5,524288,13,0.04674969482421875,1875,1.0,1.000869870185852
gpu,DS,1048576,32,0,0.5,524288,13,0.009662464141845703,1875,1.0,1.000869870185852
gpu,DS,1048576,32,0,0.5,524288,14,0.008417280197143554,1875,1.0,1.000869870185852
gpu,SS,1048576,32,0,0.5,524288,14,0.0465579833984375,1875,1.0,1.000869870185852
cpu,DS,1048576,32,0,0.7,734003,0,0.04036332499981654,-1,1.0,1.0003130096198518
cpu,SS,1048576,32,0,0.7,734003,0,0.14729681600010736,-1,1.0,1.0003130096198518
cpu,SS,1048576,32,0,0.7,734003,1,0.15758320500026457,-1,1.0,1.0003130096198518
cpu,DS,1048576,32,0,0.7,734003,1,0.04047253800035833,-1,1.0,1.0003130096198518
cpu,DS,1048576,32,0,0.7,734003,2,0.0329931849996683,-1,1.0,1.0003130096198518
cpu,SS,1048576,32,0,0.7,734003,2,0.15099821900003008,-1,1.0,1.0003130096198518
cpu,SS,1048576,32,0,0.7,734003,3,0.16315378799981772,-1,1.0,1.0003130096198518
cpu,DS,1048576,32,0,0.7,734003,3,0.04595779900000707,-1,1.0,1.0003130096198518
cpu,DS,1048576,32,0,0.7,734003,4,0.03788996999992378,-1,1.0,1.0003130096198518
cpu,SS,1048576,32,0,0.7,734003,4,0.14530916100011382,-1,1.0,1.0003130096198518
cpu,SS,1048576,32,0,0.7,734003,5,0.1645677890001025,-1,1.0,1.0003130096198518
cpu,DS,1048576,32,0,0.7,734003,5,0.03819712799986519,-1,1.0,1.0003130096198518
cpu,DS,1048576,32,0,0.7,734003,6,0.041918813999927806,-1,1.0,1.0003130096198518
cpu,SS,1048576,32,0,0.7,734003,6,0.20516201899999942,-1,1.0,1.0003130096198518
cpu,SS,1048576,32,0,0.7,734003,7,0.1807414750001044,-1,1.0,1.0003130096198518
cpu,DS,1048576,32,0,0.7,734003,7,0.05142521500010844,-1,1.0,1.0003130096198518
cpu,DS,1048576,32,0,0.7,734003,8,0.03999746599993159,-1,1.0,1.0003130096198518
cpu,SS,1048576,32,0,0.7,734003,8,0.17607978799969715,-1,1.0,1.0003130096198518
cpu,SS,1048576,32,0,0.7,734003,9,0.18267423199995392,-1,1.0,1.0003130096198518
cpu,DS,1048576,32,0,0.7,734003,9,0.03547687600030258,-1,1.0,1.0003130096198518
cpu,DS,1048576,32,0,0.7,734003,10,0.0350955129997601,-1,1.0,1.0003130096198518
cpu,SS,1048576,32,0,0.7,734003,10,0.15641376100029447,-1,1.0,1.0003130096198518
cpu,SS,1048576,32,0,0.7,734003,11,0.16515353499971752,-1,1.0,1.0003130096198518
cpu,DS,1048576,32,0,0.7,734003,11,0.035873939000339305,-1,1.0,1.0003130096198518
cpu,DS,1048576,32,0,0.7,734003,12,0.04169502700005978,-1,1.0,1.0003130096198518
cpu,SS,1048576,32,0,0.7,734003,12,0.14976948899993658,-1,1.0,1.0003130096198518
cpu,SS,1048576,32,0,0.7,734003,13,0.16300937500000146,-1,1.0,1.0003130096198518
cpu,DS,1048576,32,0,0.7,734003,13,0.036825642000167136,-1,1.0,1.0003130096198518
cpu,DS,1048576,32,0,0.7,734003,14,0.03782268799977828,-1,1.0,1.0003130096198518
cpu,SS,1048576,32,0,0.7,734003,14,0.1514001579998876,-1,1.0,1.0003130096198518
gpu,DS,1048576,32,0,0.7,734003,0,0.008351743698120117,1890,1.0,1.0003130096198518
gpu,SS,1048576,32,0,0.7,734003,0,0.06584909057617187,1890,1.0,1.0003130096198518
gpu,SS,1048576,32,0,0.7,734003,1,0.06564463806152344,1890,1.0,1.0003130096198518
gpu,DS,1048576,32,0,0.7,734003,1,0.008278016090393067,1890,1.0,1.0003130096198518
gpu,DS,1048576,32,0,0.7,734003,2,0.009308832168579102,1890,1.0,1.0003130096198518
gpu,SS,1048576,32,0,0.7,734003,2,0.0659210205078125,1890,1.0,1.0003130096198518
gpu,SS,1048576,32,0,0.7,734003,3,0.0659501724243164,1890,1.0,1.0003130096198518
gpu,DS,1048576,32,0,0.7,734003,3,0.007895040035247802,1890,1.0,1.0003130096198518
gpu,DS,1048576,32,0,0.7,734003,4,0.008183967590332032,1890,1.0,1.0003130096198518
gpu,SS,1048576,32,0,0.7,734003,4,0.06563129425048828,1890,1.0,1.0003130096198518
gpu,SS,1048576,32,0,0.7,734003,5,0.06611433410644531,1890,1.0,1.0003130096198518
gpu,DS,1048576,32,0,0.7,734003,5,0.00931663990020752,1890,1.0,1.0003130096198518
gpu,DS,1048576,32,0,0.7,734003,6,0.007887872219085693,1890,1.0,1.0003130096198518
gpu,SS,1048576,32,0,0.7,734003,6,0.06625958251953125,1890,1.0,1.0003130096198518
gpu,SS,1048576,32,0,0.7,734003,7,0.06559334564208984,1890,1.0,1.0003130096198518
gpu,DS,1048576,32,0,0.7,734003,7,0.00785644817352295,1890,1.0,1.0003130096198518
gpu,DS,1048576,32,0,0.7,734003,8,0.007860256195068359,1890,1.0,1.0003130096198518
gpu,SS,1048576,32,0,0.7,734003,8,0.06557286071777343,1890,1.0,1.0003130096198518
gpu,SS,1048576,32,0,0.7,734003,9,0.06623945617675782,1890,1.0,1.0003130096198518
gpu,DS,1048576,32,0,0.7,734003,9,0.00910319995880127,1875,1.0,1.0003130096198518
gpu,DS,1048576,32,0,0.7,734003,10,0.008353631973266601,1875,1.0,1.0003130096198518
gpu,SS,1048576,32,0,0.7,734003,10,0.06563814544677735,1875,1.0,1.0003130096198518
gpu,SS,1048576,32,0,0.7,734003,11,0.0658880615234375,1875,1.0,1.0003130096198518
gpu,DS,1048576,32,0,0.7,734003,11,0.007929088115692139,1875,1.0,1.0003130096198518
gpu,DS,1048576,32,0,0.7,734003,12,0.007768064022064209,1875,1.0,1.0003130096198518
gpu,SS,1048576,32,0,0.7,734003,12,0.06581446075439454,1875,1.0,1.0003130096198518
gpu,SS,1048576,32,0,0.7,734003,13,0.06609209442138672,1875,1.0,1.0003130096198518
gpu,DS,1048576,32,0,0.7,734003,13,0.00853667163848877,1875,1.0,1.0003130096198518
gpu,DS,1048576,32,0,0.7,734003,14,0.00853052806854248,1875,1.0,1.0003130096198518
gpu,SS,1048576,32,0,0.7,734003,14,0.06477423858642578,1875,1.0,1.0003130096198518
cpu,DS,1048576,32,0,1.0,1048576,0,0.04083910000008473,-1,1.0,1.0001964569091797
cpu,SS,1048576,32,0,1.0,1048576,0,0.2280560570002308,-1,1.0,1.0001964569091797
cpu,SS,1048576,32,0,1.0,1048576,1,0.22898328499968557,-1,1.0,1.0001964569091797
cpu,DS,1048576,32,0,1.0,1048576,1,0.043554380999921705,-1,1.0,1.0001964569091797
cpu,DS,1048576,32,0,1.0,1048576,2,0.04021298499992554,-1,1.0,1.0001964569091797
cpu,SS,1048576,32,0,1.0,1048576,2,0.22442310399992493,-1,1.0,1.0001964569091797
cpu,SS,1048576,32,0,1.0,1048576,3,0.23346672600018792,-1,1.0,1.0001964569091797
cpu,DS,1048576,32,0,1.0,1048576,3,0.04016774000001533,-1,1.0,1.0001964569091797
cpu,DS,1048576,32,0,1.0,1048576,4,0.04433349100008854,-1,1.0,1.0001964569091797
cpu,SS,1048576,32,0,1.0,1048576,4,0.22445313699972758,-1,1.0,1.0001964569091797
cpu,SS,1048576,32,0,1.0,1048576,5,0.2186497929997131,-1,1.0,1.0001964569091797
cpu,DS,1048576,32,0,1.0,1048576,5,0.04175082400024621,-1,1.0,1.0001964569091797
cpu,DS,1048576,32,0,1.0,1048576,6,0.040430140999887954,-1,1.0,1.0001964569091797
cpu,SS,1048576,32,0,1.0,1048576,6,0.20981308899990836,-1,1.0,1.0001964569091797
cpu,SS,1048576,32,0,1.0,1048576,7,0.19863554599987765,-1,1.0,1.0001964569091797
cpu,DS,1048576,32,0,1.0,1048576,7,0.03212555299978703,-1,1.0,1.0001964569091797
cpu,DS,1048576,32,0,1.0,1048576,8,0.03868538400001853,-1,1.0,1.0001964569091797
cpu,SS,1048576,32,0,1.0,1048576,8,0.21410999199997605,-1,1.0,1.0001964569091797
cpu,SS,1048576,32,0,1.0,1048576,9,0.20578151300014724,-1,1.0,1.0001964569091797
cpu,DS,1048576,32,0,1.0,1048576,9,0.03669597199996133,-1,1.0,1.0001964569091797
cpu,DS,1048576,32,0,1.0,1048576,10,0.03840933099991162,-1,1.0,1.0001964569091797
cpu,SS,1048576,32,0,1.0,1048576,10,0.2246569339999951,-1,1.0,1.0001964569091797
cpu,SS,1048576,32,0,1.0,1048576,11,0.21169650699994236,-1,1.0,1.0001964569091797
cpu,DS,1048576,32,0,1.0,1048576,11,0.03519118900021567,-1,1.0,1.0001964569091797
cpu,DS,1048576,32,0,1.0,1048576,12,0.03516359300010663,-1,1.0,1.0001964569091797
cpu,SS,1048576,32,0,1.0,1048576,12,0.20657739500029493,-1,1.0,1.0001964569091797
cpu,SS,1048576,32,0,1.0,1048576,13,0.1977078300001267,-1,1.0,1.0001964569091797
cpu,DS,1048576,32,0,1.0,1048576,13,0.036578375000317465,-1,1.0,1.0001964569091797
cpu,DS,1048576,32,0,1.0,1048576,14,0.03452489899973443,-1,1.0,1.0001964569091797
cpu,SS,1048576,32,0,1.0,1048576,14,0.21591159800027526,-1,1.0,1.0001964569091797
gpu,DS,1048576,32,0,1.0,1048576,0,0.007827455997467042,1890,1.0,1.0001964569091797
gpu,SS,1048576,32,0,1.0,1048576,0,0.09313737487792968,1890,1.0,1.0001964569091797
gpu,SS,1048576,32,0,1.0,1048576,1,0.09227263641357422,1890,1.0,1.0001964569091797
gpu,DS,1048576,32,0,1.0,1048576,1,0.007776351928710937,1890,1.0,1.0001964569091797
gpu,DS,1048576,32,0,1.0,1048576,2,0.007737311840057373,1890,1.0,1.0001964569091797
gpu,SS,1048576,32,0,1.0,1048576,2,0.09358911895751953,1890,1.0,1.0001964569091797
gpu,SS,1048576,32,0,1.0,1048576,3,0.09292336273193359,1890,1.0,1.0001964569091797
gpu,DS,1048576,32,0,1.0,1048576,3,0.00782918405532837,1890,1.0,1.0001964569091797
gpu,DS,1048576,32,0,1.0,1048576,4,0.007717023849487305,1890,1.0,1.0001964569091797
gpu,SS,1048576,32,0,1.0,1048576,4,0.09205081939697266,1890,1.0,1.0001964569091797
gpu,SS,1048576,32,0,1.0,1048576,5,0.09302496337890626,1890,1.0,1.0001964569091797
gpu,DS,1048576,32,0,1.0,1048576,5,0.00786630392074585,1890,1.0,1.0001964569091797
gpu,DS,1048576,32,0,1.0,1048576,6,0.008265727996826172,1890,1.0,1.0001964569091797
gpu,SS,1048576,32,0,1.0,1048576,6,0.09387725067138672,1890,1.0,1.0001964569091797
gpu,SS,1048576,32,0,1.0,1048576,7,0.09200230407714843,1890,1.0,1.0001964569091797
gpu,DS,1048576,32,0,1.0,1048576,7,0.00822054386138916,1890,1.0,1.0001964569091797
gpu,DS,1048576,32,0,1.0,1048576,8,0.008388575553894042,1890,1.0,1.0001964569091797
gpu,SS,1048576,32,0,1.0,1048576,8,0.09334374237060547,1890,1.0,1.0001964569091797
gpu,SS,1048576,32,0,1.0,1048576,9,0.09410198211669922,1875,1.0,1.0001964569091797
gpu,DS,1048576,32,0,1.0,1048576,9,0.007860032081604004,1875,1.0,1.0001964569091797
gpu,DS,1048576,32,0,1.0,1048576,10,0.007853919982910157,1875,1.0,1.0001964569091797
gpu,SS,1048576,32,0,1.0,1048576,10,0.09414825439453126,1875,1.0,1.0001964569091797
gpu,SS,1048576,32,0,1.0,1048576,11,0.09331657409667969,1875,1.0,1.0001964569091797
gpu,DS,1048576,32,0,1.0,1048576,11,0.007791327953338623,1875,1.0,1.0001964569091797
gpu,DS,1048576,32,0,1.0,1048576,12,0.008354816436767578,1875,1.0,1.0001964569091797
gpu,SS,1048576,32,0,1.0,1048576,12,0.09303273773193359,1875,1.0,1.0001964569091797
gpu,SS,1048576,32,0,1.0,1048576,13,0.09309439849853515,1875,1.0,1.0001964569091797
gpu,DS,1048576,32,0,1.0,1048576,13,0.00883664035797119,1875,1.0,1.0001964569091797
gpu,DS,1048576,32,0,1.0,1048576,14,0.007911424160003662,1875,1.0,1.0001964569091797
gpu,SS,1048576,32,0,1.0,1048576,14,0.09166614532470703,1875,1.0,1.0001964569091797
cpu,DS,1048576,32,0,0.0001,105,0,0.03938827799993305,-1,0.5,1.0321428571428573
cpu,SS,1048576,32,0,0.0001,105,0,0.00015172700022958452,-1,0.5,1.0321428571428573
cpu,SS,1048576,32,0,0.0001,105,1,0.00014392599996426725,-1,0.5,1.0321428571428573
cpu,DS,1048576,32,0,0.0001,105,1,0.0410651649999636,-1,0.5,1.0321428571428573
cpu,DS,1048576,32,0,0.0001,105,2,0.04087326499984556,-1,0.5,1.0321428571428573
cpu,SS,1048576,32,0,0.0001,105,2,0.00014548499984812224,-1,0.5,1.0321428571428573
cpu,SS,1048576,32,0,0.0001,105,3,0.00011291700002402649,-1,0.5,1.0321428571428573
cpu,DS,1048576,32,0,0.0001,105,3,0.034470239999791374,-1,0.5,1.0321428571428573
cpu,DS,1048576,32,0,0.0001,105,4,0.0458133390002331,-1,0.5,1.0321428571428573
cpu,SS,1048576,32,0,0.0001,105,4,0.00022612700013269205,-1,0.5,1.0321428571428573
cpu,SS,1048576,32,0,0.0001,105,5,0.00025820700011536246,-1,0.5,1.0321428571428573
cpu,DS,1048576,32,0,0.0001,105,5,0.035310195999954885,-1,0.5,1.0321428571428573
cpu,DS,1048576,32,0,0.0001,105,6,0.036899811000239424,-1,0.5,1.0321428571428573
cpu,SS,1048576,32,0,0.0001,105,6,0.00015182400011326536,-1,0.5,1.0321428571428573
cpu,SS,1048576,32,0,0.0001,105,7,0.00011359900008756085,-1,0.5,1.0321428571428573
cpu,DS,1048576,32,0,0.0001,105,7,0.03707328199971016,-1,0.5,1.0321428571428573
cpu,DS,1048576,32,0,0.0001,105,8,0.03399068399994576,-1,0.5,1.0321428571428573
cpu,SS,1048576,32,0,0.0001,105,8,0.00014831299995421432,-1,0.5,1.0321428571428573
cpu,SS,1048576,32,0,0.0001,105,9,0.00010355699987485423,-1,0.5,1.0321428571428573
cpu,DS,1048576,32,0,0.0001,105,9,0.04136013500010449,-1,0.5,1.0321428571428573
cpu,DS,1048576,32,0,0.0001,105,10,0.03269389199977013,-1,0.5,1.0321428571428573
cpu,SS,1048576,32,0,0.0001,105,10,0.00014684999996461556,-1,0.5,1.0321428571428573
cpu,SS,1048576,32,0,0.0001,105,11,0.00011077199997089338,-1,0.5,1.0321428571428573
cpu,DS,1048576,32,0,0.0001,105,11,0.03361156299979484,-1,0.5,1.0321428571428573
cpu,DS,1048576,32,0,0.0001,105,12,0.03978709600005459,-1,0.5,1.0321428571428573
cpu,SS,1048576,32,0,0.0001,105,12,0.0001432429999113083,-1,0.5,1.0321428571428573
cpu,SS,1048576,32,0,0.0001,105,13,0.00010160600004383014,-1,0.5,1.0321428571428573
cpu,DS,1048576,32,0,0.0001,105,13,0.03619198200021856,-1,0.5,1.0321428571428573
cpu,DS,1048576,32,0,0.0001,105,14,0.037131397999928595,-1,0.5,1.0321428571428573
cpu,SS,1048576,32,0,0.0001,105,14,0.00014646099998572026,-1,0.5,1.0321428571428573
gpu,DS,1048576,32,0,0.0001,105,0,0.009356863975524902,1875,0.5,1.0321428571428573
gpu,SS,1048576,32,0,0.0001,105,0,0.0002399359941482544,1875,0.5,1.0321428571428573
gpu,SS,1048576,32,0,0.0001,105,1,0.00019030399620532988,1875,0.5,1.0321428571428573
gpu,DS,1048576,32,0,0.0001,105,1,0.008392767906188965,1875,0.5,1.0321428571428573
gpu,DS,1048576,32,0,0.0001,105,2,0.007819231986999511,1875,0.5,1.0321428571428573
gpu,SS,1048576,32,0,0.0001,105,2,0.00016793599724769593,1875,0.5,1.0321428571428573
gpu,SS,1048576,32,0,0.0001,105,3,0.00018668800592422485,1875,0.5,1.0321428571428573
gpu,DS,1048576,32,0,0.0001,105,3,0.007639008045196533,1875,0.5,1.0321428571428573
gpu,DS,1048576,32,0,0.0001,105,4,0.007993343830108643,1875,0.5,1.0321428571428573
gpu,SS,1048576,32,0,0.0001,105,4,0.00017740799486637115,1875,0.5,1.0321428571428573
gpu,SS,1048576,32,0,0.0001,105,5,0.00012700800597667693,1875,0.5,1.0321428571428573
gpu,DS,1048576,32,0,0.0001,105,5,0.00773529577255249,1875,0.5,1.0321428571428573
gpu,DS,1048576,32,0,0.0001,105,6,0.009510911941528321,1875,0.5,1.0321428571428573
gpu,SS,1048576,32,0,0.0001,105,6,0.00026713600754737853,1875,0.5,1.0321428571428573
gpu,SS,1048576,32,0,0.0001,105,7,9.180799871683121e-05,1875,0.5,1.0321428571428573
gpu,DS,1048576,32,0,0.0001,105,7,0.00885910415649414,1875,0.5,1.0321428571428573
gpu,DS,1048576,32,0,0.0001,105,8,0.00790281581878662,1875,0.5,1.0321428571428573
gpu,SS,1048576,32,0,0.0001,105,8,0.00028777599334716796,1875,0.5,1.0321428571428573
gpu,SS,1048576,32,0,0.0001,105,9,0.00024208000302314758,1875,0.5,1.0321428571428573
gpu,DS,1048576,32,0,0.0001,105,9,0.007963615894317627,1875,0.5,1.0321428571428573
gpu,DS,1048576,32,0,0.0001,105,10,0.007883776187896728,1875,0.5,1.0321428571428573
gpu,SS,1048576,32,0,0.0001,105,10,0.00018460799753665925,1875,0.5,1.0321428571428573
gpu,SS,1048576,32,0,0.0001,105,11,0.00019046400487422944,1875,0.5,1.0321428571428573
gpu,DS,1048576,32,0,0.0001,105,11,0.007805952072143555,1875,0.5,1.0321428571428573
gpu,DS,1048576,32,0,0.0001,105,12,0.00779472017288208,1875,0.5,1.0321428571428573
gpu,SS,1048576,32,0,0.0001,105,12,0.00019459199905395508,1875,0.5,1.0321428571428573
gpu,SS,1048576,32,0,0.0001,105,13,0.00020716799795627593,1875,0.5,1.0321428571428573
gpu,DS,1048576,32,0,0.0001,105,13,0.008428671836853027,1875,0.5,1.0321428571428573
gpu,DS,1048576,32,0,0.0001,105,14,0.007956511974334717,1875,0.5,1.0321428571428573
gpu,SS,1048576,32,0,0.0001,105,14,0.0003213120102882385,1875,0.5,1.0321428571428573
cpu,DS,1048576,32,0,0.0003,315,0,0.034450152999852435,-1,0.5,1.0345238095238096
cpu,SS,1048576,32,0,0.0003,315,0,0.0002348049997635826,-1,0.5,1.0345238095238096
cpu,SS,1048576,32,0,0.0003,315,1,0.00016645100004097912,-1,0.5,1.0345238095238096
cpu,DS,1048576,32,0,0.0003,315,1,0.03215261100012867,-1,0.5,1.0345238095238096
cpu,DS,1048576,32,0,0.0003,315,2,0.031553702000110206,-1,0.5,1.0345238095238096
cpu,SS,1048576,32,0,0.0003,315,2,0.00024211799973272718,-1,0.5,1.0345238095238096
cpu,SS,1048576,32,0,0.0003,315,3,0.00028404800013959175,-1,0.5,1.0345238095238096
cpu,DS,1048576,32,0,0.0003,315,3,0.03424635600003967,-1,0.5,1.0345238095238096
cpu,DS,1048576,32,0,0.0003,315,4,0.03429784100035249,-1,0.5,1.0345238095238096
cpu,SS,1048576,32,0,0.0003,315,4,0.0002693239998734498,-1,0.5,1.0345238095238096
cpu,SS,1048576,32,0,0.0003,315,5,0.00019872700022460776,-1,0.5,1.0345238095238096
cpu,DS,1048576,32,0,0.0003,315,5,0.04076707600006557,-1,0.5,1.0345238095238096
cpu,DS,1048576,32,0,0.0003,315,6,0.03834033200018894,-1,0.5,1.0345238095238096
cpu,SS,1048576,32,0,0.0003,315,6,0.00026444799959790544,-1,0.5,1.0345238095238096
cpu,SS,1048576,32,0,0.0003,315,7,0.00020145600001342245,-1,0.5,1.0345238095238096
cpu,DS,1048576,32,0,0.0003,315,7,0.030894337000063388,-1,0.5,1.0345238095238096
cpu,DS,1048576,32,0,0.0003,315,8,0.03526212199994916,-1,0.5,1.0345238095238096
cpu,SS,1048576,32,0,0.0003,315,8,0.00023587799978486146,-1,0.5,1.0345238095238096
cpu,SS,1048576,32,0,0.0003,315,9,0.00024085099994408665,-1,0.5,1.0345238095238096
cpu,DS,1048576,32,0,0.0003,315,9,0.03799495100020067,-1,0.5,1.0345238095238096
cpu,DS,1048576,32,0,0.0003,315,10,0.037049490000299556,-1,0.5,1.0345238095238096
cpu,SS,1048576,32,0,0.0003,315,10,0.00023763300032442203,-1,0.5,1.0345238095238096
cpu,SS,1048576,32,0,0.0003,315,11,0.0001924859998325701,-1,0.5,1.0345238095238096
cpu,DS,1048576,32,0,0.0003,315,11,0.036365648999890254,-1,0.5,1.0345238095238096
cpu,DS,1048576,32,0,0.0003,315,12,0.03610519799985923,-1,0.5,1.0345238095238096
cpu,SS,1048576,32,0,0.0003,315,12,0.00023792499996488914,-1,0.5,1.0345238095238096
cpu,SS,1048576,32,0,0.0003,315,13,0.00020789299969692365,-1,0.5,1.0345238095238096
cpu,DS,1048576,32,0,0.0003,315,13,0.03955355800007965,-1,0.5,1.0345238095238096
cpu,DS,1048576,32,0,0.0003,315,14,0.03275249599982999,-1,0.5,1.0345238095238096
cpu,SS,1048576,32,0,0.0003,315,14,0.0002543069999774161,-1,0.5,1.0345238095238096
gpu,DS,1048576,32,0,0.0003,315,0,0.008165823936462402,1875,0.5,1.0345238095238096
gpu,SS,1048576,32,0,0.0003,315,0,0.0001974080055952072,1875,0.5,1.0345238095238096
gpu,SS,1048576,32,0,0.0003,315,1,0.0001679680049419403,1875,0.5,1.0345238095238096
gpu,DS,1048576,32,0,0.0003,315,1,0.007834527969360352,1875,0.5,1.0345238095238096
gpu,DS,1048576,32,0,0.0003,315,2,0.007830624103546142,1875,0.5,1.0345238095238096
gpu,SS,1048576,32,0,0.0003,315,2,0.00017615999281406404,1875,0.5,1.0345238095238096
gpu,SS,1048576,32,0,0.0003,315,3,0.0001552640050649643,1875,0.5,1.0345238095238096
gpu,DS,1048576,32,0,0.0003,315,3,0.008355520248413085,1875,0.5,1.0345238095238096
gpu,DS,1048576,32,0,0.0003,315,4,0.00833785629272461,1875,0.5,1.0345238095238096
gpu,SS,1048576,32,0,0.0003,315,4,0.00021235199272632598,1875,0.5,1.0345238095238096
gpu,SS,1048576,32,0,0.0003,315,5,0.00015068799257278442,1875,0.5,1.0345238095238096
gpu,DS,1048576,32,0,0.0003,315,5,0.009291968345642089,1875,0.5,1.0345238095238096
gpu,DS,1048576,32,0,0.0003,315,6,0.007819744110107421,1875,0.5,1.0345238095238096
gpu,SS,1048576,32,0,0.0003,315,6,0.00018275199830532075,1875,0.5,1.0345238095238096
gpu,SS,1048576,32,0,0.0003,315,7,0.00014022399485111235,1875,0.5,1.0345238095238096
gpu,DS,1048576,32,0,0.0003,315,7,0.00782534408569336,1875,0.5,1.0345238095238096
gpu,DS,1048576,32,0,0.0003,315,8,0.007906047821044922,1875,0.5,1.0345238095238096
gpu,SS,1048576,32,0,0.0003,315,8,0.00018121600151062013,1875,0.5,1.0345238095238096
gpu,SS,1048576,32,0,0.0003,315,9,0.0001297599971294403,1875,0.5,1.0345238095238096
gpu,DS,1048576,32,0,0.0003,315,9,0.00773795223236084,1875,0.5,1.0345238095238096
gpu,DS,1048576,32,0,0.0003,315,10,0.008304991722106934,1875,0.5,1.0345238095238096
gpu,SS,1048576,32,0,0.0003,315,10,0.00025939199328422547,1875,0.5,1.0345238095238096
gpu,SS,1048576,32,0,0.0003,315,11,0.000159743994474411,1875,0.5,1.0345238095238096
gpu,DS,1048576,32,0,0.0003,315,11,0.009766976356506347,1875,0.5,1.0345238095238096
gpu,DS,1048576,32,0,0.0003,315,12,0.007968416213989258,1875,0.5,1.0345238095238096
gpu,SS,1048576,32,0,0.0003,315,12,0.0005281280279159546,1875,0.5,1.0345238095238096
gpu,SS,1048576,32,0,0.0003,315,13,0.00012191999703645707,1875,0.5,1.0345238095238096
gpu,DS,1048576,32,0,0.0003,315,13,0.007796703815460205,1875,0.5,1.0345238095238096
gpu,DS,1048576,32,0,0.0003,315,14,0.009250304222106934,1875,0.5,1.0345238095238096
gpu,SS,1048576,32,0,0.0003,315,14,0.00021107199788093566,1875,0.5,1.0345238095238096
cpu,DS,1048576,32,0,0.001,1049,0,0.036607864999950834,-1,0.5,1.028836987607245
cpu,SS,1048576,32,0,0.001,1049,0,0.0006055399999240763,-1,0.5,1.028836987607245
cpu,SS,1048576,32,0,0.001,1049,1,0.0005343570001059561,-1,0.5,1.028836987607245
cpu,DS,1048576,32,0,0.001,1049,1,0.03167773599989232,-1,0.5,1.028836987607245
cpu,DS,1048576,32,0,0.001,1049,2,0.03509352699984447,-1,0.5,1.028836987607245
cpu,SS,1048576,32,0,0.001,1049,2,0.0009567729998707364,-1,0.5,1.028836987607245
cpu,SS,1048576,32,0,0.001,1049,3,0.0021178289998715627,-1,0.5,1.028836987607245
cpu,DS,1048576,32,0,0.001,1049,3,0.043702432999907614,-1,0.5,1.028836987607245
cpu,DS,1048576,32,0,0.001,1049,4,0.036042010999608465,-1,0.5,1.028836987607245
cpu,SS,1048576,32,0,0.001,1049,4,0.0006606330002796312,-1,0.5,1.028836987607245
cpu,SS,1048576,32,0,0.001,1049,5,0.0004945730001963966,-1,0.5,1.028836987607245
cpu,DS,1048576,32,0,0.001,1049,5,0.04005261700012852,-1,0.5,1.028836987607245
cpu,DS,1048576,32,0,0.001,1049,6,0.0408577600001081,-1,0.5,1.028836987607245
cpu,SS,1048576,32,0,0.001,1049,6,0.0006479570001829416,-1,0.5,1.028836987607245
cpu,SS,1048576,32,0,0.001,1049,7,0.0004884299996774644,-1,0.5,1.028836987607245
cpu,DS,1048576,32,0,0.001,1049,7,0.0378717950002283,-1,0.5,1.028836987607245
cpu,DS,1048576,32,0,0.001,1049,8,0.03823160799993275,-1,0.5,1.028836987607245
cpu,SS,1048576,32,0,0.001,1049,8,0.0006193869999151502,-1,0.5,1.028836987607245
cpu,SS,1048576,32,0,0.001,1049,9,0.0005436209999061248,-1,0.5,1.028836987607245
cpu,DS,1048576,32,0,0.001,1049,9,0.0404621610000504,-1,0.5,1.028836987607245
cpu,DS,1048576,32,0,0.001,1049,10,0.043603265000001556,-1,0.5,1.028836987607245
cpu,SS,1048576,32,0,0.001,1049,10,0.0005830149998473644,-1,0.5,1.028836987607245
cpu,SS,1048576,32,0,0.001,1049,11,0.00047419400016224245,-1,0.5,1.028836987607245
cpu,DS,1048576,32,0,0.001,1049,11,0.09617622399991888,-1,0.5,1.028836987607245
cpu,DS,1048576,32,0,0.001,1049,12,0.08216289900019547,-1,0.5,1.028836987607245
cpu,SS,1048576,32,0,0.001,1049,12,0.0007170909998421848,-1,0.5,1.028836987607245
cpu,SS,1048576,32,0,0.001,1049,13,0.008245485000315966,-1,0.5,1.028836987607245
cpu,DS,1048576,32,0,0.001,1049,13,0.04471634700030336,-1,0.5,1.028836987607245
cpu,DS,1048576,32,0,0.001,1049,14,0.03837329099997078,-1,0.5,1.028836987607245
cpu,SS,1048576,32,0,0.001,1049,14,0.0013341379999474157,-1,0.5,1.028836987607245
gpu,DS,1048576,32,0,0.001,1049,0,0.007782464027404785,1875,0.5,1.028836987607245
gpu,SS,1048576,32,0,0.001,1049,0,0.0002539519965648651,1875,0.5,1.028836987607245
gpu,SS,1048576,32,0,0.001,1049,1,0.0002178879976272583,1875,0.5,1.028836987607245
gpu,DS,1048576,32,0,0.001,1049,1,0.007776256084442139,1875,0.5,1.028836987607245
gpu,DS,1048576,32,0,0.001,1049,2,0.007757696151733398,1875,0.5,1.028836987607245
gpu,SS,1048576,32,0,0.001,1049,2,0.00024195200204849243,1875,0.5,1.028836987607245
gpu,SS,1048576,32,0,0.001,1049,3,0.00019251200556755067,1875,0.5,1.028836987607245
gpu,DS,1048576,32,0,0.001,1049,3,0.007768320083618164,1875,0.5,1.028836987607245
gpu,DS,1048576,32,0,0.001,1049,4,0.007770592212677002,1875,0.5,1.028836987607245
gpu,SS,1048576,32,0,0.001,1049,4,0.00035635200142860414,1875,0.5,1.028836987607245
gpu,SS,1048576,32,0,0.001,1049,5,0.00012912000715732574,1875,0.5,1.028836987607245
gpu,DS,1048576,32,0,0.001,1049,5,0.007707935810089111,1875,0.5,1.028836987607245
gpu,DS,1048576,32,0,0.001,1049,6,0.008341504096984862,1875,0.5,1.028836987607245
gpu,SS,1048576,32,0,0.001,1049,6,0.0004894720017910004,1875,0.5,1.028836987607245
gpu,SS,1048576,32,0,0.001,1049,7,0.00021139200031757355,1875,0.5,1.028836987607245
gpu,DS,1048576,32,0,0.001,1049,7,0.007815167903900147,1875,0.5,1.028836987607245
gpu,DS,1048576,32,0,0.001,1049,8,0.007846879959106445,1875,0.5,1.028836987607245
gpu,SS,1048576,32,0,0.001,1049,8,0.0002629440128803253,1875,0.5,1.028836987607245
gpu,SS,1048576,32,0,0.001,1049,9,0.0001289920061826706,1875,0.5,1.028836987607245
gpu,DS,1048576,32,0,0.001,1049,9,0.0077619199752807615,1875,0.5,1.028836987607245
gpu,DS,1048576,32,0,0.001,1049,10,0.007822944164276122,1875,0.5,1.028836987607245
gpu,SS,1048576,32,0,0.001,1049,10,0.0003036159873008728,1875,0.5,1.028836987607245
gpu,SS,1048576,32,0,0.001,1049,11,0.0002580479979515076,1875,0.5,1.028836987607245
gpu,DS,1048576,32,0,0.001,1049,11,0.007780928134918213,1875,0.5,1.028836987607245
gpu,DS,1048576,32,0,0.001,1049,12,0.008339296340942383,1875,0.5,1.028836987607245
gpu,SS,1048576,32,0,0.001,1049,12,0.00025174400210380555,1875,0.5,1.028836987607245
gpu,SS,1048576,32,0,0.001,1049,13,0.00020633600652217866,1875,0.5,1.028836987607245
gpu,DS,1048576,32,0,0.001,1049,13,0.009293791770935058,1875,0.5,1.028836987607245
gpu,DS,1048576,32,0,0.001,1049,14,0.007937119960784913,1875,0.5,1.028836987607245
gpu,SS,1048576,32,0,0.001,1049,14,0.00022256000339984893,1875,0.5,1.028836987607245
cpu,DS,1048576,32,0,0.003,3146,0,0.0323621100001219,-1,0.5,1.0085425937698664
cpu,SS,1048576,32,0,0.003,3146,0,0.0014419799999814131,-1,0.5,1.0085425937698664
cpu,SS,1048576,32,0,0.003,3146,1,0.0012047400000483321,-1,0.5,1.0085425937698664
cpu,DS,1048576,32,0,0.003,3146,1,0.035512739999830956,-1,0.5,1.0085425937698664
cpu,DS,1048576,32,0,0.003,3146,2,0.035821980000037,-1,0.5,1.0085425937698664
cpu,SS,1048576,32,0,0.003,3146,2,0.0015411600002153136,-1,0.5,1.0085425937698664
cpu,SS,1048576,32,0,0.003,3146,3,0.0012636000001293723,-1,0.5,1.0085425937698664
cpu,DS,1048576,32,0,0.003,3146,3,0.03673125000022992,-1,0.5,1.0085425937698664
cpu,DS,1048576,32,0,0.003,3146,4,0.03406769999992321,-1,0.5,1.0085425937698664
cpu,SS,1048576,32,0,0.003,3146,4,0.0015599700000166195,-1,0.5,1.0085425937698664
cpu,SS,1048576,32,0,0.003,3146,5,0.001292399999783811,-1,0.5,1.0085425937698664
cpu,DS,1048576,32,0,0.003,3146,5,0.042918030000237195,-1,0.5,1.0085425937698664
cpu,DS,1048576,32,0,0.003,3146,6,0.03911651999987953,-1,0.5,1.0085425937698664
cpu,SS,1048576,32,0,0.003,3146,6,0.0016635599999972328,-1,0.5,1.0085425937698664
cpu,SS,1048576,32,0,0.003,3146,7,0.0013412700000117184,-1,0.5,1.0085425937698664
cpu,DS,1048576,32,0,0.003,3146,7,0.03464747999987594,-1,0.5,1.0085425937698664
cpu,DS,1048576,32,0,0.003,3146,8,0.03457449000006818,-1,0.5,1.0085425937698664
cpu,SS,1048576,32,0,0.003,3146,8,0.0015334200002143916,-1,0.5,1.0085425937698664
cpu,SS,1048576,32,0,0.003,3146,9,0.0029988900000716967,-1,0.5,1.0085425937698664
cpu,DS,1048576,32,0,0.003,3146,9,0.03712616999973761,-1,0.5,1.0085425937698664
cpu,DS,1048576,32,0,0.003,3146,10,0.036265589999857184,-1,0.5,1.0085425937698664
cpu,SS,1048576,32,0,0.003,3146,10,0.0015728400003354182,-1,0.5,1.0085425937698664
cpu,SS,1048576,32,0,0.003,3146,11,0.0013240799999039154,-1,0.5,1.0085425937698664
cpu,DS,1048576,32,0,0.003,3146,11,0.03564621000032275,-1,0.5,1.0085425937698664
cpu,DS,1048576,32,0,0.003,3146,12,0.042052679999869724,-1,0.5,1.0085425937698664
cpu,SS,1048576,32,0,0.003,3146,12,0.001337850000254548,-1,0.5,1.0085425937698664
cpu,SS,1048576,32,0,0.003,3146,13,0.0012485699999160715,-1,0.5,1.0085425937698664
cpu,DS,1048576,32,0,0.003,3146,13,0.03391775999989477,-1,0.5,1.0085425937698664
cpu,DS,1048576,32,0,0.003,3146,14,0.032902739999826736,-1,0.5,1.0085425937698664
cpu,SS,1048576,32,0,0.003,3146,14,0.0014938200001779478,-1,0.5,1.0085425937698664
gpu,DS,1048576,32,0,0.003,3146,0,0.007756608009338379,1875,0.5,1.0085425937698664
gpu,SS,1048576,32,0,0.003,3146,0,0.00045667201280593874,1875,0.5,1.0085425937698664
gpu,SS,1048576,32,0,0.003,3146,1,0.0004929279983043671,1875,0.5,1.0085425937698664
gpu,DS,1048576,32,0,0.003,3146,1,0.007703680038452149,1875,0.5,1.0085425937698664
gpu,DS,1048576,32,0,0.003,3146,2,0.008349920272827148,1875,0.5,1.0085425937698664
gpu,SS,1048576,32,0,0.003,3146,2,0.00046937599778175355,1875,0.5,1.0085425937698664
gpu,SS,1048576,32,0,0.003,3146,3,0.0004965440034866333,1875,0.5,1.0085425937698664
gpu,DS,1048576,32,0,0.003,3146,3,0.009311648368835449,1875,0.5,1.0085425937698664
gpu,DS,1048576,32,0,0.003,3146,4,0.00783561611175537,1875,0.5,1.0085425937698664
gpu,SS,1048576,32,0,0.003,3146,4,0.00045916798710823057,1875,0.5,1.0085425937698664
gpu,SS,1048576,32,0,0.003,3146,5,0.00045548799633979796,1875,0.5,1.0085425937698664
gpu,DS,1048576,32,0,0.003,3146,5,0.007762432098388672,1875,0.5,1.0085425937698664
gpu,DS,1048576,32,0,0.003,3146,6,0.00941100788116455,1875,0.5,1.0085425937698664
gpu,SS,1048576,32,0,0.003,3146,6,0.00048364800214767455,1875,0.5,1.0085425937698664
gpu,SS,1048576,32,0,0.003,3146,7,0.00046054399013519286,1875,0.5,1.0085425937698664
gpu,DS,1048576,32,0,0.003,3146,7,0.007868735790252686,1875,0.5,1.0085425937698664
gpu,DS,1048576,32,0,0.003,3146,8,0.007834688186645507,1875,0.5,1.0085425937698664
gpu,SS,1048576,32,0,0.003,3146,8,0.00046489599347114563,1875,0.5,1.0085425937698664
gpu,SS,1048576,32,0,0.003,3146,9,0.0004678080081939697,1875,0.5,1.0085425937698664
gpu,DS,1048576,32,0,0.003,3146,9,0.009269920349121094,1875,0.5,1.0085425937698664
gpu,DS,1048576,32,0,0.003,3146,10,0.0079649920463562,1875,0.5,1.0085425937698664
gpu,SS,1048576,32,0,0.003,3146,10,0.0008090559840202332,1875,0.5,1.0085425937698664
gpu,SS,1048576,32,0,0.003,3146,11,0.00046051201224327085,1875,0.5,1.0085425937698664
gpu,DS,1048576,32,0,0.003,3146,11,0.007852255821228027,1875,0.5,1.0085425937698664
gpu,DS,1048576,32,0,0.003,3146,12,0.009556672096252442,1875,0.5,1.0085425937698664
gpu,SS,1048576,32,0,0.003,3146,12,0.0005152000188827514,1875,0.5,1.0085425937698664
gpu,SS,1048576,32,0,0.003,3146,13,0.00045395201444625857,1875,0.5,1.0085425937698664
gpu,DS,1048576,32,0,0.003,3146,13,0.008351743698120117,1875,0.5,1.0085425937698664
gpu,DS,1048576,32,0,0.003,3146,14,0.008046431541442871,1875,0.5,1.0085425937698664
gpu,SS,1048576,32,0,0.003,3146,14,0.0005990080237388611,1875,0.5,1.0085425937698664
cpu,DS,1048576,32,0,0.01,10486,0,0.03501081000013073,-1,0.5,1.004285475872592
cpu,SS,1048576,32,0,0.01,10486,0,0.004130010000153561,-1,0.5,1.004285475872592
cpu,SS,1048576,32,0,0.01,10486,1,0.004022280000299361,-1,0.5,1.004285475872592
cpu,DS,1048576,32,0,0.01,10486,1,0.03802653000002465,-1,0.5,1.004285475872592
cpu,DS,1048576,32,0,0.01,10486,2,0.03586679999989428,-1,0.5,1.004285475872592
cpu,SS,1048576,32,0,0.01,10486,2,0.004545450000023266,-1,0.5,1.004285475872592
cpu,SS,1048576,32,0,0.01,10486,3,0.004044509999857837,-1,0.5,1.004285475872592
cpu,DS,1048576,32,0,0.01,10486,3,0.037076040000101784,-1,0.5,1.004285475872592
cpu,DS,1048576,32,0,0.01,10486,4,0.03450762000011309,-1,0.5,1.004285475872592
cpu,SS,1048576,32,0,0.01,10486,4,0.00408861000005345,-1,0.5,1.004285475872592
cpu,SS,1048576,32,0,0.01,10486,5,0.004037939999761875,-1,0.5,1.004285475872592
cpu,DS,1048576,32,0,0.01,10486,5,0.037265129999923374,-1,0.5,1.004285475872592
cpu,DS,1048576,32,0,0.01,10486,6,0.07096275000003516,-1,0.5,1.004285475872592
cpu,SS,1048576,32,0,0.01,10486,6,0.007876170000145066,-1,0.5,1.004285475872592
cpu,SS,1048576,32,0,0.01,10486,7,0.00939338999978645,-1,0.5,1.004285475872592
cpu,DS,1048576,32,0,0.01,10486,7,0.038921400000162976,-1,0.5,1.004285475872592
cpu,DS,1048576,32,0,0.01,10486,8,0.03913010999986,-1,0.5,1.004285475872592
cpu,SS,1048576,32,0,0.01,10486,8,0.004147290000219073,-1,0.5,1.004285475872592
cpu,SS,1048576,32,0,0.01,10486,9,0.004132620000291354,-1,0.5,1.004285475872592
cpu,DS,1048576,32,0,0.01,10486,9,0.03625217999979213,-1,0.5,1.004285475872592
cpu,DS,1048576,32,0,0.01,10486,10,0.03657833999977811,-1,0.5,1.004285475872592
cpu,SS,1048576,32,0,0.01,10486,10,0.0039706200000182434,-1,0.5,1.004285475872592
cpu,SS,1048576,32,0,0.01,10486,11,0.004553910000140604,-1,0.5,1.004285475872592
cpu,DS,1048576,32,0,0.01,10486,11,0.03726252000024033,-1,0.5,1.004285475872592
cpu,DS,1048576,32,0,0.01,10486,12,0.03912741000021924,-1,0.5,1.004285475872592
cpu,SS,1048576,32,0,0.01,10486,12,0.0041969699996116105,-1,0.5,1.004285475872592
cpu,SS,1048576,32,0,0.01,10486,13,0.004011929999705899,-1,0.5,1.004285475872592
cpu,DS,1048576,32,0,0.01,10486,13,0.03472650000003341,-1,0.5,1.004285475872592
cpu,DS,1048576,32,0,0.01,10486,14,0.03439611000021614,-1,0.5,1.004285475872592
cpu,SS,1048576,32,0,0.01,10486,14,0.004988789999970322,-1,0.5,1.004285475872592
gpu,DS,1048576,32,0,0.01,10486,0,0.007659711837768555,1875,0.5,1.004285475872592
gpu,SS,1048576,32,0,0.01,10486,0,0.0013086719512939453,1875,0.5,1.004285475872592
gpu,SS,1048576,32,0,0.01,10486,1,0.0018260799646377564,1875,0.5,1.004285475872592
gpu,DS,1048576,32,0,0.01,10486,1,0.007770400047302246,1875,0.5,1.004285475872592
gpu,DS,1048576,32,0,0.01,10486,2,0.009244480133056641,1875,0.5,1.004285475872592
gpu,SS,1048576,32,0,0.01,10486,2,0.0012738560438156129,1875,0.5,1.004285475872592
gpu,SS,1048576,32,0,0.01,10486,3,0.001285856008529663,1875,0.5,1.004285475872592
gpu,DS,1048576,32,0,0.01,10486,3,0.007890495777130127,1875,0.5,1.004285475872592
gpu,DS,1048576,32,0,0.01,10486,4,0.007747583866119385,1875,0.5,1.004285475872592
gpu,SS,1048576,32,0,0.01,10486,4,0.0012718080282211304,1875,0.5,1.004285475872592
gpu,SS,1048576,32,0,0.01,10486,5,0.0013994239568710326,1875,0.5,1.004285475872592
gpu,DS,1048576,32,0,0.01,10486,5,0.007727231979370117,1875,0.5,1.004285475872592
gpu,DS,1048576,32,0,0.01,10486,6,0.008327168464660644,1875,0.5,1.004285475872592
gpu,SS,1048576,32,0,0.01,10486,6,0.001279263973236084,1875,0.5,1.004285475872592
gpu,SS,1048576,32,0,0.01,10486,7,0.0012743680477142335,1875,0.5,1.004285475872592
gpu,DS,1048576,32,0,0.01,10486,7,0.009227904319763183,1875,0.5,1.004285475872592
gpu,DS,1048576,32,0,0.01,10486,8,0.007813663959503173,1875,0.5,1.004285475872592
gpu,SS,1048576,32,0,0.01,10486,8,0.0012677119970321655,1875,0.5,1.004285475872592
gpu,SS,1048576,32,0,0.01,10486,9,0.0013002560138702392,1875,0.5,1.004285475872592
gpu,DS,1048576,32,0,0.01,10486,9,0.0077773118019104,1875,0.5,1.004285475872592
gpu,DS,1048576,32,0,0.01,10486,10,0.00939417552947998,1875,0.5,1.004285475872592
gpu,SS,1048576,32,0,0.01,10486,10,0.0013389439582824707,1875,0.5,1.004285475872592
gpu,SS,1048576,32,0,0.01,10486,11,0.0012654080390930177,1875,0.5,1.004285475872592
gpu,DS,1048576,32,0,0.01,10486,11,0.008279680252075195,1875,0.5,1.004285475872592
gpu,DS,1048576,32,0,0.01,10486,12,0.007801663875579834,1875,0.5,1.004285475872592
gpu,SS,1048576,32,0,0.01,10486,12,0.0013230719566345215,1875,0.5,1.004285475872592
gpu,SS,1048576,32,0,0.01,10486,13,0.0014377280473709107,1875,0.5,1.004285475872592
gpu,DS,1048576,32,0,0.01,10486,13,0.007759776115417481,1875,0.5,1.004285475872592
gpu,DS,1048576,32,0,0.01,10486,14,0.007772160053253174,1875,0.5,1.004285475872592
gpu,SS,1048576,32,0,0.01,10486,14,0.001274880051612854,1875,0.5,1.004285475872592
cpu,DS,1048576,32,0,0.03,31457,0,0.034298280000257364,-1,0.5,1.002386193851925
cpu,SS,1048576,32,0,0.03,31457,0,0.009544049999931303,-1,0.5,1.002386193851925
cpu,SS,1048576,32,0,0.03,31457,1,0.009464400000069872,-1,0.5,1.002386193851925
cpu,DS,1048576,32,0,0.03,31457,1,0.03535604999979114,-1,0.5,1.002386193851925
cpu,DS,1048576,32,0,0.03,31457,2,0.029841839999789954,-1,0.5,1.002386193851925
cpu,SS,1048576,32,0,0.03,31457,2,0.010557900000094378,-1,0.5,1.002386193851925
cpu,SS,1048576,32,0,0.03,31457,3,0.010011600000325416,-1,0.5,1.002386193851925
cpu,DS,1048576,32,0,0.03,31457,3,0.03553316999978051,-1,0.5,1.002386193851925
cpu,DS,1048576,32,0,0.03,31457,4,0.035193510000226524,-1,0.5,1.002386193851925
cpu,SS,1048576,32,0,0.03,31457,4,0.01037717999997767,-1,0.5,1.002386193851925
cpu,SS,1048576,32,0,0.03,31457,5,0.01018205999980637,-1,0.5,1.002386193851925
cpu,DS,1048576,32,0,0.03,31457,5,0.032098319999931846,-1,0.5,1.002386193851925
cpu,DS,1048576,32,0,0.03,31457,6,0.032111819999954605,-1,0.5,1.002386193851925
cpu,SS,1048576,32,0,0.03,31457,6,0.009812700000111363,-1,0.5,1.002386193851925
cpu,SS,1048576,32,0,0.03,31457,7,0.00942795000037222,-1,0.5,1.002386193851925
cpu,DS,1048576,32,0,0.03,31457,7,0.03648212999996758,-1,0.5,1.002386193851925
cpu,DS,1048576,32,0,0.03,31457,8,0.038172149999809335,-1,0.5,1.002386193851925
cpu,SS,1048576,32,0,0.03,31457,8,0.010361250000187283,-1,0.5,1.002386193851925
cpu,SS,1048576,32,0,0.03,31457,9,0.011204819999875326,-1,0.5,1.002386193851925
cpu,DS,1048576,32,0,0.03,31457,9,0.03326976000016657,-1,0.5,1.002386193851925
cpu,DS,1048576,32,0,0.03,31457,10,0.03605336999999054,-1,0.5,1.002386193851925
cpu,SS,1048576,32,0,0.03,31457,10,0.010263959999974759,-1,0.5,1.002386193851925
cpu,SS,1048576,32,0,0.03,31457,11,0.010598129999834782,-1,0.5,1.002386193851925
cpu,DS,1048576,32,0,0.03,31457,11,0.03211766999993415,-1,0.5,1.002386193851925
cpu,DS,1048576,32,0,0.03,31457,12,0.03253004999987752,-1,0.5,1.002386193851925
cpu,SS,1048576,32,0,0.03,31457,12,0.010338209999645187,-1,0.5,1.002386193851925
cpu,SS,1048576,32,0,0.03,31457,13,0.011372760000085691,-1,0.5,1.002386193851925
cpu,DS,1048576,32,0,0.03,31457,13,0.03602762999980769,-1,0.5,1.002386193851925
cpu,DS,1048576,32,0,0.03,31457,14,0.03192668999963644,-1,0.5,1.002386193851925
cpu,SS,1048576,32,0,0.03,31457,14,0.00998226000001523,-1,0.5,1.002386193851925
gpu,DS,1048576,32,0,0.03,31457,0,0.00925699234008789,1875,0.5,1.002386193851925
gpu,SS,1048576,32,0,0.03,31457,0,0.0034590721130371093,1875,0.5,1.002386193851925
gpu,SS,1048576,32,0,0.03,31457,1,0.00342956805229187,1875,0.5,1.002386193851925
gpu,DS,1048576,32,0,0.03,31457,1,0.008318976402282715,1875,0.5,1.002386193851925
gpu,DS,1048576,32,0,0.03,31457,2,0.007849599838256836,1875,0.5,1.002386193851925
gpu,SS,1048576,32,0,0.03,31457,2,0.003363872051239014,1875,0.5,1.002386193851925
gpu,SS,1048576,32,0,0.03,31457,3,0.003416127920150757,1875,0.5,1.002386193851925
gpu,DS,1048576,32,0,0.03,31457,3,0.007794688224792481,1875,0.5,1.002386193851925
gpu,DS,1048576,32,0,0.03,31457,4,0.007766016006469726,1875,0.5,1.002386193851925
gpu,SS,1048576,32,0,0.03,31457,4,0.0035450880527496337,1875,0.5,1.002386193851925
gpu,SS,1048576,32,0,0.03,31457,5,0.0033754560947418214,1875,0.5,1.002386193851925
gpu,DS,1048576,32,0,0.03,31457,5,0.007730751991271973,1875,0.5,1.002386193851925
gpu,DS,1048576,32,0,0.03,31457,6,0.007624735832214355,1875,0.5,1.002386193851925
gpu,SS,1048576,32,0,0.03,31457,6,0.003432127952575684,1875,0.5,1.002386193851925
gpu,SS,1048576,32,0,0.03,31457,7,0.004839424133300781,1875,0.5,1.002386193851925
gpu,DS,1048576,32,0,0.03,31457,7,0.007856639862060547,1875,0.5,1.002386193851925
gpu,DS,1048576,32,0,0.03,31457,8,0.007776576042175293,1875,0.5,1.002386193851925
gpu,SS,1048576,32,0,0.03,31457,8,0.003476703882217407,1875,0.5,1.002386193851925
gpu,SS,1048576,32,0,0.03,31457,9,0.003428704023361206,1875,0.5,1.002386193851925
gpu,DS,1048576,32,0,0.03,31457,9,0.009236576080322266,1875,0.5,1.002386193851925
gpu,DS,1048576,32,0,0.03,31457,10,0.008383968353271484,1875,0.5,1.002386193851925
gpu,SS,1048576,32,0,0.03,31457,10,0.0034857280254364013,1875,0.5,1.002386193851925
gpu,SS,1048576,32,0,0.03,31457,11,0.0034295039176940917,1875,0.5,1.002386193851925
gpu,DS,1048576,32,0,0.03,31457,11,0.009528223991394042,1875,0.5,1.002386193851925
gpu,DS,1048576,32,0,0.03,31457,12,0.007952000141143799,1875,0.5,1.002386193851925
gpu,SS,1048576,32,0,0.03,31457,12,0.003575808048248291,1875,0.5,1.002386193851925
gpu,SS,1048576,32,0,0.03,31457,13,0.0034461119174957274,1875,0.5,1.002386193851925
gpu,DS,1048576,32,0,0.03,31457,13,0.007867648124694824,1875,0.5,1.002386193851925
gpu,DS,1048576,32,0,0.03,31457,14,0.007679935932159424,1875,0.5,1.002386193851925
gpu,SS,1048576,32,0,0.03,31457,14,0.003430624008178711,1875,0.5,1.002386193851925
cpu,DS,1048576,32,0,0.1,104858,0,0.03762927000025229,-1,0.5,1.0024431850693318
cpu,SS,1048576,32,0,0.1,104858,0,0.028044629999840254,-1,0.5,1.0024431850693318
cpu,SS,1048576,32,0,0.1,104858,1,0.027473490000375023,-1,0.5,1.0024431850693318
cpu,DS,1048576,32,0,0.1,104858,1,0.03559373999996751,-1,0.5,1.0024431850693318
cpu,DS,1048576,32,0,0.1,104858,2,0.036697230000299896,-1,0.5,1.0024431850693318
cpu,SS,1048576,32,0,0.1,104858,2,0.027957509999851027,-1,0.5,1.0024431850693318
cpu,SS,1048576,32,0,0.1,104858,3,0.024658470000304078,-1,0.5,1.0024431850693318
cpu,DS,1048576,32,0,0.1,104858,3,0.03328056000009383,-1,0.5,1.0024431850693318
cpu,DS,1048576,32,0,0.1,104858,4,0.030930840000110038,-1,0.5,1.0024431850693318
cpu,SS,1048576,32,0,0.1,104858,4,0.029244509999898582,-1,0.5,1.0024431850693318
cpu,SS,1048576,32,0,0.1,104858,5,0.03458691000014369,-1,0.5,1.0024431850693318
cpu,DS,1048576,32,0,0.1,104858,5,0.0367947899999308,-1,0.5,1.0024431850693318
cpu,DS,1048576,32,0,0.1,104858,6,0.048252420000153506,-1,0.5,1.0024431850693318
cpu,SS,1048576,32,0,0.1,104858,6,0.029652119999809656,-1,0.5,1.0024431850693318
cpu,SS,1048576,32,0,0.1,104858,7,0.02828484000019671,-1,0.5,1.0024431850693318
cpu,DS,1048576,32,0,0.1,104858,7,0.03715883999984726,-1,0.5,1.0024431850693318
cpu,DS,1048576,32,0,0.1,104858,8,0.03687560999969719,-1,0.5,1.0024431850693318
cpu,SS,1048576,32,0,0.1,104858,8,0.02798361000031946,-1,0.5,1.0024431850693318
cpu,SS,1048576,32,0,0.1,104858,9,0.029465370000252733,-1,0.5,1.0024431850693318
cpu,DS,1048576,32,0,0.1,104858,9,0.040987979999954405,-1,0.5,1.0024431850693318
cpu,DS,1048576,32,0,0.1,104858,10,0.038020139999844105,-1,0.5,1.0024431850693318
cpu,SS,1048576,32,0,0.1,104858,10,0.026981009999872185,-1,0.5,1.0024431850693318
cpu,SS,1048576,32,0,0.1,104858,11,0.02830571999993481,-1,0.5,1.0024431850693318
cpu,DS,1048576,32,0,0.1,104858,11,0.03508100999988528,-1,0.5,1.0024431850693318
cpu,DS,1048576,32,0,0.1,104858,12,0.03727475999994567,-1,0.5,1.0024431850693318
cpu,SS,1048576,32,0,0.1,104858,12,0.02696103000016592,-1,0.5,1.0024431850693318
cpu,SS,1048576,32,0,0.1,104858,13,0.027398340000218013,-1,0.5,1.0024431850693318
cpu,DS,1048576,32,0,0.1,104858,13,0.03740940000034243,-1,0.5,1.0024431850693318
cpu,DS,1048576,32,0,0.1,104858,14,0.036045990000275197,-1,0.5,1.0024431850693318
cpu,SS,1048576,32,0,0.1,104858,14,0.026959499999975378,-1,0.5,1.0024431850693318
gpu,DS,1048576,32,0,0.1,104858,0,0.008941280364990234,1140,0.5,1.0024431850693318
gpu,SS,1048576,32,0,0.1,104858,0,0.01288697624206543,1140,0.5,1.0024431850693318
gpu,SS,1048576,32,0,0.1,104858,1,0.010784704208374024,1140,0.5,1.0024431850693318
gpu,DS,1048576,32,0,0.1,104858,1,0.007977407932281494,1140,0.5,1.0024431850693318
gpu,DS,1048576,32,0,0.1,104858,2,0.009931936264038085,1140,0.5,1.0024431850693318
gpu,SS,1048576,32,0,0.1,104858,2,0.010577919960021973,1860,0.5,1.0024431850693318
gpu,SS,1048576,32,0,0.1,104858,3,0.011380800247192383,1860,0.5,1.0024431850693318
gpu,DS,1048576,32,0,0.1,104858,3,0.007847487926483154,1860,0.5,1.0024431850693318
gpu,DS,1048576,32,0,0.1,104858,4,0.007763167858123779,1860,0.5,1.0024431850693318
gpu,SS,1048576,32,0,0.1,104858,4,0.011284480094909668,1860,0.5,1.0024431850693318
gpu,SS,1048576,32,0,0.1,104858,5,0.010593055725097656,1860,0.5,1.0024431850693318
gpu,DS,1048576,32,0,0.1,104858,5,0.007813119888305664,1860,0.5,1.0024431850693318
gpu,DS,1048576,32,0,0.1,104858,6,0.009289888381958008,1875,0.5,1.0024431850693318
gpu,SS,1048576,32,0,0.1,104858,6,0.010123711585998535,1875,0.5,1.0024431850693318
gpu,SS,1048576,32,0,0.1,104858,7,0.01003718376159668,1875,0.5,1.0024431850693318
gpu,DS,1048576,32,0,0.1,104858,7,0.009266143798828124,1875,0.5,1.0024431850693318
gpu,DS,1048576,32,0,0.1,104858,8,0.00785155200958252,1875,0.5,1.0024431850693318
gpu,SS,1048576,32,0,0.1,104858,8,0.010510335922241211,1875,0.5,1.0024431850693318
gpu,SS,1048576,32,0,0.1,104858,9,0.011582048416137695,1875,0.5,1.0024431850693318
gpu,DS,1048576,32,0,0.1,104858,9,0.007895040035247802,1875,0.5,1.0024431850693318
gpu,DS,1048576,32,0,0.1,104858,10,0.007726272106170654,1875,0.5,1.0024431850693318
gpu,SS,1048576,32,0,0.1,104858,10,0.01127619171142578,1875,0.5,1.0024431850693318
gpu,SS,1048576,32,0,0.1,104858,11,0.011317248344421387,1875,0.5,1.0024431850693318
gpu,DS,1048576,32,0,0.1,104858,11,0.008824831962585449,1875,0.5,1.0024431850693318
gpu,DS,1048576,32,0,0.1,104858,12,0.007804480075836182,1875,0.5,1.0024431850693318
gpu,SS,1048576,32,0,0.1,104858,12,0.011405887603759766,1875,0.5,1.0024431850693318
gpu,SS,1048576,32,0,0.1,104858,13,0.010130559921264649,1875,0.5,1.0024431850693318
gpu,DS,1048576,32,0,0.1,104858,13,0.008182463645935058,1875,0.5,1.0024431850693318
gpu,DS,1048576,32,0,0.1,104858,14,0.008319231986999511,1875,0.5,1.0024431850693318
gpu,SS,1048576,32,0,0.1,104858,14,0.010589759826660156,1875,0.5,1.0024431850693318
cpu,DS,1048576,32,0,0.2,209715,0,0.035734713000238116,-1,0.5,1.0010263929618768
cpu,SS,1048576,32,0,0.2,209715,0,0.05084729800000787,-1,0.5,1.0010263929618768
cpu,SS,1048576,32,0,0.2,209715,1,0.04796322600031999,-1,0.5,1.0010263929618768
cpu,DS,1048576,32,0,0.2,209715,1,0.03450412900019728,-1,0.5,1.0010263929618768
cpu,DS,1048576,32,0,0.2,209715,2,0.038097395000022516,-1,0.5,1.0010263929618768
cpu,SS,1048576,32,0,0.2,209715,2,0.05198115100029099,-1,0.5,1.0010263929618768
cpu,SS,1048576,32,0,0.2,209715,3,0.05991978200017911,-1,0.5,1.0010263929618768
cpu,DS,1048576,32,0,0.2,209715,3,0.04112851199988654,-1,0.5,1.0010263929618768
cpu,DS,1048576,32,0,0.2,209715,4,0.03908235000017157,-1,0.5,1.0010263929618768
cpu,SS,1048576,32,0,0.2,209715,4,0.0522584709997318,-1,0.5,1.0010263929618768
cpu,SS,1048576,32,0,0.2,209715,5,0.050284563999866805,-1,0.5,1.0010263929618768
cpu,DS,1048576,32,0,0.2,209715,5,0.040744711000115785,-1,0.5,1.0010263929618768
cpu,DS,1048576,32,0,0.2,209715,6,0.04224729200041111,-1,0.5,1.0010263929618768
cpu,SS,1048576,32,0,0.2,209715,6,0.05542968600002496,-1,0.5,1.0010263929618768
cpu,SS,1048576,32,0,0.2,209715,7,0.05716624500018952,-1,0.5,1.0010263929618768
cpu,DS,1048576,32,0,0.2,209715,7,0.035965106999810814,-1,0.5,1.0010263929618768
cpu,DS,1048576,32,0,0.2,209715,8,0.05234721300030287,-1,0.5,1.0010263929618768
cpu,SS,1048576,32,0,0.2,209715,8,0.05719635100012965,-1,0.5,1.0010263929618768
cpu,SS,1048576,32,0,0.2,209715,9,0.05434543399996983,-1,0.5,1.0010263929618768
cpu,DS,1048576,32,0,0.2,209715,9,0.04112301999975898,-1,0.5,1.0010263929618768
cpu,DS,1048576,32,0,0.2,209715,10,0.040066971000214835,-1,0.5,1.0010263929618768
cpu,SS,1048576,32,0,0.2,209715,10,0.052568627999789896,-1,0.5,1.0010263929618768
cpu,SS,1048576,32,0,0.2,209715,11,0.05153064299975085,-1,0.5,1.0010263929618768
cpu,DS,1048576,32,0,0.2,209715,11,0.03758345799997187,-1,0.5,1.0010263929618768
cpu,DS,1048576,32,0,0.2,209715,12,0.0406789230000868,-1,0.5,1.0010263929618768
cpu,SS,1048576,32,0,0.2,209715,12,0.048515777999909915,-1,0.5,1.0010263929618768
cpu,SS,1048576,32,0,0.2,209715,13,0.11242892000018401,-1,0.5,1.0010263929618768
cpu,DS,1048576,32,0,0.2,209715,13,0.04121809200023563,-1,0.5,1.0010263929618768
cpu,DS,1048576,32,0,0.2,209715,14,0.04455652300021029,-1,0.5,1.0010263929618768
cpu,SS,1048576,32,0,0.2,209715,14,0.05517943399991054,-1,0.5,1.0010263929618768
gpu,DS,1048576,32,0,0.2,209715,0,0.00948038387298584,1860,0.5,1.0010263929618768
gpu,SS,1048576,32,0,0.2,209715,0,0.019284416198730468,1860,0.5,1.0010263929618768
gpu,SS,1048576,32,0,0.2,209715,1,0.02014959907531738,1860,0.5,1.0010263929618768
gpu,DS,1048576,32,0,0.2,209715,1,0.007772704124450683,1860,0.5,1.0010263929618768
gpu,DS,1048576,32,0,0.2,209715,2,0.00939136028289795,1875,0.5,1.0010263929618768
gpu,SS,1048576,32,0,0.2,209715,2,0.019253280639648436,1875,0.5,1.0010263929618768
gpu,SS,1048576,32,0,0.2,209715,3,0.020074495315551756,1875,0.5,1.0010263929618768
gpu,DS,1048576,32,0,0.2,209715,3,0.007954239845275879,1875,0.5,1.0010263929618768
gpu,DS,1048576,32,0,0.2,209715,4,0.007815167903900147,1875,0.5,1.0010263929618768
gpu,SS,1048576,32,0,0.2,209715,4,0.019306495666503908,1875,0.5,1.0010263929618768
gpu,SS,1048576,32,0,0.2,209715,5,0.02005734443664551,1875,0.5,1.0010263929618768
gpu,DS,1048576,32,0,0.2,209715,5,0.007857088088989259,1875,0.5,1.0010263929618768
gpu,DS,1048576,32,0,0.2,209715,6,0.009478143692016602,1875,0.5,1.0010263929618768
gpu,SS,1048576,32,0,0.2,209715,6,0.019673088073730468,1875,0.5,1.0010263929618768
gpu,SS,1048576,32,0,0.2,209715,7,0.020382368087768554,1875,0.5,1.0010263929618768
gpu,DS,1048576,32,0,0.2,209715,7,0.007734591960906982,1875,0.5,1.0010263929618768
gpu,DS,1048576,32,0,0.2,209715,8,0.009216287612915038,1875,0.5,1.0010263929618768
gpu,SS,1048576,32,0,0.2,209715,8,0.019336000442504882,1875,0.5,1.0010263929618768
gpu,SS,1048576,32,0,0.2,209715,9,0.02026905632019043,1875,0.5,1.0010263929618768
gpu,DS,1048576,32,0,0.2,209715,9,0.007851712226867676,1875,0.5,1.0010263929618768
gpu,DS,1048576,32,0,0.2,209715,10,0.00772873592376709,1875,0.5,1.0010263929618768
gpu,SS,1048576,32,0,0.2,209715,10,0.02067184066772461,1875,0.5,1.0010263929618768
gpu,SS,1048576,32,0,0.2,209715,11,0.02012758445739746,1875,0.5,1.0010263929618768
gpu,DS,1048576,32,0,0.2,209715,11,0.00784329605102539,1875,0.5,1.0010263929618768
gpu,DS,1048576,32,0,0.2,209715,12,0.0077582402229309086,1875,0.5,1.0010263929618768
gpu,SS,1048576,32,0,0.2,209715,12,0.019995424270629884,1875,0.5,1.0010263929618768
gpu,SS,1048576,32,0,0.2,209715,13,0.02072166442871094,1875,0.5,1.0010263929618768
gpu,DS,1048576,32,0,0.2,209715,13,0.007805920124053955,1875,0.5,1.0010263929618768
gpu,DS,1048576,32,0,0.2,209715,14,0.007820640087127686,1875,0.5,1.0010263929618768
gpu,SS,1048576,32,0,0.2,209715,14,0.020002815246582033,1875,0.5,1.0010263929618768
cpu,DS,1048576,32,0,0.3,314573,0,0.04988049600024169,-1,0.5,1.0006749228319023
cpu,SS,1048576,32,0,0.3,314573,0,0.08172261000026992,-1,0.5,1.0006749228319023
cpu,SS,1048576,32,0,0.3,314573,1,0.07340943999997762,-1,0.5,1.0006749228319023
cpu,DS,1048576,32,0,0.3,314573,1,0.03856915200003641,-1,0.5,1.0006749228319023
cpu,DS,1048576,32,0,0.3,314573,2,0.03818009299993719,-1,0.5,1.0006749228319023
cpu,SS,1048576,32,0,0.3,314573,2,0.07633863499995641,-1,0.5,1.0006749228319023
cpu,SS,1048576,32,0,0.3,314573,3,0.07416019899983439,-1,0.5,1.0006749228319023
cpu,DS,1048576,32,0,0.3,314573,3,0.03825667799992516,-1,0.5,1.0006749228319023
cpu,DS,1048576,32,0,0.3,314573,4,0.0408624140000029,-1,0.5,1.0006749228319023
cpu,SS,1048576,32,0,0.3,314573,4,0.08000960900017162,-1,0.5,1.0006749228319023
cpu,SS,1048576,32,0,0.3,314573,5,0.07982115300001169,-1,0.5,1.0006749228319023
cpu,DS,1048576,32,0,0.3,314573,5,0.039709814000161714,-1,0.5,1.0006749228319023
cpu,DS,1048576,32,0,0.3,314573,6,0.043256243000087125,-1,0.5,1.0006749228319023
cpu,SS,1048576,32,0,0.3,314573,6,0.06740485099999205,-1,0.5,1.0006749228319023
cpu,SS,1048576,32,0,0.3,314573,7,0.07673022900007709,-1,0.5,1.0006749228319023
cpu,DS,1048576,32,0,0.3,314573,7,0.03942280000001119,-1,0.5,1.0006749228319023
cpu,DS,1048576,32,0,0.3,314573,8,0.04141457600007925,-1,0.5,1.0006749228319023
cpu,SS,1048576,32,0,0.3,314573,8,0.07578562700018665,-1,0.5,1.0006749228319023
cpu,SS,1048576,32,0,0.3,314573,9,0.0755255499998384,-1,0.5,1.0006749228319023
cpu,DS,1048576,32,0,0.3,314573,9,0.03585693500008347,-1,0.5,1.0006749228319023
cpu,DS,1048576,32,0,0.3,314573,10,0.031152096000369056,-1,0.5,1.0006749228319023
cpu,SS,1048576,32,0,0.3,314573,10,0.07961062000003949,-1,0.5,1.0006749228319023
cpu,SS,1048576,32,0,0.3,314573,11,0.07589237000001958,-1,0.5,1.0006749228319023
cpu,DS,1048576,32,0,0.3,314573,11,0.032893351999973675,-1,0.5,1.0006749228319023
cpu,DS,1048576,32,0,0.3,314573,12,0.0340196960000867,-1,0.5,1.0006749228319023
cpu,SS,1048576,32,0,0.3,314573,12,0.06946763100040698,-1,0.5,1.0006749228319023
cpu,SS,1048576,32,0,0.3,314573,13,0.06694678600024417,-1,0.5,1.0006749228319023
cpu,DS,1048576,32,0,0.3,314573,13,0.03665101999968101,-1,0.5,1.0006749228319023
cpu,DS,1048576,32,0,0.3,314573,14,0.043096860999867204,-1,0.5,1.0006749228319023
cpu,SS,1048576,32,0,0.3,314573,14,0.07433087500021429,-1,0.5,1.0006749228319023
gpu,DS,1048576,32,0,0.3,314573,0,0.007931104183197021,1185,0.5,1.0006749228319023
gpu,SS,1048576,32,0,0.3,314573,0,0.03046633529663086,1185,0.5,1.0006749228319023
gpu,SS,1048576,32,0,0.3,314573,1,0.028926687240600588,1875,0.5,1.0006749228319023
gpu,DS,1048576,32,0,0.3,314573,1,0.009283776283264161,1875,0.5,1.0006749228319023
gpu,DS,1048576,32,0,0.3,314573,2,0.007904352188110352,1875,0.5,1.0006749228319023
gpu,SS,1048576,32,0,0.3,314573,2,0.02888118362426758,1875,0.5,1.0006749228319023
gpu,SS,1048576,32,0,0.3,314573,3,0.028833791732788085,1875,0.5,1.0006749228319023
gpu,DS,1048576,32,0,0.3,314573,3,0.008444479942321777,1875,0.5,1.0006749228319023
gpu,DS,1048576,32,0,0.3,314573,4,0.007784128189086914,1875,0.5,1.0006749228319023
gpu,SS,1048576,32,0,0.3,314573,4,0.029270368576049803,1875,0.5,1.0006749228319023
gpu,SS,1048576,32,0,0.3,314573,5,0.029407167434692384,1875,0.5,1.0006749228319023
gpu,DS,1048576,32,0,0.3,314573,5,0.009281951904296875,1875,0.5,1.0006749228319023
gpu,DS,1048576,32,0,0.3,314573,6,0.007776351928710937,1875,0.5,1.0006749228319023
gpu,SS,1048576,32,0,0.3,314573,6,0.02894643211364746,1875,0.5,1.0006749228319023
gpu,SS,1048576,32,0,0.3,314573,7,0.02903286361694336,1875,0.5,1.0006749228319023
gpu,DS,1048576,32,0,0.3,314573,7,0.008318976402282715,1875,0.5,1.0006749228319023
gpu,DS,1048576,32,0,0.3,314573,8,0.00774348783493042,1875,0.5,1.0006749228319023
gpu,SS,1048576,32,0,0.3,314573,8,0.02881545639038086,1875,0.5,1.0006749228319023
gpu,SS,1048576,32,0,0.3,314573,9,0.029396991729736328,1875,0.5,1.0006749228319023
gpu,DS,1048576,32,0,0.3,314573,9,0.008979136466979981,1875,0.5,1.0006749228319023
gpu,DS,1048576,32,0,0.3,314573,10,0.007668672084808349,1875,0.5,1.0006749228319023
gpu,SS,1048576,32,0,0.3,314573,10,0.028949407577514647,1875,0.5,1.0006749228319023
gpu,SS,1048576,32,0,0.3,314573,11,0.029365823745727538,1875,0.5,1.0006749228319023
gpu,DS,1048576,32,0,0.3,314573,11,0.007946271896362305,1875,0.5,1.0006749228319023
gpu,DS,1048576,32,0,0.3,314573,12,0.007784992218017578,1875,0.5,1.0006749228319023
gpu,SS,1048576,32,0,0.3,314573,12,0.029812736511230467,1875,0.5,1.0006749228319023
gpu,SS,1048576,32,0,0.3,314573,13,0.028807167053222657,1875,0.5,1.0006749228319023
gpu,DS,1048576,32,0,0.3,314573,13,0.007760447978973389,1875,0.5,1.0006749228319023
gpu,DS,1048576,32,0,0.3,314573,14,0.009375743865966797,1875,0.5,1.0006749228319023
gpu,SS,1048576,32,0,0.3,314573,14,0.02929033660888672,1875,0.5,1.0006749228319023
cpu,DS,1048576,32,0,0.5,524288,0,0.03388776500014501,-1,0.5,1.0006760358810425
cpu,SS,1048576,32,0,0.5,524288,0,0.1062915380002778,-1,0.5,1.0006760358810425
cpu,SS,1048576,32,0,0.5,524288,1,0.11030790199993135,-1,0.5,1.0006760358810425
cpu,DS,1048576,32,0,0.5,524288,1,0.03042935600024066,-1,0.5,1.0006760358810425
cpu,DS,1048576,32,0,0.5,524288,2,0.036853550000159885,-1,0.5,1.0006760358810425
cpu,SS,1048576,32,0,0.5,524288,2,0.1099376540000776,-1,0.5,1.0006760358810425
cpu,SS,1048576,32,0,0.5,524288,3,0.11190444299973024,-1,0.5,1.0006760358810425
cpu,DS,1048576,32,0,0.5,524288,3,0.03656491800029471,-1,0.5,1.0006760358810425
cpu,DS,1048576,32,0,0.5,524288,4,0.03683755800011568,-1,0.5,1.0006760358810425
cpu,SS,1048576,32,0,0.5,524288,4,0.11292225900024278,-1,0.5,1.0006760358810425
cpu,SS,1048576,32,0,0.5,524288,5,0.11976282300020102,-1,0.5,1.0006760358810425
cpu,DS,1048576,32,0,0.5,524288,5,0.04203731100005825,-1,0.5,1.0006760358810425
cpu,DS,1048576,32,0,0.5,524288,6,0.03890566099971693,-1,0.5,1.0006760358810425
cpu,SS,1048576,32,0,0.5,524288,6,0.10770680699988588,-1,0.5,1.0006760358810425
cpu,SS,1048576,32,0,0.5,524288,7,0.10633083499988061,-1,0.5,1.0006760358810425
cpu,DS,1048576,32,0,0.5,524288,7,0.027797057000043424,-1,0.5,1.0006760358810425
cpu,DS,1048576,32,0,0.5,524288,8,0.03870547099995747,-1,0.5,1.0006760358810425
cpu,SS,1048576,32,0,0.5,524288,8,0.1260803410000335,-1,0.5,1.0006760358810425
cpu,SS,1048576,32,0,0.5,524288,9,0.1189186729998255,-1,0.5,1.0006760358810425
cpu,DS,1048576,32,0,0.5,524288,9,0.04065373399998862,-1,0.5,1.0006760358810425
cpu,DS,1048576,32,0,0.5,524288,10,0.04108853299976545,-1,0.5,1.0006760358810425
cpu,SS,1048576,32,0,0.5,524288,10,0.12240945599978659,-1,0.5,1.0006760358810425
cpu,SS,1048576,32,0,0.5,524288,11,0.11522029099978681,-1,0.5,1.0006760358810425
cpu,DS,1048576,32,0,0.5,524288,11,0.040334482999696775,-1,0.5,1.0006760358810425
cpu,DS,1048576,32,0,0.5,524288,12,0.04459813499988741,-1,0.5,1.0006760358810425
cpu,SS,1048576,32,0,0.5,524288,12,0.12055509699985123,-1,0.5,1.0006760358810425
cpu,SS,1048576,32,0,0.5,524288,13,0.11096960800023226,-1,0.5,1.0006760358810425
cpu,DS,1048576,32,0,0.5,524288,13,0.03624605899995004,-1,0.5,1.0006760358810425
cpu,DS,1048576,32,0,0.5,524288,14,0.03856681099978232,-1,0.5,1.0006760358810425
cpu,SS,1048576,32,0,0.5,524288,14,0.12123201499980496,-1,0.5,1.0006760358810425
gpu,DS,1048576,32,0,0.5,524288,0,0.008001472473144531,1005,0.5,1.0006760358810425
gpu,SS,1048576,32,0,0.5,524288,0,0.04901667022705078,1005,0.5,1.0006760358810425
gpu,SS,1048576,32,0,0.5,524288,1,0.04663248062133789,1860,0.5,1.0006760358810425
gpu,DS,1048576,32,0,0.5,524288,1,0.007856639862060547,1875,0.5,1.0006760358810425
gpu,DS,1048576,32,0,0.5,524288,2,0.00786636781692505,1875,0.5,1.0006760358810425
gpu,SS,1048576,32,0,0.5,524288,2,0.048080894470214845,1875,0.5,1.0006760358810425
gpu,SS,1048576,32,0,0.5,524288,3,0.04680707168579101,1875,0.5,1.0006760358810425
gpu,DS,1048576,32,0,0.5,524288,3,0.007786496162414551,1875,0.5,1.0006760358810425
gpu,DS,1048576,32,0,0.5,524288,4,0.008398880004882812,1875,0.5,1.0006760358810425
gpu,SS,1048576,32,0,0.5,524288,4,0.04702207946777344,1875,0.5,1.0006760358810425
gpu,SS,1048576,32,0,0.5,524288,5,0.046786911010742185,1875,0.5,1.0006760358810425
gpu,DS,1048576,32,0,0.5,524288,5,0.00789299201965332,1875,0.5,1.0006760358810425
gpu,DS,1048576,32,0,0.5,524288,6,0.00929695987701416,1875,0.5,1.0006760358810425
gpu,SS,1048576,32,0,0.5,524288,6,0.047050750732421875,1875,0.5,1.0006760358810425
gpu,SS,1048576,32,0,0.5,524288,7,0.04783161544799805,1875,0.5,1.0006760358810425
gpu,DS,1048576,32,0,0.5,524288,7,0.007821311950683594,1875,0.5,1.0006760358810425
gpu,DS,1048576,32,0,0.5,524288,8,0.007969024181365967,1875,0.5,1.0006760358810425
gpu,SS,1048576,32,0,0.5,524288,8,0.04852825546264648,1875,0.5,1.0006760358810425
gpu,SS,1048576,32,0,0.5,524288,9,0.047003040313720705,1875,0.5,1.0006760358810425
gpu,DS,1048576,32,0,0.5,524288,9,0.007856128215789794,1875,0.5,1.0006760358810425
gpu,DS,1048576,32,0,0.5,524288,10,0.009669471740722656,1875,0.5,1.0006760358810425
gpu,SS,1048576,32,0,0.5,524288,10,0.04677833557128906,1875,0.5,1.0006760358810425
gpu,SS,1048576,32,0,0.5,524288,11,0.04789990234375,1875,0.5,1.0006760358810425
gpu,DS,1048576,32,0,0.5,524288,11,0.00851353645324707,1875,0.5,1.0006760358810425
gpu,DS,1048576,32,0,0.5,524288,12,0.007755775928497314,1875,0.5,1.0006760358810425
gpu,SS,1048576,32,0,0.5,524288,12,0.047588512420654296,1875,0.5,1.0006760358810425
gpu,SS,1048576,32,0,0.5,524288,13,0.04711219024658203,1875,0.5,1.0006760358810425
gpu,DS,1048576,32,0,0.5,524288,13,0.009433631896972655,1875,0.5,1.0006760358810425
gpu,DS,1048576,32,0,0.5,524288,14,0.008022015571594238,1875,0.5,1.0006760358810425
gpu,SS,1048576,32,0,0.5,524288,14,0.04716543960571289,1875,0.5,1.0006760358810425
cpu,DS,1048576,32,0,0.7,734003,0,0.03600366299997404,-1,0.5,1.0003980739860736
cpu,SS,1048576,32,0,0.7,734003,0,0.16362976700020226,-1,0.5,1.0003980739860736
cpu,SS,1048576,32,0,0.7,734003,1,0.15816053100024874,-1,0.5,1.0003980739860736
cpu,DS,1048576,32,0,0.7,734003,1,0.040094661000239284,-1,0.5,1.0003980739860736
cpu,DS,1048576,32,0,0.7,734003,2,0.03717120600003909,-1,0.5,1.0003980739860736
cpu,SS,1048576,32,0,0.7,734003,2,0.15040812199958964,-1,0.5,1.0003980739860736
cpu,SS,1048576,32,0,0.7,734003,3,0.15469155400023737,-1,0.5,1.0003980739860736
cpu,DS,1048576,32,0,0.7,734003,3,0.03615875600007712,-1,0.5,1.0003980739860736
cpu,DS,1048576,32,0,0.7,734003,4,0.034299431000363256,-1,0.5,1.0003980739860736
cpu,SS,1048576,32,0,0.7,734003,4,0.15677817499999946,-1,0.5,1.0003980739860736
cpu,SS,1048576,32,0,0.7,734003,5,0.1560136949997286,-1,0.5,1.0003980739860736
cpu,DS,1048576,32,0,0.7,734003,5,0.03909683799975028,-1,0.5,1.0003980739860736
cpu,DS,1048576,32,0,0.7,734003,6,0.03648580600020068,-1,0.5,1.0003980739860736
cpu,SS,1048576,32,0,0.7,734003,6,0.15774031000000832,-1,0.5,1.0003980739860736
cpu,SS,1048576,32,0,0.7,734003,7,0.14729237699975783,-1,0.5,1.0003980739860736
cpu,DS,1048576,32,0,0.7,734003,7,0.05406164199985142,-1,0.5,1.0003980739860736
cpu,DS,1048576,32,0,0.7,734003,8,0.04372457899989968,-1,0.5,1.0003980739860736
cpu,SS,1048576,32,0,0.7,734003,8,0.1469533340000453,-1,0.5,1.0003980739860736
cpu,SS,1048576,32,0,0.7,734003,9,0.1617755769998439,-1,0.5,1.0003980739860736
cpu,DS,1048576,32,0,0.7,734003,9,0.04192551400001321,-1,0.5,1.0003980739860736
cpu,DS,1048576,32,0,0.7,734003,10,0.04069961400000466,-1,0.5,1.0003980739860736
cpu,SS,1048576,32,0,0.7,734003,10,0.15710249499989004,-1,0.5,1.0003980739860736
cpu,SS,1048576,32,0,0.7,734003,11,0.17336983999985023,-1,0.5,1.0003980739860736
cpu,DS,1048576,32,0,0.7,734003,11,0.034785811999881844,-1,0.5,1.0003980739860736
cpu,DS,1048576,32,0,0.7,734003,12,0.03705468199996176,-1,0.5,1.0003980739860736
cpu,SS,1048576,32,0,0.7,734003,12,0.16321385299988833,-1,0.5,1.0003980739860736
cpu,SS,1048576,32,0,0.7,734003,13,0.16816240199977983,-1,0.5,1.0003980739860736
cpu,DS,1048576,32,0,0.7,734003,13,0.04293523299975277,-1,0.5,1.0003980739860736
cpu,DS,1048576,32,0,0.7,734003,14,0.04419604100030483,-1,0.5,1.0003980739860736
cpu,SS,1048576,32,0,0.7,734003,14,0.16129553299970212,-1,0.5,1.0003980739860736
gpu,DS,1048576,32,0,0.7,734003,0,0.007767072200775146,1890,0.5,1.0003980739860736
gpu,SS,1048576,32,0,0.7,734003,0,0.06574527740478515,1890,0.5,1.0003980739860736
gpu,SS,1048576,32,0,0.7,734003,1,0.06568940734863281,1890,0.5,1.0003980739860736
gpu,DS,1048576,32,0,0.7,734003,1,0.010092543601989747,1890,0.5,1.0003980739860736
gpu,DS,1048576,32,0,0.7,734003,2,0.007872511863708496,1890,0.5,1.0003980739860736
gpu,SS,1048576,32,0,0.7,734003,2,0.06585343933105468,1890,0.5,1.0003980739860736
gpu,SS,1048576,32,0,0.7,734003,3,0.06584886169433593,1890,0.5,1.0003980739860736
gpu,DS,1048576,32,0,0.7,734003,3,0.007806047916412353,1890,0.5,1.0003980739860736
gpu,DS,1048576,32,0,0.7,734003,4,0.009234175682067872,1890,0.5,1.0003980739860736
gpu,SS,1048576,32,0,0.7,734003,4,0.06585250854492188,1890,0.5,1.0003980739860736
gpu,SS,1048576,32,0,0.7,734003,5,0.06705519866943359,1875,0.5,1.0003980739860736
gpu,DS,1048576,32,0,0.7,734003,5,0.007847775936126709,1875,0.5,1.0003980739860736
gpu,DS,1048576,32,0,0.7,734003,6,0.007717408180236816,1875,0.5,1.0003980739860736
gpu,SS,1048576,32,0,0.7,734003,6,0.06580441284179687,1875,0.5,1.0003980739860736
gpu,SS,1048576,32,0,0.7,734003,7,0.0659210205078125,1875,0.5,1.0003980739860736
gpu,DS,1048576,32,0,0.7,734003,7,0.010117119789123535,1875,0.5,1.0003980739860736
gpu,DS,1048576,32,0,0.7,734003,8,0.007806975841522217,1875,0.5,1.0003980739860736
gpu,SS,1048576,32,0,0.7,734003,8,0.06581043243408204,1875,0.5,1.0003980739860736
gpu,SS,1048576,32,0,0.7,734003,9,0.06587462615966796,1875,0.5,1.0003980739860736
gpu,DS,1048576,32,0,0.7,734003,9,0.007802720069885254,1875,0.5,1.0003980739860736
gpu,DS,1048576,32,0,0.7,734003,10,0.009234687805175782,1875,0.5,1.0003980739860736
gpu,SS,1048576,32,0,0.7,734003,10,0.06595337677001953,1875,0.5,1.0003980739860736
gpu,SS,1048576,32,0,0.7,734003,11,0.06586118316650391,1875,0.5,1.0003980739860736
gpu,DS,1048576,32,0,0.7,734003,11,0.007837696075439453,1875,0.5,1.0003980739860736
gpu,DS,1048576,32,0,0.7,734003,12,0.008395936012268066,1875,0.5,1.0003980739860736
gpu,SS,1048576,32,0,0.7,734003,12,0.06581619262695312,1875,0.5,1.0003980739860736
gpu,SS,1048576,32,0,0.7,734003,13,0.06584518432617187,1875,0.5,1.0003980739860736
gpu,DS,1048576,32,0,0.7,734003,13,0.009282048225402833,1875,0.5,1.0003980739860736
gpu,DS,1048576,32,0,0.7,734003,14,0.007811200141906738,1875,0.5,1.0003980739860736
gpu,SS,1048576,32,0,0.7,734003,14,0.0658309097290039,1875,0.5,1.0003980739860736
cpu,DS,1048576,32,0,1.0,1048576,0,0.033598505000099976,-1,0.5,1.0001964569091797
cpu,SS,1048576,32,0,1.0,1048576,0,0.22565793100011433,-1,0.5,1.0001964569091797
cpu,SS,1048576,32,0,1.0,1048576,1,0.23343964299965592,-1,0.5,1.0001964569091797
cpu,DS,1048576,32,0,1.0,1048576,1,0.041211015000044426,-1,0.5,1.0001964569091797
cpu,DS,1048576,32,0,1.0,1048576,2,0.04434820699998454,-1,0.5,1.0001964569091797
cpu,SS,1048576,32,0,1.0,1048576,2,0.22226372499972058,-1,0.5,1.0001964569091797
cpu,SS,1048576,32,0,1.0,1048576,3,0.2180450259997997,-1,0.5,1.0001964569091797
cpu,DS,1048576,32,0,1.0,1048576,3,0.046861932999945566,-1,0.5,1.0001964569091797
cpu,DS,1048576,32,0,1.0,1048576,4,0.04551295500004926,-1,0.5,1.0001964569091797
cpu,SS,1048576,32,0,1.0,1048576,4,0.2486543619997974,-1,0.5,1.0001964569091797
cpu,SS,1048576,32,0,1.0,1048576,5,0.22458054500020808,-1,0.5,1.0001964569091797
cpu,DS,1048576,32,0,1.0,1048576,5,0.03785018999997192,-1,0.5,1.0001964569091797
cpu,DS,1048576,32,0,1.0,1048576,6,0.039243746000011015,-1,0.5,1.0001964569091797
cpu,SS,1048576,32,0,1.0,1048576,6,0.2304479130002619,-1,0.5,1.0001964569091797
cpu,SS,1048576,32,0,1.0,1048576,7,0.24959230799959187,-1,0.5,1.0001964569091797
cpu,DS,1048576,32,0,1.0,1048576,7,0.04440778600019257,-1,0.5,1.0001964569091797
cpu,DS,1048576,32,0,1.0,1048576,8,0.04580028600003061,-1,0.5,1.0001964569091797
cpu,SS,1048576,32,0,1.0,1048576,8,0.24476176300004227,-1,0.5,1.0001964569091797
cpu,SS,1048576,32,0,1.0,1048576,9,0.25134970799990697,-1,0.5,1.0001964569091797
cpu,DS,1048576,32,0,1.0,1048576,9,0.03463682700021309,-1,0.5,1.0001964569091797
cpu,DS,1048576,32,0,1.0,1048576,10,0.03349439400017218,-1,0.5,1.0001964569091797
cpu,SS,1048576,32,0,1.0,1048576,10,0.22957547399983014,-1,0.5,1.0001964569091797
cpu,SS,1048576,32,0,1.0,1048576,11,0.2377764049997495,-1,0.5,1.0001964569091797
cpu,DS,1048576,32,0,1.0,1048576,11,0.04345490299965604,-1,0.5,1.0001964569091797
cpu,DS,1048576,32,0,1.0,1048576,12,0.04288826900028653,-1,0.5,1.0001964569091797
cpu,SS,1048576,32,0,1.0,1048576,12,0.22266889699994863,-1,0.5,1.0001964569091797
cpu,SS,1048576,32,0,1.0,1048576,13,0.21020470700022997,-1,0.5,1.0001964569091797
cpu,DS,1048576,32,0,1.0,1048576,13,0.036371832999975595,-1,0.5,1.0001964569091797
cpu,DS,1048576,32,0,1.0,1048576,14,0.03988757600018289,-1,0.5,1.0001964569091797
cpu,SS,1048576,32,0,1.0,1048576,14,0.20355702100005146,-1,0.5,1.0001964569091797
gpu,DS,1048576,32,0,1.0,1048576,0,0.009310815811157227,1890,0.5,1.0001964569091797
gpu,SS,1048576,32,0,1.0,1048576,0,0.0931239013671875,1890,0.5,1.0001964569091797
gpu,SS,1048576,32,0,1.0,1048576,1,0.09312665557861328,1890,0.5,1.0001964569091797
gpu,DS,1048576,32,0,1.0,1048576,1,0.009461759567260742,1890,0.5,1.0001964569091797
gpu,DS,1048576,32,0,1.0,1048576,2,0.008281888008117676,1890,0.5,1.0001964569091797
gpu,SS,1048576,32,0,1.0,1048576,2,0.09304799652099609,1890,0.5,1.0001964569091797
gpu,SS,1048576,32,0,1.0,1048576,3,0.0943004150390625,1890,0.5,1.0001964569091797
gpu,DS,1048576,32,0,1.0,1048576,3,0.007952511787414551,1890,0.5,1.0001964569091797
gpu,DS,1048576,32,0,1.0,1048576,4,0.007932991981506347,1890,0.5,1.0001964569091797
gpu,SS,1048576,32,0,1.0,1048576,4,0.09491056060791016,1890,0.5,1.0001964569091797
gpu,SS,1048576,32,0,1.0,1048576,5,0.09358326721191407,1890,0.5,1.0001964569091797
gpu,DS,1048576,32,0,1.0,1048576,5,0.007827455997467042,1890,0.5,1.0001964569091797
gpu,DS,1048576,32,0,1.0,1048576,6,0.009318816184997558,1890,0.5,1.0001964569091797
gpu,SS,1048576,32,0,1.0,1048576,6,0.09256156921386718,1890,0.5,1.0001964569091797
gpu,SS,1048576,32,0,1.0,1048576,7,0.09352979278564454,1875,0.5,1.0001964569091797
gpu,DS,1048576,32,0,1.0,1048576,7,0.00792303991317749,1875,0.5,1.0001964569091797
gpu,DS,1048576,32,0,1.0,1048576,8,0.008495648384094239,1875,0.5,1.0001964569091797
gpu,SS,1048576,32,0,1.0,1048576,8,0.09339910125732422,1875,0.5,1.0001964569091797
gpu,SS,1048576,32,0,1.0,1048576,9,0.09341747283935548,1875,0.5,1.0001964569091797
gpu,DS,1048576,32,0,1.0,1048576,9,0.008468255996704102,1875,0.5,1.0001964569091797
gpu,DS,1048576,32,0,1.0,1048576,10,0.007898399829864502,1875,0.5,1.0001964569091797
gpu,SS,1048576,32,0,1.0,1048576,10,0.09339603424072265,1875,0.5,1.0001964569091797
gpu,SS,1048576,32,0,1.0,1048576,11,0.09386605072021484,1875,0.5,1.0001964569091797
gpu,DS,1048576,32,0,1.0,1048576,11,0.007842688083648682,1875,0.5,1.0001964569091797
gpu,DS,1048576,32,0,1.0,1048576,12,0.009682656288146973,1875,0.5,1.0001964569091797
gpu,SS,1048576,32,0,1.0,1048576,12,0.09309225463867188,1875,0.5,1.0001964569091797
gpu,SS,1048576,32,0,1.0,1048576,13,0.09310822296142578,1875,0.5,1.0001964569091797
gpu,DS,1048576,32,0,1.0,1048576,13,0.007739039897918701,1875,0.5,1.0001964569091797
gpu,DS,1048576,32,0,1.0,1048576,14,0.009401920318603516,1875,0.5,1.0001964569091797
gpu,SS,1048576,32,0,1.0,1048576,14,0.0922154541015625,1875,0.5,1.0001964569091797
cpu,DS,1048576,32,0,0.0001,105,0,0.030365009999968606,-1,0.25,1.0375
cpu,SS,1048576,32,0,0.0001,105,0,0.00014418000000659958,-1,0.25,1.0375
cpu,SS,1048576,32,0,0.0001,105,1,0.00010242000007565366,-1,0.25,1.0375
cpu,DS,1048576,32,0,0.0001,105,1,0.037418760000036855,-1,0.25,1.0375
cpu,DS,1048576,32,0,0.0001,105,2,0.0332148600000437,-1,0.25,1.0375
cpu,SS,1048576,32,0,0.0001,105,2,0.00014336999993247446,-1,0.25,1.0375
cpu,SS,1048576,32,0,0.0001,105,3,0.0002768399999695248,-1,0.25,1.0375
cpu,DS,1048576,32,0,0.0001,105,3,0.02985813000032067,-1,0.25,1.0375
cpu,DS,1048576,32,0,0.0001,105,4,0.03071267999985139,-1,0.25,1.0375
cpu,SS,1048576,32,0,0.0001,105,4,0.00012096000000383356,-1,0.25,1.0375
cpu,SS,1048576,32,0,0.0001,105,5,8.918999992602039e-05,-1,0.25,1.0375
cpu,DS,1048576,32,0,0.0001,105,5,0.03541716000017914,-1,0.25,1.0375
cpu,DS,1048576,32,0,0.0001,105,6,0.03375224999990678,-1,0.25,1.0375
cpu,SS,1048576,32,0,0.0001,105,6,0.00017711999998937245,-1,0.25,1.0375
cpu,SS,1048576,32,0,0.0001,105,7,0.00010223999970548903,-1,0.25,1.0375
cpu,DS,1048576,32,0,0.0001,105,7,0.041013810000094963,-1,0.25,1.0375
cpu,DS,1048576,32,0,0.0001,105,8,0.03329883000014888,-1,0.25,1.0375
cpu,SS,1048576,32,0,0.0001,105,8,0.0001266300000679621,-1,0.25,1.0375
cpu,SS,1048576,32,0,0.0001,105,9,8.720999994693557e-05,-1,0.25,1.0375
cpu,DS,1048576,32,0,0.0001,105,9,0.034372800000255666,-1,0.25,1.0375
cpu,DS,1048576,32,0,0.0001,105,10,0.03322944000001371,-1,0.25,1.0375
cpu,SS,1048576,32,0,0.0001,105,10,0.00014382000017576502,-1,0.25,1.0375
cpu,SS,1048576,32,0,0.0001,105,11,0.00014886000008118572,-1,0.25,1.0375
cpu,DS,1048576,32,0,0.0001,105,11,0.02942010000015216,-1,0.25,1.0375
cpu,DS,1048576,32,0,0.0001,105,12,0.03543687000001228,-1,0.25,1.0375
cpu,SS,1048576,32,0,0.0001,105,12,0.0015984000001481036,-1,0.25,1.0375
cpu,SS,1048576,32,0,0.0001,105,13,0.00017982000008487375,-1,0.25,1.0375
cpu,DS,1048576,32,0,0.0001,105,13,0.03990680999959295,-1,0.25,1.0375
cpu,DS,1048576,32,0,0.0001,105,14,0.03790008000032685,-1,0.25,1.0375
cpu,SS,1048576,32,0,0.0001,105,14,0.00017514000001028762,-1,0.25,1.0375
gpu,DS,1048576,32,0,0.0001,105,0,0.00932697582244873,1875,0.25,1.0375
gpu,SS,1048576,32,0,0.0001,105,0,0.00022176000475883484,1875,0.25,1.0375
gpu,SS,1048576,32,0,0.0001,105,1,0.00016435199975967408,1875,0.25,1.0375
gpu,DS,1048576,32,0,0.0001,105,1,0.007721312046051025,1875,0.25,1.0375
gpu,DS,1048576,32,0,0.0001,105,2,0.0076724162101745605,1875,0.25,1.0375
gpu,SS,1048576,32,0,0.0001,105,2,0.00019644799828529358,1875,0.25,1.0375
gpu,SS,1048576,32,0,0.0001,105,3,0.0001578879952430725,1875,0.25,1.0375
gpu,DS,1048576,32,0,0.0001,105,3,0.00935865592956543,1875,0.25,1.0375
gpu,DS,1048576,32,0,0.0001,105,4,0.007833600044250488,1875,0.25,1.0375
gpu,SS,1048576,32,0,0.0001,105,4,0.00047465598583221435,1875,0.25,1.0375
gpu,SS,1048576,32,0,0.0001,105,5,8.742400258779526e-05,1875,0.25,1.0375
gpu,DS,1048576,32,0,0.0001,105,5,0.007773791790008545,1875,0.25,1.0375
gpu,DS,1048576,32,0,0.0001,105,6,0.009428000450134278,1875,0.25,1.0375
gpu,SS,1048576,32,0,0.0001,105,6,0.0002335360050201416,1875,0.25,1.0375
gpu,SS,1048576,32,0,0.0001,105,7,0.00015996800363063813,1875,0.25,1.0375
gpu,DS,1048576,32,0,0.0001,105,7,0.008183967590332032,1875,0.25,1.0375
gpu,DS,1048576,32,0,0.0001,105,8,0.007763711929321289,1875,0.25,1.0375
gpu,SS,1048576,32,0,0.0001,105,8,0.000184128001332283,1875,0.25,1.0375
gpu,SS,1048576,32,0,0.0001,105,9,0.0003362239897251129,1875,0.25,1.0375
gpu,DS,1048576,32,0,0.0001,105,9,0.007736447811126709,1875,0.25,1.0375
gpu,DS,1048576,32,0,0.0001,105,10,0.007813439846038819,1875,0.25,1.0375
gpu,SS,1048576,32,0,0.0001,105,10,0.0001984640061855316,1875,0.25,1.0375
gpu,SS,1048576,32,0,0.0001,105,11,0.00014249600470066072,1875,0.25,1.0375
gpu,DS,1048576,32,0,0.0001,105,11,0.007821887969970702,1875,0.25,1.0375
gpu,DS,1048576,32,0,0.0001,105,12,0.007770207881927491,1875,0.25,1.0375
gpu,SS,1048576,32,0,0.0001,105,12,0.0005703359842300415,1875,0.25,1.0375
gpu,SS,1048576,32,0,0.0001,105,13,0.00024825599789619446,1875,0.25,1.0375
gpu,DS,1048576,32,0,0.0001,105,13,0.008449952125549316,1875,0.25,1.0375
gpu,DS,1048576,32,0,0.0001,105,14,0.007815167903900147,1875,0.25,1.0375
gpu,SS,1048576,32,0,0.0001,105,14,0.00012412799894809723,1875,0.25,1.0375
cpu,DS,1048576,32,0,0.0003,315,0,0.09316251000018383,-1,0.25,1.0232142857142856
cpu,SS,1048576,32,0,0.0003,315,0,0.001071449999926699,-1,0.25,1.0232142857142856
cpu,SS,1048576,32,0,0.0003,315,1,0.00022814999965703464,-1,0.25,1.0232142857142856
cpu,DS,1048576,32,0,0.0003,315,1,0.03916961999993873,-1,0.25,1.0232142857142856
cpu,DS,1048576,32,0,0.0003,315,2,0.03328146000012566,-1,0.25,1.0232142857142856
cpu,SS,1048576,32,0,0.0003,315,2,0.0003030300003956654,-1,0.25,1.0232142857142856
cpu,SS,1048576,32,0,0.0003,315,3,0.00022499999977299012,-1,0.25,1.0232142857142856
cpu,DS,1048576,32,0,0.0003,315,3,0.03761000999975295,-1,0.25,1.0232142857142856
cpu,DS,1048576,32,0,0.0003,315,4,0.03403053000010914,-1,0.25,1.0232142857142856
cpu,SS,1048576,32,0,0.0003,315,4,0.00022725000007994822,-1,0.25,1.0232142857142856
cpu,SS,1048576,32,0,0.0003,315,5,0.0001810799999475421,-1,0.25,1.0232142857142856
cpu,DS,1048576,32,0,0.0003,315,5,0.036663119999957416,-1,0.25,1.0232142857142856
cpu,DS,1048576,32,0,0.0003,315,6,0.03582882000000609,-1,0.25,1.0232142857142856
cpu,SS,1048576,32,0,0.0003,315,6,0.0002296800003023236,-1,0.25,1.0232142857142856
cpu,SS,1048576,32,0,0.0003,315,7,0.00018404999991616933,-1,0.25,1.0232142857142856
cpu,DS,1048576,32,0,0.0003,315,7,0.036739440000019385,-1,0.25,1.0232142857142856
cpu,DS,1048576,32,0,0.0003,315,8,0.03450366000015492,-1,0.25,1.0232142857142856
cpu,SS,1048576,32,0,0.0003,315,8,0.0002525400000195077,-1,0.25,1.0232142857142856
cpu,SS,1048576,32,0,0.0003,315,9,0.0002038500001617649,-1,0.25,1.0232142857142856
cpu,DS,1048576,32,0,0.0003,315,9,0.03746852999984185,-1,0.25,1.0232142857142856
cpu,DS,1048576,32,0,0.0003,315,10,0.04428053999981785,-1,0.25,1.0232142857142856
cpu,SS,1048576,32,0,0.0003,315,10,0.0002551500001573004,-1,0.25,1.0232142857142856
cpu,SS,1048576,32,0,0.0003,315,11,0.0002015999998548068,-1,0.25,1.0232142857142856
cpu,DS,1048576,32,0,0.0003,315,11,0.044976869999572955,-1,0.25,1.0232142857142856
cpu,DS,1048576,32,0,0.0003,315,12,0.03672738000022946,-1,0.25,1.0232142857142856
cpu,SS,1048576,32,0,0.0003,315,12,0.0002525400000195077,-1,0.25,1.0232142857142856
cpu,SS,1048576,32,0,0.0003,315,13,0.00021879000041735708,-1,0.25,1.0232142857142856
cpu,DS,1048576,32,0,0.0003,315,13,0.03686921999997139,-1,0.25,1.0232142857142856
cpu,DS,1048576,32,0,0.0003,315,14,0.03587859000026583,-1,0.25,1.0232142857142856
cpu,SS,1048576,32,0,0.0003,315,14,0.00026514000001043314,-1,0.25,1.0232142857142856
gpu,DS,1048576,32,0,0.0003,315,0,0.009425727844238282,1875,0.25,1.0232142857142856
gpu,SS,1048576,32,0,0.0003,315,0,0.00022032000124454497,1875,0.25,1.0232142857142856
gpu,SS,1048576,32,0,0.0003,315,1,0.00011135999858379365,1875,0.25,1.0232142857142856
gpu,DS,1048576,32,0,0.0003,315,1,0.008396832466125489,1875,0.25,1.0232142857142856
gpu,DS,1048576,32,0,0.0003,315,2,0.007887199878692627,1875,0.25,1.0232142857142856
gpu,SS,1048576,32,0,0.0003,315,2,0.0001215360015630722,1875,0.25,1.0232142857142856
gpu,SS,1048576,32,0,0.0003,315,3,0.00010035199671983719,1875,0.25,1.0232142857142856
gpu,DS,1048576,32,0,0.0003,315,3,0.00783510398864746,1875,0.25,1.0232142857142856
gpu,DS,1048576,32,0,0.0003,315,4,0.0078123841285705565,1875,0.25,1.0232142857142856
gpu,SS,1048576,32,0,0.0003,315,4,0.00018732799589633943,1875,0.25,1.0232142857142856
gpu,SS,1048576,32,0,0.0003,315,5,0.0001085439994931221,1875,0.25,1.0232142857142856
gpu,DS,1048576,32,0,0.0003,315,5,0.00773632001876831,1875,0.25,1.0232142857142856
gpu,DS,1048576,32,0,0.0003,315,6,0.008193696022033691,1875,0.25,1.0232142857142856
gpu,SS,1048576,32,0,0.0003,315,6,0.00010531199723482131,1875,0.25,1.0232142857142856
gpu,SS,1048576,32,0,0.0003,315,7,8.80960002541542e-05,1875,0.25,1.0232142857142856
gpu,DS,1048576,32,0,0.0003,315,7,0.00838265609741211,1875,0.25,1.0232142857142856
gpu,DS,1048576,32,0,0.0003,315,8,0.007866144180297852,1875,0.25,1.0232142857142856
gpu,SS,1048576,32,0,0.0003,315,8,0.00019366399943828583,1875,0.25,1.0232142857142856
gpu,SS,1048576,32,0,0.0003,315,9,0.00021964800357818603,1875,0.25,1.0232142857142856
gpu,DS,1048576,32,0,0.0003,315,9,0.007725056171417236,1875,0.25,1.0232142857142856
gpu,DS,1048576,32,0,0.0003,315,10,0.007847968101501466,1875,0.25,1.0232142857142856
gpu,SS,1048576,32,0,0.0003,315,10,0.0001483519971370697,1875,0.25,1.0232142857142856
gpu,SS,1048576,32,0,0.0003,315,11,0.00010576000064611435,1875,0.25,1.0232142857142856
gpu,DS,1048576,32,0,0.0003,315,11,0.008922271728515625,1875,0.25,1.0232142857142856
gpu,DS,1048576,32,0,0.0003,315,12,0.007686751842498779,1875,0.25,1.0232142857142856
gpu,SS,1048576,32,0,0.0003,315,12,0.00016361600160598756,1875,0.25,1.0232142857142856
gpu,SS,1048576,32,0,0.0003,315,13,0.00010524799674749375,1875,0.25,1.0232142857142856
gpu,DS,1048576,32,0,0.0003,315,13,0.008280799865722657,1875,0.25,1.0232142857142856
gpu,DS,1048576,32,0,0.0003,315,14,0.008445088386535644,1875,0.25,1.0232142857142856
gpu,SS,1048576,32,0,0.0003,315,14,0.0002314240038394928,1875,0.25,1.0232142857142856
cpu,DS,1048576,32,0,0.001,1049,0,0.04059729000027801,-1,0.25,1.0148951382268827
cpu,SS,1048576,32,0,0.001,1049,0,0.0008943299999373266,-1,0.25,1.0148951382268827
cpu,SS,1048576,32,0,0.001,1049,1,0.0005357699997148302,-1,0.25,1.0148951382268827
cpu,DS,1048576,32,0,0.001,1049,1,0.04015260000005583,-1,0.25,1.0148951382268827
cpu,DS,1048576,32,0,0.001,1049,2,0.037415969999983645,-1,0.25,1.0148951382268827
cpu,SS,1048576,32,0,0.001,1049,2,0.0026206200000160607,-1,0.25,1.0148951382268827
cpu,SS,1048576,32,0,0.001,1049,3,0.0005633099999613478,-1,0.25,1.0148951382268827
cpu,DS,1048576,32,0,0.001,1049,3,0.039518909999969765,-1,0.25,1.0148951382268827
cpu,DS,1048576,32,0,0.001,1049,4,0.03567555000017819,-1,0.25,1.0148951382268827
cpu,SS,1048576,32,0,0.001,1049,4,0.0005868000002919871,-1,0.25,1.0148951382268827
cpu,SS,1048576,32,0,0.001,1049,5,0.0004909499998575484,-1,0.25,1.0148951382268827
cpu,DS,1048576,32,0,0.001,1049,5,0.040350600000238046,-1,0.25,1.0148951382268827
cpu,DS,1048576,32,0,0.001,1049,6,0.03482252999992852,-1,0.25,1.0148951382268827
cpu,SS,1048576,32,0,0.001,1049,6,0.0010561499998402724,-1,0.25,1.0148951382268827
cpu,SS,1048576,32,0,0.001,1049,7,0.0005101199999444361,-1,0.25,1.0148951382268827
cpu,DS,1048576,32,0,0.001,1049,7,0.034400790000290726,-1,0.25,1.0148951382268827
cpu,DS,1048576,32,0,0.001,1049,8,0.03498399000000063,-1,0.25,1.0148951382268827
cpu,SS,1048576,32,0,0.001,1049,8,0.0005670000000463915,-1,0.25,1.0148951382268827
cpu,SS,1048576,32,0,0.001,1049,9,0.00048771000001579523,-1,0.25,1.0148951382268827
cpu,DS,1048576,32,0,0.001,1049,9,0.0396066600001177,-1,0.25,1.0148951382268827
cpu,DS,1048576,32,0,0.001,1049,10,0.037022219999926165,-1,0.25,1.0148951382268827
cpu,SS,1048576,32,0,0.001,1049,10,0.0005959800000709947,-1,0.25,1.0148951382268827
cpu,SS,1048576,32,0,0.001,1049,11,0.0005038200001763471,-1,0.25,1.0148951382268827
cpu,DS,1048576,32,0,0.001,1049,11,0.06999435000034282,-1,0.25,1.0148951382268827
cpu,DS,1048576,32,0,0.001,1049,12,0.055127969999830384,-1,0.25,1.0148951382268827
cpu,SS,1048576,32,0,0.001,1049,12,0.0005096700001558929,-1,0.25,1.0148951382268827
cpu,SS,1048576,32,0,0.001,1049,13,0.0005412599998635415,-1,0.25,1.0148951382268827
cpu,DS,1048576,32,0,0.001,1049,13,0.031027049999920564,-1,0.25,1.0148951382268827
cpu,DS,1048576,32,0,0.001,1049,14,0.03155373000026884,-1,0.25,1.0148951382268827
cpu,SS,1048576,32,0,0.001,1049,14,0.0008269200002359867,-1,0.25,1.0148951382268827
gpu,DS,1048576,32,0,0.001,1049,0,0.007972864151000977,1875,0.25,1.0148951382268827
gpu,SS,1048576,32,0,0.001,1049,0,0.00013107199966907502,1875,0.25,1.0148951382268827
gpu,SS,1048576,32,0,0.001,1049,1,0.00022323200106620788,1875,0.25,1.0148951382268827
gpu,DS,1048576,32,0,0.001,1049,1,0.007854911804199219,1875,0.25,1.0148951382268827
gpu,DS,1048576,32,0,0.001,1049,2,0.009452832221984864,1875,0.25,1.0148951382268827
gpu,SS,1048576,32,0,0.001,1049,2,0.0002781760096549988,1875,0.25,1.0148951382268827
gpu,SS,1048576,32,0,0.001,1049,3,0.00020895999670028685,1875,0.25,1.0148951382268827
gpu,DS,1048576,32,0,0.001,1049,3,0.00790121603012085,1875,0.25,1.0148951382268827
gpu,DS,1048576,32,0,0.001,1049,4,0.007817215919494629,1875,0.25,1.0148951382268827
gpu,SS,1048576,32,0,0.001,1049,4,0.00019814400374889372,1875,0.25,1.0148951382268827
gpu,SS,1048576,32,0,0.001,1049,5,0.00027878400683403016,1875,0.25,1.0148951382268827
gpu,DS,1048576,32,0,0.001,1049,5,0.008202495574951172,1875,0.25,1.0148951382268827
gpu,DS,1048576,32,0,0.001,1049,6,0.008290047645568848,1875,0.25,1.0148951382268827
gpu,SS,1048576,32,0,0.001,1049,6,0.000273279994726181,1875,0.25,1.0148951382268827
gpu,SS,1048576,32,0,0.001,1049,7,0.00018889600038528442,1875,0.25,1.0148951382268827
gpu,DS,1048576,32,0,0.001,1049,7,0.0076992959976196285,1875,0.25,1.0148951382268827
gpu,DS,1048576,32,0,0.001,1049,8,0.007802815914154053,1875,0.25,1.0148951382268827
gpu,SS,1048576,32,0,0.001,1049,8,0.00021967999637126923,1875,0.25,1.0148951382268827
gpu,SS,1048576,32,0,0.001,1049,9,0.00020422400534152985,1875,0.25,1.0148951382268827
gpu,DS,1048576,32,0,0.001,1049,9,0.007851871967315674,1875,0.25,1.0148951382268827
gpu,DS,1048576,32,0,0.001,1049,10,0.007823552131652832,1875,0.25,1.0148951382268827
gpu,SS,1048576,32,0,0.001,1049,10,0.00012912000715732574,1875,0.25,1.0148951382268827
gpu,SS,1048576,32,0,0.001,1049,11,0.00018329599499702454,1875,0.25,1.0148951382268827
gpu,DS,1048576,32,0,0.001,1049,11,0.007741439819335938,1875,0.25,1.0148951382268827
gpu,DS,1048576,32,0,0.001,1049,12,0.008356224060058594,1875,0.25,1.0148951382268827
gpu,SS,1048576,32,0,0.001,1049,12,0.00021619200706481933,1875,0.25,1.0148951382268827
gpu,SS,1048576,32,0,0.001,1049,13,0.00020012800395488738,1875,0.25,1.0148951382268827
gpu,DS,1048576,32,0,0.001,1049,13,0.00827187156677246,1875,0.25,1.0148951382268827
gpu,DS,1048576,32,0,0.001,1049,14,0.007800352096557617,1875,0.25,1.0148951382268827
gpu,SS,1048576,32,0,0.001,1049,14,0.0002106879949569702,1875,0.25,1.0148951382268827
cpu,DS,1048576,32,0,0.003,3146,0,0.03702509999993708,-1,0.25,1.0069334075015892
cpu,SS,1048576,32,0,0.003,3146,0,0.0015172199996413838,-1,0.25,1.0069334075015892
cpu,SS,1048576,32,0,0.003,3146,1,0.0011645100003079278,-1,0.25,1.0069334075015892
cpu,DS,1048576,32,0,0.003,3146,1,0.04156586999988576,-1,0.25,1.0069334075015892
cpu,DS,1048576,32,0,0.003,3146,2,0.04807782000034422,-1,0.25,1.0069334075015892
cpu,SS,1048576,32,0,0.003,3146,2,0.004399649999868416,-1,0.25,1.0069334075015892
cpu,SS,1048576,32,0,0.003,3146,3,0.0015275699997800984,-1,0.25,1.0069334075015892
cpu,DS,1048576,32,0,0.003,3146,3,0.0460467000002609,-1,0.25,1.0069334075015892
cpu,DS,1048576,32,0,0.003,3146,4,0.04937102999974741,-1,0.25,1.0069334075015892
cpu,SS,1048576,32,0,0.003,3146,4,0.0014809500003138965,-1,0.25,1.0069334075015892
cpu,SS,1048576,32,0,0.003,3146,5,0.0031791599999451137,-1,0.25,1.0069334075015892
cpu,DS,1048576,32,0,0.003,3146,5,0.04994514000009076,-1,0.25,1.0069334075015892
cpu,DS,1048576,32,0,0.003,3146,6,0.037004220000198984,-1,0.25,1.0069334075015892
cpu,SS,1048576,32,0,0.003,3146,6,0.001783530000011524,-1,0.25,1.0069334075015892
cpu,SS,1048576,32,0,0.003,3146,7,0.0015372899997601053,-1,0.25,1.0069334075015892
cpu,DS,1048576,32,0,0.003,3146,7,0.03754701000025307,-1,0.25,1.0069334075015892
cpu,DS,1048576,32,0,0.003,3146,8,0.043760699999893404,-1,0.25,1.0069334075015892
cpu,SS,1048576,32,0,0.003,3146,8,0.001560690000133036,-1,0.25,1.0069334075015892
cpu,SS,1048576,32,0,0.003,3146,9,0.0017521200002192927,-1,0.25,1.0069334075015892
cpu,DS,1048576,32,0,0.003,3146,9,0.04626945000018168,-1,0.25,1.0069334075015892
cpu,DS,1048576,32,0,0.003,3146,10,0.039380400000027294,-1,0.25,1.0069334075015892
cpu,SS,1048576,32,0,0.003,3146,10,0.001597949999904813,-1,0.25,1.0069334075015892
cpu,SS,1048576,32,0,0.003,3146,11,0.002325779999864608,-1,0.25,1.0069334075015892
cpu,DS,1048576,32,0,0.003,3146,11,0.050115780000396626,-1,0.25,1.0069334075015892
cpu,DS,1048576,32,0,0.003,3146,12,0.04322115000013582,-1,0.25,1.0069334075015892
cpu,SS,1048576,32,0,0.003,3146,12,0.0023875199999565666,-1,0.25,1.0069334075015892
cpu,SS,1048576,32,0,0.003,3146,13,0.0027162900000803347,-1,0.25,1.0069334075015892
cpu,DS,1048576,32,0,0.003,3146,13,0.05298713999991378,-1,0.25,1.0069334075015892
cpu,DS,1048576,32,0,0.003,3146,14,0.04397656800028926,-1,0.25,1.0069334075015892
cpu,SS,1048576,32,0,0.003,3146,14,0.0016410060002272076,-1,0.25,1.0069334075015892
gpu,DS,1048576,32,0,0.003,3146,0,0.007841919898986817,1875,0.25,1.0069334075015892
gpu,SS,1048576,32,0,0.003,3146,0,0.00037462401390075684,1875,0.25,1.0069334075015892
gpu,SS,1048576,32,0,0.003,3146,1,0.0006594560146331787,1875,0.25,1.0069334075015892
gpu,DS,1048576,32,0,0.003,3146,1,0.007872672080993652,1875,0.25,1.0069334075015892
gpu,DS,1048576,32,0,0.003,3146,2,0.008339455604553223,1875,0.25,1.0069334075015892
gpu,SS,1048576,32,0,0.003,3146,2,0.00051910400390625,1875,0.25,1.0069334075015892
gpu,SS,1048576,32,0,0.003,3146,3,0.000464352011680603,1875,0.25,1.0069334075015892
gpu,DS,1048576,32,0,0.003,3146,3,0.009450016021728515,1875,0.25,1.0069334075015892
gpu,DS,1048576,32,0,0.003,3146,4,0.00788646411895752,1875,0.25,1.0069334075015892
gpu,SS,1048576,32,0,0.003,3146,4,0.000527679979801178,1875,0.25,1.0069334075015892
gpu,SS,1048576,32,0,0.003,3146,5,0.0003811840116977692,1875,0.25,1.0069334075015892
gpu,DS,1048576,32,0,0.003,3146,5,0.007966400146484375,1875,0.25,1.0069334075015892
gpu,DS,1048576,32,0,0.003,3146,6,0.010553343772888184,1875,0.25,1.0069334075015892
gpu,SS,1048576,32,0,0.003,3146,6,0.0005342079997062683,1875,0.25,1.0069334075015892
gpu,SS,1048576,32,0,0.003,3146,7,0.0005117759704589843,1875,0.25,1.0069334075015892
gpu,DS,1048576,32,0,0.003,3146,7,0.007857376098632813,1875,0.25,1.0069334075015892
gpu,DS,1048576,32,0,0.003,3146,8,0.008568351745605468,1875,0.25,1.0069334075015892
gpu,SS,1048576,32,0,0.003,3146,8,0.0006471679806709289,1875,0.25,1.0069334075015892
gpu,SS,1048576,32,0,0.003,3146,9,0.0004678399860858917,1875,0.25,1.0069334075015892
gpu,DS,1048576,32,0,0.003,3146,9,0.007907904148101807,1875,0.25,1.0069334075015892
gpu,DS,1048576,32,0,0.003,3146,10,0.008482815742492676,1875,0.25,1.0069334075015892
gpu,SS,1048576,32,0,0.003,3146,10,0.000502784013748169,1875,0.25,1.0069334075015892
gpu,SS,1048576,32,0,0.003,3146,11,0.0004633919894695282,1875,0.25,1.0069334075015892
gpu,DS,1048576,32,0,0.003,3146,11,0.009500543594360351,1875,0.25,1.0069334075015892
gpu,DS,1048576,32,0,0.003,3146,12,0.00808403205871582,1875,0.25,1.0069334075015892
gpu,SS,1048576,32,0,0.003,3146,12,0.00046751999855041505,1875,0.25,1.0069334075015892
gpu,SS,1048576,32,0,0.003,3146,13,0.0004750719964504242,1875,0.25,1.0069334075015892
gpu,DS,1048576,32,0,0.003,3146,13,0.007796864032745362,1875,0.25,1.0069334075015892
gpu,DS,1048576,32,0,0.003,3146,14,0.009633664131164552,1875,0.25,1.0069334075015892
gpu,SS,1048576,32,0,0.003,3146,14,0.000536575973033905,1875,0.25,1.0069334075015892
cpu,DS,1048576,32,0,0.01,10486,0,0.04018002700013312,-1,0.25,1.0050364772077054
cpu,SS,1048576,32,0,0.01,10486,0,0.004253218000030756,-1,0.25,1.0050364772077054
cpu,SS,1048576,32,0,0.01,10486,1,0.004218114000195783,-1,0.25,1.0050364772077054
cpu,DS,1048576,32,0,0.01,10486,1,0.040437161999761884,-1,0.25,1.0050364772077054
cpu,DS,1048576,32,0,0.01,10486,2,0.03801792400008708,-1,0.25,1.0050364772077054
cpu,SS,1048576,32,0,0.01,10486,2,0.004514155999913783,-1,0.25,1.0050364772077054
cpu,SS,1048576,32,0,0.01,10486,3,0.004353264000201307,-1,0.25,1.0050364772077054
cpu,DS,1048576,32,0,0.01,10486,3,0.04160719199990126,-1,0.25,1.0050364772077054
cpu,DS,1048576,32,0,0.01,10486,4,0.04411438499982978,-1,0.25,1.0050364772077054
cpu,SS,1048576,32,0,0.01,10486,4,0.004423862000294321,-1,0.25,1.0050364772077054
cpu,SS,1048576,32,0,0.01,10486,5,0.004545554999822343,-1,0.25,1.0050364772077054
cpu,DS,1048576,32,0,0.01,10486,5,0.04552195099995515,-1,0.25,1.0050364772077054
cpu,DS,1048576,32,0,0.01,10486,6,0.03479168800004118,-1,0.25,1.0050364772077054
cpu,SS,1048576,32,0,0.01,10486,6,0.004172967000158678,-1,0.25,1.0050364772077054
cpu,SS,1048576,32,0,0.01,10486,7,0.0037995009997757734,-1,0.25,1.0050364772077054
cpu,DS,1048576,32,0,0.01,10486,7,0.03676715600022362,-1,0.25,1.0050364772077054
cpu,DS,1048576,32,0,0.01,10486,8,0.0488322410001274,-1,0.25,1.0050364772077054
cpu,SS,1048576,32,0,0.01,10486,8,0.004109096999854955,-1,0.25,1.0050364772077054
cpu,SS,1048576,32,0,0.01,10486,9,0.0039790169998923375,-1,0.25,1.0050364772077054
cpu,DS,1048576,32,0,0.01,10486,9,0.03761413300026106,-1,0.25,1.0050364772077054
cpu,DS,1048576,32,0,0.01,10486,10,0.03749468199976036,-1,0.25,1.0050364772077054
cpu,SS,1048576,32,0,0.01,10486,10,0.004158242999892536,-1,0.25,1.0050364772077054
cpu,SS,1048576,32,0,0.01,10486,11,0.0050246240002707054,-1,0.25,1.0050364772077054
cpu,DS,1048576,32,0,0.01,10486,11,0.03919994799980486,-1,0.25,1.0050364772077054
cpu,DS,1048576,32,0,0.01,10486,12,0.038602792999881785,-1,0.25,1.0050364772077054
cpu,SS,1048576,32,0,0.01,10486,12,0.004482561999793688,-1,0.25,1.0050364772077054
cpu,SS,1048576,32,0,0.01,10486,13,0.004177549999894836,-1,0.25,1.0050364772077054
cpu,DS,1048576,32,0,0.01,10486,13,0.038058294000165915,-1,0.25,1.0050364772077054
cpu,DS,1048576,32,0,0.01,10486,14,0.037634317000083684,-1,0.25,1.0050364772077054
cpu,SS,1048576,32,0,0.01,10486,14,0.004073213000083342,-1,0.25,1.0050364772077054
gpu,DS,1048576,32,0,0.01,10486,0,0.007759424209594726,1875,0.25,1.0050364772077054
gpu,SS,1048576,32,0,0.01,10486,0,0.0012759040594100951,1875,0.25,1.0050364772077054
gpu,SS,1048576,32,0,0.01,10486,1,0.0012639039754867554,1875,0.25,1.0050364772077054
gpu,DS,1048576,32,0,0.01,10486,1,0.00940236759185791,1875,0.25,1.0050364772077054
gpu,DS,1048576,32,0,0.01,10486,2,0.008329088211059571,1875,0.25,1.0050364772077054
gpu,SS,1048576,32,0,0.01,10486,2,0.001291808009147644,1875,0.25,1.0050364772077054
gpu,SS,1048576,32,0,0.01,10486,3,0.001281183958053589,1875,0.25,1.0050364772077054
gpu,DS,1048576,32,0,0.01,10486,3,0.007741951942443847,1875,0.25,1.0050364772077054
gpu,DS,1048576,32,0,0.01,10486,4,0.007702527999877929,1875,0.25,1.0050364772077054
gpu,SS,1048576,32,0,0.01,10486,4,0.0012943040132522583,1875,0.25,1.0050364772077054
gpu,SS,1048576,32,0,0.01,10486,5,0.001277951955795288,1875,0.25,1.0050364772077054
gpu,DS,1048576,32,0,0.01,10486,5,0.008368927955627442,1875,0.25,1.0050364772077054
gpu,DS,1048576,32,0,0.01,10486,6,0.008771807670593261,1875,0.25,1.0050364772077054
gpu,SS,1048576,32,0,0.01,10486,6,0.0013016320466995239,1875,0.25,1.0050364772077054
gpu,SS,1048576,32,0,0.01,10486,7,0.0012892160415649413,1875,0.25,1.0050364772077054
gpu,DS,1048576,32,0,0.01,10486,7,0.007774208068847656,1875,0.25,1.0050364772077054
gpu,DS,1048576,32,0,0.01,10486,8,0.007718912124633789,1875,0.25,1.0050364772077054
gpu,SS,1048576,32,0,0.01,10486,8,0.0013752319812774657,1875,0.25,1.0050364772077054
gpu,SS,1048576,32,0,0.01,10486,9,0.0013393919467926025,1875,0.25,1.0050364772077054
gpu,DS,1048576,32,0,0.01,10486,9,0.00819200038909912,1875,0.25,1.0050364772077054
gpu,DS,1048576,32,0,0.01,10486,10,0.007824096202850342,1875,0.25,1.0050364772077054
gpu,SS,1048576,32,0,0.01,10486,10,0.0012891839742660523,1875,0.25,1.0050364772077054
gpu,SS,1048576,32,0,0.01,10486,11,0.0012799680233001709,1875,0.25,1.0050364772077054
gpu,DS,1048576,32,0,0.01,10486,11,0.007720223903656006,1875,0.25,1.0050364772077054
gpu,DS,1048576,32,0,0.01,10486,12,0.007759488105773925,1875,0.25,1.0050364772077054
gpu,SS,1048576,32,0,0.01,10486,12,0.0012965760231018067,1875,0.25,1.0050364772077054
gpu,SS,1048576,32,0,0.01,10486,13,0.0013013440370559693,1875,0.25,1.0050364772077054
gpu,DS,1048576,32,0,0.01,10486,13,0.007690048217773438,1875,0.25,1.0050364772077054
gpu,DS,1048576,32,0,0.01,10486,14,0.008919039726257324,1875,0.25,1.0050364772077054
gpu,SS,1048576,32,0,0.01,10486,14,0.0012144960165023804,1875,0.25,1.0050364772077054
cpu,DS,1048576,32,0,0.03,31457,0,0.04293796000001748,-1,0.25,1.0014563531169534
cpu,SS,1048576,32,0,0.03,31457,0,0.010809993999828293,-1,0.25,1.0014563531169534
cpu,SS,1048576,32,0,0.03,31457,1,0.011599942999964696,-1,0.25,1.0014563531169534
cpu,DS,1048576,32,0,0.03,31457,1,0.04338765400007105,-1,0.25,1.0014563531169534
cpu,DS,1048576,32,0,0.03,31457,2,0.0370859089998703,-1,0.25,1.0014563531169534
cpu,SS,1048576,32,0,0.03,31457,2,0.011415396999836958,-1,0.25,1.0014563531169534
cpu,SS,1048576,32,0,0.03,31457,3,0.012634969999908208,-1,0.25,1.0014563531169534
cpu,DS,1048576,32,0,0.03,31457,3,0.04694063200031451,-1,0.25,1.0014563531169534
cpu,DS,1048576,32,0,0.03,31457,4,0.04097882500036576,-1,0.25,1.0014563531169534
cpu,SS,1048576,32,0,0.03,31457,4,0.012377955999909318,-1,0.25,1.0014563531169534
cpu,SS,1048576,32,0,0.03,31457,5,0.011881359000199154,-1,0.25,1.0014563531169534
cpu,DS,1048576,32,0,0.03,31457,5,0.040379020999807835,-1,0.25,1.0014563531169534
cpu,DS,1048576,32,0,0.03,31457,6,0.04712211599962757,-1,0.25,1.0014563531169534
cpu,SS,1048576,32,0,0.03,31457,6,0.011595400999794947,-1,0.25,1.0014563531169534
cpu,SS,1048576,32,0,0.03,31457,7,0.011164825999912864,-1,0.25,1.0014563531169534
cpu,DS,1048576,32,0,0.03,31457,7,0.03630166399989321,-1,0.25,1.0014563531169534
cpu,DS,1048576,32,0,0.03,31457,8,0.04481987400004073,-1,0.25,1.0014563531169534
cpu,SS,1048576,32,0,0.03,31457,8,0.010992217000421078,-1,0.25,1.0014563531169534
cpu,SS,1048576,32,0,0.03,31457,9,0.010991054999976768,-1,0.25,1.0014563531169534
cpu,DS,1048576,32,0,0.03,31457,9,0.049981061999915255,-1,0.25,1.0014563531169534
cpu,DS,1048576,32,0,0.03,31457,10,0.0441972519997762,-1,0.25,1.0014563531169534
cpu,SS,1048576,32,0,0.03,31457,10,0.01175237699999343,-1,0.25,1.0014563531169534
cpu,SS,1048576,32,0,0.03,31457,11,0.012937300999965373,-1,0.25,1.0014563531169534
cpu,DS,1048576,32,0,0.03,31457,11,0.044617368999752216,-1,0.25,1.0014563531169534
cpu,DS,1048576,32,0,0.03,31457,12,0.034852541999953246,-1,0.25,1.0014563531169534
cpu,SS,1048576,32,0,0.03,31457,12,0.011152572999890253,-1,0.25,1.0014563531169534
cpu,SS,1048576,32,0,0.03,31457,13,0.013034591999712575,-1,0.25,1.0014563531169534
cpu,DS,1048576,32,0,0.03,31457,13,0.040377754000019195,-1,0.25,1.0014563531169534
cpu,DS,1048576,32,0,0.03,31457,14,0.038139633999890066,-1,0.25,1.0014563531169534
cpu,SS,1048576,32,0,0.03,31457,14,0.011522617000082391,-1,0.25,1.0014563531169534
gpu,DS,1048576,32,0,0.03,31457,0,0.007912896156311034,1875,0.25,1.0014563531169534
gpu,SS,1048576,32,0,0.03,31457,0,0.003457472085952759,1875,0.25,1.0014563531169534
gpu,SS,1048576,32,0,0.03,31457,1,0.003510175943374634,1875,0.25,1.0014563531169534
gpu,DS,1048576,32,0,0.03,31457,1,0.007749248027801514,1875,0.25,1.0014563531169534
gpu,DS,1048576,32,0,0.03,31457,2,0.008322591781616212,1875,0.25,1.0014563531169534
gpu,SS,1048576,32,0,0.03,31457,2,0.003469536066055298,1875,0.25,1.0014563531169534
gpu,SS,1048576,32,0,0.03,31457,3,0.003423072099685669,1875,0.25,1.0014563531169534
gpu,DS,1048576,32,0,0.03,31457,3,0.009254912376403808,1875,0.25,1.0014563531169534
gpu,DS,1048576,32,0,0.03,31457,4,0.007925759792327881,1875,0.25,1.0014563531169534
gpu,SS,1048576,32,0,0.03,31457,4,0.003443648099899292,1875,0.25,1.0014563531169534
gpu,SS,1048576,32,0,0.03,31457,5,0.003449280023574829,1875,0.25,1.0014563531169534
gpu,DS,1048576,32,0,0.03,31457,5,0.009365344047546386,1875,0.25,1.0014563531169534
gpu,DS,1048576,32,0,0.03,31457,6,0.007862271785736084,1875,0.25,1.0014563531169534
gpu,SS,1048576,32,0,0.03,31457,6,0.003917824029922485,1875,0.25,1.0014563531169534
gpu,SS,1048576,32,0,0.03,31457,7,0.003444767951965332,1875,0.25,1.0014563531169534
gpu,DS,1048576,32,0,0.03,31457,7,0.008303744316101074,1875,0.25,1.0014563531169534
gpu,DS,1048576,32,0,0.03,31457,8,0.007715040206909179,1875,0.25,1.0014563531169534
gpu,SS,1048576,32,0,0.03,31457,8,0.0035311360359191893,1875,0.25,1.0014563531169534
gpu,SS,1048576,32,0,0.03,31457,9,0.0034290239810943605,1875,0.25,1.0014563531169534
gpu,DS,1048576,32,0,0.03,31457,9,0.007777408123016357,1875,0.25,1.0014563531169534
gpu,DS,1048576,32,0,0.03,31457,10,0.009434783935546875,1875,0.25,1.0014563531169534
gpu,SS,1048576,32,0,0.03,31457,10,0.003417407989501953,1875,0.25,1.0014563531169534
gpu,SS,1048576,32,0,0.03,31457,11,0.003997695922851562,1875,0.25,1.0014563531169534
gpu,DS,1048576,32,0,0.03,31457,11,0.007796512126922607,1875,0.25,1.0014563531169534
gpu,DS,1048576,32,0,0.03,31457,12,0.009662528038024903,1875,0.25,1.0014563531169534
gpu,SS,1048576,32,0,0.03,31457,12,0.0034693119525909424,1875,0.25,1.0014563531169534
gpu,SS,1048576,32,0,0.03,31457,13,0.003407871961593628,1875,0.25,1.0014563531169534
gpu,DS,1048576,32,0,0.03,31457,13,0.007772640228271484,1875,0.25,1.0014563531169534
gpu,DS,1048576,32,0,0.03,31457,14,0.00775600004196167,1875,0.25,1.0014563531169534
gpu,SS,1048576,32,0,0.03,31457,14,0.0033601601123809813,1875,0.25,1.0014563531169534
cpu,DS,1048576,32,0,0.1,104858,0,0.03210113499972067,-1,0.25,1.000669357607431
cpu,SS,1048576,32,0,0.1,104858,0,0.03035623100004159,-1,0.25,1.000669357607431
cpu,SS,1048576,32,0,0.1,104858,1,0.030203797000012855,-1,0.25,1.000669357607431
cpu,DS,1048576,32,0,0.1,104858,1,0.03560668199997963,-1,0.25,1.000669357607431
cpu,DS,1048576,32,0,0.1,104858,2,0.04356744799997614,-1,0.25,1.000669357607431
cpu,SS,1048576,32,0,0.1,104858,2,0.03212690999998813,-1,0.25,1.000669357607431
cpu,SS,1048576,32,0,0.1,104858,3,0.027887716999885015,-1,0.25,1.000669357607431
cpu,DS,1048576,32,0,0.1,104858,3,0.03719133499998861,-1,0.25,1.000669357607431
cpu,DS,1048576,32,0,0.1,104858,4,0.042079663000095024,-1,0.25,1.000669357607431
cpu,SS,1048576,32,0,0.1,104858,4,0.02966167199974734,-1,0.25,1.000669357607431
cpu,SS,1048576,32,0,0.1,104858,5,0.030255137000040122,-1,0.25,1.000669357607431
cpu,DS,1048576,32,0,0.1,104858,5,0.04440767999994932,-1,0.25,1.000669357607431
cpu,DS,1048576,32,0,0.1,104858,6,0.038884899000095174,-1,0.25,1.000669357607431
cpu,SS,1048576,32,0,0.1,104858,6,0.02966758699994898,-1,0.25,1.000669357607431
cpu,SS,1048576,32,0,0.1,104858,7,0.02982128699977693,-1,0.25,1.000669357607431
cpu,DS,1048576,32,0,0.1,104858,7,0.04337539999960427,-1,0.25,1.000669357607431
cpu,DS,1048576,32,0,0.1,104858,8,0.04370086600010836,-1,0.25,1.000669357607431
cpu,SS,1048576,32,0,0.1,104858,8,0.028982745000121213,-1,0.25,1.000669357607431
cpu,SS,1048576,32,0,0.1,104858,9,0.030375140000160172,-1,0.25,1.000669357607431
cpu,DS,1048576,32,0,0.1,104858,9,0.03150333700023111,-1,0.25,1.000669357607431
cpu,DS,1048576,32,0,0.1,104858,10,0.03317355700028202,-1,0.25,1.000669357607431
cpu,SS,1048576,32,0,0.1,104858,10,0.03388406800013399,-1,0.25,1.000669357607431
cpu,SS,1048576,32,0,0.1,104858,11,0.029670015999727184,-1,0.25,1.000669357607431
cpu,DS,1048576,32,0,0.1,104858,11,0.03946896300021763,-1,0.25,1.000669357607431
cpu,DS,1048576,32,0,0.1,104858,12,0.037091614000019035,-1,0.25,1.000669357607431
cpu,SS,1048576,32,0,0.1,104858,12,0.03314440099984495,-1,0.25,1.000669357607431
cpu,SS,1048576,32,0,0.1,104858,13,0.029214723000222875,-1,0.25,1.000669357607431
cpu,DS,1048576,32,0,0.1,104858,13,0.03977340700021159,-1,0.25,1.000669357607431
cpu,DS,1048576,32,0,0.1,104858,14,0.043403923000369105,-1,0.25,1.000669357607431
cpu,SS,1048576,32,0,0.1,104858,14,0.028968061999876227,-1,0.25,1.000669357607431
gpu,DS,1048576,32,0,0.1,104858,0,0.009344672203063965,1860,0.25,1.000669357607431
gpu,SS,1048576,32,0,0.1,104858,0,0.010065471649169922,1875,0.25,1.000669357607431
gpu,SS,1048576,32,0,0.1,104858,1,0.010645888328552245,1875,0.25,1.000669357607431
gpu,DS,1048576,32,0,0.1,104858,1,0.009286239624023437,1875,0.25,1.000669357607431
gpu,DS,1048576,32,0,0.1,104858,2,0.007902847766876222,1875,0.25,1.000669357607431
gpu,SS,1048576,32,0,0.1,104858,2,0.009904383659362793,1875,0.25,1.000669357607431
gpu,SS,1048576,32,0,0.1,104858,3,0.011512319564819335,1875,0.25,1.000669357607431
gpu,DS,1048576,32,0,0.1,104858,3,0.007886943817138671,1875,0.25,1.000669357607431
gpu,DS,1048576,32,0,0.1,104858,4,0.007754975795745849,1875,0.25,1.000669357607431
gpu,SS,1048576,32,0,0.1,104858,4,0.011233247756958008,1875,0.25,1.000669357607431
gpu,SS,1048576,32,0,0.1,104858,5,0.009984000205993653,1875,0.25,1.000669357607431
gpu,DS,1048576,32,0,0.1,104858,5,0.007878592014312744,1875,0.25,1.000669357607431
gpu,DS,1048576,32,0,0.1,104858,6,0.008992351531982423,1875,0.25,1.000669357607431
gpu,SS,1048576,32,0,0.1,104858,6,0.00988054370880127,1875,0.25,1.000669357607431
gpu,SS,1048576,32,0,0.1,104858,7,0.01051801586151123,1875,0.25,1.000669357607431
gpu,DS,1048576,32,0,0.1,104858,7,0.009299200057983398,1875,0.25,1.000669357607431
gpu,DS,1048576,32,0,0.1,104858,8,0.00780022382736206,1875,0.25,1.000669357607431
gpu,SS,1048576,32,0,0.1,104858,8,0.010073087692260741,1875,0.25,1.000669357607431
gpu,SS,1048576,32,0,0.1,104858,9,0.011352864265441895,1875,0.25,1.000669357607431
gpu,DS,1048576,32,0,0.1,104858,9,0.007807680130004883,1875,0.25,1.000669357607431
gpu,DS,1048576,32,0,0.1,104858,10,0.008331839561462401,1875,0.25,1.000669357607431
gpu,SS,1048576,32,0,0.1,104858,10,0.011272192001342773,1875,0.25,1.000669357607431
gpu,SS,1048576,32,0,0.1,104858,11,0.009996607780456543,1875,0.25,1.000669357607431
gpu,DS,1048576,32,0,0.1,104858,11,0.007860000133514405,1875,0.25,1.000669357607431
gpu,DS,1048576,32,0,0.1,104858,12,0.007781472206115723,1875,0.25,1.000669357607431
gpu,SS,1048576,32,0,0.1,104858,12,0.010583423614501953,1875,0.25,1.000669357607431
gpu,SS,1048576,32,0,0.1,104858,13,0.01076028823852539,1875,0.25,1.000669357607431
gpu,DS,1048576,32,0,0.1,104858,13,0.009365440368652344,1875,0.25,1.000669357607431
gpu,DS,1048576,32,0,0.1,104858,14,0.007968031883239746,1875,0.25,1.000669357607431
gpu,SS,1048576,32,0,0.1,104858,14,0.00990719985961914,1875,0.25,1.000669357607431
cpu,DS,1048576,32,0,0.2,209715,0,0.03514955099990402,-1,0.25,1.000957549531507
cpu,SS,1048576,32,0,0.2,209715,0,0.04638248100036435,-1,0.25,1.000957549531507
cpu,SS,1048576,32,0,0.2,209715,1,0.05152499499990881,-1,0.25,1.000957549531507
cpu,DS,1048576,32,0,0.2,209715,1,0.03760194300002695,-1,0.25,1.000957549531507
cpu,DS,1048576,32,0,0.2,209715,2,0.040450326000154746,-1,0.25,1.000957549531507
cpu,SS,1048576,32,0,0.2,209715,2,0.0475770839998404,-1,0.25,1.000957549531507
cpu,SS,1048576,32,0,0.2,209715,3,0.05021650000026057,-1,0.25,1.000957549531507
cpu,DS,1048576,32,0,0.2,209715,3,0.040808774000197445,-1,0.25,1.000957549531507
cpu,DS,1048576,32,0,0.2,209715,4,0.03649451599994791,-1,0.25,1.000957549531507
cpu,SS,1048576,32,0,0.2,209715,4,0.04702049299976352,-1,0.25,1.000957549531507
cpu,SS,1048576,32,0,0.2,209715,5,0.049395754000215675,-1,0.25,1.000957549531507
cpu,DS,1048576,32,0,0.2,209715,5,0.03177314899994599,-1,0.25,1.000957549531507
cpu,DS,1048576,32,0,0.2,209715,6,0.04013760899988483,-1,0.25,1.000957549531507
cpu,SS,1048576,32,0,0.2,209715,6,0.04950984100014466,-1,0.25,1.000957549531507
cpu,SS,1048576,32,0,0.2,209715,7,0.0494976529998894,-1,0.25,1.000957549531507
cpu,DS,1048576,32,0,0.2,209715,7,0.03470080799979769,-1,0.25,1.000957549531507
cpu,DS,1048576,32,0,0.2,209715,8,0.035655923999911465,-1,0.25,1.000957549531507
cpu,SS,1048576,32,0,0.2,209715,8,0.04767878699976791,-1,0.25,1.000957549531507
cpu,SS,1048576,32,0,0.2,209715,9,0.0513143719999789,-1,0.25,1.000957549531507
cpu,DS,1048576,32,0,0.2,209715,9,0.0339335939997909,-1,0.25,1.000957549531507
cpu,DS,1048576,32,0,0.2,209715,10,0.03563720199963427,-1,0.25,1.000957549531507
cpu,SS,1048576,32,0,0.2,209715,10,0.04863507399977607,-1,0.25,1.000957549531507
cpu,SS,1048576,32,0,0.2,209715,11,0.04756899099993461,-1,0.25,1.000957549531507
cpu,DS,1048576,32,0,0.2,209715,11,0.033902488999956404,-1,0.25,1.000957549531507
cpu,DS,1048576,32,0,0.2,209715,12,0.04167915400012134,-1,0.25,1.000957549531507
cpu,SS,1048576,32,0,0.2,209715,12,0.05086377599991465,-1,0.25,1.000957549531507
cpu,SS,1048576,32,0,0.2,209715,13,0.047040483000273525,-1,0.25,1.000957549531507
cpu,DS,1048576,32,0,0.2,209715,13,0.0447421580001901,-1,0.25,1.000957549531507
cpu,DS,1048576,32,0,0.2,209715,14,0.04388893999976062,-1,0.25,1.000957549531507
cpu,SS,1048576,32,0,0.2,209715,14,0.05552263800018409,-1,0.25,1.000957549531507
gpu,DS,1048576,32,0,0.2,209715,0,0.008728511810302734,1425,0.25,1.000957549531507
gpu,SS,1048576,32,0,0.2,209715,0,0.01958502388000488,1425,0.25,1.000957549531507
gpu,SS,1048576,32,0,0.2,209715,1,0.02060851287841797,1425,0.25,1.000957549531507
gpu,DS,1048576,32,0,0.2,209715,1,0.00800767993927002,1425,0.25,1.000957549531507
gpu,DS,1048576,32,0,0.2,209715,2,0.007903615951538085,1425,0.25,1.000957549531507
gpu,SS,1048576,32,0,0.2,209715,2,0.021423871994018556,1425,0.25,1.000957549531507
gpu,SS,1048576,32,0,0.2,209715,3,0.02043289566040039,1425,0.25,1.000957549531507
gpu,DS,1048576,32,0,0.2,209715,3,0.007856256008148193,1875,0.25,1.000957549531507
gpu,DS,1048576,32,0,0.2,209715,4,0.00773689603805542,1875,0.25,1.000957549531507
gpu,SS,1048576,32,0,0.2,209715,4,0.020637567520141602,1875,0.25,1.000957549531507
gpu,SS,1048576,32,0,0.2,209715,5,0.020031488418579102,1875,0.25,1.000957549531507
gpu,DS,1048576,32,0,0.2,209715,5,0.007769760131835938,1875,0.25,1.000957549531507
gpu,DS,1048576,32,0,0.2,209715,6,0.007718912124633789,1875,0.25,1.000957549531507
gpu,SS,1048576,32,0,0.2,209715,6,0.020216064453125,1875,0.25,1.000957549531507
gpu,SS,1048576,32,0,0.2,209715,7,0.019355648040771483,1875,0.25,1.000957549531507
gpu,DS,1048576,32,0,0.2,209715,7,0.007737855911254882,1875,0.25,1.000957549531507
gpu,DS,1048576,32,0,0.2,209715,8,0.007741631984710694,1875,0.25,1.000957549531507
gpu,SS,1048576,32,0,0.2,209715,8,0.02011292839050293,1875,0.25,1.000957549531507
gpu,SS,1048576,32,0,0.2,209715,9,0.019258880615234376,1875,0.25,1.000957549531507
gpu,DS,1048576,32,0,0.2,209715,9,0.010184351921081542,1875,0.25,1.000957549531507
gpu,DS,1048576,32,0,0.2,209715,10,0.007772480010986328,1875,0.25,1.000957549531507
gpu,SS,1048576,32,0,0.2,209715,10,0.019839487075805663,1875,0.25,1.000957549531507
gpu,SS,1048576,32,0,0.2,209715,11,0.019312000274658202,1875,0.25,1.000957549531507
gpu,DS,1048576,32,0,0.2,209715,11,0.007866623878479004,1875,0.25,1.000957549531507
gpu,DS,1048576,32,0,0.2,209715,12,0.007694623947143555,1875,0.25,1.000957549531507
gpu,SS,1048576,32,0,0.2,209715,12,0.01877996826171875,1875,0.25,1.000957549531507
gpu,SS,1048576,32,0,0.2,209715,13,0.020636383056640624,1875,0.25,1.000957549531507
gpu,DS,1048576,32,0,0.2,209715,13,0.007813119888305664,1875,0.25,1.000957549531507
gpu,DS,1048576,32,0,0.2,209715,14,0.009234687805175782,1875,0.25,1.000957549531507
gpu,SS,1048576,32,0,0.2,209715,14,0.018767871856689454,1875,0.25,1.000957549531507
cpu,DS,1048576,32,0,0.3,314573,0,0.03807984300010503,-1,0.25,1.000932414733623
cpu,SS,1048576,32,0,0.3,314573,0,0.0673646190002728,-1,0.25,1.000932414733623
cpu,SS,1048576,32,0,0.3,314573,1,0.07031099899995752,-1,0.25,1.000932414733623
cpu,DS,1048576,32,0,0.3,314573,1,0.03716051300034451,-1,0.25,1.000932414733623
cpu,DS,1048576,32,0,0.3,314573,2,0.03596981100008634,-1,0.25,1.000932414733623
cpu,SS,1048576,32,0,0.3,314573,2,0.07033674200010864,-1,0.25,1.000932414733623
cpu,SS,1048576,32,0,0.3,314573,3,0.07213063700010025,-1,0.25,1.000932414733623
cpu,DS,1048576,32,0,0.3,314573,3,0.03950382300035926,-1,0.25,1.000932414733623
cpu,DS,1048576,32,0,0.3,314573,4,0.03970189199981178,-1,0.25,1.000932414733623
cpu,SS,1048576,32,0,0.3,314573,4,0.07178242700001647,-1,0.25,1.000932414733623
cpu,SS,1048576,32,0,0.3,314573,5,0.07325679599989599,-1,0.25,1.000932414733623
cpu,DS,1048576,32,0,0.3,314573,5,0.03715003099978276,-1,0.25,1.000932414733623
cpu,DS,1048576,32,0,0.3,314573,6,0.035712846000024,-1,0.25,1.000932414733623
cpu,SS,1048576,32,0,0.3,314573,6,0.07579967699984991,-1,0.25,1.000932414733623
cpu,SS,1048576,32,0,0.3,314573,7,0.07695777100025225,-1,0.25,1.000932414733623
cpu,DS,1048576,32,0,0.3,314573,7,0.04056547000027422,-1,0.25,1.000932414733623
cpu,DS,1048576,32,0,0.3,314573,8,0.04136492699990413,-1,0.25,1.000932414733623
cpu,SS,1048576,32,0,0.3,314573,8,0.07963523300031738,-1,0.25,1.000932414733623
cpu,SS,1048576,32,0,0.3,314573,9,0.07630504300004759,-1,0.25,1.000932414733623
cpu,DS,1048576,32,0,0.3,314573,9,0.03929846599976372,-1,0.25,1.000932414733623
cpu,DS,1048576,32,0,0.3,314573,10,0.04162901800009422,-1,0.25,1.000932414733623
cpu,SS,1048576,32,0,0.3,314573,10,0.0753218840000045,-1,0.25,1.000932414733623
cpu,SS,1048576,32,0,0.3,314573,11,0.08130840900003022,-1,0.25,1.000932414733623
cpu,DS,1048576,32,0,0.3,314573,11,0.05088288100023419,-1,0.25,1.000932414733623
cpu,DS,1048576,32,0,0.3,314573,12,0.04404312899987417,-1,0.25,1.000932414733623
cpu,SS,1048576,32,0,0.3,314573,12,0.0830714829999124,-1,0.25,1.000932414733623
cpu,SS,1048576,32,0,0.3,314573,13,0.08292042200037031,-1,0.25,1.000932414733623
cpu,DS,1048576,32,0,0.3,314573,13,0.0424463280000964,-1,0.25,1.000932414733623
cpu,DS,1048576,32,0,0.3,314573,14,0.050006942999971216,-1,0.25,1.000932414733623
cpu,SS,1048576,32,0,0.3,314573,14,0.07658096500017564,-1,0.25,1.000932414733623
gpu,DS,1048576,32,0,0.3,314573,0,0.00798147201538086,1470,0.25,1.000932414733623
gpu,SS,1048576,32,0,0.3,314573,0,0.029484703063964845,1470,0.25,1.000932414733623
gpu,SS,1048576,32,0,0.3,314573,1,0.029211296081542968,1470,0.25,1.000932414733623
gpu,DS,1048576,32,0,0.3,314573,1,0.007978015899658204,1470,0.25,1.000932414733623
gpu,DS,1048576,32,0,0.3,314573,2,0.007913472175598145,1470,0.25,1.000932414733623
gpu,SS,1048576,32,0,0.3,314573,2,0.02841200065612793,1470,0.25,1.000932414733623
gpu,SS,1048576,32,0,0.3,314573,3,0.028864639282226563,1875,0.25,1.000932414733623
gpu,DS,1048576,32,0,0.3,314573,3,0.009508895874023437,1875,0.25,1.000932414733623
gpu,DS,1048576,32,0,0.3,314573,4,0.007979008197784423,1875,0.25,1.000932414733623
gpu,SS,1048576,32,0,0.3,314573,4,0.028625343322753908,1875,0.25,1.000932414733623
gpu,SS,1048576,32,0,0.3,314573,5,0.02898428726196289,1875,0.25,1.000932414733623
gpu,DS,1048576,32,0,0.3,314573,5,0.008339327812194824,1875,0.25,1.000932414733623
gpu,DS,1048576,32,0,0.3,314573,6,0.0077608962059021,1875,0.25,1.000932414733623
gpu,SS,1048576,32,0,0.3,314573,6,0.02881123161315918,1875,0.25,1.000932414733623
gpu,SS,1048576,32,0,0.3,314573,7,0.029410400390625,1875,0.25,1.000932414733623
gpu,DS,1048576,32,0,0.3,314573,7,0.009515007972717286,1875,0.25,1.000932414733623
gpu,DS,1048576,32,0,0.3,314573,8,0.007685887813568115,1875,0.25,1.000932414733623
gpu,SS,1048576,32,0,0.3,314573,8,0.02924323272705078,1875,0.25,1.000932414733623
gpu,SS,1048576,32,0,0.3,314573,9,0.029378463745117187,1875,0.25,1.000932414733623
gpu,DS,1048576,32,0,0.3,314573,9,0.00780022382736206,1875,0.25,1.000932414733623
gpu,DS,1048576,32,0,0.3,314573,10,0.009212960243225097,1875,0.25,1.000932414733623
gpu,SS,1048576,32,0,0.3,314573,10,0.028926496505737306,1875,0.25,1.000932414733623
gpu,SS,1048576,32,0,0.3,314573,11,0.028573535919189454,1875,0.25,1.000932414733623
gpu,DS,1048576,32,0,0.3,314573,11,0.007769824028015137,1875,0.25,1.000932414733623
gpu,DS,1048576,32,0,0.3,314573,12,0.007768064022064209,1875,0.25,1.000932414733623
gpu,SS,1048576,32,0,0.3,314573,12,0.0289234561920166,1875,0.25,1.000932414733623
gpu,SS,1048576,32,0,0.3,314573,13,0.028653568267822265,1875,0.25,1.000932414733623
gpu,DS,1048576,32,0,0.3,314573,13,0.007869344234466552,1875,0.25,1.000932414733623
gpu,DS,1048576,32,0,0.3,314573,14,0.007708576202392578,1875,0.25,1.000932414733623
gpu,SS,1048576,32,0,0.3,314573,14,0.02923971176147461,1875,0.25,1.000932414733623
cpu,DS,1048576,32,0,0.5,524288,0,0.03866022200008956,-1,0.25,1.0002830028533936
cpu,SS,1048576,32,0,0.5,524288,0,0.10848211900020033,-1,0.25,1.0002830028533936
cpu,SS,1048576,32,0,0.5,524288,1,0.11201287099993351,-1,0.25,1.0002830028533936
cpu,DS,1048576,32,0,0.5,524288,1,0.041558033999990585,-1,0.25,1.0002830028533936
cpu,DS,1048576,32,0,0.5,524288,2,0.037556990000211954,-1,0.25,1.0002830028533936
cpu,SS,1048576,32,0,0.5,524288,2,0.11011522200033141,-1,0.25,1.0002830028533936
cpu,SS,1048576,32,0,0.5,524288,3,0.11411519500006762,-1,0.25,1.0002830028533936
cpu,DS,1048576,32,0,0.5,524288,3,0.04506323900022835,-1,0.25,1.0002830028533936
cpu,DS,1048576,32,0,0.5,524288,4,0.03842307700006131,-1,0.25,1.0002830028533936
cpu,SS,1048576,32,0,0.5,524288,4,0.10915025999975114,-1,0.25,1.0002830028533936
cpu,SS,1048576,32,0,0.5,524288,5,0.11513895600000978,-1,0.25,1.0002830028533936
cpu,DS,1048576,32,0,0.5,524288,5,0.04532076399982543,-1,0.25,1.0002830028533936
cpu,DS,1048576,32,0,0.5,524288,6,0.04215031200010344,-1,0.25,1.0002830028533936
cpu,SS,1048576,32,0,0.5,524288,6,0.12207837699997981,-1,0.25,1.0002830028533936
cpu,SS,1048576,32,0,0.5,524288,7,0.1211200459997599,-1,0.25,1.0002830028533936
cpu,DS,1048576,32,0,0.5,524288,7,0.03515521200006333,-1,0.25,1.0002830028533936
cpu,DS,1048576,32,0,0.5,524288,8,0.05041870299965012,-1,0.25,1.0002830028533936
cpu,SS,1048576,32,0,0.5,524288,8,0.18676654999990205,-1,0.25,1.0002830028533936
cpu,SS,1048576,32,0,0.5,524288,9,0.13447457499978555,-1,0.25,1.0002830028533936
cpu,DS,1048576,32,0,0.5,524288,9,0.03552185099988492,-1,0.25,1.0002830028533936
cpu,DS,1048576,32,0,0.5,524288,10,0.03792957599989677,-1,0.25,1.0002830028533936
cpu,SS,1048576,32,0,0.5,524288,10,0.12425090799979444,-1,0.25,1.0002830028533936
cpu,SS,1048576,32,0,0.5,524288,11,0.12050680299989835,-1,0.25,1.0002830028533936
cpu,DS,1048576,32,0,0.5,524288,11,0.03811708900002486,-1,0.25,1.0002830028533936
cpu,DS,1048576,32,0,0.5,524288,12,0.03556534100016506,-1,0.25,1.0002830028533936
cpu,SS,1048576,32,0,0.5,524288,12,0.11570402799998192,-1,0.25,1.0002830028533936
cpu,SS,1048576,32,0,0.5,524288,13,0.11380930499990427,-1,0.25,1.0002830028533936
cpu,DS,1048576,32,0,0.5,524288,13,0.03629939900019963,-1,0.25,1.0002830028533936
cpu,DS,1048576,32,0,0.5,524288,14,0.044840428000043175,-1,0.25,1.0002830028533936
cpu,SS,1048576,32,0,0.5,524288,14,0.11336641200023223,-1,0.25,1.0002830028533936
gpu,DS,1048576,32,0,0.5,524288,0,0.008240415573120117,1860,0.25,1.0002830028533936
gpu,SS,1048576,32,0,0.5,524288,0,0.046977024078369144,1860,0.25,1.0002830028533936
gpu,SS,1048576,32,0,0.5,524288,1,0.04796131134033203,1875,0.25,1.0002830028533936
gpu,DS,1048576,32,0,0.5,524288,1,0.008556544303894043,1875,0.25,1.0002830028533936
gpu,DS,1048576,32,0,0.5,524288,2,0.008261631965637208,1875,0.25,1.0002830028533936
gpu,SS,1048576,32,0,0.5,524288,2,0.048946334838867185,1875,0.25,1.0002830028533936
gpu,SS,1048576,32,0,0.5,524288,3,0.047675647735595704,1875,0.25,1.0002830028533936
gpu,DS,1048576,32,0,0.5,524288,3,0.007792960166931153,1875,0.25,1.0002830028533936
gpu,DS,1048576,32,0,0.5,524288,4,0.007681536197662354,1875,0.25,1.0002830028533936
gpu,SS,1048576,32,0,0.5,524288,4,0.047930240631103516,1875,0.25,1.0002830028533936
gpu,SS,1048576,32,0,0.5,524288,5,0.04712243270874023,1875,0.25,1.0002830028533936
gpu,DS,1048576,32,0,0.5,524288,5,0.009320128440856933,1875,0.25,1.0002830028533936
gpu,DS,1048576,32,0,0.5,524288,6,0.00791103982925415,1875,0.25,1.0002830028533936
gpu,SS,1048576,32,0,0.5,524288,6,0.047151103973388675,1875,0.25,1.0002830028533936
gpu,SS,1048576,32,0,0.5,524288,7,0.04850688171386719,1875,0.25,1.0002830028533936
gpu,DS,1048576,32,0,0.5,524288,7,0.007923711776733398,1875,0.25,1.0002830028533936
gpu,DS,1048576,32,0,0.5,524288,8,0.008512096405029297,1875,0.25,1.0002830028533936
gpu,SS,1048576,32,0,0.5,524288,8,0.04696883010864258,1875,0.25,1.0002830028533936
gpu,SS,1048576,32,0,0.5,524288,9,0.04810604858398437,1875,0.25,1.0002830028533936
gpu,DS,1048576,32,0,0.5,524288,9,0.007750527858734131,1875,0.25,1.0002830028533936
gpu,DS,1048576,32,0,0.5,524288,10,0.007780032157897949,1875,0.25,1.0002830028533936
gpu,SS,1048576,32,0,0.5,524288,10,0.04822220611572266,1875,0.25,1.0002830028533936
gpu,SS,1048576,32,0,0.5,524288,11,0.04682432174682617,1875,0.25,1.0002830028533936
gpu,DS,1048576,32,0,0.5,524288,11,0.007796448230743408,1875,0.25,1.0002830028533936
gpu,DS,1048576,32,0,0.5,524288,12,0.009488384246826171,1875,0.25,1.0002830028533936
gpu,SS,1048576,32,0,0.5,524288,12,0.04685660934448242,1875,0.25,1.0002830028533936
gpu,SS,1048576,32,0,0.5,524288,13,0.04772793579101563,1875,0.25,1.0002830028533936
gpu,DS,1048576,32,0,0.5,524288,13,0.00783190393447876,1875,0.25,1.0002830028533936
gpu,DS,1048576,32,0,0.5,524288,14,0.00817632007598877,1875,0.25,1.0002830028533936
gpu,SS,1048576,32,0,0.5,524288,14,0.04754022216796875,1875,0.25,1.0002830028533936
cpu,DS,1048576,32,0,0.7,734003,0,0.036509631000171794,-1,0.25,1.0004254069806255
cpu,SS,1048576,32,0,0.7,734003,0,0.15881364699998812,-1,0.25,1.0004254069806255
cpu,SS,1048576,32,0,0.7,734003,1,0.14998154900013105,-1,0.25,1.0004254069806255
cpu,DS,1048576,32,0,0.7,734003,1,0.045264073999987886,-1,0.25,1.0004254069806255
cpu,DS,1048576,32,0,0.7,734003,2,0.06406082200010133,-1,0.25,1.0004254069806255
cpu,SS,1048576,32,0,0.7,734003,2,0.1769900360000065,-1,0.25,1.0004254069806255
cpu,SS,1048576,32,0,0.7,734003,3,0.16186246799998116,-1,0.25,1.0004254069806255
cpu,DS,1048576,32,0,0.7,734003,3,0.045532919999914157,-1,0.25,1.0004254069806255
cpu,DS,1048576,32,0,0.7,734003,4,0.04680108599995947,-1,0.25,1.0004254069806255
cpu,SS,1048576,32,0,0.7,734003,4,0.17459842700009176,-1,0.25,1.0004254069806255
cpu,SS,1048576,32,0,0.7,734003,5,0.17025930199997674,-1,0.25,1.0004254069806255
cpu,DS,1048576,32,0,0.7,734003,5,0.04405981999980213,-1,0.25,1.0004254069806255
cpu,DS,1048576,32,0,0.7,734003,6,0.045156115000281716,-1,0.25,1.0004254069806255
cpu,SS,1048576,32,0,0.7,734003,6,0.18029487400008293,-1,0.25,1.0004254069806255
cpu,SS,1048576,32,0,0.7,734003,7,0.17501812000000427,-1,0.25,1.0004254069806255
cpu,DS,1048576,32,0,0.7,734003,7,0.04417834399964704,-1,0.25,1.0004254069806255
cpu,DS,1048576,32,0,0.7,734003,8,0.03887750400008372,-1,0.25,1.0004254069806255
cpu,SS,1048576,32,0,0.7,734003,8,0.17175786100006007,-1,0.25,1.0004254069806255
cpu,SS,1048576,32,0,0.7,734003,9,0.1836335150001105,-1,0.25,1.0004254069806255
cpu,DS,1048576,32,0,0.7,734003,9,0.04648428199971022,-1,0.25,1.0004254069806255
cpu,DS,1048576,32,0,0.7,734003,10,0.04249639899990143,-1,0.25,1.0004254069806255
cpu,SS,1048576,32,0,0.7,734003,10,0.174144823000006,-1,0.25,1.0004254069806255
cpu,SS,1048576,32,0,0.7,734003,11,0.1900723769999786,-1,0.25,1.0004254069806255
cpu,DS,1048576,32,0,0.7,734003,11,0.0454623549999269,-1,0.25,1.0004254069806255
cpu,DS,1048576,32,0,0.7,734003,12,0.042140299000038794,-1,0.25,1.0004254069806255
cpu,SS,1048576,32,0,0.7,734003,12,0.1767538340000101,-1,0.25,1.0004254069806255
cpu,SS,1048576,32,0,0.7,734003,13,0.1748439259999941,-1,0.25,1.0004254069806255
cpu,DS,1048576,32,0,0.7,734003,13,0.044032670999968104,-1,0.25,1.0004254069806255
cpu,DS,1048576,32,0,0.7,734003,14,0.03934329499998057,-1,0.25,1.0004254069806255
cpu,SS,1048576,32,0,0.7,734003,14,0.14822722600001725,-1,0.25,1.0004254069806255
gpu,DS,1048576,32,0,0.7,734003,0,0.009277440071105958,1890,0.25,1.0004254069806255
gpu,SS,1048576,32,0,0.7,734003,0,0.06584796905517579,1890,0.25,1.0004254069806255
gpu,SS,1048576,32,0,0.7,734003,1,0.06575849914550781,1890,0.25,1.0004254069806255
gpu,DS,1048576,32,0,0.7,734003,1,0.007723904132843017,1890,0.25,1.0004254069806255
gpu,DS,1048576,32,0,0.7,734003,2,0.007810207843780517,1890,0.25,1.0004254069806255
gpu,SS,1048576,32,0,0.7,734003,2,0.06552931213378907,1890,0.25,1.0004254069806255
gpu,SS,1048576,32,0,0.7,734003,3,0.06584639739990235,1890,0.25,1.0004254069806255
gpu,DS,1048576,32,0,0.7,734003,3,0.009299391746520997,1890,0.25,1.0004254069806255
gpu,DS,1048576,32,0,0.7,734003,4,0.007864543914794922,1890,0.25,1.0004254069806255
gpu,SS,1048576,32,0,0.7,734003,4,0.06555235290527343,1890,0.25,1.0004254069806255
gpu,SS,1048576,32,0,0.7,734003,5,0.06476982116699219,1875,0.25,1.0004254069806255
gpu,DS,1048576,32,0,0.7,734003,5,0.00942409610748291,1875,0.25,1.0004254069806255
gpu,DS,1048576,32,0,0.7,734003,6,0.007859807968139648,1875,0.25,1.0004254069806255
gpu,SS,1048576,32,0,0.7,734003,6,0.06496656036376953,1875,0.25,1.0004254069806255
gpu,SS,1048576,32,0,0.7,734003,7,0.06502035522460937,1875,0.25,1.0004254069806255
gpu,DS,1048576,32,0,0.7,734003,7,0.0077729601860046385,1875,0.25,1.0004254069806255
gpu,DS,1048576,32,0,0.7,734003,8,0.009256128311157227,1875,0.25,1.0004254069806255
gpu,SS,1048576,32,0,0.7,734003,8,0.06553858947753906,1875,0.25,1.0004254069806255
gpu,SS,1048576,32,0,0.7,734003,9,0.06574265289306641,1875,0.25,1.0004254069806255
gpu,DS,1048576,32,0,0.7,734003,9,0.007903615951538085,1875,0.25,1.0004254069806255
gpu,DS,1048576,32,0,0.7,734003,10,0.008520928382873535,1875,0.25,1.0004254069806255
gpu,SS,1048576,32,0,0.7,734003,10,0.06550736236572266,1875,0.25,1.0004254069806255
gpu,SS,1048576,32,0,0.7,734003,11,0.06610530853271485,1875,0.25,1.0004254069806255
gpu,DS,1048576,32,0,0.7,734003,11,0.00949276828765869,1875,0.25,1.0004254069806255
gpu,DS,1048576,32,0,0.7,734003,12,0.008322751998901368,1875,0.25,1.0004254069806255
gpu,SS,1048576,32,0,0.7,734003,12,0.06577766418457032,1875,0.25,1.0004254069806255
gpu,SS,1048576,32,0,0.7,734003,13,0.06556221008300782,1875,0.25,1.0004254069806255
gpu,DS,1048576,32,0,0.7,734003,13,0.007815648078918457,1875,0.25,1.0004254069806255
gpu,DS,1048576,32,0,0.7,734003,14,0.00972390365600586,1875,0.25,1.0004254069806255
gpu,SS,1048576,32,0,0.7,734003,14,0.06556057739257813,1875,0.25,1.0004254069806255
cpu,DS,1048576,32,0,1.0,1048576,0,0.04029313499995624,-1,0.25,1.0001964569091797
cpu,SS,1048576,32,0,1.0,1048576,0,0.2263787520000733,-1,0.25,1.0001964569091797
cpu,SS,1048576,32,0,1.0,1048576,1,0.23714967500018247,-1,0.25,1.0001964569091797
cpu,DS,1048576,32,0,1.0,1048576,1,0.03462728100021195,-1,0.25,1.0001964569091797
cpu,DS,1048576,32,0,1.0,1048576,2,0.040073442999982944,-1,0.25,1.0001964569091797
cpu,SS,1048576,32,0,1.0,1048576,2,0.23719989299979716,-1,0.25,1.0001964569091797
cpu,SS,1048576,32,0,1.0,1048576,3,0.22023655900011363,-1,0.25,1.0001964569091797
cpu,DS,1048576,32,0,1.0,1048576,3,0.03299183300032382,-1,0.25,1.0001964569091797
cpu,DS,1048576,32,0,1.0,1048576,4,0.03755181899987292,-1,0.25,1.0001964569091797
cpu,SS,1048576,32,0,1.0,1048576,4,0.2066123790000347,-1,0.25,1.0001964569091797
cpu,SS,1048576,32,0,1.0,1048576,5,0.2327882210001917,-1,0.25,1.0001964569091797
cpu,DS,1048576,32,0,1.0,1048576,5,0.03844131000005291,-1,0.25,1.0001964569091797
cpu,DS,1048576,32,0,1.0,1048576,6,0.03286009599969475,-1,0.25,1.0001964569091797
cpu,SS,1048576,32,0,1.0,1048576,6,0.27383335700005773,-1,0.25,1.0001964569091797
cpu,SS,1048576,32,0,1.0,1048576,7,0.2552983479999966,-1,0.25,1.0001964569091797
cpu,DS,1048576,32,0,1.0,1048576,7,0.038201240000034886,-1,0.25,1.0001964569091797
cpu,DS,1048576,32,0,1.0,1048576,8,0.04369206100000156,-1,0.25,1.0001964569091797
cpu,SS,1048576,32,0,1.0,1048576,8,0.28330042500010677,-1,0.25,1.0001964569091797
cpu,SS,1048576,32,0,1.0,1048576,9,0.2380150799999683,-1,0.25,1.0001964569091797
cpu,DS,1048576,32,0,1.0,1048576,9,0.0725643000000673,-1,0.25,1.0001964569091797
cpu,DS,1048576,32,0,1.0,1048576,10,0.050533919999907084,-1,0.25,1.0001964569091797
cpu,SS,1048576,32,0,1.0,1048576,10,0.23276897999994617,-1,0.25,1.0001964569091797
cpu,SS,1048576,32,0,1.0,1048576,11,0.22121082000012393,-1,0.25,1.0001964569091797
cpu,DS,1048576,32,0,1.0,1048576,11,0.03400740000006408,-1,0.25,1.0001964569091797
cpu,DS,1048576,32,0,1.0,1048576,12,0.03310893000025317,-1,0.25,1.0001964569091797
cpu,SS,1048576,32,0,1.0,1048576,12,0.21191012999997838,-1,0.25,1.0001964569091797
cpu,SS,1048576,32,0,1.0,1048576,13,0.20976552000001902,-1,0.25,1.0001964569091797
cpu,DS,1048576,32,0,1.0,1048576,13,0.0353095199998279,-1,0.25,1.0001964569091797
cpu,DS,1048576,32,0,1.0,1048576,14,0.034284780000234605,-1,0.25,1.0001964569091797
cpu,SS,1048576,32,0,1.0,1048576,14,0.20182049999993978,-1,0.25,1.0001964569091797
gpu,DS,1048576,32,0,1.0,1048576,0,0.009557503700256348,1890,0.25,1.0001964569091797
gpu,SS,1048576,32,0,1.0,1048576,0,0.09194255828857421,1890,0.25,1.0001964569091797
gpu,SS,1048576,32,0,1.0,1048576,1,0.09230131530761719,1890,0.25,1.0001964569091797
gpu,DS,1048576,32,0,1.0,1048576,1,0.0093471040725708,1890,0.25,1.0001964569091797
gpu,DS,1048576,32,0,1.0,1048576,2,0.007890975952148438,1890,0.25,1.0001964569091797
gpu,SS,1048576,32,0,1.0,1048576,2,0.09322086334228516,1890,0.25,1.0001964569091797
gpu,SS,1048576,32,0,1.0,1048576,3,0.09317375946044922,1890,0.25,1.0001964569091797
gpu,DS,1048576,32,0,1.0,1048576,3,0.007894911766052247,1890,0.25,1.0001964569091797
gpu,DS,1048576,32,0,1.0,1048576,4,0.008420224189758302,1890,0.25,1.0001964569091797
gpu,SS,1048576,32,0,1.0,1048576,4,0.09409331512451172,1890,0.25,1.0001964569091797
gpu,SS,1048576,32,0,1.0,1048576,5,0.09350780487060546,1890,0.25,1.0001964569091797
gpu,DS,1048576,32,0,1.0,1048576,5,0.007786496162414551,1890,0.25,1.0001964569091797
gpu,DS,1048576,32,0,1.0,1048576,6,0.009561535835266113,1890,0.25,1.0001964569091797
gpu,SS,1048576,32,0,1.0,1048576,6,0.09187123107910156,1890,0.25,1.0001964569091797
gpu,SS,1048576,32,0,1.0,1048576,7,0.09364479827880859,1890,0.25,1.0001964569091797
gpu,DS,1048576,32,0,1.0,1048576,7,0.009297087669372558,1890,0.25,1.0001964569091797
gpu,DS,1048576,32,0,1.0,1048576,8,0.007802783966064453,1890,0.25,1.0001964569091797
gpu,SS,1048576,32,0,1.0,1048576,8,0.09316146850585938,1890,0.25,1.0001964569091797
gpu,SS,1048576,32,0,1.0,1048576,9,0.09371369934082031,1890,0.25,1.0001964569091797
gpu,DS,1048576,32,0,1.0,1048576,9,0.007768928050994873,1875,0.25,1.0001964569091797
gpu,DS,1048576,32,0,1.0,1048576,10,0.008185759544372558,1875,0.25,1.0001964569091797
gpu,SS,1048576,32,0,1.0,1048576,10,0.09300032043457031,1875,0.25,1.0001964569091797
gpu,SS,1048576,32,0,1.0,1048576,11,0.09346479797363282,1875,0.25,1.0001964569091797
gpu,DS,1048576,32,0,1.0,1048576,11,0.008696063995361328,1875,0.25,1.0001964569091797
gpu,DS,1048576,32,0,1.0,1048576,12,0.007987199783325195,1875,0.25,1.0001964569091797
gpu,SS,1048576,32,0,1.0,1048576,12,0.09360205078125,1875,0.25,1.0001964569091797
gpu,SS,1048576,32,0,1.0,1048576,13,0.09436998748779298,1875,0.25,1.0001964569091797
gpu,DS,1048576,32,0,1.0,1048576,13,0.0077597441673278806,1875,0.25,1.0001964569091797
gpu,DS,1048576,32,0,1.0,1048576,14,0.009308223724365234,1875,0.25,1.0001964569091797
gpu,SS,1048576,32,0,1.0,1048576,14,0.09196294403076172,1875,0.25,1.0001964569091797
cpu,DS,1048576,32,0,0.0001,105,0,0.037766638999983115,-1,0.167,1.0517857142857143
cpu,SS,1048576,32,0,0.0001,105,0,0.0001499710001553467,-1,0.167,1.0517857142857143
cpu,SS,1048576,32,0,0.0001,105,1,0.00011603799976001028,-1,0.167,1.0517857142857143
cpu,DS,1048576,32,0,0.0001,105,1,0.03823810299991237,-1,0.167,1.0517857142857143
cpu,DS,1048576,32,0,0.0001,105,2,0.03426981099983095,-1,0.167,1.0517857142857143
cpu,SS,1048576,32,0,0.0001,105,2,0.00015825899981791736,-1,0.167,1.0517857142857143
cpu,SS,1048576,32,0,0.0001,105,3,0.00012598400007846067,-1,0.167,1.0517857142857143
cpu,DS,1048576,32,0,0.0001,105,3,0.04148237800018251,-1,0.167,1.0517857142857143
cpu,DS,1048576,32,0,0.0001,105,4,0.042072318000009545,-1,0.167,1.0517857142857143
cpu,SS,1048576,32,0,0.0001,105,4,0.00016245300002992735,-1,0.167,1.0517857142857143
cpu,SS,1048576,32,0,0.0001,105,5,0.00012666600014199503,-1,0.167,1.0517857142857143
cpu,DS,1048576,32,0,0.0001,105,5,0.04330221899999742,-1,0.167,1.0517857142857143
cpu,DS,1048576,32,0,0.0001,105,6,0.04291207899996152,-1,0.167,1.0517857142857143
cpu,SS,1048576,32,0,0.0001,105,6,0.0001711319996502425,-1,0.167,1.0517857142857143
cpu,SS,1048576,32,0,0.0001,105,7,0.0001696680001259665,-1,0.167,1.0517857142857143
cpu,DS,1048576,32,0,0.0001,105,7,0.03589463099979184,-1,0.167,1.0517857142857143
cpu,DS,1048576,32,0,0.0001,105,8,0.03592456599972138,-1,0.167,1.0517857142857143
cpu,SS,1048576,32,0,0.0001,105,8,0.00016957100024228566,-1,0.167,1.0517857142857143
cpu,SS,1048576,32,0,0.0001,105,9,0.00012139999989813077,-1,0.167,1.0517857142857143
cpu,DS,1048576,32,0,0.0001,105,9,0.037563036999927135,-1,0.167,1.0517857142857143
cpu,DS,1048576,32,0,0.0001,105,10,0.040581559000202105,-1,0.167,1.0517857142857143
cpu,SS,1048576,32,0,0.0001,105,10,0.0002388439997957903,-1,0.167,1.0517857142857143
cpu,SS,1048576,32,0,0.0001,105,11,0.0001332080000793212,-1,0.167,1.0517857142857143
cpu,DS,1048576,32,0,0.0001,105,11,0.043767839999873104,-1,0.167,1.0517857142857143
cpu,DS,1048576,32,0,0.0001,105,12,0.046064483000009204,-1,0.167,1.0517857142857143
cpu,SS,1048576,32,0,0.0001,105,12,0.00016035599992392235,-1,0.167,1.0517857142857143
cpu,SS,1048576,32,0,0.0001,105,13,0.0001215880001836922,-1,0.167,1.0517857142857143
cpu,DS,1048576,32,0,0.0001,105,13,0.04019838300018819,-1,0.167,1.0517857142857143
cpu,DS,1048576,32,0,0.0001,105,14,0.04192310999997062,-1,0.167,1.0517857142857143
cpu,SS,1048576,32,0,0.0001,105,14,0.00018211699989478802,-1,0.167,1.0517857142857143
gpu,DS,1048576,32,0,0.0001,105,0,0.007828383922576905,1860,0.167,1.0517857142857143
gpu,SS,1048576,32,0,0.0001,105,0,0.0001740799993276596,1860,0.167,1.0517857142857143
gpu,SS,1048576,32,0,0.0001,105,1,0.0001488959938287735,1860,0.167,1.0517857142857143
gpu,DS,1048576,32,0,0.0001,105,1,0.00783564805984497,1860,0.167,1.0517857142857143
gpu,DS,1048576,32,0,0.0001,105,2,0.009303008079528809,1860,0.167,1.0517857142857143
gpu,SS,1048576,32,0,0.0001,105,2,0.0002399040013551712,1890,0.167,1.0517857142857143
gpu,SS,1048576,32,0,0.0001,105,3,0.00017420800030231476,1890,0.167,1.0517857142857143
gpu,DS,1048576,32,0,0.0001,105,3,0.008457759857177734,1890,0.167,1.0517857142857143
gpu,DS,1048576,32,0,0.0001,105,4,0.00792464017868042,1890,0.167,1.0517857142857143
gpu,SS,1048576,32,0,0.0001,105,4,0.0003990080058574676,1890,0.167,1.0517857142857143
gpu,SS,1048576,32,0,0.0001,105,5,0.00045481601357460024,1890,0.167,1.0517857142857143
gpu,DS,1048576,32,0,0.0001,105,5,0.007823296070098877,1890,0.167,1.0517857142857143
gpu,DS,1048576,32,0,0.0001,105,6,0.007972864151000977,1890,0.167,1.0517857142857143
gpu,SS,1048576,32,0,0.0001,105,6,0.00020076799392700195,1890,0.167,1.0517857142857143
gpu,SS,1048576,32,0,0.0001,105,7,0.00015404799580574037,1890,0.167,1.0517857142857143
gpu,DS,1048576,32,0,0.0001,105,7,0.00937615966796875,1890,0.167,1.0517857142857143
gpu,DS,1048576,32,0,0.0001,105,8,0.0077703361511230465,1890,0.167,1.0517857142857143
gpu,SS,1048576,32,0,0.0001,105,8,0.0005360320210456848,1890,0.167,1.0517857142857143
gpu,SS,1048576,32,0,0.0001,105,9,5.801599845290184e-05,1890,0.167,1.0517857142857143
gpu,DS,1048576,32,0,0.0001,105,9,0.0077604160308837895,1890,0.167,1.0517857142857143
gpu,DS,1048576,32,0,0.0001,105,10,0.009281536102294922,1890,0.167,1.0517857142857143
gpu,SS,1048576,32,0,0.0001,105,10,0.00019286400079727173,1890,0.167,1.0517857142857143
gpu,SS,1048576,32,0,0.0001,105,11,0.0001802240014076233,1890,0.167,1.0517857142857143
gpu,DS,1048576,32,0,0.0001,105,11,0.00781283187866211,1890,0.167,1.0517857142857143
gpu,DS,1048576,32,0,0.0001,105,12,0.0077918081283569335,1890,0.167,1.0517857142857143
gpu,SS,1048576,32,0,0.0001,105,12,0.00018035200238227845,1890,0.167,1.0517857142857143
gpu,SS,1048576,32,0,0.0001,105,13,0.0002133439928293228,1890,0.167,1.0517857142857143
gpu,DS,1048576,32,0,0.0001,105,13,0.009316224098205567,1890,0.167,1.0517857142857143
gpu,DS,1048576,32,0,0.0001,105,14,0.00783564805984497,1890,0.167,1.0517857142857143
gpu,SS,1048576,32,0,0.0001,105,14,0.00016652800142765044,1890,0.167,1.0517857142857143
cpu,DS,1048576,32,0,0.0003,315,0,0.04686605300003066,-1,0.167,1.026190476190476
cpu,SS,1048576,32,0,0.0003,315,0,0.00032472599968969007,-1,0.167,1.026190476190476
cpu,SS,1048576,32,0,0.0003,315,1,0.00025511300009384286,-1,0.167,1.026190476190476
cpu,DS,1048576,32,0,0.0003,315,1,0.046817777000342176,-1,0.167,1.026190476190476
cpu,DS,1048576,32,0,0.0003,315,2,0.04085005499973704,-1,0.167,1.026190476190476
cpu,SS,1048576,32,0,0.0003,315,2,0.000268106000021362,-1,0.167,1.026190476190476
cpu,SS,1048576,32,0,0.0003,315,3,0.0004754700003104517,-1,0.167,1.026190476190476
cpu,DS,1048576,32,0,0.0003,315,3,0.03821104300004663,-1,0.167,1.026190476190476
cpu,DS,1048576,32,0,0.0003,315,4,0.04257361999998466,-1,0.167,1.026190476190476
cpu,SS,1048576,32,0,0.0003,315,4,0.000315113999931782,-1,0.167,1.026190476190476
cpu,SS,1048576,32,0,0.0003,315,5,0.00024919699990277877,-1,0.167,1.026190476190476
cpu,DS,1048576,32,0,0.0003,315,5,0.044326762999844505,-1,0.167,1.026190476190476
cpu,DS,1048576,32,0,0.0003,315,6,0.03813340099986817,-1,0.167,1.026190476190476
cpu,SS,1048576,32,0,0.0003,315,6,0.00036729800012835767,-1,0.167,1.026190476190476
cpu,SS,1048576,32,0,0.0003,315,7,0.00022754099973099073,-1,0.167,1.026190476190476
cpu,DS,1048576,32,0,0.0003,315,7,0.03949241400005121,-1,0.167,1.026190476190476
cpu,DS,1048576,32,0,0.0003,315,8,0.040964670999983355,-1,0.167,1.026190476190476
cpu,SS,1048576,32,0,0.0003,315,8,0.0002799369999593182,-1,0.167,1.026190476190476
cpu,SS,1048576,32,0,0.0003,315,9,0.00029683899992960505,-1,0.167,1.026190476190476
cpu,DS,1048576,32,0,0.0003,315,9,0.041421865000302205,-1,0.167,1.026190476190476
cpu,DS,1048576,32,0,0.0003,315,10,0.04097523300015382,-1,0.167,1.026190476190476
cpu,SS,1048576,32,0,0.0003,315,10,0.00035715699959837366,-1,0.167,1.026190476190476
cpu,SS,1048576,32,0,0.0003,315,11,0.0002391610000813671,-1,0.167,1.026190476190476
cpu,DS,1048576,32,0,0.0003,315,11,0.039360579999993206,-1,0.167,1.026190476190476
cpu,DS,1048576,32,0,0.0003,315,12,0.046122056000058365,-1,0.167,1.026190476190476
cpu,SS,1048576,32,0,0.0003,315,12,0.00037173500004428206,-1,0.167,1.026190476190476
cpu,SS,1048576,32,0,0.0003,315,13,0.0002405340001132572,-1,0.167,1.026190476190476
cpu,DS,1048576,32,0,0.0003,315,13,0.04361487899996064,-1,0.167,1.026190476190476
cpu,DS,1048576,32,0,0.0003,315,14,0.04404629800001203,-1,0.167,1.026190476190476
cpu,SS,1048576,32,0,0.0003,315,14,0.00025870400031635654,-1,0.167,1.026190476190476
gpu,DS,1048576,32,0,0.0003,315,0,0.008512351989746094,1875,0.167,1.026190476190476
gpu,SS,1048576,32,0,0.0003,315,0,0.00024566400051116943,1875,0.167,1.026190476190476
gpu,SS,1048576,32,0,0.0003,315,1,0.00022323200106620788,1875,0.167,1.026190476190476
gpu,DS,1048576,32,0,0.0003,315,1,0.007821824073791504,1875,0.167,1.026190476190476
gpu,DS,1048576,32,0,0.0003,315,2,0.008054783821105957,1875,0.167,1.026190476190476
gpu,SS,1048576,32,0,0.0003,315,2,0.00019068799912929534,1875,0.167,1.026190476190476
gpu,SS,1048576,32,0,0.0003,315,3,0.00011884800344705582,1875,0.167,1.026190476190476
gpu,DS,1048576,32,0,0.0003,315,3,0.007839839935302734,1875,0.167,1.026190476190476
gpu,DS,1048576,32,0,0.0003,315,4,0.00852732753753662,1875,0.167,1.026190476190476
gpu,SS,1048576,32,0,0.0003,315,4,0.0005079039931297302,1875,0.167,1.026190476190476
gpu,SS,1048576,32,0,0.0003,315,5,0.0001085439994931221,1875,0.167,1.026190476190476
gpu,DS,1048576,32,0,0.0003,315,5,0.007819519996643067,1875,0.167,1.026190476190476
gpu,DS,1048576,32,0,0.0003,315,6,0.008550399780273438,1875,0.167,1.026190476190476
gpu,SS,1048576,32,0,0.0003,315,6,0.00022937600314617158,1875,0.167,1.026190476190476
gpu,SS,1048576,32,0,0.0003,315,7,0.00011468800157308579,1875,0.167,1.026190476190476
gpu,DS,1048576,32,0,0.0003,315,7,0.009178048133850097,1875,0.167,1.026190476190476
gpu,DS,1048576,32,0,0.0003,315,8,0.007997439861297608,1875,0.167,1.026190476190476
gpu,SS,1048576,32,0,0.0003,315,8,0.00030035200715065,1875,0.167,1.026190476190476
gpu,SS,1048576,32,0,0.0003,315,9,0.00022828799486160277,1875,0.167,1.026190476190476
gpu,DS,1048576,32,0,0.0003,315,9,0.00785203218460083,1875,0.167,1.026190476190476
gpu,DS,1048576,32,0,0.0003,315,10,0.009330847740173339,1875,0.167,1.026190476190476
gpu,SS,1048576,32,0,0.0003,315,10,0.0002359679937362671,1875,0.167,1.026190476190476
gpu,SS,1048576,32,0,0.0003,315,11,0.00014131200313568116,1875,0.167,1.026190476190476
gpu,DS,1048576,32,0,0.0003,315,11,0.008429568290710449,1875,0.167,1.026190476190476
gpu,DS,1048576,32,0,0.0003,315,12,0.008293087959289552,1875,0.167,1.026190476190476
gpu,SS,1048576,32,0,0.0003,315,12,0.00023507200181484224,1875,0.167,1.026190476190476
gpu,SS,1048576,32,0,0.0003,315,13,0.00018636800348758697,1875,0.167,1.026190476190476
gpu,DS,1048576,32,0,0.0003,315,13,0.009373023986816406,1875,0.167,1.026190476190476
gpu,DS,1048576,32,0,0.0003,315,14,0.00789689588546753,1875,0.167,1.026190476190476
gpu,SS,1048576,32,0,0.0003,315,14,0.00017555199563503264,1875,0.167,1.026190476190476
cpu,DS,1048576,32,0,0.001,1049,0,0.03961780500003442,-1,0.167,1.0259771210676834
cpu,SS,1048576,32,0,0.001,1049,0,0.0007564630000160832,-1,0.167,1.0259771210676834
cpu,SS,1048576,32,0,0.001,1049,1,0.0005637819999719795,-1,0.167,1.0259771210676834
cpu,DS,1048576,32,0,0.001,1049,1,0.04130545299994992,-1,0.167,1.0259771210676834
cpu,DS,1048576,32,0,0.001,1049,2,0.045458341000085056,-1,0.167,1.0259771210676834
cpu,SS,1048576,32,0,0.001,1049,2,0.0006853689997114998,-1,0.167,1.0259771210676834
cpu,SS,1048576,32,0,0.001,1049,3,0.0008290359996863117,-1,0.167,1.0259771210676834
cpu,DS,1048576,32,0,0.001,1049,3,0.04225459799999953,-1,0.167,1.0259771210676834
cpu,DS,1048576,32,0,0.001,1049,4,0.03912532799995461,-1,0.167,1.0259771210676834
cpu,SS,1048576,32,0,0.001,1049,4,0.0006492419997812249,-1,0.167,1.0259771210676834
cpu,SS,1048576,32,0,0.001,1049,5,0.0005756139998993604,-1,0.167,1.0259771210676834
cpu,DS,1048576,32,0,0.001,1049,5,0.03472789199986437,-1,0.167,1.0259771210676834
cpu,DS,1048576,32,0,0.001,1049,6,0.04201554200017199,-1,0.167,1.0259771210676834
cpu,SS,1048576,32,0,0.001,1049,6,0.0006407910000234551,-1,0.167,1.0259771210676834
cpu,SS,1048576,32,0,0.001,1049,7,0.0005406479999692237,-1,0.167,1.0259771210676834
cpu,DS,1048576,32,0,0.001,1049,7,0.03453278100005264,-1,0.167,1.0259771210676834
cpu,DS,1048576,32,0,0.001,1049,8,0.04209054399962042,-1,0.167,1.0259771210676834
cpu,SS,1048576,32,0,0.001,1049,8,0.0006500869999399583,-1,0.167,1.0259771210676834
cpu,SS,1048576,32,0,0.001,1049,9,0.0032529699997212447,-1,0.167,1.0259771210676834
cpu,DS,1048576,32,0,0.001,1049,9,0.041615074000219465,-1,0.167,1.0259771210676834
cpu,DS,1048576,32,0,0.001,1049,10,0.04650023400017744,-1,0.167,1.0259771210676834
cpu,SS,1048576,32,0,0.001,1049,10,0.0007101939995663997,-1,0.167,1.0259771210676834
cpu,SS,1048576,32,0,0.001,1049,11,0.0005581830000664922,-1,0.167,1.0259771210676834
cpu,DS,1048576,32,0,0.001,1049,11,0.041871981999975105,-1,0.167,1.0259771210676834
cpu,DS,1048576,32,0,0.001,1049,12,0.05505266999989544,-1,0.167,1.0259771210676834
cpu,SS,1048576,32,0,0.001,1049,12,0.0007945980000840791,-1,0.167,1.0259771210676834
cpu,SS,1048576,32,0,0.001,1049,13,0.0006933979998393625,-1,0.167,1.0259771210676834
cpu,DS,1048576,32,0,0.001,1049,13,0.04559556300000622,-1,0.167,1.0259771210676834
cpu,DS,1048576,32,0,0.001,1049,14,0.04314933799969367,-1,0.167,1.0259771210676834
cpu,SS,1048576,32,0,0.001,1049,14,0.0006432209997910832,-1,0.167,1.0259771210676834
gpu,DS,1048576,32,0,0.001,1049,0,0.009863200187683106,1875,0.167,1.0259771210676834
gpu,SS,1048576,32,0,0.001,1049,0,0.0002560000121593475,1875,0.167,1.0259771210676834
gpu,SS,1048576,32,0,0.001,1049,1,0.00019683200120925904,1875,0.167,1.0259771210676834
gpu,DS,1048576,32,0,0.001,1049,1,0.007808800220489502,1875,0.167,1.0259771210676834
gpu,DS,1048576,32,0,0.001,1049,2,0.0077740478515625,1875,0.167,1.0259771210676834
gpu,SS,1048576,32,0,0.001,1049,2,0.00021055999398231505,1875,0.167,1.0259771210676834
gpu,SS,1048576,32,0,0.001,1049,3,0.0007024639844894409,1875,0.167,1.0259771210676834
gpu,DS,1048576,32,0,0.001,1049,3,0.008022432327270507,1875,0.167,1.0259771210676834
gpu,DS,1048576,32,0,0.001,1049,4,0.008455295562744141,1875,0.167,1.0259771210676834
gpu,SS,1048576,32,0,0.001,1049,4,0.0002252800017595291,1875,0.167,1.0259771210676834
gpu,SS,1048576,32,0,0.001,1049,5,0.00021606400609016418,1875,0.167,1.0259771210676834
gpu,DS,1048576,32,0,0.001,1049,5,0.007813119888305664,1875,0.167,1.0259771210676834
gpu,DS,1048576,32,0,0.001,1049,6,0.007897600173950196,1875,0.167,1.0259771210676834
gpu,SS,1048576,32,0,0.001,1049,6,0.0002192319929599762,1875,0.167,1.0259771210676834
gpu,SS,1048576,32,0,0.001,1049,7,0.00022259199619293214,1875,0.167,1.0259771210676834
gpu,DS,1048576,32,0,0.001,1049,7,0.007790048122406006,1875,0.167,1.0259771210676834
gpu,DS,1048576,32,0,0.001,1049,8,0.007848415851593018,1875,0.167,1.0259771210676834
gpu,SS,1048576,32,0,0.001,1049,8,0.00041737601161003114,1875,0.167,1.0259771210676834
gpu,SS,1048576,32,0,0.001,1049,9,0.0001308480054140091,1875,0.167,1.0259771210676834
gpu,DS,1048576,32,0,0.001,1049,9,0.007712768077850342,1875,0.167,1.0259771210676834
gpu,DS,1048576,32,0,0.001,1049,10,0.008534175872802734,1875,0.167,1.0259771210676834
gpu,SS,1048576,32,0,0.001,1049,10,0.0005161280035972596,1875,0.167,1.0259771210676834
gpu,SS,1048576,32,0,0.001,1049,11,0.0002396160066127777,1875,0.167,1.0259771210676834
gpu,DS,1048576,32,0,0.001,1049,11,0.00929862403869629,1875,0.167,1.0259771210676834
gpu,DS,1048576,32,0,0.001,1049,12,0.007795263767242431,1875,0.167,1.0259771210676834
gpu,SS,1048576,32,0,0.001,1049,12,0.00020473599433898926,1875,0.167,1.0259771210676834
gpu,SS,1048576,32,0,0.001,1049,13,0.00020207999646663666,1875,0.167,1.0259771210676834
gpu,DS,1048576,32,0,0.001,1049,13,0.007821311950683594,1875,0.167,1.0259771210676834
gpu,DS,1048576,32,0,0.001,1049,14,0.008346400260925292,1875,0.167,1.0259771210676834
gpu,SS,1048576,32,0,0.001,1049,14,0.0004299840033054352,1875,0.167,1.0259771210676834
cpu,DS,1048576,32,0,0.003,3146,0,0.045336964999933116,-1,0.167,1.0087213922441194
cpu,SS,1048576,32,0,0.003,3146,0,0.001777755999682995,-1,0.167,1.0087213922441194
cpu,SS,1048576,32,0,0.003,3146,1,0.0023515739999311336,-1,0.167,1.0087213922441194
cpu,DS,1048576,32,0,0.003,3146,1,0.041294685999673675,-1,0.167,1.0087213922441194
cpu,DS,1048576,32,0,0.003,3146,2,0.04511952100028793,-1,0.167,1.0087213922441194
cpu,SS,1048576,32,0,0.003,3146,2,0.001637886000025901,-1,0.167,1.0087213922441194
cpu,SS,1048576,32,0,0.003,3146,3,0.002233285000329488,-1,0.167,1.0087213922441194
cpu,DS,1048576,32,0,0.003,3146,3,0.03895090200012419,-1,0.167,1.0087213922441194
cpu,DS,1048576,32,0,0.003,3146,4,0.03988905200003501,-1,0.167,1.0087213922441194
cpu,SS,1048576,32,0,0.003,3146,4,0.0018356370001129108,-1,0.167,1.0087213922441194
cpu,SS,1048576,32,0,0.003,3146,5,0.001271050000013929,-1,0.167,1.0087213922441194
cpu,DS,1048576,32,0,0.003,3146,5,0.03912222799999654,-1,0.167,1.0087213922441194
cpu,DS,1048576,32,0,0.003,3146,6,0.03275049500007299,-1,0.167,1.0087213922441194
cpu,SS,1048576,32,0,0.003,3146,6,0.0014286279997577367,-1,0.167,1.0087213922441194
cpu,SS,1048576,32,0,0.003,3146,7,0.001424922999831324,-1,0.167,1.0087213922441194
cpu,DS,1048576,32,0,0.003,3146,7,0.03686505199993917,-1,0.167,1.0087213922441194
cpu,DS,1048576,32,0,0.003,3146,8,0.03754977200014764,-1,0.167,1.0087213922441194
cpu,SS,1048576,32,0,0.003,3146,8,0.0014077599998927326,-1,0.167,1.0087213922441194
cpu,SS,1048576,32,0,0.003,3146,9,0.0012508660001913086,-1,0.167,1.0087213922441194
cpu,DS,1048576,32,0,0.003,3146,9,0.03598804300008851,-1,0.167,1.0087213922441194
cpu,DS,1048576,32,0,0.003,3146,10,0.03355037499977698,-1,0.167,1.0087213922441194
cpu,SS,1048576,32,0,0.003,3146,10,0.0017062400002032518,-1,0.167,1.0087213922441194
cpu,SS,1048576,32,0,0.003,3146,11,0.0013088849996165663,-1,0.167,1.0087213922441194
cpu,DS,1048576,32,0,0.003,3146,11,0.03939447700031451,-1,0.167,1.0087213922441194
cpu,DS,1048576,32,0,0.003,3146,12,0.036632393000218144,-1,0.167,1.0087213922441194
cpu,SS,1048576,32,0,0.003,3146,12,0.0013781170000584098,-1,0.167,1.0087213922441194
cpu,SS,1048576,32,0,0.003,3146,13,0.0012747559999297664,-1,0.167,1.0087213922441194
cpu,DS,1048576,32,0,0.003,3146,13,0.03212330699989252,-1,0.167,1.0087213922441194
cpu,DS,1048576,32,0,0.003,3146,14,0.03351049299999431,-1,0.167,1.0087213922441194
cpu,SS,1048576,32,0,0.003,3146,14,0.0014455949999501172,-1,0.167,1.0087213922441194
gpu,DS,1048576,32,0,0.003,3146,0,0.009480607986450196,1875,0.167,1.0087213922441194
gpu,SS,1048576,32,0,0.003,3146,0,0.0004513919949531555,1875,0.167,1.0087213922441194
gpu,SS,1048576,32,0,0.003,3146,1,0.0004460799992084503,1875,0.167,1.0087213922441194
gpu,DS,1048576,32,0,0.003,3146,1,0.007743040084838867,1875,0.167,1.0087213922441194
gpu,DS,1048576,32,0,0.003,3146,2,0.007721792221069336,1875,0.167,1.0087213922441194
gpu,SS,1048576,32,0,0.003,3146,2,0.0004442239999771118,1875,0.167,1.0087213922441194
gpu,SS,1048576,32,0,0.003,3146,3,0.0004423680007457733,1875,0.167,1.0087213922441194
gpu,DS,1048576,32,0,0.003,3146,3,0.009184703826904297,1875,0.167,1.0087213922441194
gpu,DS,1048576,32,0,0.003,3146,4,0.008388128280639649,1875,0.167,1.0087213922441194
gpu,SS,1048576,32,0,0.003,3146,4,0.000502784013748169,1875,0.167,1.0087213922441194
gpu,SS,1048576,32,0,0.003,3146,5,0.0004639039933681488,1875,0.167,1.0087213922441194
gpu,DS,1048576,32,0,0.003,3146,5,0.007800543785095215,1875,0.167,1.0087213922441194
gpu,DS,1048576,32,0,0.003,3146,6,0.00931123161315918,1875,0.167,1.0087213922441194
gpu,SS,1048576,32,0,0.003,3146,6,0.0004724479913711548,1875,0.167,1.0087213922441194
gpu,SS,1048576,32,0,0.003,3146,7,0.0004853439927101135,1875,0.167,1.0087213922441194
gpu,DS,1048576,32,0,0.003,3146,7,0.007751679897308349,1875,0.167,1.0087213922441194
gpu,DS,1048576,32,0,0.003,3146,8,0.007786496162414551,1875,0.167,1.0087213922441194
gpu,SS,1048576,32,0,0.003,3146,8,0.00044892799854278563,1875,0.167,1.0087213922441194
gpu,SS,1048576,32,0,0.003,3146,9,0.0004921280145645142,1875,0.167,1.0087213922441194
gpu,DS,1048576,32,0,0.003,3146,9,0.007692287921905518,1875,0.167,1.0087213922441194
gpu,DS,1048576,32,0,0.003,3146,10,0.00827139186859131,1875,0.167,1.0087213922441194
gpu,SS,1048576,32,0,0.003,3146,10,0.0004864639937877655,1875,0.167,1.0087213922441194
gpu,SS,1048576,32,0,0.003,3146,11,0.0004612480103969574,1875,0.167,1.0087213922441194
gpu,DS,1048576,32,0,0.003,3146,11,0.0077478718757629395,1875,0.167,1.0087213922441194
gpu,DS,1048576,32,0,0.003,3146,12,0.0076228160858154296,1875,0.167,1.0087213922441194
gpu,SS,1048576,32,0,0.003,3146,12,0.00046112000942230227,1875,0.167,1.0087213922441194
gpu,SS,1048576,32,0,0.003,3146,13,0.0004853760004043579,1875,0.167,1.0087213922441194
gpu,DS,1048576,32,0,0.003,3146,13,0.007823359966278077,1875,0.167,1.0087213922441194
gpu,DS,1048576,32,0,0.003,3146,14,0.007853151798248291,1875,0.167,1.0087213922441194
gpu,SS,1048576,32,0,0.003,3146,14,0.00037539198994636537,1875,0.167,1.0087213922441194
cpu,DS,1048576,32,0,0.01,10486,0,0.04076830499980133,-1,0.167,1.003945737173374
cpu,SS,1048576,32,0,0.01,10486,0,0.004132597000079841,-1,0.167,1.003945737173374
cpu,SS,1048576,32,0,0.01,10486,1,0.004122553999877709,-1,0.167,1.003945737173374
cpu,DS,1048576,32,0,0.01,10486,1,0.034628452000106336,-1,0.167,1.003945737173374
cpu,DS,1048576,32,0,0.01,10486,2,0.035371384999962174,-1,0.167,1.003945737173374
cpu,SS,1048576,32,0,0.01,10486,2,0.004055465999954322,-1,0.167,1.003945737173374
cpu,SS,1048576,32,0,0.01,10486,3,0.0057138289998874825,-1,0.167,1.003945737173374
cpu,DS,1048576,32,0,0.01,10486,3,0.04030659199997899,-1,0.167,1.003945737173374
cpu,DS,1048576,32,0,0.01,10486,4,0.03668875399989702,-1,0.167,1.003945737173374
cpu,SS,1048576,32,0,0.01,10486,4,0.0039183660001071985,-1,0.167,1.003945737173374
cpu,SS,1048576,32,0,0.01,10486,5,0.00388121499963745,-1,0.167,1.003945737173374
cpu,DS,1048576,32,0,0.01,10486,5,0.03798428000027343,-1,0.167,1.003945737173374
cpu,DS,1048576,32,0,0.01,10486,6,0.033499571999982436,-1,0.167,1.003945737173374
cpu,SS,1048576,32,0,0.01,10486,6,0.003958443000101397,-1,0.167,1.003945737173374
cpu,SS,1048576,32,0,0.01,10486,7,0.004004077999979927,-1,0.167,1.003945737173374
cpu,DS,1048576,32,0,0.01,10486,7,0.03258306900033858,-1,0.167,1.003945737173374
cpu,DS,1048576,32,0,0.01,10486,8,0.037680436999835365,-1,0.167,1.003945737173374
cpu,SS,1048576,32,0,0.01,10486,8,0.004067363000103796,-1,0.167,1.003945737173374
cpu,SS,1048576,32,0,0.01,10486,9,0.003959320000376465,-1,0.167,1.003945737173374
cpu,DS,1048576,32,0,0.01,10486,9,0.03728278899961879,-1,0.167,1.003945737173374
cpu,DS,1048576,32,0,0.01,10486,10,0.03756644699979006,-1,0.167,1.003945737173374
cpu,SS,1048576,32,0,0.01,10486,10,0.004000859999905515,-1,0.167,1.003945737173374
cpu,SS,1048576,32,0,0.01,10486,11,0.003865418000259524,-1,0.167,1.003945737173374
cpu,DS,1048576,32,0,0.01,10486,11,0.0380197730000873,-1,0.167,1.003945737173374
cpu,DS,1048576,32,0,0.01,10486,12,0.040497810000033496,-1,0.167,1.003945737173374
cpu,SS,1048576,32,0,0.01,10486,12,0.005607542000234389,-1,0.167,1.003945737173374
cpu,SS,1048576,32,0,0.01,10486,13,0.004018021999854682,-1,0.167,1.003945737173374
cpu,DS,1048576,32,0,0.01,10486,13,0.03308671200011304,-1,0.167,1.003945737173374
cpu,DS,1048576,32,0,0.01,10486,14,0.03792011699988507,-1,0.167,1.003945737173374
cpu,SS,1048576,32,0,0.01,10486,14,0.004289297000013903,-1,0.167,1.003945737173374
gpu,DS,1048576,32,0,0.01,10486,0,0.009479999542236328,1875,0.167,1.003945737173374
gpu,SS,1048576,32,0,0.01,10486,0,0.0012944320440292359,1875,0.167,1.003945737173374
gpu,SS,1048576,32,0,0.01,10486,1,0.001284608006477356,1875,0.167,1.003945737173374
gpu,DS,1048576,32,0,0.01,10486,1,0.007806431770324707,1875,0.167,1.003945737173374
gpu,DS,1048576,32,0,0.01,10486,2,0.007739776134490966,1875,0.167,1.003945737173374
gpu,SS,1048576,32,0,0.01,10486,2,0.0018880000114440917,1875,0.167,1.003945737173374
gpu,SS,1048576,32,0,0.01,10486,3,0.0012124160528182984,1875,0.167,1.003945737173374
gpu,DS,1048576,32,0,0.01,10486,3,0.007827231884002686,1875,0.167,1.003945737173374
gpu,DS,1048576,32,0,0.01,10486,4,0.008403200149536133,1875,0.167,1.003945737173374
gpu,SS,1048576,32,0,0.01,10486,4,0.001279647946357727,1875,0.167,1.003945737173374
gpu,SS,1048576,32,0,0.01,10486,5,0.0012177280187606811,1875,0.167,1.003945737173374
gpu,DS,1048576,32,0,0.01,10486,5,0.009928288459777833,1875,0.167,1.003945737173374
gpu,DS,1048576,32,0,0.01,10486,6,0.007903232097625732,1875,0.167,1.003945737173374
gpu,SS,1048576,32,0,0.01,10486,6,0.0013141440153121948,1875,0.167,1.003945737173374
gpu,SS,1048576,32,0,0.01,10486,7,0.0012972160577774047,1875,0.167,1.003945737173374
gpu,DS,1048576,32,0,0.01,10486,7,0.007748223781585693,1875,0.167,1.003945737173374
gpu,DS,1048576,32,0,0.01,10486,8,0.009224191665649414,1875,0.167,1.003945737173374
gpu,SS,1048576,32,0,0.01,10486,8,0.0013373440504074097,1875,0.167,1.003945737173374
gpu,SS,1048576,32,0,0.01,10486,9,0.0012788159847259522,1875,0.167,1.003945737173374
gpu,DS,1048576,32,0,0.01,10486,9,0.0084781436920166,1875,0.167,1.003945737173374
gpu,DS,1048576,32,0,0.01,10486,10,0.007782656192779541,1875,0.167,1.003945737173374
gpu,SS,1048576,32,0,0.01,10486,10,0.0024453120231628417,1875,0.167,1.003945737173374
gpu,SS,1048576,32,0,0.01,10486,11,0.0012838720083236694,1875,0.167,1.003945737173374
gpu,DS,1048576,32,0,0.01,10486,11,0.007839327812194824,1875,0.167,1.003945737173374
gpu,DS,1048576,32,0,0.01,10486,12,0.007733248233795166,1875,0.167,1.003945737173374
gpu,SS,1048576,32,0,0.01,10486,12,0.0012554240226745606,1875,0.167,1.003945737173374
gpu,SS,1048576,32,0,0.01,10486,13,0.0011970239877700805,1875,0.167,1.003945737173374
gpu,DS,1048576,32,0,0.01,10486,13,0.00920032024383545,1875,0.167,1.003945737173374
gpu,DS,1048576,32,0,0.01,10486,14,0.007815167903900147,1875,0.167,1.003945737173374
gpu,SS,1048576,32,0,0.01,10486,14,0.001209439992904663,1875,0.167,1.003945737173374
cpu,DS,1048576,32,0,0.03,31457,0,0.035734806999698776,-1,0.167,1.0046690720666307
cpu,SS,1048576,32,0,0.03,31457,0,0.010629631000028894,-1,0.167,1.0046690720666307
cpu,SS,1048576,32,0,0.03,31457,1,0.011258769000050961,-1,0.167,1.0046690720666307
cpu,DS,1048576,32,0,0.03,31457,1,0.039547861000301054,-1,0.167,1.0046690720666307
cpu,DS,1048576,32,0,0.03,31457,2,0.03692433899959724,-1,0.167,1.0046690720666307
cpu,SS,1048576,32,0,0.03,31457,2,0.011475632999918162,-1,0.167,1.0046690720666307
cpu,SS,1048576,32,0,0.03,31457,3,0.00976441899956626,-1,0.167,1.0046690720666307
cpu,DS,1048576,32,0,0.03,31457,3,0.040126490000147896,-1,0.167,1.0046690720666307
cpu,DS,1048576,32,0,0.03,31457,4,0.03585572100018908,-1,0.167,1.0046690720666307
cpu,SS,1048576,32,0,0.03,31457,4,0.010388194000370277,-1,0.167,1.0046690720666307
cpu,SS,1048576,32,0,0.03,31457,5,0.009937695000189706,-1,0.167,1.0046690720666307
cpu,DS,1048576,32,0,0.03,31457,5,0.03559107699993547,-1,0.167,1.0046690720666307
cpu,DS,1048576,32,0,0.03,31457,6,0.03948994100028358,-1,0.167,1.0046690720666307
cpu,SS,1048576,32,0,0.03,31457,6,0.010508133000257658,-1,0.167,1.0046690720666307
cpu,SS,1048576,32,0,0.03,31457,7,0.010041934000128094,-1,0.167,1.0046690720666307
cpu,DS,1048576,32,0,0.03,31457,7,0.04040478500019162,-1,0.167,1.0046690720666307
cpu,DS,1048576,32,0,0.03,31457,8,0.040081146999909834,-1,0.167,1.0046690720666307
cpu,SS,1048576,32,0,0.03,31457,8,0.012162595000063448,-1,0.167,1.0046690720666307
cpu,SS,1048576,32,0,0.03,31457,9,0.010952390999591444,-1,0.167,1.0046690720666307
cpu,DS,1048576,32,0,0.03,31457,9,0.039969302999907086,-1,0.167,1.0046690720666307
cpu,DS,1048576,32,0,0.03,31457,10,0.042070558999967034,-1,0.167,1.0046690720666307
cpu,SS,1048576,32,0,0.03,31457,10,0.009952321999662672,-1,0.167,1.0046690720666307
cpu,SS,1048576,32,0,0.03,31457,11,0.010947321000003285,-1,0.167,1.0046690720666307
cpu,DS,1048576,32,0,0.03,31457,11,0.038669973999731155,-1,0.167,1.0046690720666307
cpu,DS,1048576,32,0,0.03,31457,12,0.04066153099984149,-1,0.167,1.0046690720666307
cpu,SS,1048576,32,0,0.03,31457,12,0.010339730999930907,-1,0.167,1.0046690720666307
cpu,SS,1048576,32,0,0.03,31457,13,0.010099172999616712,-1,0.167,1.0046690720666307
cpu,DS,1048576,32,0,0.03,31457,13,0.03888517999985197,-1,0.167,1.0046690720666307
cpu,DS,1048576,32,0,0.03,31457,14,0.03753592500015657,-1,0.167,1.0046690720666307
cpu,SS,1048576,32,0,0.03,31457,14,0.010386146999735502,-1,0.167,1.0046690720666307
gpu,DS,1048576,32,0,0.03,31457,0,0.007772255897521973,1875,0.167,1.0046690720666307
gpu,SS,1048576,32,0,0.03,31457,0,0.004001440048217774,1875,0.167,1.0046690720666307
gpu,SS,1048576,32,0,0.03,31457,1,0.00347545599937439,1875,0.167,1.0046690720666307
gpu,DS,1048576,32,0,0.03,31457,1,0.007807839870452881,1875,0.167,1.0046690720666307
gpu,DS,1048576,32,0,0.03,31457,2,0.007718944072723389,1875,0.167,1.0046690720666307
gpu,SS,1048576,32,0,0.03,31457,2,0.0034271039962768556,1875,0.167,1.0046690720666307
gpu,SS,1048576,32,0,0.03,31457,3,0.0035983359813690184,1875,0.167,1.0046690720666307
gpu,DS,1048576,32,0,0.03,31457,3,0.007732128143310547,1875,0.167,1.0046690720666307
gpu,DS,1048576,32,0,0.03,31457,4,0.009232928276062011,1875,0.167,1.0046690720666307
gpu,SS,1048576,32,0,0.03,31457,4,0.0034611198902130126,1875,0.167,1.0046690720666307
gpu,SS,1048576,32,0,0.03,31457,5,0.003562527894973755,1875,0.167,1.0046690720666307
gpu,DS,1048576,32,0,0.03,31457,5,0.00808351993560791,1875,0.167,1.0046690720666307
gpu,DS,1048576,32,0,0.03,31457,6,0.00932249641418457,1875,0.167,1.0046690720666307
gpu,SS,1048576,32,0,0.03,31457,6,0.0034406399726867676,1875,0.167,1.0046690720666307
gpu,SS,1048576,32,0,0.03,31457,7,0.003424256086349487,1875,0.167,1.0046690720666307
gpu,DS,1048576,32,0,0.03,31457,7,0.007923359870910645,1875,0.167,1.0046690720666307
gpu,DS,1048576,32,0,0.03,31457,8,0.007802207946777343,1875,0.167,1.0046690720666307
gpu,SS,1048576,32,0,0.03,31457,8,0.0033810880184173583,1875,0.167,1.0046690720666307
gpu,SS,1048576,32,0,0.03,31457,9,0.0034488320350646974,1875,0.167,1.0046690720666307
gpu,DS,1048576,32,0,0.03,31457,9,0.008431615829467774,1875,0.167,1.0046690720666307
gpu,DS,1048576,32,0,0.03,31457,10,0.007872352123260498,1875,0.167,1.0046690720666307
gpu,SS,1048576,32,0,0.03,31457,10,0.004821152210235596,1875,0.167,1.0046690720666307
gpu,SS,1048576,32,0,0.03,31457,11,0.003449631929397583,1875,0.167,1.0046690720666307
gpu,DS,1048576,32,0,0.03,31457,11,0.007823328018188476,1875,0.167,1.0046690720666307
gpu,DS,1048576,32,0,0.03,31457,12,0.007727104187011719,1875,0.167,1.0046690720666307
gpu,SS,1048576,32,0,0.03,31457,12,0.0035747840404510497,1875,0.167,1.0046690720666307
gpu,SS,1048576,32,0,0.03,31457,13,0.003426431894302368,1875,0.167,1.0046690720666307
gpu,DS,1048576,32,0,0.03,31457,13,0.007751872062683105,1875,0.167,1.0046690720666307
gpu,DS,1048576,32,0,0.03,31457,14,0.00838044834136963,1875,0.167,1.0046690720666307
gpu,SS,1048576,32,0,0.03,31457,14,0.003447968006134033,1875,0.167,1.0046690720666307
cpu,DS,1048576,32,0,0.1,104858,0,0.037624366999807535,-1,0.167,1.0017815760361632
cpu,SS,1048576,32,0,0.1,104858,0,0.02788003599971489,-1,0.167,1.0017815760361632
cpu,SS,1048576,32,0,0.1,104858,1,0.02648114900011933,-1,0.167,1.0017815760361632
cpu,DS,1048576,32,0,0.1,104858,1,0.03905250799971327,-1,0.167,1.0017815760361632
cpu,DS,1048576,32,0,0.1,104858,2,0.03386406600020564,-1,0.167,1.0017815760361632
cpu,SS,1048576,32,0,0.1,104858,2,0.02814214499994705,-1,0.167,1.0017815760361632
cpu,SS,1048576,32,0,0.1,104858,3,0.02711672300029022,-1,0.167,1.0017815760361632
cpu,DS,1048576,32,0,0.1,104858,3,0.03847251500019411,-1,0.167,1.0017815760361632
cpu,DS,1048576,32,0,0.1,104858,4,0.04144951399985075,-1,0.167,1.0017815760361632
cpu,SS,1048576,32,0,0.1,104858,4,0.027697594000073877,-1,0.167,1.0017815760361632
cpu,SS,1048576,32,0,0.1,104858,5,0.029446738999922673,-1,0.167,1.0017815760361632
cpu,DS,1048576,32,0,0.1,104858,5,0.04357680500015704,-1,0.167,1.0017815760361632
cpu,DS,1048576,32,0,0.1,104858,6,0.04345511200017427,-1,0.167,1.0017815760361632
cpu,SS,1048576,32,0,0.1,104858,6,0.028459347000080015,-1,0.167,1.0017815760361632
cpu,SS,1048576,32,0,0.1,104858,7,0.027237734000209457,-1,0.167,1.0017815760361632
cpu,DS,1048576,32,0,0.1,104858,7,0.036945499000012205,-1,0.167,1.0017815760361632
cpu,DS,1048576,32,0,0.1,104858,8,0.040531778000058694,-1,0.167,1.0017815760361632
cpu,SS,1048576,32,0,0.1,104858,8,0.031249070999820105,-1,0.167,1.0017815760361632
cpu,SS,1048576,32,0,0.1,104858,9,0.02842181599999094,-1,0.167,1.0017815760361632
cpu,DS,1048576,32,0,0.1,104858,9,0.04317088800007696,-1,0.167,1.0017815760361632
cpu,DS,1048576,32,0,0.1,104858,10,0.04287246600006256,-1,0.167,1.0017815760361632
cpu,SS,1048576,32,0,0.1,104858,10,0.029429164999783097,-1,0.167,1.0017815760361632
cpu,SS,1048576,32,0,0.1,104858,11,0.027567850000195904,-1,0.167,1.0017815760361632
cpu,DS,1048576,32,0,0.1,104858,11,0.03693241900009525,-1,0.167,1.0017815760361632
cpu,DS,1048576,32,0,0.1,104858,12,0.04332490599972516,-1,0.167,1.0017815760361632
cpu,SS,1048576,32,0,0.1,104858,12,0.03434559400011494,-1,0.167,1.0017815760361632
cpu,SS,1048576,32,0,0.1,104858,13,0.028587981999862677,-1,0.167,1.0017815760361632
cpu,DS,1048576,32,0,0.1,104858,13,0.034057100000154605,-1,0.167,1.0017815760361632
cpu,DS,1048576,32,0,0.1,104858,14,0.030588314999931754,-1,0.167,1.0017815760361632
cpu,SS,1048576,32,0,0.1,104858,14,0.02762014000018098,-1,0.167,1.0017815760361632
gpu,DS,1048576,32,0,0.1,104858,0,0.007673888206481933,1320,0.167,1.0017815760361632
gpu,SS,1048576,32,0,0.1,104858,0,0.012246208190917969,1320,0.167,1.0017815760361632
gpu,SS,1048576,32,0,0.1,104858,1,0.010358783721923828,1320,0.167,1.0017815760361632
gpu,DS,1048576,32,0,0.1,104858,1,0.007918111801147461,1320,0.167,1.0017815760361632
gpu,DS,1048576,32,0,0.1,104858,2,0.00972809600830078,1320,0.167,1.0017815760361632
gpu,SS,1048576,32,0,0.1,104858,2,0.0110447998046875,1320,0.167,1.0017815760361632
gpu,SS,1048576,32,0,0.1,104858,3,0.010274815559387206,1320,0.167,1.0017815760361632
gpu,DS,1048576,32,0,0.1,104858,3,0.009775039672851562,1320,0.167,1.0017815760361632
gpu,DS,1048576,32,0,0.1,104858,4,0.008069120407104492,1320,0.167,1.0017815760361632
gpu,SS,1048576,32,0,0.1,104858,4,0.010278911590576171,1320,0.167,1.0017815760361632
gpu,SS,1048576,32,0,0.1,104858,5,0.011897312164306641,1320,0.167,1.0017815760361632
gpu,DS,1048576,32,0,0.1,104858,5,0.008430368423461914,1875,0.167,1.0017815760361632
gpu,DS,1048576,32,0,0.1,104858,6,0.007861184120178224,1875,0.167,1.0017815760361632
gpu,SS,1048576,32,0,0.1,104858,6,0.009885087966918945,1875,0.167,1.0017815760361632
gpu,SS,1048576,32,0,0.1,104858,7,0.010041791915893555,1875,0.167,1.0017815760361632
gpu,DS,1048576,32,0,0.1,104858,7,0.007775008201599121,1875,0.167,1.0017815760361632
gpu,DS,1048576,32,0,0.1,104858,8,0.008740703582763671,1875,0.167,1.0017815760361632
gpu,SS,1048576,32,0,0.1,104858,8,0.01048192024230957,1875,0.167,1.0017815760361632
gpu,SS,1048576,32,0,0.1,104858,9,0.010246720314025879,1875,0.167,1.0017815760361632
gpu,DS,1048576,32,0,0.1,104858,9,0.007690976142883301,1875,0.167,1.0017815760361632
gpu,DS,1048576,32,0,0.1,104858,10,0.007821311950683594,1875,0.167,1.0017815760361632
gpu,SS,1048576,32,0,0.1,104858,10,0.00994918441772461,1875,0.167,1.0017815760361632
gpu,SS,1048576,32,0,0.1,104858,11,0.011265151977539063,1875,0.167,1.0017815760361632
gpu,DS,1048576,32,0,0.1,104858,11,0.008474783897399902,1875,0.167,1.0017815760361632
gpu,DS,1048576,32,0,0.1,104858,12,0.007864672183990479,1875,0.167,1.0017815760361632
gpu,SS,1048576,32,0,0.1,104858,12,0.011471136093139649,1875,0.167,1.0017815760361632
gpu,SS,1048576,32,0,0.1,104858,13,0.010226816177368163,1875,0.167,1.0017815760361632
gpu,DS,1048576,32,0,0.1,104858,13,0.008169471740722656,1875,0.167,1.0017815760361632
gpu,DS,1048576,32,0,0.1,104858,14,0.008216064453125,1875,0.167,1.0017815760361632
gpu,SS,1048576,32,0,0.1,104858,14,0.011387167930603027,1875,0.167,1.0017815760361632
cpu,DS,1048576,32,0,0.2,209715,0,0.03379220199985866,-1,0.167,1.000982583506187
cpu,SS,1048576,32,0,0.2,209715,0,0.05008563799992771,-1,0.167,1.000982583506187
cpu,SS,1048576,32,0,0.2,209715,1,0.04796868199991877,-1,0.167,1.000982583506187
cpu,DS,1048576,32,0,0.2,209715,1,0.03627443100003802,-1,0.167,1.000982583506187
cpu,DS,1048576,32,0,0.2,209715,2,0.04230312200024855,-1,0.167,1.000982583506187
cpu,SS,1048576,32,0,0.2,209715,2,0.0496551289998024,-1,0.167,1.000982583506187
cpu,SS,1048576,32,0,0.2,209715,3,0.04664244099967618,-1,0.167,1.000982583506187
cpu,DS,1048576,32,0,0.2,209715,3,0.04231111800027065,-1,0.167,1.000982583506187
cpu,DS,1048576,32,0,0.2,209715,4,0.03925932799984366,-1,0.167,1.000982583506187
cpu,SS,1048576,32,0,0.2,209715,4,0.05009100200004468,-1,0.167,1.000982583506187
cpu,SS,1048576,32,0,0.2,209715,5,0.05131612400009544,-1,0.167,1.000982583506187
cpu,DS,1048576,32,0,0.2,209715,5,0.03948311499971169,-1,0.167,1.000982583506187
cpu,DS,1048576,32,0,0.2,209715,6,0.04336715699992055,-1,0.167,1.000982583506187
cpu,SS,1048576,32,0,0.2,209715,6,0.054734456000005594,-1,0.167,1.000982583506187
cpu,SS,1048576,32,0,0.2,209715,7,0.052676788000098895,-1,0.167,1.000982583506187
cpu,DS,1048576,32,0,0.2,209715,7,0.03945122899995113,-1,0.167,1.000982583506187
cpu,DS,1048576,32,0,0.2,209715,8,0.03731857399998262,-1,0.167,1.000982583506187
cpu,SS,1048576,32,0,0.2,209715,8,0.049672874999941996,-1,0.167,1.000982583506187
cpu,SS,1048576,32,0,0.2,209715,9,0.05861801099990771,-1,0.167,1.000982583506187
cpu,DS,1048576,32,0,0.2,209715,9,0.042796232999990025,-1,0.167,1.000982583506187
cpu,DS,1048576,32,0,0.2,209715,10,0.03848441099989941,-1,0.167,1.000982583506187
cpu,SS,1048576,32,0,0.2,209715,10,0.0616637550001542,-1,0.167,1.000982583506187
cpu,SS,1048576,32,0,0.2,209715,11,0.05262783700027285,-1,0.167,1.000982583506187
cpu,DS,1048576,32,0,0.2,209715,11,0.04571150799984025,-1,0.167,1.000982583506187
cpu,DS,1048576,32,0,0.2,209715,12,0.03188733200022398,-1,0.167,1.000982583506187
cpu,SS,1048576,32,0,0.2,209715,12,0.05019406999963394,-1,0.167,1.000982583506187
cpu,SS,1048576,32,0,0.2,209715,13,0.05016589000024396,-1,0.167,1.000982583506187
cpu,DS,1048576,32,0,0.2,209715,13,0.03852127100026337,-1,0.167,1.000982583506187
cpu,DS,1048576,32,0,0.2,209715,14,0.038686454000071535,-1,0.167,1.000982583506187
cpu,SS,1048576,32,0,0.2,209715,14,0.0503344849998939,-1,0.167,1.000982583506187
gpu,DS,1048576,32,0,0.2,209715,0,0.008269856452941895,1050,0.167,1.000982583506187
gpu,SS,1048576,32,0,0.2,209715,0,0.021518112182617188,1050,0.167,1.000982583506187
gpu,SS,1048576,32,0,0.2,209715,1,0.0192225284576416,1875,0.167,1.000982583506187
gpu,DS,1048576,32,0,0.2,209715,1,0.009375871658325196,1875,0.167,1.000982583506187
gpu,DS,1048576,32,0,0.2,209715,2,0.007841504096984864,1875,0.167,1.000982583506187
gpu,SS,1048576,32,0,0.2,209715,2,0.020908031463623047,1875,0.167,1.000982583506187
gpu,SS,1048576,32,0,0.2,209715,3,0.01883001518249512,1875,0.167,1.000982583506187
gpu,DS,1048576,32,0,0.2,209715,3,0.00793177604675293,1890,0.167,1.000982583506187
gpu,DS,1048576,32,0,0.2,209715,4,0.007827360153198243,1890,0.167,1.000982583506187
gpu,SS,1048576,32,0,0.2,209715,4,0.018780479431152342,1890,0.167,1.000982583506187
gpu,SS,1048576,32,0,0.2,209715,5,0.0206746883392334,1890,0.167,1.000982583506187
gpu,DS,1048576,32,0,0.2,209715,5,0.007799712181091309,1890,0.167,1.000982583506187
gpu,DS,1048576,32,0,0.2,209715,6,0.009197664260864259,1890,0.167,1.000982583506187
gpu,SS,1048576,32,0,0.2,209715,6,0.01882111930847168,1890,0.167,1.000982583506187
gpu,SS,1048576,32,0,0.2,209715,7,0.021424127578735352,1890,0.167,1.000982583506187
gpu,DS,1048576,32,0,0.2,209715,7,0.007897696018218995,1890,0.167,1.000982583506187
gpu,DS,1048576,32,0,0.2,209715,8,0.0077972798347473145,1890,0.167,1.000982583506187
gpu,SS,1048576,32,0,0.2,209715,8,0.020305919647216796,1890,0.167,1.000982583506187
gpu,SS,1048576,32,0,0.2,209715,9,0.020240991592407227,1890,0.167,1.000982583506187
gpu,DS,1048576,32,0,0.2,209715,9,0.008380255699157714,1890,0.167,1.000982583506187
gpu,DS,1048576,32,0,0.2,209715,10,0.007795167922973633,1890,0.167,1.000982583506187
gpu,SS,1048576,32,0,0.2,209715,10,0.020116960525512696,1890,0.167,1.000982583506187
gpu,SS,1048576,32,0,0.2,209715,11,0.020096288681030274,1890,0.167,1.000982583506187
gpu,DS,1048576,32,0,0.2,209715,11,0.007727231979370117,1875,0.167,1.000982583506187
gpu,DS,1048576,32,0,0.2,209715,12,0.009310303688049316,1875,0.167,1.000982583506187
gpu,SS,1048576,32,0,0.2,209715,12,0.019235008239746092,1875,0.167,1.000982583506187
gpu,SS,1048576,32,0,0.2,209715,13,0.020044736862182617,1875,0.167,1.000982583506187
gpu,DS,1048576,32,0,0.2,209715,13,0.007776256084442139,1875,0.167,1.000982583506187
gpu,DS,1048576,32,0,0.2,209715,14,0.009598912239074707,1875,0.167,1.000982583506187
gpu,SS,1048576,32,0,0.2,209715,14,0.018712575912475587,1875,0.167,1.000982583506187
cpu,DS,1048576,32,0,0.3,314573,0,0.041603873999974894,-1,0.167,1.0006773070161774
cpu,SS,1048576,32,0,0.3,314573,0,0.06926938600008725,-1,0.167,1.0006773070161774
cpu,SS,1048576,32,0,0.3,314573,1,0.07124270900021656,-1,0.167,1.0006773070161774
cpu,DS,1048576,32,0,0.3,314573,1,0.04998578799995812,-1,0.167,1.0006773070161774
cpu,DS,1048576,32,0,0.3,314573,2,0.04467701699968529,-1,0.167,1.0006773070161774
cpu,SS,1048576,32,0,0.3,314573,2,0.07372542499979318,-1,0.167,1.0006773070161774
cpu,SS,1048576,32,0,0.3,314573,3,0.07433340500028862,-1,0.167,1.0006773070161774
cpu,DS,1048576,32,0,0.3,314573,3,0.0381950009996217,-1,0.167,1.0006773070161774
cpu,DS,1048576,32,0,0.3,314573,4,0.03794235099985599,-1,0.167,1.0006773070161774
cpu,SS,1048576,32,0,0.3,314573,4,0.0727138509996621,-1,0.167,1.0006773070161774
cpu,SS,1048576,32,0,0.3,314573,5,0.07371440700035237,-1,0.167,1.0006773070161774
cpu,DS,1048576,32,0,0.3,314573,5,0.042433883999819955,-1,0.167,1.0006773070161774
cpu,DS,1048576,32,0,0.3,314573,6,0.039022475000365375,-1,0.167,1.0006773070161774
cpu,SS,1048576,32,0,0.3,314573,6,0.07528413300042303,-1,0.167,1.0006773070161774
cpu,SS,1048576,32,0,0.3,314573,7,0.07463354199990135,-1,0.167,1.0006773070161774
cpu,DS,1048576,32,0,0.3,314573,7,0.04400643700000728,-1,0.167,1.0006773070161774
cpu,DS,1048576,32,0,0.3,314573,8,0.040348424000058,-1,0.167,1.0006773070161774
cpu,SS,1048576,32,0,0.3,314573,8,0.07256027099992934,-1,0.167,1.0006773070161774
cpu,SS,1048576,32,0,0.3,314573,9,0.0815927759999795,-1,0.167,1.0006773070161774
cpu,DS,1048576,32,0,0.3,314573,9,0.04214330200011318,-1,0.167,1.0006773070161774
cpu,DS,1048576,32,0,0.3,314573,10,0.04335945399998309,-1,0.167,1.0006773070161774
cpu,SS,1048576,32,0,0.3,314573,10,0.07988351299991336,-1,0.167,1.0006773070161774
cpu,SS,1048576,32,0,0.3,314573,11,0.07087675100001434,-1,0.167,1.0006773070161774
cpu,DS,1048576,32,0,0.3,314573,11,0.0437156610000784,-1,0.167,1.0006773070161774
cpu,DS,1048576,32,0,0.3,314573,12,0.040633545000218874,-1,0.167,1.0006773070161774
cpu,SS,1048576,32,0,0.3,314573,12,0.07186755599968819,-1,0.167,1.0006773070161774
cpu,SS,1048576,32,0,0.3,314573,13,0.07607289599991418,-1,0.167,1.0006773070161774
cpu,DS,1048576,32,0,0.3,314573,13,0.04189708800004155,-1,0.167,1.0006773070161774
cpu,DS,1048576,32,0,0.3,314573,14,0.038761829000122816,-1,0.167,1.0006773070161774
cpu,SS,1048576,32,0,0.3,314573,14,0.07967006199987736,-1,0.167,1.0006773070161774
gpu,DS,1048576,32,0,0.3,314573,0,0.008238816261291504,1005,0.167,1.0006773070161774
gpu,SS,1048576,32,0,0.3,314573,0,0.032790782928466794,1005,0.167,1.0006773070161774
gpu,SS,1048576,32,0,0.3,314573,1,0.029421247482299805,1875,0.167,1.0006773070161774
gpu,DS,1048576,32,0,0.3,314573,1,0.010084256172180176,1875,0.167,1.0006773070161774
gpu,DS,1048576,32,0,0.3,314573,2,0.007722784042358399,1875,0.167,1.0006773070161774
gpu,SS,1048576,32,0,0.3,314573,2,0.028787008285522463,1875,0.167,1.0006773070161774
gpu,SS,1048576,32,0,0.3,314573,3,0.02883571243286133,1890,0.167,1.0006773070161774
gpu,DS,1048576,32,0,0.3,314573,3,0.007944191932678223,1890,0.167,1.0006773070161774
gpu,DS,1048576,32,0,0.3,314573,4,0.008062975883483887,1890,0.167,1.0006773070161774
gpu,SS,1048576,32,0,0.3,314573,4,0.029082496643066405,1890,0.167,1.0006773070161774
gpu,SS,1048576,32,0,0.3,314573,5,0.028731424331665038,1890,0.167,1.0006773070161774
gpu,DS,1048576,32,0,0.3,314573,5,0.009517279624938965,1890,0.167,1.0006773070161774
gpu,DS,1048576,32,0,0.3,314573,6,0.008441856384277344,1890,0.167,1.0006773070161774
gpu,SS,1048576,32,0,0.3,314573,6,0.02889241600036621,1890,0.167,1.0006773070161774
gpu,SS,1048576,32,0,0.3,314573,7,0.028831743240356447,1890,0.167,1.0006773070161774
gpu,DS,1048576,32,0,0.3,314573,7,0.00788595199584961,1890,0.167,1.0006773070161774
gpu,DS,1048576,32,0,0.3,314573,8,0.007760159969329834,1890,0.167,1.0006773070161774
gpu,SS,1048576,32,0,0.3,314573,8,0.028212320327758788,1890,0.167,1.0006773070161774
gpu,SS,1048576,32,0,0.3,314573,9,0.02938479995727539,1890,0.167,1.0006773070161774
gpu,DS,1048576,32,0,0.3,314573,9,0.007782944202423096,1875,0.167,1.0006773070161774
gpu,DS,1048576,32,0,0.3,314573,10,0.007738848209381103,1875,0.167,1.0006773070161774
gpu,SS,1048576,32,0,0.3,314573,10,0.029351936340332032,1875,0.167,1.0006773070161774
gpu,SS,1048576,32,0,0.3,314573,11,0.028833791732788085,1875,0.167,1.0006773070161774
gpu,DS,1048576,32,0,0.3,314573,11,0.007785727977752685,1875,0.167,1.0006773070161774
gpu,DS,1048576,32,0,0.3,314573,12,0.007688191890716553,1875,0.167,1.0006773070161774
gpu,SS,1048576,32,0,0.3,314573,12,0.02927561569213867,1875,0.167,1.0006773070161774
gpu,SS,1048576,32,0,0.3,314573,13,0.029306880950927733,1875,0.167,1.0006773070161774
gpu,DS,1048576,32,0,0.3,314573,13,0.007806943893432617,1875,0.167,1.0006773070161774
gpu,DS,1048576,32,0,0.3,314573,14,0.00889142417907715,1875,0.167,1.0006773070161774
gpu,SS,1048576,32,0,0.3,314573,14,0.029474815368652343,1875,0.167,1.0006773070161774
cpu,DS,1048576,32,0,0.5,524288,0,0.04487142500011032,-1,0.167,1.0002833604812622
cpu,SS,1048576,32,0,0.5,524288,0,0.12544407600034901,-1,0.167,1.0002833604812622
cpu,SS,1048576,32,0,0.5,524288,1,0.11534596599994984,-1,0.167,1.0002833604812622
cpu,DS,1048576,32,0,0.5,524288,1,0.04296774899967204,-1,0.167,1.0002833604812622
cpu,DS,1048576,32,0,0.5,524288,2,0.04714641200007463,-1,0.167,1.0002833604812622
cpu,SS,1048576,32,0,0.5,524288,2,0.1158895720000146,-1,0.167,1.0002833604812622
cpu,SS,1048576,32,0,0.5,524288,3,0.12220135200004734,-1,0.167,1.0002833604812622
cpu,DS,1048576,32,0,0.5,524288,3,0.043119125999965036,-1,0.167,1.0002833604812622
cpu,DS,1048576,32,0,0.5,524288,4,0.04033687299988742,-1,0.167,1.0002833604812622
cpu,SS,1048576,32,0,0.5,524288,4,0.12551960500013593,-1,0.167,1.0002833604812622
cpu,SS,1048576,32,0,0.5,524288,5,0.11524582299989561,-1,0.167,1.0002833604812622
cpu,DS,1048576,32,0,0.5,524288,5,0.03911022200009029,-1,0.167,1.0002833604812622
cpu,DS,1048576,32,0,0.5,524288,6,0.04068864200007738,-1,0.167,1.0002833604812622
cpu,SS,1048576,32,0,0.5,524288,6,0.1250476219997836,-1,0.167,1.0002833604812622
cpu,SS,1048576,32,0,0.5,524288,7,0.11969037300013952,-1,0.167,1.0002833604812622
cpu,DS,1048576,32,0,0.5,524288,7,0.03590975199995228,-1,0.167,1.0002833604812622
cpu,DS,1048576,32,0,0.5,524288,8,0.04229062000013073,-1,0.167,1.0002833604812622
cpu,SS,1048576,32,0,0.5,524288,8,0.11801339300018299,-1,0.167,1.0002833604812622
cpu,SS,1048576,32,0,0.5,524288,9,0.12157763899995189,-1,0.167,1.0002833604812622
cpu,DS,1048576,32,0,0.5,524288,9,0.03273273500008145,-1,0.167,1.0002833604812622
cpu,DS,1048576,32,0,0.5,524288,10,0.03508722500009753,-1,0.167,1.0002833604812622
cpu,SS,1048576,32,0,0.5,524288,10,0.12069213899985698,-1,0.167,1.0002833604812622
cpu,SS,1048576,32,0,0.5,524288,11,0.11927014200000485,-1,0.167,1.0002833604812622
cpu,DS,1048576,32,0,0.5,524288,11,0.03274560699992435,-1,0.167,1.0002833604812622
cpu,DS,1048576,32,0,0.5,524288,12,0.03830049099997268,-1,0.167,1.0002833604812622
cpu,SS,1048576,32,0,0.5,524288,12,0.11341785100012203,-1,0.167,1.0002833604812622
cpu,SS,1048576,32,0,0.5,524288,13,0.11702398699981131,-1,0.167,1.0002833604812622
cpu,DS,1048576,32,0,0.5,524288,13,0.04099685299979683,-1,0.167,1.0002833604812622
cpu,DS,1048576,32,0,0.5,524288,14,0.042621281999799976,-1,0.167,1.0002833604812622
cpu,SS,1048576,32,0,0.5,524288,14,0.12890555100011625,-1,0.167,1.0002833604812622
gpu,DS,1048576,32,0,0.5,524288,0,0.008282112121582032,1875,0.167,1.0002833604812622
gpu,SS,1048576,32,0,0.5,524288,0,0.04863180923461914,1890,0.167,1.0002833604812622
gpu,SS,1048576,32,0,0.5,524288,1,0.04687811279296875,1890,0.167,1.0002833604812622
gpu,DS,1048576,32,0,0.5,524288,1,0.009357312202453612,1890,0.167,1.0002833604812622
gpu,DS,1048576,32,0,0.5,524288,2,0.007979008197784423,1890,0.167,1.0002833604812622
gpu,SS,1048576,32,0,0.5,524288,2,0.047026176452636716,1890,0.167,1.0002833604812622
gpu,SS,1048576,32,0,0.5,524288,3,0.04815008163452148,1890,0.167,1.0002833604812622
gpu,DS,1048576,32,0,0.5,524288,3,0.007889855861663818,1890,0.167,1.0002833604812622
gpu,DS,1048576,32,0,0.5,524288,4,0.007752031803131104,1890,0.167,1.0002833604812622
gpu,SS,1048576,32,0,0.5,524288,4,0.04805401611328125,1890,0.167,1.0002833604812622
gpu,SS,1048576,32,0,0.5,524288,5,0.04697679901123047,1890,0.167,1.0002833604812622
gpu,DS,1048576,32,0,0.5,524288,5,0.009261055946350098,1890,0.167,1.0002833604812622
gpu,DS,1048576,32,0,0.5,524288,6,0.007889056205749511,1890,0.167,1.0002833604812622
gpu,SS,1048576,32,0,0.5,524288,6,0.04677008056640625,1890,0.167,1.0002833604812622
gpu,SS,1048576,32,0,0.5,524288,7,0.04756569671630859,1890,0.167,1.0002833604812622
gpu,DS,1048576,32,0,0.5,524288,7,0.008360159873962403,1890,0.167,1.0002833604812622
gpu,DS,1048576,32,0,0.5,524288,8,0.007708191871643066,1890,0.167,1.0002833604812622
gpu,SS,1048576,32,0,0.5,524288,8,0.04624435043334961,1890,0.167,1.0002833604812622
gpu,SS,1048576,32,0,0.5,524288,9,0.046835712432861325,1875,0.167,1.0002833604812622
gpu,DS,1048576,32,0,0.5,524288,9,0.007847936153411865,1875,0.167,1.0002833604812622
gpu,DS,1048576,32,0,0.5,524288,10,0.008419232368469238,1875,0.167,1.0002833604812622
gpu,SS,1048576,32,0,0.5,524288,10,0.047567134857177736,1875,0.167,1.0002833604812622
gpu,SS,1048576,32,0,0.5,524288,11,0.04710847854614258,1875,0.167,1.0002833604812622
gpu,DS,1048576,32,0,0.5,524288,11,0.007872447967529297,1875,0.167,1.0002833604812622
gpu,DS,1048576,32,0,0.5,524288,12,0.009233311653137207,1875,0.167,1.0002833604812622
gpu,SS,1048576,32,0,0.5,524288,12,0.04687257766723633,1875,0.167,1.0002833604812622
gpu,SS,1048576,32,0,0.5,524288,13,0.04838604736328125,1875,0.167,1.0002833604812622
gpu,DS,1048576,32,0,0.5,524288,13,0.008274911880493164,1875,0.167,1.0002833604812622
gpu,DS,1048576,32,0,0.5,524288,14,0.007763743877410889,1875,0.167,1.0002833604812622
gpu,SS,1048576,32,0,0.5,524288,14,0.048379776000976565,1875,0.167,1.0002833604812622
cpu,DS,1048576,32,0,0.7,734003,0,0.04599358699988443,-1,0.167,1.0004407338934582
cpu,SS,1048576,32,0,0.7,734003,0,0.17130148600017492,-1,0.167,1.0004407338934582
cpu,SS,1048576,32,0,0.7,734003,1,0.1451875719999407,-1,0.167,1.0004407338934582
cpu,DS,1048576,32,0,0.7,734003,1,0.04605979699999807,-1,0.167,1.0004407338934582
cpu,DS,1048576,32,0,0.7,734003,2,0.044643944000199554,-1,0.167,1.0004407338934582
cpu,SS,1048576,32,0,0.7,734003,2,0.17463234900014868,-1,0.167,1.0004407338934582
cpu,SS,1048576,32,0,0.7,734003,3,0.22920579399988128,-1,0.167,1.0004407338934582
cpu,DS,1048576,32,0,0.7,734003,3,0.04354558499971972,-1,0.167,1.0004407338934582
cpu,DS,1048576,32,0,0.7,734003,4,0.03947422600003847,-1,0.167,1.0004407338934582
cpu,SS,1048576,32,0,0.7,734003,4,0.17102777499985677,-1,0.167,1.0004407338934582
cpu,SS,1048576,32,0,0.7,734003,5,0.1665019189999839,-1,0.167,1.0004407338934582
cpu,DS,1048576,32,0,0.7,734003,5,0.04188634499996624,-1,0.167,1.0004407338934582
cpu,DS,1048576,32,0,0.7,734003,6,0.041866160000154196,-1,0.167,1.0004407338934582
cpu,SS,1048576,32,0,0.7,734003,6,0.15470158100015396,-1,0.167,1.0004407338934582
cpu,SS,1048576,32,0,0.7,734003,7,0.1598616450000918,-1,0.167,1.0004407338934582
cpu,DS,1048576,32,0,0.7,734003,7,0.0405446969998593,-1,0.167,1.0004407338934582
cpu,DS,1048576,32,0,0.7,734003,8,0.044211289000031684,-1,0.167,1.0004407338934582
cpu,SS,1048576,32,0,0.7,734003,8,0.16030288000001747,-1,0.167,1.0004407338934582
cpu,SS,1048576,32,0,0.7,734003,9,0.16288398400001824,-1,0.167,1.0004407338934582
cpu,DS,1048576,32,0,0.7,734003,9,0.040546257000187325,-1,0.167,1.0004407338934582
cpu,DS,1048576,32,0,0.7,734003,10,0.03911567900013324,-1,0.167,1.0004407338934582
cpu,SS,1048576,32,0,0.7,734003,10,0.15843696599995383,-1,0.167,1.0004407338934582
cpu,SS,1048576,32,0,0.7,734003,11,0.14310864000026413,-1,0.167,1.0004407338934582
cpu,DS,1048576,32,0,0.7,734003,11,0.03440969999974186,-1,0.167,1.0004407338934582
cpu,DS,1048576,32,0,0.7,734003,12,0.03627747000018644,-1,0.167,1.0004407338934582
cpu,SS,1048576,32,0,0.7,734003,12,0.1410686999997779,-1,0.167,1.0004407338934582
cpu,SS,1048576,32,0,0.7,734003,13,0.14217371999984607,-1,0.167,1.0004407338934582
cpu,DS,1048576,32,0,0.7,734003,13,0.03226842000003671,-1,0.167,1.0004407338934582
cpu,DS,1048576,32,0,0.7,734003,14,0.0287794800001393,-1,0.167,1.0004407338934582
cpu,SS,1048576,32,0,0.7,734003,14,0.14321879999988596,-1,0.167,1.0004407338934582
gpu,DS,1048576,32,0,0.7,734003,0,0.007736735820770264,1890,0.167,1.0004407338934582
gpu,SS,1048576,32,0,0.7,734003,0,0.065621826171875,1890,0.167,1.0004407338934582
gpu,SS,1048576,32,0,0.7,734003,1,0.06610739135742187,1890,0.167,1.0004407338934582
gpu,DS,1048576,32,0,0.7,734003,1,0.008151391983032226,1890,0.167,1.0004407338934582
gpu,DS,1048576,32,0,0.7,734003,2,0.009294976234436035,1890,0.167,1.0004407338934582
gpu,SS,1048576,32,0,0.7,734003,2,0.06613228607177735,1890,0.167,1.0004407338934582
gpu,SS,1048576,32,0,0.7,734003,3,0.06575981140136719,1890,0.167,1.0004407338934582
gpu,DS,1048576,32,0,0.7,734003,3,0.009471327781677245,1890,0.167,1.0004407338934582
gpu,DS,1048576,32,0,0.7,734003,4,0.008378368377685547,1890,0.167,1.0004407338934582
gpu,SS,1048576,32,0,0.7,734003,4,0.06554195404052734,1890,0.167,1.0004407338934582
gpu,SS,1048576,32,0,0.7,734003,5,0.06542422485351562,1890,0.167,1.0004407338934582
gpu,DS,1048576,32,0,0.7,734003,5,0.008480287551879883,1890,0.167,1.0004407338934582
gpu,DS,1048576,32,0,0.7,734003,6,0.008144927978515624,1890,0.167,1.0004407338934582
gpu,SS,1048576,32,0,0.7,734003,6,0.06648841857910157,1890,0.167,1.0004407338934582
gpu,SS,1048576,32,0,0.7,734003,7,0.0660091552734375,1890,0.167,1.0004407338934582
gpu,DS,1048576,32,0,0.7,734003,7,0.007888480186462403,1890,0.167,1.0004407338934582
gpu,DS,1048576,32,0,0.7,734003,8,0.007773856163024903,1890,0.167,1.0004407338934582
gpu,SS,1048576,32,0,0.7,734003,8,0.06569622039794921,1890,0.167,1.0004407338934582
gpu,SS,1048576,32,0,0.7,734003,9,0.06537010955810547,1890,0.167,1.0004407338934582
gpu,DS,1048576,32,0,0.7,734003,9,0.007843552112579345,1890,0.167,1.0004407338934582
gpu,DS,1048576,32,0,0.7,734003,10,0.007858176231384278,1890,0.167,1.0004407338934582
gpu,SS,1048576,32,0,0.7,734003,10,0.06566896057128906,1890,0.167,1.0004407338934582
gpu,SS,1048576,32,0,0.7,734003,11,0.06605670166015624,1875,0.167,1.0004407338934582
gpu,DS,1048576,32,0,0.7,734003,11,0.007678239822387695,1875,0.167,1.0004407338934582
gpu,DS,1048576,32,0,0.7,734003,12,0.008470368385314942,1875,0.167,1.0004407338934582
gpu,SS,1048576,32,0,0.7,734003,12,0.06603606414794921,1875,0.167,1.0004407338934582
gpu,SS,1048576,32,0,0.7,734003,13,0.06619136047363282,1875,0.167,1.0004407338934582
gpu,DS,1048576,32,0,0.7,734003,13,0.007745535850524903,1875,0.167,1.0004407338934582
gpu,DS,1048576,32,0,0.7,734003,14,0.00892518424987793,1875,0.167,1.0004407338934582
gpu,SS,1048576,32,0,0.7,734003,14,0.0658370590209961,1875,0.167,1.0004407338934582
cpu,DS,1048576,32,0,1.0,1048576,0,0.030828869999822928,-1,0.167,1.0001964569091797
cpu,SS,1048576,32,0,1.0,1048576,0,0.19840940999984014,-1,0.167,1.0001964569091797
cpu,SS,1048576,32,0,1.0,1048576,1,0.20124909000014668,-1,0.167,1.0001964569091797
cpu,DS,1048576,32,0,1.0,1048576,1,0.03858453000020745,-1,0.167,1.0001964569091797
cpu,DS,1048576,32,0,1.0,1048576,2,0.02749554000001808,-1,0.167,1.0001964569091797
cpu,SS,1048576,32,0,1.0,1048576,2,0.19406142000025284,-1,0.167,1.0001964569091797
cpu,SS,1048576,32,0,1.0,1048576,3,0.19769957999960752,-1,0.167,1.0001964569091797
cpu,DS,1048576,32,0,1.0,1048576,3,0.033879419999720994,-1,0.167,1.0001964569091797
cpu,DS,1048576,32,0,1.0,1048576,4,0.03560165999988385,-1,0.167,1.0001964569091797
cpu,SS,1048576,32,0,1.0,1048576,4,0.18203958000003695,-1,0.167,1.0001964569091797
cpu,SS,1048576,32,0,1.0,1048576,5,0.20999231999985568,-1,0.167,1.0001964569091797
cpu,DS,1048576,32,0,1.0,1048576,5,0.03311100000018996,-1,0.167,1.0001964569091797
cpu,DS,1048576,32,0,1.0,1048576,6,0.034214669999983016,-1,0.167,1.0001964569091797
cpu,SS,1048576,32,0,1.0,1048576,6,0.21780305999982374,-1,0.167,1.0001964569091797
cpu,SS,1048576,32,0,1.0,1048576,7,0.1958014799997727,-1,0.167,1.0001964569091797
cpu,DS,1048576,32,0,1.0,1048576,7,0.032985269999699085,-1,0.167,1.0001964569091797
cpu,DS,1048576,32,0,1.0,1048576,8,0.03706964999992124,-1,0.167,1.0001964569091797
cpu,SS,1048576,32,0,1.0,1048576,8,0.20932910999999876,-1,0.167,1.0001964569091797
cpu,SS,1048576,32,0,1.0,1048576,9,0.21893048999982057,-1,0.167,1.0001964569091797
cpu,DS,1048576,32,0,1.0,1048576,9,0.038491199999953096,-1,0.167,1.0001964569091797
cpu,DS,1048576,32,0,1.0,1048576,10,0.03357314999993832,-1,0.167,1.0001964569091797
cpu,SS,1048576,32,0,1.0,1048576,10,0.21281535000025542,-1,0.167,1.0001964569091797
cpu,SS,1048576,32,0,1.0,1048576,11,0.20811996000020372,-1,0.167,1.0001964569091797
cpu,DS,1048576,32,0,1.0,1048576,11,0.042441390000021784,-1,0.167,1.0001964569091797
cpu,DS,1048576,32,0,1.0,1048576,12,0.03595059000008405,-1,0.167,1.0001964569091797
cpu,SS,1048576,32,0,1.0,1048576,12,0.22972477600023922,-1,0.167,1.0001964569091797
cpu,SS,1048576,32,0,1.0,1048576,13,0.22037212500026726,-1,0.167,1.0001964569091797
cpu,DS,1048576,32,0,1.0,1048576,13,0.033689330000015616,-1,0.167,1.0001964569091797
cpu,DS,1048576,32,0,1.0,1048576,14,0.03815083100016636,-1,0.167,1.0001964569091797
cpu,SS,1048576,32,0,1.0,1048576,14,0.20652161999987584,-1,0.167,1.0001964569091797
gpu,DS,1048576,32,0,1.0,1048576,0,0.008138751983642578,1890,0.167,1.0001964569091797
gpu,SS,1048576,32,0,1.0,1048576,0,0.09410307312011719,1890,0.167,1.0001964569091797
gpu,SS,1048576,32,0,1.0,1048576,1,0.09160294342041016,1890,0.167,1.0001964569091797
gpu,DS,1048576,32,0,1.0,1048576,1,0.007964672088623047,1890,0.167,1.0001964569091797
gpu,DS,1048576,32,0,1.0,1048576,2,0.022208511352539064,1890,0.167,1.0001964569091797
gpu,SS,1048576,32,0,1.0,1048576,2,0.09237318420410157,1890,0.167,1.0001964569091797
gpu,SS,1048576,32,0,1.0,1048576,3,0.09178083038330079,1890,0.167,1.0001964569091797
gpu,DS,1048576,32,0,1.0,1048576,3,0.009338303565979004,1890,0.167,1.0001964569091797
gpu,DS,1048576,32,0,1.0,1048576,4,0.0077571840286254886,1890,0.167,1.0001964569091797
gpu,SS,1048576,32,0,1.0,1048576,4,0.09348035430908203,1890,0.167,1.0001964569091797
gpu,SS,1048576,32,0,1.0,1048576,5,0.0931654052734375,1890,0.167,1.0001964569091797
gpu,DS,1048576,32,0,1.0,1048576,5,0.007795231819152832,1890,0.167,1.0001964569091797
gpu,DS,1048576,32,0,1.0,1048576,6,0.008378815650939942,1890,0.167,1.0001964569091797
gpu,SS,1048576,32,0,1.0,1048576,6,0.09319366455078125,1890,0.167,1.0001964569091797
gpu,SS,1048576,32,0,1.0,1048576,7,0.09286681365966797,1890,0.167,1.0001964569091797
gpu,DS,1048576,32,0,1.0,1048576,7,0.008534560203552246,1890,0.167,1.0001964569091797
gpu,DS,1048576,32,0,1.0,1048576,8,0.007794623851776123,1890,0.167,1.0001964569091797
gpu,SS,1048576,32,0,1.0,1048576,8,0.09190611267089843,1890,0.167,1.0001964569091797
gpu,SS,1048576,32,0,1.0,1048576,9,0.0938629150390625,1890,0.167,1.0001964569091797
gpu,DS,1048576,32,0,1.0,1048576,9,0.00838361644744873,1890,0.167,1.0001964569091797
gpu,DS,1048576,32,0,1.0,1048576,10,0.008181759834289551,1890,0.167,1.0001964569091797
gpu,SS,1048576,32,0,1.0,1048576,10,0.0935793914794922,1890,0.167,1.0001964569091797
gpu,SS,1048576,32,0,1.0,1048576,11,0.09370057678222657,1890,0.167,1.0001964569091797
gpu,DS,1048576,32,0,1.0,1048576,11,0.008136704444885253,1890,0.167,1.0001964569091797
gpu,DS,1048576,32,0,1.0,1048576,12,0.007927807807922363,1890,0.167,1.0001964569091797
gpu,SS,1048576,32,0,1.0,1048576,12,0.09392127990722657,1890,0.167,1.0001964569091797
gpu,SS,1048576,32,0,1.0,1048576,13,0.09328182220458985,1875,0.167,1.0001964569091797
gpu,DS,1048576,32,0,1.0,1048576,13,0.009875519752502442,1875,0.167,1.0001964569091797
gpu,DS,1048576,32,0,1.0,1048576,14,0.0082739839553833,1875,0.167,1.0001964569091797
gpu,SS,1048576,32,0,1.0,1048576,14,0.09410755157470703,1875,0.167,1.0001964569091797
cpu,DS,1048576,32,0,0.0001,105,0,0.03541924999990442,-1,0.1,1.0535714285714286
cpu,SS,1048576,32,0,0.0001,105,0,0.00015728400012449129,-1,0.1,1.0535714285714286
cpu,SS,1048576,32,0,0.0001,105,1,0.0002303199999005301,-1,0.1,1.0535714285714286
cpu,DS,1048576,32,0,0.0001,105,1,0.035516176000328414,-1,0.1,1.0535714285714286
cpu,DS,1048576,32,0,0.0001,105,2,0.02952766199996404,-1,0.1,1.0535714285714286
cpu,SS,1048576,32,0,0.0001,105,2,0.00013290700007928535,-1,0.1,1.0535714285714286
cpu,SS,1048576,32,0,0.0001,105,3,8.951500012699398e-05,-1,0.1,1.0535714285714286
cpu,DS,1048576,32,0,0.0001,105,3,0.03262079400019502,-1,0.1,1.0535714285714286
cpu,DS,1048576,32,0,0.0001,105,4,0.03417199300020002,-1,0.1,1.0535714285714286
cpu,SS,1048576,32,0,0.0001,105,4,0.0001318340000580065,-1,0.1,1.0535714285714286
cpu,SS,1048576,32,0,0.0001,105,5,8.698000010554097e-05,-1,0.1,1.0535714285714286
cpu,DS,1048576,32,0,0.0001,105,5,0.030134860000089247,-1,0.1,1.0535714285714286
cpu,DS,1048576,32,0,0.0001,105,6,0.03383733700002267,-1,0.1,1.0535714285714286
cpu,SS,1048576,32,0,0.0001,105,6,0.00013417399986792589,-1,0.1,1.0535714285714286
cpu,SS,1048576,32,0,0.0001,105,7,0.00011671999982354464,-1,0.1,1.0535714285714286
cpu,DS,1048576,32,0,0.0001,105,7,0.038090454999746726,-1,0.1,1.0535714285714286
cpu,DS,1048576,32,0,0.0001,105,8,0.043192793000343954,-1,0.1,1.0535714285714286
cpu,SS,1048576,32,0,0.0001,105,8,0.0001401220001753245,-1,0.1,1.0535714285714286
cpu,SS,1048576,32,0,0.0001,105,9,9.331799992651213e-05,-1,0.1,1.0535714285714286
cpu,DS,1048576,32,0,0.0001,105,9,0.038085286999830714,-1,0.1,1.0535714285714286
cpu,DS,1048576,32,0,0.0001,105,10,0.030470881999917765,-1,0.1,1.0535714285714286
cpu,SS,1048576,32,0,0.0001,105,10,0.00015123899993341183,-1,0.1,1.0535714285714286
cpu,SS,1048576,32,0,0.0001,105,11,0.00012217999983477057,-1,0.1,1.0535714285714286
cpu,DS,1048576,32,0,0.0001,105,11,0.03777569100020628,-1,0.1,1.0535714285714286
cpu,DS,1048576,32,0,0.0001,105,12,0.036372904000018025,-1,0.1,1.0535714285714286
cpu,SS,1048576,32,0,0.0001,105,12,0.00019872599978043581,-1,0.1,1.0535714285714286
cpu,SS,1048576,32,0,0.0001,105,13,0.00011301399990770733,-1,0.1,1.0535714285714286
cpu,DS,1048576,32,0,0.0001,105,13,0.027402127000186738,-1,0.1,1.0535714285714286
cpu,DS,1048576,32,0,0.0001,105,14,0.03699326600008135,-1,0.1,1.0535714285714286
cpu,SS,1048576,32,0,0.0001,105,14,0.00014177999992170953,-1,0.1,1.0535714285714286
gpu,DS,1048576,32,0,0.0001,105,0,0.007796063899993897,1875,0.1,1.0535714285714286
gpu,SS,1048576,32,0,0.0001,105,0,0.00011692799627780914,1875,0.1,1.0535714285714286
gpu,SS,1048576,32,0,0.0001,105,1,0.00013836799561977385,1875,0.1,1.0535714285714286
gpu,DS,1048576,32,0,0.0001,105,1,0.007845888137817383,1875,0.1,1.0535714285714286
gpu,DS,1048576,32,0,0.0001,105,2,0.007750144004821777,1875,0.1,1.0535714285714286
gpu,SS,1048576,32,0,0.0001,105,2,0.0004917759895324707,1875,0.1,1.0535714285714286
gpu,SS,1048576,32,0,0.0001,105,3,1.551999989897013e-05,1875,0.1,1.0535714285714286
gpu,DS,1048576,32,0,0.0001,105,3,0.007691232204437256,1875,0.1,1.0535714285714286
gpu,DS,1048576,32,0,0.0001,105,4,0.008330752372741699,1875,0.1,1.0535714285714286
gpu,SS,1048576,32,0,0.0001,105,4,0.00017155200242996216,1875,0.1,1.0535714285714286
gpu,SS,1048576,32,0,0.0001,105,5,9.830400347709655e-05,1875,0.1,1.0535714285714286
gpu,DS,1048576,32,0,0.0001,105,5,0.0076845440864562985,1875,0.1,1.0535714285714286
gpu,DS,1048576,32,0,0.0001,105,6,0.007872511863708496,1875,0.1,1.0535714285714286
gpu,SS,1048576,32,0,0.0001,105,6,0.0001433600038290024,1875,0.1,1.0535714285714286
gpu,SS,1048576,32,0,0.0001,105,7,7.782399654388428e-05,1875,0.1,1.0535714285714286
gpu,DS,1048576,32,0,0.0001,105,7,0.007744863986968994,1875,0.1,1.0535714285714286
gpu,DS,1048576,32,0,0.0001,105,8,0.007679903984069824,1875,0.1,1.0535714285714286
gpu,SS,1048576,32,0,0.0001,105,8,8.524800091981888e-05,1875,0.1,1.0535714285714286
gpu,SS,1048576,32,0,0.0001,105,9,1.5904000028967858e-05,1875,0.1,1.0535714285714286
gpu,DS,1048576,32,0,0.0001,105,9,0.00758784008026123,1875,0.1,1.0535714285714286
gpu,DS,1048576,32,0,0.0001,105,10,0.00841494369506836,1875,0.1,1.0535714285714286
gpu,SS,1048576,32,0,0.0001,105,10,0.0001515199989080429,1875,0.1,1.0535714285714286
gpu,SS,1048576,32,0,0.0001,105,11,8.646400272846222e-05,1875,0.1,1.0535714285714286
gpu,DS,1048576,32,0,0.0001,105,11,0.007670080184936524,1875,0.1,1.0535714285714286
gpu,DS,1048576,32,0,0.0001,105,12,0.009760767936706542,1875,0.1,1.0535714285714286
gpu,SS,1048576,32,0,0.0001,105,12,0.0001701440066099167,1875,0.1,1.0535714285714286
gpu,SS,1048576,32,0,0.0001,105,13,0.00011398400366306306,1875,0.1,1.0535714285714286
gpu,DS,1048576,32,0,0.0001,105,13,0.007776159763336182,1875,0.1,1.0535714285714286
gpu,DS,1048576,32,0,0.0001,105,14,0.007660768032073975,1875,0.1,1.0535714285714286
gpu,SS,1048576,32,0,0.0001,105,14,0.00015535999834537505,1875,0.1,1.0535714285714286
cpu,DS,1048576,32,0,0.0003,315,0,0.04955652699982238,-1,0.1,1.025
cpu,SS,1048576,32,0,0.0003,315,0,0.0011678840000968194,-1,0.1,1.025
cpu,SS,1048576,32,0,0.0003,315,1,0.0004250490001140861,-1,0.1,1.025
cpu,DS,1048576,32,0,0.0003,315,1,0.05001706900020508,-1,0.1,1.025
cpu,DS,1048576,32,0,0.0003,315,2,0.038514527999723214,-1,0.1,1.025
cpu,SS,1048576,32,0,0.0003,315,2,0.0002515769997444295,-1,0.1,1.025
cpu,SS,1048576,32,0,0.0003,315,3,0.0001749339999150834,-1,0.1,1.025
cpu,DS,1048576,32,0,0.0003,315,3,0.0361698870001419,-1,0.1,1.025
cpu,DS,1048576,32,0,0.0003,315,4,0.043233356999735406,-1,0.1,1.025
cpu,SS,1048576,32,0,0.0003,315,4,0.00040203700018537347,-1,0.1,1.025
cpu,SS,1048576,32,0,0.0003,315,5,0.00021686300033252337,-1,0.1,1.025
cpu,DS,1048576,32,0,0.0003,315,5,0.03858093300004839,-1,0.1,1.025
cpu,DS,1048576,32,0,0.0003,315,6,0.03639903700013747,-1,0.1,1.025
cpu,SS,1048576,32,0,0.0003,315,6,0.0002683490001800237,-1,0.1,1.025
cpu,SS,1048576,32,0,0.0003,315,7,0.00021501099990928196,-1,0.1,1.025
cpu,DS,1048576,32,0,0.0003,315,7,0.038266948999989836,-1,0.1,1.025
cpu,DS,1048576,32,0,0.0003,315,8,0.04041442400011874,-1,0.1,1.025
cpu,SS,1048576,32,0,0.0003,315,8,0.00025606300005165394,-1,0.1,1.025
cpu,SS,1048576,32,0,0.0003,315,9,0.00020954999990863143,-1,0.1,1.025
cpu,DS,1048576,32,0,0.0003,315,9,0.03676197000004322,-1,0.1,1.025
cpu,DS,1048576,32,0,0.0003,315,10,0.04036840000026132,-1,0.1,1.025
cpu,SS,1048576,32,0,0.0003,315,10,0.0002760520001174882,-1,0.1,1.025
cpu,SS,1048576,32,0,0.0003,315,11,0.0002554769998823758,-1,0.1,1.025
cpu,DS,1048576,32,0,0.0003,315,11,0.04066970699977901,-1,0.1,1.025
cpu,DS,1048576,32,0,0.0003,315,12,0.03556210300030216,-1,0.1,1.025
cpu,SS,1048576,32,0,0.0003,315,12,0.0005015940000703267,-1,0.1,1.025
cpu,SS,1048576,32,0,0.0003,315,13,0.00022895500023878412,-1,0.1,1.025
cpu,DS,1048576,32,0,0.0003,315,13,0.040309307999905286,-1,0.1,1.025
cpu,DS,1048576,32,0,0.0003,315,14,0.03556132299991077,-1,0.1,1.025
cpu,SS,1048576,32,0,0.0003,315,14,0.0002935069996965467,-1,0.1,1.025
gpu,DS,1048576,32,0,0.0003,315,0,0.007808383941650391,1875,0.1,1.025
gpu,SS,1048576,32,0,0.0003,315,0,0.00012585599720478058,1875,0.1,1.025
gpu,SS,1048576,32,0,0.0003,315,1,0.00016313600540161132,1875,0.1,1.025
gpu,DS,1048576,32,0,0.0003,315,1,0.007792255878448486,1875,0.1,1.025
gpu,DS,1048576,32,0,0.0003,315,2,0.00848265552520752,1875,0.1,1.025
gpu,SS,1048576,32,0,0.0003,315,2,0.0001806720048189163,1875,0.1,1.025
gpu,SS,1048576,32,0,0.0003,315,3,0.00014956800639629364,1875,0.1,1.025
gpu,DS,1048576,32,0,0.0003,315,3,0.0093306884765625,1875,0.1,1.025
gpu,DS,1048576,32,0,0.0003,315,4,0.007769216060638428,1875,0.1,1.025
gpu,SS,1048576,32,0,0.0003,315,4,0.0001884160041809082,1875,0.1,1.025
gpu,SS,1048576,32,0,0.0003,315,5,0.0001181119978427887,1875,0.1,1.025
gpu,DS,1048576,32,0,0.0003,315,5,0.00778985595703125,1875,0.1,1.025
gpu,DS,1048576,32,0,0.0003,315,6,0.008905311584472657,1875,0.1,1.025
gpu,SS,1048576,32,0,0.0003,315,6,0.00011238399893045425,1875,0.1,1.025
gpu,SS,1048576,32,0,0.0003,315,7,0.000159743994474411,1875,0.1,1.025
gpu,DS,1048576,32,0,0.0003,315,7,0.007817503929138183,1875,0.1,1.025
gpu,DS,1048576,32,0,0.0003,315,8,0.008468480110168456,1875,0.1,1.025
gpu,SS,1048576,32,0,0.0003,315,8,0.00024985599517822265,1875,0.1,1.025
gpu,SS,1048576,32,0,0.0003,315,9,0.0001417279988527298,1875,0.1,1.025
gpu,DS,1048576,32,0,0.0003,315,9,0.009299455642700195,1875,0.1,1.025
gpu,DS,1048576,32,0,0.0003,315,10,0.00854860782623291,1875,0.1,1.025
gpu,SS,1048576,32,0,0.0003,315,10,0.00027692800760269166,1875,0.1,1.025
gpu,SS,1048576,32,0,0.0003,315,11,0.00013312000036239623,1875,0.1,1.025
gpu,DS,1048576,32,0,0.0003,315,11,0.007747583866119385,1875,0.1,1.025
gpu,DS,1048576,32,0,0.0003,315,12,0.009543871879577637,1875,0.1,1.025
gpu,SS,1048576,32,0,0.0003,315,12,0.0004271999895572662,1875,0.1,1.025
gpu,SS,1048576,32,0,0.0003,315,13,0.00020479999482631684,1875,0.1,1.025
gpu,DS,1048576,32,0,0.0003,315,13,0.008475935935974122,1875,0.1,1.025
gpu,DS,1048576,32,0,0.0003,315,14,0.007903168201446533,1875,0.1,1.025
gpu,SS,1048576,32,0,0.0003,315,14,0.00019862399995326997,1875,0.1,1.025
cpu,DS,1048576,32,0,0.001,1049,0,0.03998996099971919,-1,0.1,1.0154313632030505
cpu,SS,1048576,32,0,0.001,1049,0,0.0009235229999831063,-1,0.1,1.0154313632030505
cpu,SS,1048576,32,0,0.001,1049,1,0.0005214860002524802,-1,0.1,1.0154313632030505
cpu,DS,1048576,32,0,0.001,1049,1,0.04088812999998481,-1,0.1,1.0154313632030505
cpu,DS,1048576,32,0,0.001,1049,2,0.03839156699996238,-1,0.1,1.0154313632030505
cpu,SS,1048576,32,0,0.001,1049,2,0.0006035900000824768,-1,0.1,1.0154313632030505
cpu,SS,1048576,32,0,0.001,1049,3,0.0005120279997754551,-1,0.1,1.0154313632030505
cpu,DS,1048576,32,0,0.001,1049,3,0.04185865299996294,-1,0.1,1.0154313632030505
cpu,DS,1048576,32,0,0.001,1049,4,0.03850916600003984,-1,0.1,1.0154313632030505
cpu,SS,1048576,32,0,0.001,1049,4,0.0007364970001617621,-1,0.1,1.0154313632030505
cpu,SS,1048576,32,0,0.001,1049,5,0.0008224040002460242,-1,0.1,1.0154313632030505
cpu,DS,1048576,32,0,0.001,1049,5,0.04005334200019206,-1,0.1,1.0154313632030505
cpu,DS,1048576,32,0,0.001,1049,6,0.04225737300021137,-1,0.1,1.0154313632030505
cpu,SS,1048576,32,0,0.001,1049,6,0.0006050529996173282,-1,0.1,1.0154313632030505
cpu,SS,1048576,32,0,0.001,1049,7,0.0006420089998755429,-1,0.1,1.0154313632030505
cpu,DS,1048576,32,0,0.001,1049,7,0.03559281900015776,-1,0.1,1.0154313632030505
cpu,DS,1048576,32,0,0.001,1049,8,0.03409769000018059,-1,0.1,1.0154313632030505
cpu,SS,1048576,32,0,0.001,1049,8,0.0006345980000332929,-1,0.1,1.0154313632030505
cpu,SS,1048576,32,0,0.001,1049,9,0.0004883329997937835,-1,0.1,1.0154313632030505
cpu,DS,1048576,32,0,0.001,1049,9,0.042436499999894295,-1,0.1,1.0154313632030505
cpu,DS,1048576,32,0,0.001,1049,10,0.056493135999971855,-1,0.1,1.0154313632030505
cpu,SS,1048576,32,0,0.001,1049,10,0.001588934000210429,-1,0.1,1.0154313632030505
cpu,SS,1048576,32,0,0.001,1049,11,0.0012195640001664287,-1,0.1,1.0154313632030505
cpu,DS,1048576,32,0,0.001,1049,11,0.06409457300014765,-1,0.1,1.0154313632030505
cpu,DS,1048576,32,0,0.001,1049,12,0.04933293499971114,-1,0.1,1.0154313632030505
cpu,SS,1048576,32,0,0.001,1049,12,0.0008072900000115624,-1,0.1,1.0154313632030505
cpu,SS,1048576,32,0,0.001,1049,13,0.0008801300000413903,-1,0.1,1.0154313632030505
cpu,DS,1048576,32,0,0.001,1049,13,0.05846050900026967,-1,0.1,1.0154313632030505
cpu,DS,1048576,32,0,0.001,1049,14,0.049287691000245104,-1,0.1,1.0154313632030505
cpu,SS,1048576,32,0,0.001,1049,14,0.0007290859998647647,-1,0.1,1.0154313632030505
gpu,DS,1048576,32,0,0.001,1049,0,0.009581727981567383,1875,0.1,1.0154313632030505
gpu,SS,1048576,32,0,0.001,1049,0,0.00022947199642658233,1875,0.1,1.0154313632030505
gpu,SS,1048576,32,0,0.001,1049,1,0.0001959040015935898,1875,0.1,1.0154313632030505
gpu,DS,1048576,32,0,0.001,1049,1,0.007869760036468505,1875,0.1,1.0154313632030505
gpu,DS,1048576,32,0,0.001,1049,2,0.007939136028289795,1875,0.1,1.0154313632030505
gpu,SS,1048576,32,0,0.001,1049,2,0.000272383987903595,1875,0.1,1.0154313632030505
gpu,SS,1048576,32,0,0.001,1049,3,0.0002842240035533905,1875,0.1,1.0154313632030505
gpu,DS,1048576,32,0,0.001,1049,3,0.00901625633239746,1875,0.1,1.0154313632030505
gpu,DS,1048576,32,0,0.001,1049,4,0.008542207717895508,1875,0.1,1.0154313632030505
gpu,SS,1048576,32,0,0.001,1049,4,0.00021958400309085845,1875,0.1,1.0154313632030505
gpu,SS,1048576,32,0,0.001,1049,5,0.0001966080069541931,1875,0.1,1.0154313632030505
gpu,DS,1048576,32,0,0.001,1049,5,0.0077569599151611325,1875,0.1,1.0154313632030505
gpu,DS,1048576,32,0,0.001,1049,6,0.007884704113006591,1875,0.1,1.0154313632030505
gpu,SS,1048576,32,0,0.001,1049,6,0.00043075200915336607,1875,0.1,1.0154313632030505
gpu,SS,1048576,32,0,0.001,1049,7,0.000296640008687973,1875,0.1,1.0154313632030505
gpu,DS,1048576,32,0,0.001,1049,7,0.007837823867797852,1875,0.1,1.0154313632030505
gpu,DS,1048576,32,0,0.001,1049,8,0.007692287921905518,1875,0.1,1.0154313632030505
gpu,SS,1048576,32,0,0.001,1049,8,0.00022064000368118286,1875,0.1,1.0154313632030505
gpu,SS,1048576,32,0,0.001,1049,9,0.00026233598589897155,1875,0.1,1.0154313632030505
gpu,DS,1048576,32,0,0.001,1049,9,0.007766143798828125,1875,0.1,1.0154313632030505
gpu,DS,1048576,32,0,0.001,1049,10,0.008484607696533203,1875,0.1,1.0154313632030505
gpu,SS,1048576,32,0,0.001,1049,10,0.0005469759702682495,1875,0.1,1.0154313632030505
gpu,SS,1048576,32,0,0.001,1049,11,0.00022329600155353546,1875,0.1,1.0154313632030505
gpu,DS,1048576,32,0,0.001,1049,11,0.009342975616455078,1875,0.1,1.0154313632030505
gpu,DS,1048576,32,0,0.001,1049,12,0.008224575996398927,1875,0.1,1.0154313632030505
gpu,SS,1048576,32,0,0.001,1049,12,0.00023158399760723114,1875,0.1,1.0154313632030505
gpu,SS,1048576,32,0,0.001,1049,13,0.00020844799280166627,1875,0.1,1.0154313632030505
gpu,DS,1048576,32,0,0.001,1049,13,0.0077983360290527345,1875,0.1,1.0154313632030505
gpu,DS,1048576,32,0,0.001,1049,14,0.00936467170715332,1875,0.1,1.0154313632030505
gpu,SS,1048576,32,0,0.001,1049,14,0.00027315199375152585,1875,0.1,1.0154313632030505
cpu,DS,1048576,32,0,0.003,3146,0,0.0477358639996055,-1,0.1,1.0046686268277176
cpu,SS,1048576,32,0,0.003,3146,0,0.0017772279998098384,-1,0.1,1.0046686268277176
cpu,SS,1048576,32,0,0.003,3146,1,0.001860786999714037,-1,0.1,1.0046686268277176
cpu,DS,1048576,32,0,0.003,3146,1,0.04827608899995539,-1,0.1,1.0046686268277176
cpu,DS,1048576,32,0,0.003,3146,2,0.04790372099978413,-1,0.1,1.0046686268277176
cpu,SS,1048576,32,0,0.003,3146,2,0.001666416000261961,-1,0.1,1.0046686268277176
cpu,SS,1048576,32,0,0.003,3146,3,0.0014932779999980994,-1,0.1,1.0046686268277176
cpu,DS,1048576,32,0,0.003,3146,3,0.04341237399967213,-1,0.1,1.0046686268277176
cpu,DS,1048576,32,0,0.003,3146,4,0.04733116999977938,-1,0.1,1.0046686268277176
cpu,SS,1048576,32,0,0.003,3146,4,0.0015380670001832186,-1,0.1,1.0046686268277176
cpu,SS,1048576,32,0,0.003,3146,5,0.001347076999991259,-1,0.1,1.0046686268277176
cpu,DS,1048576,32,0,0.003,3146,5,0.03934050899988506,-1,0.1,1.0046686268277176
cpu,DS,1048576,32,0,0.003,3146,6,0.04362016000004587,-1,0.1,1.0046686268277176
cpu,SS,1048576,32,0,0.003,3146,6,0.002026529999966442,-1,0.1,1.0046686268277176
cpu,SS,1048576,32,0,0.003,3146,7,0.0018332159997953568,-1,0.1,1.0046686268277176
cpu,DS,1048576,32,0,0.003,3146,7,0.04561975399974472,-1,0.1,1.0046686268277176
cpu,DS,1048576,32,0,0.003,3146,8,0.043529101999865816,-1,0.1,1.0046686268277176
cpu,SS,1048576,32,0,0.003,3146,8,0.001728002000163542,-1,0.1,1.0046686268277176
cpu,SS,1048576,32,0,0.003,3146,9,0.0015980690000105824,-1,0.1,1.0046686268277176
cpu,DS,1048576,32,0,0.003,3146,9,0.04977348600004916,-1,0.1,1.0046686268277176
cpu,DS,1048576,32,0,0.003,3146,10,0.04585310400034359,-1,0.1,1.0046686268277176
cpu,SS,1048576,32,0,0.003,3146,10,0.0021151600003577187,-1,0.1,1.0046686268277176
cpu,SS,1048576,32,0,0.003,3146,11,0.0016596549999121635,-1,0.1,1.0046686268277176
cpu,DS,1048576,32,0,0.003,3146,11,0.04249893399992288,-1,0.1,1.0046686268277176
cpu,DS,1048576,32,0,0.003,3146,12,0.048182812000050035,-1,0.1,1.0046686268277176
cpu,SS,1048576,32,0,0.003,3146,12,0.0017826150001383212,-1,0.1,1.0046686268277176
cpu,SS,1048576,32,0,0.003,3146,13,0.0016627179998067732,-1,0.1,1.0046686268277176
cpu,DS,1048576,32,0,0.003,3146,13,0.04396643700010827,-1,0.1,1.0046686268277176
cpu,DS,1048576,32,0,0.003,3146,14,0.04211917099974016,-1,0.1,1.0046686268277176
cpu,SS,1048576,32,0,0.003,3146,14,0.0016109560001495993,-1,0.1,1.0046686268277176
gpu,DS,1048576,32,0,0.003,3146,0,0.008467455863952637,1875,0.1,1.0046686268277176
gpu,SS,1048576,32,0,0.003,3146,0,0.0005033280253410339,1875,0.1,1.0046686268277176
gpu,SS,1048576,32,0,0.003,3146,1,0.0005097280144691467,1875,0.1,1.0046686268277176
gpu,DS,1048576,32,0,0.003,3146,1,0.009613311767578125,1875,0.1,1.0046686268277176
gpu,DS,1048576,32,0,0.003,3146,2,0.007852128028869629,1875,0.1,1.0046686268277176
gpu,SS,1048576,32,0,0.003,3146,2,0.0006676480174064636,1875,0.1,1.0046686268277176
gpu,SS,1048576,32,0,0.003,3146,3,0.0004516479969024658,1875,0.1,1.0046686268277176
gpu,DS,1048576,32,0,0.003,3146,3,0.007777632236480713,1875,0.1,1.0046686268277176
gpu,DS,1048576,32,0,0.003,3146,4,0.009423968315124511,1875,0.1,1.0046686268277176
gpu,SS,1048576,32,0,0.003,3146,4,0.0004902079999446869,1875,0.1,1.0046686268277176
gpu,SS,1048576,32,0,0.003,3146,5,0.0004417920112609863,1875,0.1,1.0046686268277176
gpu,DS,1048576,32,0,0.003,3146,5,0.007932320117950439,1875,0.1,1.0046686268277176
gpu,DS,1048576,32,0,0.003,3146,6,0.007867968082427979,1875,0.1,1.0046686268277176
gpu,SS,1048576,32,0,0.003,3146,6,0.0010441919565200805,1875,0.1,1.0046686268277176
gpu,SS,1048576,32,0,0.003,3146,7,0.0006127039790153504,1875,0.1,1.0046686268277176
gpu,DS,1048576,32,0,0.003,3146,7,0.00939417552947998,1875,0.1,1.0046686268277176
gpu,DS,1048576,32,0,0.003,3146,8,0.007989376068115235,1875,0.1,1.0046686268277176
gpu,SS,1048576,32,0,0.003,3146,8,0.0004609600007534027,1875,0.1,1.0046686268277176
gpu,SS,1048576,32,0,0.003,3146,9,0.0004627839922904968,1875,0.1,1.0046686268277176
gpu,DS,1048576,32,0,0.003,3146,9,0.009420127868652343,1875,0.1,1.0046686268277176
gpu,DS,1048576,32,0,0.003,3146,10,0.007872288227081298,1875,0.1,1.0046686268277176
gpu,SS,1048576,32,0,0.003,3146,10,0.0004833280146121979,1875,0.1,1.0046686268277176
gpu,SS,1048576,32,0,0.003,3146,11,0.0004488640129566193,1875,0.1,1.0046686268277176
gpu,DS,1048576,32,0,0.003,3146,11,0.007886367797851563,1875,0.1,1.0046686268277176
gpu,DS,1048576,32,0,0.003,3146,12,0.00952467155456543,1875,0.1,1.0046686268277176
gpu,SS,1048576,32,0,0.003,3146,12,0.0006682559847831726,1875,0.1,1.0046686268277176
gpu,SS,1048576,32,0,0.003,3146,13,0.0004792320132255554,1875,0.1,1.0046686268277176
gpu,DS,1048576,32,0,0.003,3146,13,0.008478976249694825,1875,0.1,1.0046686268277176
gpu,DS,1048576,32,0,0.003,3146,14,0.007870687961578368,1875,0.1,1.0046686268277176
gpu,SS,1048576,32,0,0.003,3146,14,0.0003816640079021454,1875,0.1,1.0046686268277176
cpu,DS,1048576,32,0,0.01,10486,0,0.04657977800025037,-1,0.1,1.0053762159069235
cpu,SS,1048576,32,0,0.01,10486,0,0.0050365370002509735,-1,0.1,1.0053762159069235
cpu,SS,1048576,32,0,0.01,10486,1,0.004776565000156552,-1,0.1,1.0053762159069235
cpu,DS,1048576,32,0,0.01,10486,1,0.040553005000219855,-1,0.1,1.0053762159069235
cpu,DS,1048576,32,0,0.01,10486,2,0.03665871499970308,-1,0.1,1.0053762159069235
cpu,SS,1048576,32,0,0.01,10486,2,0.00428451000016139,-1,0.1,1.0053762159069235
cpu,SS,1048576,32,0,0.01,10486,3,0.006428614000014932,-1,0.1,1.0053762159069235
cpu,DS,1048576,32,0,0.01,10486,3,0.035337626000000455,-1,0.1,1.0053762159069235
cpu,DS,1048576,32,0,0.01,10486,4,0.038948491999690305,-1,0.1,1.0053762159069235
cpu,SS,1048576,32,0,0.01,10486,4,0.00430912400042871,-1,0.1,1.0053762159069235
cpu,SS,1048576,32,0,0.01,10486,5,0.004043553999963478,-1,0.1,1.0053762159069235
cpu,DS,1048576,32,0,0.01,10486,5,0.04889976699996623,-1,0.1,1.0053762159069235
cpu,DS,1048576,32,0,0.01,10486,6,0.04265527600000496,-1,0.1,1.0053762159069235
cpu,SS,1048576,32,0,0.01,10486,6,0.0042872569997598475,-1,0.1,1.0053762159069235
cpu,SS,1048576,32,0,0.01,10486,7,0.004329090000283031,-1,0.1,1.0053762159069235
cpu,DS,1048576,32,0,0.01,10486,7,0.03933215300003212,-1,0.1,1.0053762159069235
cpu,DS,1048576,32,0,0.01,10486,8,0.03893390500024907,-1,0.1,1.0053762159069235
cpu,SS,1048576,32,0,0.01,10486,8,0.003929186999812373,-1,0.1,1.0053762159069235
cpu,SS,1048576,32,0,0.01,10486,9,0.005846047999966686,-1,0.1,1.0053762159069235
cpu,DS,1048576,32,0,0.01,10486,9,0.03840442199998506,-1,0.1,1.0053762159069235
cpu,DS,1048576,32,0,0.01,10486,10,0.030715035000412172,-1,0.1,1.0053762159069235
cpu,SS,1048576,32,0,0.01,10486,10,0.00419851100014057,-1,0.1,1.0053762159069235
cpu,SS,1048576,32,0,0.01,10486,11,0.004240831000061007,-1,0.1,1.0053762159069235
cpu,DS,1048576,32,0,0.01,10486,11,0.03753726199965968,-1,0.1,1.0053762159069235
cpu,DS,1048576,32,0,0.01,10486,12,0.03873966399987694,-1,0.1,1.0053762159069235
cpu,SS,1048576,32,0,0.01,10486,12,0.004411668999637186,-1,0.1,1.0053762159069235
cpu,SS,1048576,32,0,0.01,10486,13,0.0037213919999885547,-1,0.1,1.0053762159069235
cpu,DS,1048576,32,0,0.01,10486,13,0.03331222799988609,-1,0.1,1.0053762159069235
cpu,DS,1048576,32,0,0.01,10486,14,0.03431834200000594,-1,0.1,1.0053762159069235
cpu,SS,1048576,32,0,0.01,10486,14,0.0040639460003149,-1,0.1,1.0053762159069235
gpu,DS,1048576,32,0,0.01,10486,0,0.00951318359375,1875,0.1,1.0053762159069235
gpu,SS,1048576,32,0,0.01,10486,0,0.0013004800081253052,1875,0.1,1.0053762159069235
gpu,SS,1048576,32,0,0.01,10486,1,0.0012743040323257447,1875,0.1,1.0053762159069235
gpu,DS,1048576,32,0,0.01,10486,1,0.008359935760498047,1875,0.1,1.0053762159069235
gpu,DS,1048576,32,0,0.01,10486,2,0.007718912124633789,1875,0.1,1.0053762159069235
gpu,SS,1048576,32,0,0.01,10486,2,0.0012970559597015382,1875,0.1,1.0053762159069235
gpu,SS,1048576,32,0,0.01,10486,3,0.001419935941696167,1875,0.1,1.0053762159069235
gpu,DS,1048576,32,0,0.01,10486,3,0.007720448017120361,1875,0.1,1.0053762159069235
gpu,DS,1048576,32,0,0.01,10486,4,0.007825664043426514,1875,0.1,1.0053762159069235
gpu,SS,1048576,32,0,0.01,10486,4,0.0012801599502563477,1875,0.1,1.0053762159069235
gpu,SS,1048576,32,0,0.01,10486,5,0.0012688640356063844,1875,0.1,1.0053762159069235
gpu,DS,1048576,32,0,0.01,10486,5,0.0077387518882751465,1875,0.1,1.0053762159069235
gpu,DS,1048576,32,0,0.01,10486,6,0.0076126718521118165,1875,0.1,1.0053762159069235
gpu,SS,1048576,32,0,0.01,10486,6,0.0012649600505828858,1875,0.1,1.0053762159069235
gpu,SS,1048576,32,0,0.01,10486,7,0.0013709440231323242,1875,0.1,1.0053762159069235
gpu,DS,1048576,32,0,0.01,10486,7,0.0077272639274597165,1875,0.1,1.0053762159069235
gpu,DS,1048576,32,0,0.01,10486,8,0.009221440315246581,1875,0.1,1.0053762159069235
gpu,SS,1048576,32,0,0.01,10486,8,0.0012838399410247802,1875,0.1,1.0053762159069235
gpu,SS,1048576,32,0,0.01,10486,9,0.0012766079902648926,1875,0.1,1.0053762159069235
gpu,DS,1048576,32,0,0.01,10486,9,0.007786816120147705,1875,0.1,1.0053762159069235
gpu,DS,1048576,32,0,0.01,10486,10,0.007827072143554688,1875,0.1,1.0053762159069235
gpu,SS,1048576,32,0,0.01,10486,10,0.0012743040323257447,1875,0.1,1.0053762159069235
gpu,SS,1048576,32,0,0.01,10486,11,0.0012637439966201782,1875,0.1,1.0053762159069235
gpu,DS,1048576,32,0,0.01,10486,11,0.008931327819824218,1875,0.1,1.0053762159069235
gpu,DS,1048576,32,0,0.01,10486,12,0.008448384284973144,1875,0.1,1.0053762159069235
gpu,SS,1048576,32,0,0.01,10486,12,0.0015421439409255982,1875,0.1,1.0053762159069235
gpu,SS,1048576,32,0,0.01,10486,13,0.0012921279668807984,1875,0.1,1.0053762159069235
gpu,DS,1048576,32,0,0.01,10486,13,0.008430975914001465,1875,0.1,1.0053762159069235
gpu,DS,1048576,32,0,0.01,10486,14,0.007715839862823487,1875,0.1,1.0053762159069235
gpu,SS,1048576,32,0,0.01,10486,14,0.0013257919549942018,1875,0.1,1.0053762159069235
cpu,DS,1048576,32,0,0.03,31457,0,0.03805104499997469,-1,0.1,1.0056704390119846
cpu,SS,1048576,32,0,0.03,31457,0,0.01005762600016169,-1,0.1,1.0056704390119846
cpu,SS,1048576,32,0,0.03,31457,1,0.010556586999882711,-1,0.1,1.0056704390119846
cpu,DS,1048576,32,0,0.03,31457,1,0.03423594600008073,-1,0.1,1.0056704390119846
cpu,DS,1048576,32,0,0.03,31457,2,0.03820325900005628,-1,0.1,1.0056704390119846
cpu,SS,1048576,32,0,0.03,31457,2,0.0101434349999181,-1,0.1,1.0056704390119846
cpu,SS,1048576,32,0,0.03,31457,3,0.01016205899986744,-1,0.1,1.0056704390119846
cpu,DS,1048576,32,0,0.03,31457,3,0.03450302600003852,-1,0.1,1.0056704390119846
cpu,DS,1048576,32,0,0.03,31457,4,0.0439742240000669,-1,0.1,1.0056704390119846
cpu,SS,1048576,32,0,0.03,31457,4,0.009653933000208781,-1,0.1,1.0056704390119846
cpu,SS,1048576,32,0,0.03,31457,5,0.010246991000258276,-1,0.1,1.0056704390119846
cpu,DS,1048576,32,0,0.03,31457,5,0.038739664000331686,-1,0.1,1.0056704390119846
cpu,DS,1048576,32,0,0.03,31457,6,0.03763389499999903,-1,0.1,1.0056704390119846
cpu,SS,1048576,32,0,0.03,31457,6,0.009761680999872624,-1,0.1,1.0056704390119846
cpu,SS,1048576,32,0,0.03,31457,7,0.009960211999896273,-1,0.1,1.0056704390119846
cpu,DS,1048576,32,0,0.03,31457,7,0.03949576100012564,-1,0.1,1.0056704390119846
cpu,DS,1048576,32,0,0.03,31457,8,0.03348209100022359,-1,0.1,1.0056704390119846
cpu,SS,1048576,32,0,0.03,31457,8,0.01010872200004087,-1,0.1,1.0056704390119846
cpu,SS,1048576,32,0,0.03,31457,9,0.010197358999903372,-1,0.1,1.0056704390119846
cpu,DS,1048576,32,0,0.03,31457,9,0.04338262700002815,-1,0.1,1.0056704390119846
cpu,DS,1048576,32,0,0.03,31457,10,0.036888231999910204,-1,0.1,1.0056704390119846
cpu,SS,1048576,32,0,0.03,31457,10,0.010075470000174391,-1,0.1,1.0056704390119846
cpu,SS,1048576,32,0,0.03,31457,11,0.010204378999787878,-1,0.1,1.0056704390119846
cpu,DS,1048576,32,0,0.03,31457,11,0.04147220200002266,-1,0.1,1.0056704390119846
cpu,DS,1048576,32,0,0.03,31457,12,0.03308922199994413,-1,0.1,1.0056704390119846
cpu,SS,1048576,32,0,0.03,31457,12,0.010951406999993196,-1,0.1,1.0056704390119846
cpu,SS,1048576,32,0,0.03,31457,13,0.010889682999732031,-1,0.1,1.0056704390119846
cpu,DS,1048576,32,0,0.03,31457,13,0.040695433000109915,-1,0.1,1.0056704390119846
cpu,DS,1048576,32,0,0.03,31457,14,0.03655026000024009,-1,0.1,1.0056704390119846
cpu,SS,1048576,32,0,0.03,31457,14,0.010294869000063045,-1,0.1,1.0056704390119846
gpu,DS,1048576,32,0,0.03,31457,0,0.007759552001953125,1875,0.1,1.0056704390119846
gpu,SS,1048576,32,0,0.03,31457,0,0.004083839893341065,1875,0.1,1.0056704390119846
gpu,SS,1048576,32,0,0.03,31457,1,0.003422624111175537,1875,0.1,1.0056704390119846
gpu,DS,1048576,32,0,0.03,31457,1,0.007782400131225586,1875,0.1,1.0056704390119846
gpu,DS,1048576,32,0,0.03,31457,2,0.007704415798187256,1875,0.1,1.0056704390119846
gpu,SS,1048576,32,0,0.03,31457,2,0.003391455888748169,1875,0.1,1.0056704390119846
gpu,SS,1048576,32,0,0.03,31457,3,0.003943039894104004,1875,0.1,1.0056704390119846
gpu,DS,1048576,32,0,0.03,31457,3,0.007728896141052246,1875,0.1,1.0056704390119846
gpu,DS,1048576,32,0,0.03,31457,4,0.009481696128845215,1875,0.1,1.0056704390119846
gpu,SS,1048576,32,0,0.03,31457,4,0.0034099199771881103,1875,0.1,1.0056704390119846
gpu,SS,1048576,32,0,0.03,31457,5,0.0035624320507049562,1875,0.1,1.0056704390119846
gpu,DS,1048576,32,0,0.03,31457,5,0.007698048114776612,1875,0.1,1.0056704390119846
gpu,DS,1048576,32,0,0.03,31457,6,0.009212512016296387,1875,0.1,1.0056704390119846
gpu,SS,1048576,32,0,0.03,31457,6,0.0034142398834228517,1875,0.1,1.0056704390119846
gpu,SS,1048576,32,0,0.03,31457,7,0.0034131200313568116,1875,0.1,1.0056704390119846
gpu,DS,1048576,32,0,0.03,31457,7,0.008358943939208984,1875,0.1,1.0056704390119846
gpu,DS,1048576,32,0,0.03,31457,8,0.009527551651000976,1875,0.1,1.0056704390119846
gpu,SS,1048576,32,0,0.03,31457,8,0.0034222400188446047,1875,0.1,1.0056704390119846
gpu,SS,1048576,32,0,0.03,31457,9,0.003417504072189331,1875,0.1,1.0056704390119846
gpu,DS,1048576,32,0,0.03,31457,9,0.007817279815673829,1875,0.1,1.0056704390119846
gpu,DS,1048576,32,0,0.03,31457,10,0.007684031963348389,1875,0.1,1.0056704390119846
gpu,SS,1048576,32,0,0.03,31457,10,0.004785888195037842,1875,0.1,1.0056704390119846
gpu,SS,1048576,32,0,0.03,31457,11,0.0034374399185180663,1875,0.1,1.0056704390119846
gpu,DS,1048576,32,0,0.03,31457,11,0.007815616130828857,1875,0.1,1.0056704390119846
gpu,DS,1048576,32,0,0.03,31457,12,0.007675327777862549,1875,0.1,1.0056704390119846
gpu,SS,1048576,32,0,0.03,31457,12,0.003422208070755005,1875,0.1,1.0056704390119846
gpu,SS,1048576,32,0,0.03,31457,13,0.0048558077812194825,1875,0.1,1.0056704390119846
gpu,DS,1048576,32,0,0.03,31457,13,0.007825407981872558,1875,0.1,1.0056704390119846
gpu,DS,1048576,32,0,0.03,31457,14,0.008244928359985351,1875,0.1,1.0056704390119846
gpu,SS,1048576,32,0,0.03,31457,14,0.0034208641052246094,1875,0.1,1.0056704390119846
cpu,DS,1048576,32,0,0.1,104858,0,0.03697248099979333,-1,0.1,1.0014454071220127
cpu,SS,1048576,32,0,0.1,104858,0,0.026810421999925893,-1,0.1,1.0014454071220127
cpu,SS,1048576,32,0,0.1,104858,1,0.026848061000237067,-1,0.1,1.0014454071220127
cpu,DS,1048576,32,0,0.1,104858,1,0.03959522199966159,-1,0.1,1.0014454071220127
cpu,DS,1048576,32,0,0.1,104858,2,0.038126908000322146,-1,0.1,1.0014454071220127
cpu,SS,1048576,32,0,0.1,104858,2,0.02728754100007791,-1,0.1,1.0014454071220127
cpu,SS,1048576,32,0,0.1,104858,3,0.026768296999762242,-1,0.1,1.0014454071220127
cpu,DS,1048576,32,0,0.1,104858,3,0.03209500399998433,-1,0.1,1.0014454071220127
cpu,DS,1048576,32,0,0.1,104858,4,0.03424686700009261,-1,0.1,1.0014454071220127
cpu,SS,1048576,32,0,0.1,104858,4,0.024811357999624306,-1,0.1,1.0014454071220127
cpu,SS,1048576,32,0,0.1,104858,5,0.027189835000172025,-1,0.1,1.0014454071220127
cpu,DS,1048576,32,0,0.1,104858,5,0.03646337800000765,-1,0.1,1.0014454071220127
cpu,DS,1048576,32,0,0.1,104858,6,0.04279327399990507,-1,0.1,1.0014454071220127
cpu,SS,1048576,32,0,0.1,104858,6,0.029782737999994424,-1,0.1,1.0014454071220127
cpu,SS,1048576,32,0,0.1,104858,7,0.02811686799987001,-1,0.1,1.0014454071220127
cpu,DS,1048576,32,0,0.1,104858,7,0.0349507949999861,-1,0.1,1.0014454071220127
cpu,DS,1048576,32,0,0.1,104858,8,0.04055287299979682,-1,0.1,1.0014454071220127
cpu,SS,1048576,32,0,0.1,104858,8,0.027585143000123935,-1,0.1,1.0014454071220127
cpu,SS,1048576,32,0,0.1,104858,9,0.029696343000068737,-1,0.1,1.0014454071220127
cpu,DS,1048576,32,0,0.1,104858,9,0.03317610399972182,-1,0.1,1.0014454071220127
cpu,DS,1048576,32,0,0.1,104858,10,0.04404911199981143,-1,0.1,1.0014454071220127
cpu,SS,1048576,32,0,0.1,104858,10,0.028731475999848044,-1,0.1,1.0014454071220127
cpu,SS,1048576,32,0,0.1,104858,11,0.028130909000083193,-1,0.1,1.0014454071220127
cpu,DS,1048576,32,0,0.1,104858,11,0.04001636899965888,-1,0.1,1.0014454071220127
cpu,DS,1048576,32,0,0.1,104858,12,0.0368361610003376,-1,0.1,1.0014454071220127
cpu,SS,1048576,32,0,0.1,104858,12,0.030020076999790035,-1,0.1,1.0014454071220127
cpu,SS,1048576,32,0,0.1,104858,13,0.029190848000325786,-1,0.1,1.0014454071220127
cpu,DS,1048576,32,0,0.1,104858,13,0.04305323700009467,-1,0.1,1.0014454071220127
cpu,DS,1048576,32,0,0.1,104858,14,0.03936655899997277,-1,0.1,1.0014454071220127
cpu,SS,1048576,32,0,0.1,104858,14,0.028392822000114393,-1,0.1,1.0014454071220127
gpu,DS,1048576,32,0,0.1,104858,0,0.007997024059295654,1125,0.1,1.0014454071220127
gpu,SS,1048576,32,0,0.1,104858,0,0.012462016105651855,1125,0.1,1.0014454071220127
gpu,SS,1048576,32,0,0.1,104858,1,0.01025379180908203,1860,0.1,1.0014454071220127
gpu,DS,1048576,32,0,0.1,104858,1,0.007776288032531739,1860,0.1,1.0014454071220127
gpu,DS,1048576,32,0,0.1,104858,2,0.0081975679397583,1860,0.1,1.0014454071220127
gpu,SS,1048576,32,0,0.1,104858,2,0.010571776390075683,1860,0.1,1.0014454071220127
gpu,SS,1048576,32,0,0.1,104858,3,0.011356863975524902,1860,0.1,1.0014454071220127
gpu,DS,1048576,32,0,0.1,104858,3,0.007716832160949707,1860,0.1,1.0014454071220127
gpu,DS,1048576,32,0,0.1,104858,4,0.007829216003417969,1875,0.1,1.0014454071220127
gpu,SS,1048576,32,0,0.1,104858,4,0.011202560424804688,1875,0.1,1.0014454071220127
gpu,SS,1048576,32,0,0.1,104858,5,0.009887711524963379,1875,0.1,1.0014454071220127
gpu,DS,1048576,32,0,0.1,104858,5,0.008488287925720215,1875,0.1,1.0014454071220127
gpu,DS,1048576,32,0,0.1,104858,6,0.009604831695556641,1875,0.1,1.0014454071220127
gpu,SS,1048576,32,0,0.1,104858,6,0.009875455856323241,1875,0.1,1.0014454071220127
gpu,SS,1048576,32,0,0.1,104858,7,0.00998095989227295,1875,0.1,1.0014454071220127
gpu,DS,1048576,32,0,0.1,104858,7,0.009379936218261718,1875,0.1,1.0014454071220127
gpu,DS,1048576,32,0,0.1,104858,8,0.007870463848114014,1875,0.1,1.0014454071220127
gpu,SS,1048576,32,0,0.1,104858,8,0.010632927894592286,1875,0.1,1.0014454071220127
gpu,SS,1048576,32,0,0.1,104858,9,0.01153542423248291,1875,0.1,1.0014454071220127
gpu,DS,1048576,32,0,0.1,104858,9,0.009418368339538574,1875,0.1,1.0014454071220127
gpu,DS,1048576,32,0,0.1,104858,10,0.00837497615814209,1875,0.1,1.0014454071220127
gpu,SS,1048576,32,0,0.1,104858,10,0.010567584037780763,1875,0.1,1.0014454071220127
gpu,SS,1048576,32,0,0.1,104858,11,0.010127615928649903,1875,0.1,1.0014454071220127
gpu,DS,1048576,32,0,0.1,104858,11,0.008482815742492676,1875,0.1,1.0014454071220127
gpu,DS,1048576,32,0,0.1,104858,12,0.007718912124633789,1875,0.1,1.0014454071220127
gpu,SS,1048576,32,0,0.1,104858,12,0.010124768257141113,1875,0.1,1.0014454071220127
gpu,SS,1048576,32,0,0.1,104858,13,0.010060256004333495,1875,0.1,1.0014454071220127
gpu,DS,1048576,32,0,0.1,104858,13,0.007788447856903076,1875,0.1,1.0014454071220127
gpu,DS,1048576,32,0,0.1,104858,14,0.009587552070617676,1875,0.1,1.0014454071220127
gpu,SS,1048576,32,0,0.1,104858,14,0.010503071784973145,1875,0.1,1.0014454071220127
cpu,DS,1048576,32,0,0.2,209715,0,0.03955146499993134,-1,0.1,1.001021028538731
cpu,SS,1048576,32,0,0.2,209715,0,0.05307885199999873,-1,0.1,1.001021028538731
cpu,SS,1048576,32,0,0.2,209715,1,0.052696342000217555,-1,0.1,1.001021028538731
cpu,DS,1048576,32,0,0.2,209715,1,0.03953636000005645,-1,0.1,1.001021028538731
cpu,DS,1048576,32,0,0.2,209715,2,0.03827252400014913,-1,0.1,1.001021028538731
cpu,SS,1048576,32,0,0.2,209715,2,0.0513085949996821,-1,0.1,1.001021028538731
cpu,SS,1048576,32,0,0.2,209715,3,0.05551197700015109,-1,0.1,1.001021028538731
cpu,DS,1048576,32,0,0.2,209715,3,0.04346297299980506,-1,0.1,1.001021028538731
cpu,DS,1048576,32,0,0.2,209715,4,0.03752884300001824,-1,0.1,1.001021028538731
cpu,SS,1048576,32,0,0.2,209715,4,0.05294501000025775,-1,0.1,1.001021028538731
cpu,SS,1048576,32,0,0.2,209715,5,0.055318662999980006,-1,0.1,1.001021028538731
cpu,DS,1048576,32,0,0.2,209715,5,0.04084297700001116,-1,0.1,1.001021028538731
cpu,DS,1048576,32,0,0.2,209715,6,0.03413305300000502,-1,0.1,1.001021028538731
cpu,SS,1048576,32,0,0.2,209715,6,0.051636386000154744,-1,0.1,1.001021028538731
cpu,SS,1048576,32,0,0.2,209715,7,0.05376886900012323,-1,0.1,1.001021028538731
cpu,DS,1048576,32,0,0.2,209715,7,0.035031595999953424,-1,0.1,1.001021028538731
cpu,DS,1048576,32,0,0.2,209715,8,0.03386051100005716,-1,0.1,1.001021028538731
cpu,SS,1048576,32,0,0.2,209715,8,0.05609921099994608,-1,0.1,1.001021028538731
cpu,SS,1048576,32,0,0.2,209715,9,0.052181997999923624,-1,0.1,1.001021028538731
cpu,DS,1048576,32,0,0.2,209715,9,0.03708147200040912,-1,0.1,1.001021028538731
cpu,DS,1048576,32,0,0.2,209715,10,0.04083568800024295,-1,0.1,1.001021028538731
cpu,SS,1048576,32,0,0.2,209715,10,0.053575661000195396,-1,0.1,1.001021028538731
cpu,SS,1048576,32,0,0.2,209715,11,0.053273645999979635,-1,0.1,1.001021028538731
cpu,DS,1048576,32,0,0.2,209715,11,0.03853133299980982,-1,0.1,1.001021028538731
cpu,DS,1048576,32,0,0.2,209715,12,0.03813223900033336,-1,0.1,1.001021028538731
cpu,SS,1048576,32,0,0.2,209715,12,0.05507210699988718,-1,0.1,1.001021028538731
cpu,SS,1048576,32,0,0.2,209715,13,0.05368509999971138,-1,0.1,1.001021028538731
cpu,DS,1048576,32,0,0.2,209715,13,0.03923022500021034,-1,0.1,1.001021028538731
cpu,DS,1048576,32,0,0.2,209715,14,0.03842717600036849,-1,0.1,1.001021028538731
cpu,SS,1048576,32,0,0.2,209715,14,0.05488238399993861,-1,0.1,1.001021028538731
gpu,DS,1048576,32,0,0.2,209715,0,0.010363936424255371,1335,0.1,1.001021028538731
gpu,SS,1048576,32,0,0.2,209715,0,0.019861503601074217,1335,0.1,1.001021028538731
gpu,SS,1048576,32,0,0.2,209715,1,0.020989952087402345,1335,0.1,1.001021028538731
gpu,DS,1048576,32,0,0.2,209715,1,0.007913695812225343,1335,0.1,1.001021028538731
gpu,DS,1048576,32,0,0.2,209715,2,0.010455039978027344,1335,0.1,1.001021028538731
gpu,SS,1048576,32,0,0.2,209715,2,0.01987401580810547,1335,0.1,1.001021028538731
gpu,SS,1048576,32,0,0.2,209715,3,0.020977664947509765,1335,0.1,1.001021028538731
gpu,DS,1048576,32,0,0.2,209715,3,0.007781599998474121,1875,0.1,1.001021028538731
gpu,DS,1048576,32,0,0.2,209715,4,0.007725152015686035,1875,0.1,1.001021028538731
gpu,SS,1048576,32,0,0.2,209715,4,0.019250463485717774,1875,0.1,1.001021028538731
gpu,SS,1048576,32,0,0.2,209715,5,0.02067555236816406,1875,0.1,1.001021028538731
gpu,DS,1048576,32,0,0.2,209715,5,0.0077248640060424804,1875,0.1,1.001021028538731
gpu,DS,1048576,32,0,0.2,209715,6,0.009209856033325196,1875,0.1,1.001021028538731
gpu,SS,1048576,32,0,0.2,209715,6,0.01878121566772461,1875,0.1,1.001021028538731
gpu,SS,1048576,32,0,0.2,209715,7,0.020757600784301757,1875,0.1,1.001021028538731
gpu,DS,1048576,32,0,0.2,209715,7,0.008300319671630859,1875,0.1,1.001021028538731
gpu,DS,1048576,32,0,0.2,209715,8,0.009389344215393067,1875,0.1,1.001021028538731
gpu,SS,1048576,32,0,0.2,209715,8,0.019302431106567382,1875,0.1,1.001021028538731
gpu,SS,1048576,32,0,0.2,209715,9,0.02019353675842285,1875,0.1,1.001021028538731
gpu,DS,1048576,32,0,0.2,209715,9,0.00790880012512207,1875,0.1,1.001021028538731
gpu,DS,1048576,32,0,0.2,209715,10,0.009721759796142579,1875,0.1,1.001021028538731
gpu,SS,1048576,32,0,0.2,209715,10,0.019992576599121094,1875,0.1,1.001021028538731
gpu,SS,1048576,32,0,0.2,209715,11,0.019102304458618165,1875,0.1,1.001021028538731
gpu,DS,1048576,32,0,0.2,209715,11,0.008459391593933106,1875,0.1,1.001021028538731
gpu,DS,1048576,32,0,0.2,209715,12,0.007889440059661865,1875,0.1,1.001021028538731
gpu,SS,1048576,32,0,0.2,209715,12,0.018933599472045898,1875,0.1,1.001021028538731
gpu,SS,1048576,32,0,0.2,209715,13,0.01921023941040039,1875,0.1,1.001021028538731
gpu,DS,1048576,32,0,0.2,209715,13,0.007874559879302979,1875,0.1,1.001021028538731
gpu,DS,1048576,32,0,0.2,209715,14,0.009693183898925782,1875,0.1,1.001021028538731
gpu,SS,1048576,32,0,0.2,209715,14,0.018752191543579103,1875,0.1,1.001021028538731
cpu,DS,1048576,32,0,0.3,314573,0,0.037741187999927206,-1,0.1,1.0009425475167926
cpu,SS,1048576,32,0,0.3,314573,0,0.0732126220000282,-1,0.1,1.0009425475167926
cpu,SS,1048576,32,0,0.3,314573,1,0.06859939500009204,-1,0.1,1.0009425475167926
cpu,DS,1048576,32,0,0.3,314573,1,0.041193843000201014,-1,0.1,1.0009425475167926
cpu,DS,1048576,32,0,0.3,314573,2,0.03930106500001784,-1,0.1,1.0009425475167926
cpu,SS,1048576,32,0,0.3,314573,2,0.06874224800003503,-1,0.1,1.0009425475167926
cpu,SS,1048576,32,0,0.3,314573,3,0.07022616399990511,-1,0.1,1.0009425475167926
cpu,DS,1048576,32,0,0.3,314573,3,0.04386504900003274,-1,0.1,1.0009425475167926
cpu,DS,1048576,32,0,0.3,314573,4,0.043420302999948035,-1,0.1,1.0009425475167926
cpu,SS,1048576,32,0,0.3,314573,4,0.09330916799990518,-1,0.1,1.0009425475167926
cpu,SS,1048576,32,0,0.3,314573,5,0.07210587600002327,-1,0.1,1.0009425475167926
cpu,DS,1048576,32,0,0.3,314573,5,0.04086162499970669,-1,0.1,1.0009425475167926
cpu,DS,1048576,32,0,0.3,314573,6,0.050251506000222435,-1,0.1,1.0009425475167926
cpu,SS,1048576,32,0,0.3,314573,6,0.16784510599973146,-1,0.1,1.0009425475167926
cpu,SS,1048576,32,0,0.3,314573,7,0.09703397499970379,-1,0.1,1.0009425475167926
cpu,DS,1048576,32,0,0.3,314573,7,0.04057153099984134,-1,0.1,1.0009425475167926
cpu,DS,1048576,32,0,0.3,314573,8,0.036564137000368646,-1,0.1,1.0009425475167926
cpu,SS,1048576,32,0,0.3,314573,8,0.0938324100002319,-1,0.1,1.0009425475167926
cpu,SS,1048576,32,0,0.3,314573,9,0.09103395299962358,-1,0.1,1.0009425475167926
cpu,DS,1048576,32,0,0.3,314573,9,0.04326935700009926,-1,0.1,1.0009425475167926
cpu,DS,1048576,32,0,0.3,314573,10,0.04363862899981541,-1,0.1,1.0009425475167926
cpu,SS,1048576,32,0,0.3,314573,10,0.08023923600012495,-1,0.1,1.0009425475167926
cpu,SS,1048576,32,0,0.3,314573,11,0.08757203400000435,-1,0.1,1.0009425475167926
cpu,DS,1048576,32,0,0.3,314573,11,0.048542145999817876,-1,0.1,1.0009425475167926
cpu,DS,1048576,32,0,0.3,314573,12,0.040252086000236886,-1,0.1,1.0009425475167926
cpu,SS,1048576,32,0,0.3,314573,12,0.08121297700017749,-1,0.1,1.0009425475167926
cpu,SS,1048576,32,0,0.3,314573,13,0.08095516000003045,-1,0.1,1.0009425475167926
cpu,DS,1048576,32,0,0.3,314573,13,0.04323425299980954,-1,0.1,1.0009425475167926
cpu,DS,1048576,32,0,0.3,314573,14,0.03795112899979358,-1,0.1,1.0009425475167926
cpu,SS,1048576,32,0,0.3,314573,14,0.07204522500023813,-1,0.1,1.0009425475167926
gpu,DS,1048576,32,0,0.3,314573,0,0.00789686393737793,1875,0.1,1.0009425475167926
gpu,SS,1048576,32,0,0.3,314573,0,0.02911846351623535,1875,0.1,1.0009425475167926
gpu,SS,1048576,32,0,0.3,314573,1,0.02905276870727539,1890,0.1,1.0009425475167926
gpu,DS,1048576,32,0,0.3,314573,1,0.009093152046203614,1890,0.1,1.0009425475167926
gpu,DS,1048576,32,0,0.3,314573,2,0.009420000076293945,1890,0.1,1.0009425475167926
gpu,SS,1048576,32,0,0.3,314573,2,0.029815391540527345,1890,0.1,1.0009425475167926
gpu,SS,1048576,32,0,0.3,314573,3,0.029173664093017578,1890,0.1,1.0009425475167926
gpu,DS,1048576,32,0,0.3,314573,3,0.008259712219238281,1890,0.1,1.0009425475167926
gpu,DS,1048576,32,0,0.3,314573,4,0.009285792350769043,1890,0.1,1.0009425475167926
gpu,SS,1048576,32,0,0.3,314573,4,0.029710336685180663,1890,0.1,1.0009425475167926
gpu,SS,1048576,32,0,0.3,314573,5,0.028197439193725585,1890,0.1,1.0009425475167926
gpu,DS,1048576,32,0,0.3,314573,5,0.008284480094909667,1890,0.1,1.0009425475167926
gpu,DS,1048576,32,0,0.3,314573,6,0.008976415634155273,1890,0.1,1.0009425475167926
gpu,SS,1048576,32,0,0.3,314573,6,0.0282542724609375,1890,0.1,1.0009425475167926
gpu,SS,1048576,32,0,0.3,314573,7,0.02815760040283203,1890,0.1,1.0009425475167926
gpu,DS,1048576,32,0,0.3,314573,7,0.008634367942810058,1875,0.1,1.0009425475167926
gpu,DS,1048576,32,0,0.3,314573,8,0.007860095977783203,1875,0.1,1.0009425475167926
gpu,SS,1048576,32,0,0.3,314573,8,0.0277291202545166,1875,0.1,1.0009425475167926
gpu,SS,1048576,32,0,0.3,314573,9,0.02754764747619629,1875,0.1,1.0009425475167926
gpu,DS,1048576,32,0,0.3,314573,9,0.008169376373291015,1875,0.1,1.0009425475167926
gpu,DS,1048576,32,0,0.3,314573,10,0.007852255821228027,1875,0.1,1.0009425475167926
gpu,SS,1048576,32,0,0.3,314573,10,0.0278492488861084,1875,0.1,1.0009425475167926
gpu,SS,1048576,32,0,0.3,314573,11,0.028460159301757812,1875,0.1,1.0009425475167926
gpu,DS,1048576,32,0,0.3,314573,11,0.008275296211242676,1875,0.1,1.0009425475167926
gpu,DS,1048576,32,0,0.3,314573,12,0.007870463848114014,1875,0.1,1.0009425475167926
gpu,SS,1048576,32,0,0.3,314573,12,0.02749056053161621,1875,0.1,1.0009425475167926
gpu,SS,1048576,32,0,0.3,314573,13,0.027575456619262695,1875,0.1,1.0009425475167926
gpu,DS,1048576,32,0,0.3,314573,13,0.007868415832519531,1875,0.1,1.0009425475167926
gpu,DS,1048576,32,0,0.3,314573,14,0.00789465618133545,1875,0.1,1.0009425475167926
gpu,SS,1048576,32,0,0.3,314573,14,0.02858470344543457,1875,0.1,1.0009425475167926
cpu,DS,1048576,32,0,0.5,524288,0,0.03714334999995117,-1,0.1,1.000335931777954
cpu,SS,1048576,32,0,0.5,524288,0,0.12204729900031452,-1,0.1,1.000335931777954
cpu,SS,1048576,32,0,0.5,524288,1,0.11396796100007123,-1,0.1,1.000335931777954
cpu,DS,1048576,32,0,0.5,524288,1,0.03708338199976424,-1,0.1,1.000335931777954
cpu,DS,1048576,32,0,0.5,524288,2,0.03968681700007437,-1,0.1,1.000335931777954
cpu,SS,1048576,32,0,0.5,524288,2,0.1230527309999161,-1,0.1,1.000335931777954
cpu,SS,1048576,32,0,0.5,524288,3,0.11031940600014423,-1,0.1,1.000335931777954
cpu,DS,1048576,32,0,0.5,524288,3,0.03977087200019014,-1,0.1,1.000335931777954
cpu,DS,1048576,32,0,0.5,524288,4,0.03179937899994911,-1,0.1,1.000335931777954
cpu,SS,1048576,32,0,0.5,524288,4,0.10967729899994083,-1,0.1,1.000335931777954
cpu,SS,1048576,32,0,0.5,524288,5,0.1445480669999597,-1,0.1,1.000335931777954
cpu,DS,1048576,32,0,0.5,524288,5,0.04523526899993158,-1,0.1,1.000335931777954
cpu,DS,1048576,32,0,0.5,524288,6,0.04752491499993994,-1,0.1,1.000335931777954
cpu,SS,1048576,32,0,0.5,524288,6,0.12984697799993228,-1,0.1,1.000335931777954
cpu,SS,1048576,32,0,0.5,524288,7,0.11925908099965454,-1,0.1,1.000335931777954
cpu,DS,1048576,32,0,0.5,524288,7,0.03614505099994858,-1,0.1,1.000335931777954
cpu,DS,1048576,32,0,0.5,524288,8,0.03661362000002555,-1,0.1,1.000335931777954
cpu,SS,1048576,32,0,0.5,524288,8,0.10432511999988492,-1,0.1,1.000335931777954
cpu,SS,1048576,32,0,0.5,524288,9,0.11373399000012796,-1,0.1,1.000335931777954
cpu,DS,1048576,32,0,0.5,524288,9,0.035081459999673825,-1,0.1,1.000335931777954
cpu,DS,1048576,32,0,0.5,524288,10,0.04046382000024096,-1,0.1,1.000335931777954
cpu,SS,1048576,32,0,0.5,524288,10,0.10650257999986934,-1,0.1,1.000335931777954
cpu,SS,1048576,32,0,0.5,524288,11,0.11031362999983685,-1,0.1,1.000335931777954
cpu,DS,1048576,32,0,0.5,524288,11,0.03819437999982256,-1,0.1,1.000335931777954
cpu,DS,1048576,32,0,0.5,524288,12,0.039456630000131554,-1,0.1,1.000335931777954
cpu,SS,1048576,32,0,0.5,524288,12,0.11143304999995962,-1,0.1,1.000335931777954
cpu,SS,1048576,32,0,0.5,524288,13,0.10896192000018345,-1,0.1,1.000335931777954
cpu,DS,1048576,32,0,0.5,524288,13,0.034067879999838624,-1,0.1,1.000335931777954
cpu,DS,1048576,32,0,0.5,524288,14,0.03841146000013396,-1,0.1,1.000335931777954
cpu,SS,1048576,32,0,0.5,524288,14,0.12447242999996888,-1,0.1,1.000335931777954
gpu,DS,1048576,32,0,0.5,524288,0,0.007868671894073486,1305,0.1,1.000335931777954
gpu,SS,1048576,32,0,0.5,524288,0,0.046486400604248045,1305,0.1,1.000335931777954
gpu,SS,1048576,32,0,0.5,524288,1,0.04534067153930664,1305,0.1,1.000335931777954
gpu,DS,1048576,32,0,0.5,524288,1,0.00784281587600708,1890,0.1,1.000335931777954
gpu,DS,1048576,32,0,0.5,524288,2,0.007959136009216309,1890,0.1,1.000335931777954
gpu,SS,1048576,32,0,0.5,524288,2,0.04503414535522461,1890,0.1,1.000335931777954
gpu,SS,1048576,32,0,0.5,524288,3,0.0448741455078125,1890,0.1,1.000335931777954
gpu,DS,1048576,32,0,0.5,524288,3,0.007885183811187744,1890,0.1,1.000335931777954
gpu,DS,1048576,32,0,0.5,524288,4,0.007892735958099365,1890,0.1,1.000335931777954
gpu,SS,1048576,32,0,0.5,524288,4,0.044850814819335935,1890,0.1,1.000335931777954
gpu,SS,1048576,32,0,0.5,524288,5,0.044843456268310544,1890,0.1,1.000335931777954
gpu,DS,1048576,32,0,0.5,524288,5,0.007788064002990723,1890,0.1,1.000335931777954
gpu,DS,1048576,32,0,0.5,524288,6,0.007701632022857666,1890,0.1,1.000335931777954
gpu,SS,1048576,32,0,0.5,524288,6,0.04482099151611328,1890,0.1,1.000335931777954
gpu,SS,1048576,32,0,0.5,524288,7,0.04492287826538086,1890,0.1,1.000335931777954
gpu,DS,1048576,32,0,0.5,524288,7,0.00786732816696167,1890,0.1,1.000335931777954
gpu,DS,1048576,32,0,0.5,524288,8,0.007875872135162354,1890,0.1,1.000335931777954
gpu,SS,1048576,32,0,0.5,524288,8,0.04488806533813477,1890,0.1,1.000335931777954
gpu,SS,1048576,32,0,0.5,524288,9,0.04479590225219727,1890,0.1,1.000335931777954
gpu,DS,1048576,32,0,0.5,524288,9,0.007835968017578125,1890,0.1,1.000335931777954
gpu,DS,1048576,32,0,0.5,524288,10,0.008522111892700196,1890,0.1,1.000335931777954
gpu,SS,1048576,32,0,0.5,524288,10,0.0447408332824707,1890,0.1,1.000335931777954
gpu,SS,1048576,32,0,0.5,524288,11,0.04486003112792969,1875,0.1,1.000335931777954
gpu,DS,1048576,32,0,0.5,524288,11,0.00775161600112915,1875,0.1,1.000335931777954
gpu,DS,1048576,32,0,0.5,524288,12,0.007682271957397461,1875,0.1,1.000335931777954
gpu,SS,1048576,32,0,0.5,524288,12,0.04473116683959961,1875,0.1,1.000335931777954
gpu,SS,1048576,32,0,0.5,524288,13,0.04475910568237305,1875,0.1,1.000335931777954
gpu,DS,1048576,32,0,0.5,524288,13,0.007805312156677246,1875,0.1,1.000335931777954
gpu,DS,1048576,32,0,0.5,524288,14,0.007634943962097168,1875,0.1,1.000335931777954
gpu,SS,1048576,32,0,0.5,524288,14,0.044816192626953126,1875,0.1,1.000335931777954
cpu,DS,1048576,32,0,0.7,734003,0,0.03534876000003351,-1,0.1,1.0003704855429747
cpu,SS,1048576,32,0,0.7,734003,0,0.14897205000033864,-1,0.1,1.0003704855429747
cpu,SS,1048576,32,0,0.7,734003,1,0.14194916999986162,-1,0.1,1.0003704855429747
cpu,DS,1048576,32,0,0.7,734003,1,0.0332872200001475,-1,0.1,1.0003704855429747
cpu,DS,1048576,32,0,0.7,734003,2,0.03176927999993495,-1,0.1,1.0003704855429747
cpu,SS,1048576,32,0,0.7,734003,2,0.14085315000011178,-1,0.1,1.0003704855429747
cpu,SS,1048576,32,0,0.7,734003,3,0.1474596000002748,-1,0.1,1.0003704855429747
cpu,DS,1048576,32,0,0.7,734003,3,0.031425120000221796,-1,0.1,1.0003704855429747
cpu,DS,1048576,32,0,0.7,734003,4,0.03763952999997855,-1,0.1,1.0003704855429747
cpu,SS,1048576,32,0,0.7,734003,4,0.1361578500000178,-1,0.1,1.0003704855429747
cpu,SS,1048576,32,0,0.7,734003,5,0.14022378000026947,-1,0.1,1.0003704855429747
cpu,DS,1048576,32,0,0.7,734003,5,0.03677517000005537,-1,0.1,1.0003704855429747
cpu,DS,1048576,32,0,0.7,734003,6,0.03203261999988172,-1,0.1,1.0003704855429747
cpu,SS,1048576,32,0,0.7,734003,6,0.14121909000004962,-1,0.1,1.0003704855429747
cpu,SS,1048576,32,0,0.7,734003,7,0.1378040399999918,-1,0.1,1.0003704855429747
cpu,DS,1048576,32,0,0.7,734003,7,0.03646530000014536,-1,0.1,1.0003704855429747
cpu,DS,1048576,32,0,0.7,734003,8,0.024509699999725854,-1,0.1,1.0003704855429747
cpu,SS,1048576,32,0,0.7,734003,8,0.15527646000009554,-1,0.1,1.0003704855429747
cpu,SS,1048576,32,0,0.7,734003,9,0.14499270000032993,-1,0.1,1.0003704855429747
cpu,DS,1048576,32,0,0.7,734003,9,0.033931439999832946,-1,0.1,1.0003704855429747
cpu,DS,1048576,32,0,0.7,734003,10,0.028960920000372425,-1,0.1,1.0003704855429747
cpu,SS,1048576,32,0,0.7,734003,10,0.14321745000006558,-1,0.1,1.0003704855429747
cpu,SS,1048576,32,0,0.7,734003,11,0.13300127999991673,-1,0.1,1.0003704855429747
cpu,DS,1048576,32,0,0.7,734003,11,0.03638430000000881,-1,0.1,1.0003704855429747
cpu,DS,1048576,32,0,0.7,734003,12,0.03530979000015577,-1,0.1,1.0003704855429747
cpu,SS,1048576,32,0,0.7,734003,12,0.14472125999964192,-1,0.1,1.0003704855429747
cpu,SS,1048576,32,0,0.7,734003,13,0.14079662999984066,-1,0.1,1.0003704855429747
cpu,DS,1048576,32,0,0.7,734003,13,0.0379772100000082,-1,0.1,1.0003704855429747
cpu,DS,1048576,32,0,0.7,734003,14,0.037926989999959915,-1,0.1,1.0003704855429747
cpu,SS,1048576,32,0,0.7,734003,14,0.1485202499998195,-1,0.1,1.0003704855429747
gpu,DS,1048576,32,0,0.7,734003,0,0.0079616961479187,1875,0.1,1.0003704855429747
gpu,SS,1048576,32,0,0.7,734003,0,0.06237388610839844,1875,0.1,1.0003704855429747
gpu,SS,1048576,32,0,0.7,734003,1,0.06228547286987305,1875,0.1,1.0003704855429747
gpu,DS,1048576,32,0,0.7,734003,1,0.007841536045074463,1875,0.1,1.0003704855429747
gpu,DS,1048576,32,0,0.7,734003,2,0.00790118408203125,1875,0.1,1.0003704855429747
gpu,SS,1048576,32,0,0.7,734003,2,0.06229990386962891,1875,0.1,1.0003704855429747
gpu,SS,1048576,32,0,0.7,734003,3,0.06250905609130859,1875,0.1,1.0003704855429747
gpu,DS,1048576,32,0,0.7,734003,3,0.008411456108093261,1875,0.1,1.0003704855429747
gpu,DS,1048576,32,0,0.7,734003,4,0.008935423851013183,1875,0.1,1.0003704855429747
gpu,SS,1048576,32,0,0.7,734003,4,0.06272886276245117,1875,0.1,1.0003704855429747
gpu,SS,1048576,32,0,0.7,734003,5,0.06233871841430664,1875,0.1,1.0003704855429747
gpu,DS,1048576,32,0,0.7,734003,5,0.007918911933898926,1875,0.1,1.0003704855429747
gpu,DS,1048576,32,0,0.7,734003,6,0.0078067841529846195,1875,0.1,1.0003704855429747
gpu,SS,1048576,32,0,0.7,734003,6,0.062332511901855465,1875,0.1,1.0003704855429747
gpu,SS,1048576,32,0,0.7,734003,7,0.0623267822265625,1875,0.1,1.0003704855429747
gpu,DS,1048576,32,0,0.7,734003,7,0.007768064022064209,1875,0.1,1.0003704855429747
gpu,DS,1048576,32,0,0.7,734003,8,0.008144895553588867,1875,0.1,1.0003704855429747
gpu,SS,1048576,32,0,0.7,734003,8,0.062354015350341796,1875,0.1,1.0003704855429747
gpu,SS,1048576,32,0,0.7,734003,9,0.062320640563964844,1875,0.1,1.0003704855429747
gpu,DS,1048576,32,0,0.7,734003,9,0.007784031867980957,1875,0.1,1.0003704855429747
gpu,DS,1048576,32,0,0.7,734003,10,0.00783616018295288,1875,0.1,1.0003704855429747
gpu,SS,1048576,32,0,0.7,734003,10,0.06230220794677734,1875,0.1,1.0003704855429747
gpu,SS,1048576,32,0,0.7,734003,11,0.062320064544677735,1875,0.1,1.0003704855429747
gpu,DS,1048576,32,0,0.7,734003,11,0.007844287872314453,1875,0.1,1.0003704855429747
gpu,DS,1048576,32,0,0.7,734003,12,0.007730144023895264,1875,0.1,1.0003704855429747
gpu,SS,1048576,32,0,0.7,734003,12,0.062323169708251955,1875,0.1,1.0003704855429747
gpu,SS,1048576,32,0,0.7,734003,13,0.06232617568969727,1875,0.1,1.0003704855429747
gpu,DS,1048576,32,0,0.7,734003,13,0.007763967990875244,1875,0.1,1.0003704855429747
gpu,DS,1048576,32,0,0.7,734003,14,0.007759679794311523,1875,0.1,1.0003704855429747
gpu,SS,1048576,32,0,0.7,734003,14,0.06235385513305664,1875,0.1,1.0003704855429747
cpu,DS,1048576,32,0,1.0,1048576,0,0.03950604200008456,-1,0.1,1.0001964569091797
cpu,SS,1048576,32,0,1.0,1048576,0,0.23261990399987553,-1,0.1,1.0001964569091797
cpu,SS,1048576,32,0,1.0,1048576,1,0.22901674900003854,-1,0.1,1.0001964569091797
cpu,DS,1048576,32,0,1.0,1048576,1,0.043433500999981334,-1,0.1,1.0001964569091797
cpu,DS,1048576,32,0,1.0,1048576,2,0.03758092199996099,-1,0.1,1.0001964569091797
cpu,SS,1048576,32,0,1.0,1048576,2,0.22977849400012929,-1,0.1,1.0001964569091797
cpu,SS,1048576,32,0,1.0,1048576,3,0.21085371700019095,-1,0.1,1.0001964569091797
cpu,DS,1048576,32,0,1.0,1048576,3,0.03847650899979271,-1,0.1,1.0001964569091797
cpu,DS,1048576,32,0,1.0,1048576,4,0.05041364300041096,-1,0.1,1.0001964569091797
cpu,SS,1048576,32,0,1.0,1048576,4,0.21633529900009307,-1,0.1,1.0001964569091797
cpu,SS,1048576,32,0,1.0,1048576,5,0.22465797599988946,-1,0.1,1.0001964569091797
cpu,DS,1048576,32,0,1.0,1048576,5,0.04131221500028914,-1,0.1,1.0001964569091797
cpu,DS,1048576,32,0,1.0,1048576,6,0.039803092000056495,-1,0.1,1.0001964569091797
cpu,SS,1048576,32,0,1.0,1048576,6,0.22910474500031341,-1,0.1,1.0001964569091797
cpu,SS,1048576,32,0,1.0,1048576,7,0.22808228900021277,-1,0.1,1.0001964569091797
cpu,DS,1048576,32,0,1.0,1048576,7,0.03903500900014478,-1,0.1,1.0001964569091797
cpu,DS,1048576,32,0,1.0,1048576,8,0.040653781999935745,-1,0.1,1.0001964569091797
cpu,SS,1048576,32,0,1.0,1048576,8,0.25361103699970045,-1,0.1,1.0001964569091797
cpu,SS,1048576,32,0,1.0,1048576,9,0.24407808399973874,-1,0.1,1.0001964569091797
cpu,DS,1048576,32,0,1.0,1048576,9,0.04021095300004163,-1,0.1,1.0001964569091797
cpu,DS,1048576,32,0,1.0,1048576,10,0.04624374799959696,-1,0.1,1.0001964569091797
cpu,SS,1048576,32,0,1.0,1048576,10,0.24646274399992762,-1,0.1,1.0001964569091797
cpu,SS,1048576,32,0,1.0,1048576,11,0.23385681799982194,-1,0.1,1.0001964569091797
cpu,DS,1048576,32,0,1.0,1048576,11,0.0409676109998145,-1,0.1,1.0001964569091797
cpu,DS,1048576,32,0,1.0,1048576,12,0.04223105599976407,-1,0.1,1.0001964569091797
cpu,SS,1048576,32,0,1.0,1048576,12,0.23649720999992496,-1,0.1,1.0001964569091797
cpu,SS,1048576,32,0,1.0,1048576,13,0.22501007300024867,-1,0.1,1.0001964569091797
cpu,DS,1048576,32,0,1.0,1048576,13,0.03508635800017146,-1,0.1,1.0001964569091797
cpu,DS,1048576,32,0,1.0,1048576,14,0.04171025200002987,-1,0.1,1.0001964569091797
cpu,SS,1048576,32,0,1.0,1048576,14,0.22149725400004172,-1,0.1,1.0001964569091797
gpu,DS,1048576,32,0,1.0,1048576,0,0.007795487880706787,1890,0.1,1.0001964569091797
gpu,SS,1048576,32,0,1.0,1048576,0,0.08840105438232422,1890,0.1,1.0001964569091797
gpu,SS,1048576,32,0,1.0,1048576,1,0.08848604583740234,1890,0.1,1.0001964569091797
gpu,DS,1048576,32,0,1.0,1048576,1,0.008173567771911621,1890,0.1,1.0001964569091797
gpu,DS,1048576,32,0,1.0,1048576,2,0.008426400184631347,1890,0.1,1.0001964569091797
gpu,SS,1048576,32,0,1.0,1048576,2,0.08859939575195312,1890,0.1,1.0001964569091797
gpu,SS,1048576,32,0,1.0,1048576,3,0.0884540786743164,1890,0.1,1.0001964569091797
gpu,DS,1048576,32,0,1.0,1048576,3,0.008132991790771484,1890,0.1,1.0001964569091797
gpu,DS,1048576,32,0,1.0,1048576,4,0.007792096138000488,1890,0.1,1.0001964569091797
gpu,SS,1048576,32,0,1.0,1048576,4,0.08852275085449218,1890,0.1,1.0001964569091797
gpu,SS,1048576,32,0,1.0,1048576,5,0.08838326263427734,1890,0.1,1.0001964569091797
gpu,DS,1048576,32,0,1.0,1048576,5,0.007768256187438965,1890,0.1,1.0001964569091797
gpu,DS,1048576,32,0,1.0,1048576,6,0.007619455814361572,1890,0.1,1.0001964569091797
gpu,SS,1048576,32,0,1.0,1048576,6,0.08843264007568359,1890,0.1,1.0001964569091797
gpu,SS,1048576,32,0,1.0,1048576,7,0.08844086456298828,1890,0.1,1.0001964569091797
gpu,DS,1048576,32,0,1.0,1048576,7,0.008255552291870118,1890,0.1,1.0001964569091797
gpu,DS,1048576,32,0,1.0,1048576,8,0.008253503799438476,1890,0.1,1.0001964569091797
gpu,SS,1048576,32,0,1.0,1048576,8,0.08831648254394531,1890,0.1,1.0001964569091797
gpu,SS,1048576,32,0,1.0,1048576,9,0.0883399658203125,1890,0.1,1.0001964569091797
gpu,DS,1048576,32,0,1.0,1048576,9,0.008005632400512695,1890,0.1,1.0001964569091797
gpu,DS,1048576,32,0,1.0,1048576,10,0.007759647846221924,1890,0.1,1.0001964569091797
gpu,SS,1048576,32,0,1.0,1048576,10,0.0883301773071289,1890,0.1,1.0001964569091797
gpu,SS,1048576,32,0,1.0,1048576,11,0.08880332946777343,1875,0.1,1.0001964569091797
gpu,DS,1048576,32,0,1.0,1048576,11,0.007920639991760254,1875,0.1,1.0001964569091797
gpu,DS,1048576,32,0,1.0,1048576,12,0.007853695869445801,1875,0.1,1.0001964569091797
gpu,SS,1048576,32,0,1.0,1048576,12,0.08844287872314453,1875,0.1,1.0001964569091797
gpu,SS,1048576,32,0,1.0,1048576,13,0.08832908630371093,1875,0.1,1.0001964569091797
gpu,DS,1048576,32,0,1.0,1048576,13,0.00788153600692749,1875,0.1,1.0001964569091797
gpu,DS,1048576,32,0,1.0,1048576,14,0.008230624198913574,1875,0.1,1.0001964569091797
gpu,SS,1048576,32,0,1.0,1048576,14,0.08847564697265625,1875,0.1,1.0001964569091797
